# Time-averaged data for fix fb
# TimeStep Number-of-rows
# Row c_pB[1] c_pB[2] c_pB[3] c_pB[4] c_pB[5] c_pB[6] c_pB[7] c_pB[8]
0 360
1 0.05 0 0 0 0 -0.000584802 -0.0296946 -0.0024649
2 0.15 0 0 0 0 -0.000584802 -0.0296946 -0.0024649
3 0.25 0 0 0 0 -0.000584802 -0.0296946 -0.0024649
4 0.35 0.1 0.0121442 0.0145468 0.000655431 -0.000110396 -0.00240281 -0.000377848
5 0.45 0 0 0 0 -7.02391e-05 -9.26808e-05 -0.000201188
6 0.55 0 0 0 0 -7.02391e-05 -9.26808e-05 -0.000201188
7 0.65 0 0 0 0 -7.02391e-05 -9.26808e-05 -0.000201188
8 0.75 0 0 0 0 -7.02391e-05 -9.26808e-05 -0.000201188
9 0.85 0 0 0 0 -7.02391e-05 -9.26808e-05 -0.000201188
10 0.95 0 0 0 0 -7.02391e-05 -9.26808e-05 -0.000201188
11 1.05 0 0 0 0 -7.02391e-05 -9.26808e-05 -0.000201188
12 1.15 0 0 0 0 -7.02391e-05 -9.26808e-05 -0.000201188
13 1.25 0 0 0 0 -7.02391e-05 -9.26808e-05 -0.000201188
14 1.35 0 0 0 0 -7.02391e-05 -9.26808e-05 -0.000201188
15 1.45 0 0 0 0 -7.02391e-05 -9.26808e-05 -0.000201188
16 1.55 0 0 0 0 -7.02391e-05 -9.26808e-05 -0.000201188
17 1.65 0.1 0.0225898 0.129297 0.000319121 -0.00162618 -0.000308976 -0.00078254
18 1.75 0 0 0 0 -0.0185274 -0.00265846 -0.00709741
19 1.85 0 0 0 0 -0.0185274 -0.00265846 -0.00709741
20 1.95 0 0 0 0 -0.0185274 -0.00265846 -0.00709741
21 2.05 0 0 0 0 -0.0185274 -0.00265846 -0.00709741
22 2.15 0 0 0 0 -0.0185274 -0.00265846 -0.00709741
23 2.25 0 0 0 0 -0.0185274 -0.00265846 -0.00709741
24 2.35 0 0 0 0 -0.0185274 -0.00265846 -0.00709741
25 2.45 0.2 0.0500448 0.18476 0.0992178 -0.00901205 -0.00276237 -0.00245089
26 2.55 0 0 0 0 -0.0042701 -0.0058731 -0.00114525
27 2.65 0.1 9.93693e-05 0.0728575 0.0643339 -0.00473859 -0.00586914 -0.00111949
28 2.75 0 0 0 0 -0.00624101 -0.00585644 -0.00103686
29 2.85 0.1 0.0981897 0.00261378 0.255527 -0.00444324 -0.00662941 -0.00108362
30 2.95 0 0 0 0 -0.00434142 -0.00667319 -0.00108626
31 3.05 0.1 0.0516692 0.0144247 0.000150862 -0.0195721 -0.00359901 -0.00756914
32 3.15 0 0 0 0 -0.0290706 -0.00168182 -0.0116121
33 3.25 0 0 0 0 -0.0290706 -0.00168182 -0.0116121
34 3.35 0 0 0 0 -0.0290706 -0.00168182 -0.0116121
35 3.45 0 0 0 0 -0.0290706 -0.00168182 -0.0116121
36 3.55 0 0 0 0 -0.0290706 -0.00168182 -0.0116121
37 3.65 0 0 0 0 -0.0290706 -0.00168182 -0.0116121
38 3.75 0.1 0.0374704 0.016307 0.0415861 -0.00767424 -0.000487719 -0.00319217
39 3.85 0 0 0 0 -3.88952e-05 -6.16005e-05 -0.000187494
40 3.95 0 0 0 0 -3.88952e-05 -6.16005e-05 -0.000187494
41 4.05 0 0 0 0 -3.88952e-05 -6.16005e-05 -0.000187494
42 4.15 0 0 0 0 -3.88952e-05 -6.16005e-05 -0.000187494
43 4.25 0 0 0 0 -3.88952e-05 -6.16005e-05 -0.000187494
44 4.35 0 0 0 0 -3.88952e-05 -6.16005e-05 -0.000187494
45 4.45 0 0 0 0 -3.88952e-05 -6.16005e-05 -0.000187494
46 4.55 0 0 0 0 -3.88952e-05 -6.16005e-05 -0.000187494
47 4.65 0 0 0 0 -3.88952e-05 -6.16005e-05 -0.000187494
48 4.75 0 0 0 0 -3.88952e-05 -6.16005e-05 -0.000187494
49 4.85 0 0 0 0 -3.88952e-05 -6.16005e-05 -0.000187494
50 4.95 0 0 0 0 -3.88952e-05 -6.16005e-05 -0.000187494
51 5.05 0 0 0 0 -3.88952e-05 -6.16005e-05 -0.000187494
52 5.15 0 0 0 0 -3.88952e-05 -6.16005e-05 -0.000187494
53 5.25 0 0 0 0 -3.88952e-05 -6.16005e-05 -0.000187494
54 5.35 0 0 0 0 -3.88952e-05 -6.16005e-05 -0.000187494
55 5.45 0 0 0 0 -3.88952e-05 -6.16005e-05 -0.000187494
56 5.55 0.1 0.0368671 0.0587412 0.0137785 -0.000164551 -0.000195152 -0.000450596
57 5.65 0 0 0 0 -0.000176736 -0.000208103 -0.00047611
58 5.75 0 0 0 0 -0.000176736 -0.000208103 -0.00047611
59 5.85 0 0 0 0 -0.000176736 -0.000208103 -0.00047611
60 5.95 0 0 0 0 -0.000176736 -0.000208103 -0.00047611
61 6.05 0 0 0 0 -0.000176736 -0.000208103 -0.00047611
62 6.15 0 0 0 0 -0.000176736 -0.000208103 -0.00047611
63 6.25 0 0 0 0 -0.000176736 -0.000208103 -0.00047611
64 6.35 0.1 0.0528577 0.00583203 0.00287743 -0.000481527 -0.000765085 -0.00402911
65 6.45 0 0 0 0 -0.000602244 -0.000985685 -0.00543632
66 6.55 0 0 0 0 -0.000602244 -0.000985685 -0.00543632
67 6.65 0 0 0 0 -0.000602244 -0.000985685 -0.00543632
68 6.75 0 0 0 0 -0.000602244 -0.000985685 -0.00543632
69 6.85 0 0 0 0 -0.000602244 -0.000985685 -0.00543632
70 6.95 0 0 0 0 -0.000602244 -0.000985685 -0.00543632
71 7.05 0 0 0 0 -0.000602244 -0.000985685 -0.00543632
72 7.15 0 0 0 0 -0.000602244 -0.000985685 -0.00543632
73 7.25 0.1 0.0642353 0.062283 0.000464228 -0.00271315 -0.00140851 -0.00685415
74 7.35 0 0 0 0 -0.0455152 -0.00998201 -0.0356028
75 7.45 0 0 0 0 -0.0455152 -0.00998201 -0.0356028
76 7.55 0 0 0 0 -0.0455152 -0.00998201 -0.0356028
77 7.65 0.1 0.0255819 0.00612696 0.701582 -0.0370673 -0.018542 -0.0444474
78 7.75 0.2 0.0548431 0.297028 0.161427 -0.0739851 -0.0460846 -0.0678869
79 7.85 0 0 0 0 -0.184398 -0.0724954 -0.0907332
80 7.95 0.1 0.290041 0.00265768 0.0650768 -0.187067 -0.0780237 -0.092461
81 8.05 0.2 0.00897522 0.072362 0.293835 -0.0736383 -0.214037 -0.135812
82 8.15 0.2 0.0150978 0.491298 0.0171472 -0.0753568 -0.116328 -0.162834
83 8.25 0 0 0 0 -0.10664 -0.172248 -0.24398
84 8.35 0.1 0.0479231 0.127155 0.00815485 -0.125079 -0.159156 -0.251486
85 8.45 0.2 0.051607 0.0277107 0.294602 -0.260659 -0.377038 -0.252561
86 8.55 0 0 0 0 -0.224697 -0.172472 -0.271705
87 8.65 0 0 0 0 -0.224697 -0.172472 -0.271705
88 8.75 0.3 0.316435 0.23666 0.794799 -0.178483 -0.412238 -0.308277
89 8.85 0 0 0 0 -0.138187 -0.18479 -0.324741
90 8.95 0.1 0.000239719 0.619886 0.195113 -0.139746 -0.202073 -0.325726
91 9.05 0.3 0.50446 0.109776 0.0334939 1.09806 -0.146406 -0.198996
92 9.15 0.3 0.108821 0.207941 0.324063 0.359832 -0.25364 0.0358212
93 9.25 0.3 0.16228 0.364021 0.225935 -0.166373 -0.361627 0.0174207
94 9.35 0.1 0.142158 0.0245461 0.0556316 -0.140667 -0.324198 0.0645855
95 9.45 0.4 0.156749 0.0888554 0.201244 -0.356979 -0.441703 0.0602359
96 9.55 0.3 0.142514 0.159553 0.389702 -0.708935 -0.387392 -0.0118094
97 9.65 0.5 0.669993 0.240098 0.35776 -0.494653 -0.457438 -0.080112
98 9.75 0.2 0.159481 0.0565791 0.00434282 -0.447254 -0.784541 -0.12885
99 9.85 0.6 0.408606 0.5203 0.424187 -0.809764 -1.69657 -0.43097
100 9.95 0.8 0.673066 0.326248 0.216186 -0.752071 0.0706081 -0.473037
101 10.05 0.5 0.320328 0.297 0.343172 -1.29129 -0.00999275 -0.478629
102 10.15 0.5 0.844266 0.253226 0.371061 -1.47939 -1.16339 -0.550944
103 10.25 0.6 0.431983 0.237776 0.410607 -1.73866 -1.43421 -0.476838
104 10.35 0.5 0.811556 0.209258 0.679105 -1.68539 -0.842044 -0.277857
105 10.45 0.6 0.2717 0.207237 0.205263 -1.75129 -1.50889 0.0908267
106 10.55 0.5 0.616692 0.60583 0.464928 -1.78442 -1.61947 0.0447105
107 10.65 1 1.23219 0.288387 0.295041 -2.71709 -1.95885 0.450712
108 10.75 0.6 0.938506 0.203381 0.172388 -1.34778 -0.678164 0.138685
109 10.85 0.7 0.1384 0.98392 0.421643 -0.61268 -0.675319 -0.0543551
110 10.95 0.4 0.243866 0.0902515 0.232407 -0.783551 -1.13981 -0.0976957
111 11.05 0.7 0.298627 0.239409 0.509205 -1.73682 -2.14664 -0.193158
112 11.15 0.5 0.332691 0.248504 0.523071 -2.8227 -2.47441 -0.318529
113 11.25 1 0.909649 1.2844 0.458668 -2.37571 -3.16833 -0.204588
114 11.35 0.7 0.900011 0.490379 0.592003 -0.815821 -2.18115 -0.505975
115 11.45 0.7 0.694069 0.415493 0.368703 -0.894784 -0.305984 -0.481516
116 11.55 0.4 0.0561717 0.123713 0.359263 -2.2272 -2.47665 -0.505356
117 11.65 0.5 0.374692 0.457224 0.391731 -1.51206 -1.40364 -0.371065
118 11.75 1.1 1.64336 1.7243 0.589243 0.761053 -0.861328 -0.242684
119 11.85 0.5 0.499608 0.249511 0.760358 0.0943544 -1.27237 0.0724889
120 11.95 0.5 0.695282 0.394507 0.403824 0.262249 -1.38896 0.19319
121 12.05 1.2 0.355508 0.626609 1.09899 -0.382493 -2.05387 -0.171999
122 12.15 0.9 0.348337 0.944908 0.509655 -2.32977 0.245305 -0.45743
123 12.25 0.8 1.0757 0.587912 0.613077 -2.45826 -2.10207 -0.859183
124 12.35 0.2 0.136944 0.086632 0.165451 -1.39234 -0.0257241 -0.986063
125 12.45 0.9 0.29477 0.502608 0.711843 -0.317945 -1.06882 -1.08513
126 12.55 0.9 0.900364 0.427027 0.302684 0.204204 -1.6477 -1.33905
127 12.65 0.7 1.14559 0.494242 0.732023 0.160087 -0.100347 -1.65293
128 12.75 1 0.412188 0.598739 0.71033 -0.74283 -0.807438 -1.75241
129 12.85 0.4 0.0771772 0.0750024 0.155461 -2.27969 -1.6245 -1.72439
130 12.95 0.6 0.690625 0.865666 0.58435 -1.35041 -2.43039 -1.86105
131 13.05 0.8 0.597926 0.596513 0.881569 -2.84522 -2.94841 -1.71875
132 13.15 1 0.760194 1.98697 0.584881 0.921824 -2.50545 -1.1459
133 13.25 0.5 0.268486 0.553581 0.619367 2.6757 -1.58424 -1.11093
134 13.35 0.8 0.967183 0.891072 0.788047 -1.87384 -1.36583 -1.00071
135 13.45 0.9 0.891343 0.479483 1.32178 -2.85461 -1.64116 -0.932331
136 13.55 0.4 0.637371 0.3819 0.322028 -1.57087 -0.730353 -0.52864
137 13.65 0.9 0.47408 1.45792 0.24879 -1.7802 -0.40859 -0.732279
138 13.75 1.1 0.368033 1.2453 0.565319 -0.213179 -1.21333 -0.605693
139 13.85 0.7 1.06568 0.565038 0.87898 -1.7741 -2.5242 -0.884128
140 13.95 0.6 0.278621 0.245051 0.445204 -0.317479 -1.85602 -0.602097
141 14.05 0.5 0.184147 0.259827 0.177248 -0.753936 -0.202335 -0.599654
142 14.15 0.7 0.244882 0.440477 0.50138 -1.25488 0.37544 -0.299612
143 14.25 1.1 1.70637 0.521333 1.20015 -2.13721 -1.73097 -0.221534
144 14.35 0.6 0.667011 0.538164 0.299291 0.445128 -0.869477 -0.236955
145 14.45 0.7 0.625566 0.72893 0.584989 -1.53124 0.871443 -0.2461
146 14.55 1 0.845231 0.86345 1.49671 -0.578694 1.78922 -0.706832
147 14.65 1.3 1.02499 1.19222 1.30698 -1.32695 0.188778 -0.747867
148 14.75 0.5 0.0372469 0.548645 0.41285 -2.25659 -0.656228 -0.72689
149 14.85 0.7 0.3656 1.41098 0.60565 -2.47178 -1.19794 -0.875701
150 14.95 0.5 0.765668 0.293508 0.495109 -2.76482 -2.35985 -0.912017
151 15.05 0.7 0.579931 1.03434 0.660226 -2.69928 -2.04541 -1.3422
152 15.15 0.6 0.326801 0.281543 0.247668 -2.39161 -1.79123 -1.37529
153 15.25 0.6 0.734516 0.367404 0.478843 -1.96779 -2.44021 -1.29111
154 15.35 1 1.00935 0.546974 0.802398 -1.95584 -1.29057 -1.21053
155 15.45 0.7 0.335043 0.799936 0.414362 -1.73452 -2.60245 -0.907914
156 15.55 0.9 0.840465 0.561241 1.13804 -2.53894 -1.9484 -0.427407
157 15.65 0.5 0.468228 0.15834 0.30281 -1.96356 -0.630009 -0.583815
158 15.75 0.7 0.282275 0.367936 0.404853 -1.04525 -0.00562477 -0.431076
159 15.85 0.8 0.488028 0.780296 1.05543 0.501408 -0.968201 -0.057403
160 15.95 0.8 2.25121 0.792323 0.779665 -0.654768 -0.370001 -0.379787
161 16.05 0.5 0.425061 0.679219 0.237013 -1.27177 -0.968371 -0.578058
162 16.15 1 0.353506 0.37359 0.296093 -1.66389 -0.361776 -0.750323
163 16.25 0.6 0.263939 0.638369 0.354744 -1.11407 -2.00499 -1.05619
164 16.35 0.4 0.662349 0.123237 0.100596 0.240728 -1.45461 -1.24864
165 16.45 0.7 0.900583 0.986602 0.406382 -1.10381 -2.802 -1.60511
166 16.55 1 0.514663 0.95277 0.266137 -1.69773 -2.61951 -1.47368
167 16.65 1 1.00407 0.782471 1.206 1.14853 -1.68846 -0.696669
168 16.75 0.5 0.14636 0.14315 0.516022 -1.43943 -0.10679 -0.722447
169 16.85 0.7 0.112688 0.495819 0.256008 0.303159 1.3978 -0.452747
170 16.95 0.6 0.173407 0.281675 0.588967 0.886029 -0.709779 -0.398722
171 17.05 0.7 1.3216 0.324967 0.254496 -0.989713 -0.884449 -0.00408764
172 17.15 1 0.544072 0.749251 1.52161 -1.70737 -0.16891 0.362618
173 17.25 0.8 0.438375 0.426126 0.931632 -1.53224 -0.652887 -0.417193
174 17.35 0.8 0.641153 0.673236 0.287209 -1.43436 -1.40522 0.00328262
175 17.45 0.7 0.368409 0.467463 0.220345 -1.97298 -1.63234 0.0585757
176 17.55 1.2 0.795406 1.25292 0.356985 -1.75323 -1.70795 -0.489932
177 17.65 0.4 0.337466 0.504676 0.801495 -1.16798 -1.09715 -0.0918979
178 17.75 0.5 0.245438 0.114636 0.491753 -1.30775 -0.480793 -0.324764
179 17.85 0.9 0.406278 0.706957 1.00184 -1.66422 -0.644017 -0.681719
180 17.95 0.6 0.382036 0.625764 0.471416 0.368975 0.819415 -0.796353
181 18.05 1.2 0.357383 0.557303 1.17931 -1.77937 -0.243072 -0.701875
182 18.15 0.5 0.713564 0.368919 0.45589 -1.88841 -1.23648 -1.03724
183 18.25 0.8 0.471482 0.725145 0.839233 -1.74071 -0.786308 -1.26377
184 18.35 0.8 0.19065 0.781385 0.429735 -0.521235 -1.76574 -0.993845
185 18.45 0.9 1.49555 0.946792 1.1713 -1.55264 -1.50964 -0.919474
186 18.55 0.7 0.404101 0.58564 0.378443 0.095237 -0.408439 -0.743371
187 18.65 0.5 0.493798 0.283477 0.249846 -0.903819 0.0199673 -0.305506
188 18.75 0.8 1.01338 1.62931 0.473226 -1.20737 -1.05614 -0.273003
189 18.85 0.7 0.937879 0.378161 0.295454 -1.23964 -0.453018 -0.749432
190 18.95 0.9 1.12722 1.19948 0.959917 -2.30818 -0.730994 -0.866443
191 19.05 1 0.531768 1.68649 1.3556 -1.45251 -0.053243 -1.18124
192 19.15 0.6 0.259872 0.978355 0.516315 -2.71879 -0.444369 -1.38158
193 19.25 1.1 1.03558 1.3182 0.485788 -3.01152 -1.99517 -1.51448
194 19.35 1 1.02956 2.01406 0.397636 -1.19793 -3.45342 -1.794
195 19.45 0.3 0.694856 0.111568 0.135925 0.173207 -2.32238 -2.05874
196 19.55 0.2 0.00277879 0.385475 0.00965239 0.654662 -1.99874 -2.45623
197 19.65 0.6 0.852046 0.654728 0.949168 -0.29522 -1.08844 -2.45026
198 19.75 1.3 1.47245 0.830019 0.809262 -2.07659 -2.40359 -2.21551
199 19.85 1 0.629463 0.514485 1.03184 -3.30112 -1.81643 -1.90071
200 19.95 0.2 0.13345 0.0121501 0.334817 -2.77185 -0.967417 -1.89467
201 20.05 1 0.632867 0.852408 0.635094 1.55541 1.25391 -1.8135
202 20.15 1 1.08247 0.772209 0.277104 0.133411 -0.711081 -1.75507
203 20.25 0.7 0.931521 0.948513 0.208885 -0.61829 -1.67264 -1.0002
204 20.35 0.3 0.0911502 0.334867 0.119932 -0.299683 -0.892101 -0.7205
205 20.45 1 1.13564 0.852636 0.843277 -1.33533 0.501364 -0.0292061
206 20.55 0.7 0.704447 0.438823 0.360708 -1.12347 1.59719 0.100221
207 20.65 1.3 1.28668 1.53217 1.73478 0.201151 1.07107 -0.48835
208 20.75 0.8 0.338301 1.51422 0.783906 -0.993733 0.245905 -0.445705
209 20.85 0.8 1.02021 0.353474 0.284078 -0.56482 -0.299946 -0.413879
210 20.95 0.5 0.423933 0.149681 0.345217 -0.448207 -0.259131 -0.195601
211 21.05 0.5 0.181819 0.201488 0.323184 -1.5326 -0.348989 -0.442936
212 21.15 0.8 0.719346 0.405181 0.746517 -2.01366 0.167573 -0.941086
213 21.25 1.1 1.52144 0.563723 0.941073 -2.53403 -1.49427 -0.761791
214 21.35 0.4 0.142503 0.439004 0.470977 -1.98829 -1.28723 -0.688257
215 21.45 1 1.32299 0.571486 1.33631 -0.921465 -2.04565 -0.747777
216 21.55 0.8 0.314935 0.635366 0.48417 0.542012 -1.76762 -0.357226
217 21.65 0.6 0.690828 0.310065 0.360879 1.90429 -2.05669 -0.560927
218 21.75 1.2 0.535043 1.07306 0.560975 1.49458 -1.20541 -0.445992
219 21.85 0.7 0.46614 0.760432 0.292449 -0.977085 -0.575655 -0.529226
220 21.95 0.6 1.01764 0.501325 0.316912 -1.87385 -1.1881 -0.68438
221 22.05 0.4 0.48535 0.20235 0.718368 -1.22432 -1.0949 -0.151643
222 22.15 0.7 0.419244 0.585471 0.214012 1.08166 -1.02223 -0.0823139
223 22.25 1.3 1.20928 0.791046 0.923625 0.182259 -0.754784 -0.187801
224 22.35 0.3 0.27831 0.106892 0.00994327 -0.66108 -0.436966 0.014681
225 22.45 0.7 0.429752 0.287349 0.17033 -0.979215 -0.575049 -0.156619
226 22.55 0.7 0.476945 0.513219 0.74916 0.0228939 -0.643089 -0.504167
227 22.65 0.8 1.63351 1.14929 1.88527 -2.62896 -2.1718 -0.542092
228 22.75 1 1.11509 2.00999 0.842255 -3.13261 -2.04912 -1.5324
229 22.85 0.5 0.34892 0.448146 0.138283 -1.75936 -0.803233 -1.20995
230 22.95 0.5 0.166464 0.147101 0.486586 -1.84647 -1.59865 -1.27095
231 23.05 0.8 0.570437 0.477419 0.954637 -2.46521 -2.36519 -1.14702
232 23.15 0.7 0.497446 0.198074 0.38016 -1.41495 -2.59354 -0.58509
233 23.25 0.8 0.904005 0.702573 0.676276 -0.930144 -1.09984 -0.560229
234 23.35 0.9 0.358292 1.00505 0.527746 -1.84152 -2.38768 -0.792074
235 23.45 0.7 0.59677 0.687936 0.675997 -1.70988 -1.7602 -0.717198
236 23.55 0.6 0.54495 0.228194 0.450275 -1.79765 -1.54168 -0.537373
237 23.65 0.4 0.0585911 0.623851 0.0868617 -2.43124 -2.0505 -0.460189
238 23.75 0.8 0.77103 0.915117 0.828043 -2.82677 -2.547 -0.925208
239 23.85 0.7 0.327696 0.315607 0.380719 -1.46133 -1.62579 -0.978097
240 23.95 0.6 0.0451709 0.997167 0.318046 -1.99842 -1.54053 -1.1418
241 24.05 0.6 0.2598 0.367108 0.319254 -2.02258 -2.18219 -1.64256
242 24.15 0.7 1.13734 0.5121 1.12819 -2.24138 -2.57115 -1.82988
243 24.25 0.7 0.553735 0.42433 0.471012 -1.21018 -1.74669 -1.22876
244 24.35 1.3 1.42381 1.23304 0.800367 -0.046349 0.686994 -1.10923
245 24.45 0.6 0.286226 0.940609 0.814806 0.0462724 0.220413 -0.610453
246 24.55 0.5 0.347855 0.251718 1.04079 -0.819927 -1.62989 -0.313383
247 24.65 0.7 0.552304 0.519216 0.674436 -1.42603 -1.78573 -0.301989
248 24.75 0.6 0.450832 0.376185 0.277145 -0.793994 -0.991358 -0.619963
249 24.85 0.7 0.799692 0.249945 0.272012 -1.67513 -1.78433 -0.55748
250 24.95 0.6 0.983645 0.709187 0.57188 -1.23568 -1.6645 -0.199346
251 25.05 0.9 1.02132 2.26314 1.45443 -0.114759 -2.33334 -0.00248319
252 25.15 0.9 0.978181 1.20994 1.02149 -0.418112 -2.25321 -0.177538
253 25.25 0.6 0.462438 0.118631 0.287414 -1.38134 -2.35197 -0.716973
254 25.35 0.4 0.74299 1.08185 0.29159 -0.92417 -1.06921 -1.19444
255 25.45 0.3 0.0125683 0.0146996 0.169081 -1.33252 -0.973405 -1.23531
256 25.55 0.6 0.260215 0.424983 0.637272 -1.3693 -0.639439 -0.926437
257 25.65 0.5 0.144662 0.242724 0.0610025 -0.364431 0.0644431 -0.698794
258 25.75 0.9 0.447746 0.784335 0.620809 -1.74527 -1.27591 -0.740423
259 25.85 0.4 0.170282 0.0648409 0.578778 -1.81373 0.0631962 -0.409023
260 25.95 0.7 0.648834 0.403318 0.255672 -1.59198 -0.464633 -0.388217
261 26.05 0.3 0.13696 0.355031 0.147776 -1.22366 -0.293076 -0.329198
262 26.15 0.5 0.5824 0.362748 0.154612 0.605669 2.03716 0.0244981
263 26.25 0.3 0.476663 0.391565 0.320486 -0.322774 -0.110064 0.100241
264 26.35 0.2 0.113138 0.0239339 0.453044 0.0796622 -0.468892 0.0709971
265 26.45 0.5 0.410773 0.379765 0.575977 -0.173671 -0.805177 0.0983285
266 26.55 0.4 0.0994762 0.487363 0.645123 -0.144695 -0.455368 0.0310049
267 26.65 0.1 0.00052624 0.00525478 0.0203006 -0.493615 -0.738831 -0.136046
268 26.75 0.2 0.0941681 0.164229 0.567164 -0.481766 -0.403687 -0.077209
269 26.85 0.3 0.456263 0.194672 0.170474 -0.270372 -0.14817 -0.071048
270 26.95 0 0 0 0 -0.151329 -0.188981 0.0101608
271 27.05 0 0 0 0 -0.151329 -0.188981 0.0101608
272 27.15 0.1 0.0495333 0.00074651 0.0416096 -0.129437 -0.225445 -0.094723
273 27.25 0.3 0.682049 0.660428 0.277721 -0.182282 -0.222041 -0.106329
274 27.35 0.1 0.0205878 0.00356874 0.108535 -0.323196 -0.134624 -0.172741
275 27.45 0 0 0 0 -0.186756 -0.161043 -0.171442
276 27.55 0.2 0.18747 0.0111979 0.127815 -0.133383 -0.119951 -0.136226
277 27.65 0 0 0 0 -0.0964385 -0.0848307 -0.107472
278 27.75 0 0 0 0 -0.0964385 -0.0848307 -0.107472
279 27.85 0.1 0.0707663 0.0328861 0.00890449 -0.0655482 -0.0183771 -0.0567714
280 27.95 0.1 0.0323099 0.00108258 0.00201819 -0.0494566 -0.0129528 -0.0370917
281 28.05 0.2 0.512664 0.0669318 0.067638 -0.00414135 -0.00403959 -0.00428672
282 28.15 0 0 0 0 -0.000281303 -0.000362311 -0.000974721
283 28.25 0 0 0 0 -0.000281303 -0.000362311 -0.000974721
284 28.35 0 0 0 0 -0.000281303 -0.000362311 -0.000974721
285 28.45 0 0 0 0 -0.000281303 -0.000362311 -0.000974721
286 28.55 0 0 0 0 -0.000281303 -0.000362311 -0.000974721
287 28.65 0 0 0 0 -0.000281303 -0.000362311 -0.000974721
288 28.75 0 0 0 0 -0.000281303 -0.000362311 -0.000974721
289 28.85 0 0 0 0 -0.000281303 -0.000362311 -0.000974721
290 28.95 0 0 0 0 -0.000281303 -0.000362311 -0.000974721
291 29.05 0 0 0 0 -0.000281303 -0.000362311 -0.000974721
292 29.15 0 0 0 0 -0.000281303 -0.000362311 -0.000974721
293 29.25 0 0 0 0 -0.000281303 -0.000362311 -0.000974721
294 29.35 0 0 0 0 -0.000281303 -0.000362311 -0.000974721
295 29.45 0.1 0.0213726 0.108056 0.00509626 -0.000215114 -0.000201261 -0.000650636
296 29.55 0 0 0 0 -0.000197413 -0.000158191 -0.000563967
297 29.65 0 0 0 0 -0.000197413 -0.000158191 -0.000563967
298 29.75 0 0 0 0 -0.000197413 -0.000158191 -0.000563967
299 29.85 0 0 0 0 -0.000197413 -0.000158191 -0.000563967
300 29.95 0 0 0 0 -0.000197413 -0.000158191 -0.000563967
301 30.05 0 0 0 0 -0.000197413 -0.000158191 -0.000563967
302 30.15 0 0 0 0 -0.000197413 -0.000158191 -0.000563967
303 30.25 0.1 0.178752 0.0549207 0.0136528 -0.000200244 -0.000164239 -0.000556871
304 30.35 0 0 0 0 -0.000285885 -0.000347181 -0.000342206
305 30.45 0 0 0 0 -0.000285885 -0.000347181 -0.000342206
306 30.55 0 0 0 0 -0.000285885 -0.000347181 -0.000342206
307 30.65 0 0 0 0 -0.000285885 -0.000347181 -0.000342206
308 30.75 0.1 0.285732 0.00013287 0.032059 -0.000188172 -0.000225127 -0.000243004
309 30.85 0 0 0 0 -2.66999e-05 -2.34295e-05 -7.90702e-05
310 30.95 0 0 0 0 -2.66999e-05 -2.34295e-05 -7.90702e-05
311 31.05 0 0 0 0 -2.66999e-05 -2.34295e-05 -7.90702e-05
312 31.15 0 0 0 0 -2.66999e-05 -2.34295e-05 -7.90702e-05
313 31.25 0 0 0 0 -2.66999e-05 -2.34295e-05 -7.90702e-05
314 31.35 0 0 0 0 -2.66999e-05 -2.34295e-05 -7.90702e-05
315 31.45 0 0 0 0 -2.66999e-05 -2.34295e-05 -7.90702e-05
316 31.55 0 0 0 0 -2.66999e-05 -2.34295e-05 -7.90702e-05
317 31.65 0 0 0 0 -2.66999e-05 -2.34295e-05 -7.90702e-05
318 31.75 0 0 0 0 -2.66999e-05 -2.34295e-05 -7.90702e-05
319 31.85 0 0 0 0 -2.66999e-05 -2.34295e-05 -7.90702e-05
320 31.95 0 0 0 0 -2.66999e-05 -2.34295e-05 -7.90702e-05
321 32.05 0 0 0 0 -2.66999e-05 -2.34295e-05 -7.90702e-05
322 32.15 0 0 0 0 -2.66999e-05 -2.34295e-05 -7.90702e-05
323 32.25 0 0 0 0 -2.66999e-05 -2.34295e-05 -7.90702e-05
324 32.35 0 0 0 0 -2.66999e-05 -2.34295e-05 -7.90702e-05
325 32.45 0 0 0 0 -2.66999e-05 -2.34295e-05 -7.90702e-05
326 32.55 0 0 0 0 -2.66999e-05 -2.34295e-05 -7.90702e-05
327 32.65 0 0 0 0 -2.66999e-05 -2.34295e-05 -7.90702e-05
328 32.75 0 0 0 0 -2.66999e-05 -2.34295e-05 -7.90702e-05
329 32.85 0 0 0 0 -2.66999e-05 -2.34295e-05 -7.90702e-05
330 32.95 0.1 0.236178 0.0135937 0.000677077 -3.80109e-05 -0.00349252 -8.38036e-05
331 33.05 0.1 0.00135215 0.0400256 0.00160909 -0.0015301 -0.00777219 -0.00716117
332 33.15 0 0 0 0 -0.00213731 -0.00247506 -0.0101415
333 33.25 0 0 0 0 -0.00213731 -0.00247506 -0.0101415
334 33.35 0 0 0 0 -0.00213731 -0.00247506 -0.0101415
335 33.45 0 0 0 0 -0.00213731 -0.00247506 -0.0101415
336 33.55 0 0 0 0 -0.00213731 -0.00247506 -0.0101415
337 33.65 0 0 0 0 -0.00213731 -0.00247506 -0.0101415
338 33.75 0 0 0 0 -0.00213731 -0.00247506 -0.0101415
339 33.85 0 0 0 0 -0.00213731 -0.00247506 -0.0101415
340 33.95 0.1 0.0246319 0.0731302 0.143854 -0.00214025 -0.00252252 -0.0101429
341 34.05 0 0 0 0 -0.00215413 -0.00274628 -0.0101494
342 34.15 0 0 0 0 -0.00215413 -0.00274628 -0.0101494
343 34.25 0.1 0.0324 0.0303921 0.0815322 -0.0970706 -0.00601196 -0.0111522
344 34.35 0.2 0.101559 0.0491831 0.066818 -0.307621 -0.0358591 -0.00834689
345 34.45 0 0 0 0 -0.000844666 -0.0018285 -0.000689769
346 34.55 0 0 0 0 -0.000844666 -0.0018285 -0.000689769
347 34.65 0 0 0 0 -0.000844666 -0.0018285 -0.000689769
348 34.75 0 0 0 0 -0.000844666 -0.0018285 -0.000689769
349 34.85 0.1 0.0250011 0.0518753 0.0351101 -0.000412503 -0.000730373 -0.000639781
350 34.95 0 0 0 0 -0.000288471 -0.000415211 -0.000625434
351 35.05 0 0 0 0 -0.000288471 -0.000415211 -0.000625434
352 35.15 0 0 0 0 -0.000288471 -0.000415211 -0.000625434
353 35.25 0 0 0 0 -0.000288471 -0.000415211 -0.000625434
354 35.35 0 0 0 0 -0.000288471 -0.000415211 -0.000625434
355 35.45 0 0 0 0 -0.000288471 -0.000415211 -0.000625434
356 35.55 0 0 0 0 -0.000288471 -0.000415211 -0.000625434
357 35.65 0 0 0 0 -0.000288471 -0.000415211 -0.000625434
358 35.75 0 0 0 0 -0.000288471 -0.000415211 -0.000625434
359 35.85 0 0 0 0 -0.000288471 -0.000415211 -0.000625434
360 35.95 0.1 0.0352214 0.106065 3.00381e-05 -0.000516943 -0.0229896 -0.00204366
600 360
1 0.05 0 0 0 0 -0.00048726 -0.0151165 -0.00168436
2 0.15 0 0 0 0 -0.00048726 -0.0151165 -0.00168436
3 0.25 0 0 0 0 -0.00048726 -0.0151165 -0.00168436
4 0.35 0.15 0.0773633 0.0168184 0.00222902 -0.00236897 -0.00248787 -0.000642
5 0.45 0 0 0 0 -0.00265917 -0.00075868 -0.000547483
6 0.55 0 0 0 0 -0.00265917 -0.00075868 -0.000547483
7 0.65 0.05 0.0331073 0.117232 0.032976 -0.000742841 -0.000419466 -0.000416183
8 0.75 0 0 0 0 -0.00026337 -0.000334594 -0.000383331
9 0.85 0 0 0 0 -0.00026337 -0.000334594 -0.000383331
10 0.95 0 0 0 0 -0.00026337 -0.000334594 -0.000383331
11 1.05 0 0 0 0 -0.00026337 -0.000334594 -0.000383331
12 1.15 0 0 0 0 -0.00026337 -0.000334594 -0.000383331
13 1.25 0 0 0 0 -0.00026337 -0.000334594 -0.000383331
14 1.35 0 0 0 0 -0.00026337 -0.000334594 -0.000383331
15 1.45 0.05 0.0030129 0.00798661 0.00929762 -0.000397849 -0.000682535 -0.000401527
16 1.55 0 0 0 0 -0.000707635 -0.00148405 -0.000443445
17 1.65 0.05 0.0112949 0.0646487 0.000159561 -0.00148561 -0.0015922 -0.00073412
18 1.75 0.05 0.0982662 0.00547898 0.00722878 -0.0111469 -0.00277758 -0.0137568
19 1.85 0 0 0 0 -0.0112546 -0.00277852 -0.0146345
20 1.95 0 0 0 0 -0.0112546 -0.00277852 -0.0146345
21 2.05 0.05 0.000196681 0.0354468 0.0011016 -0.0109836 -0.00167451 -0.0144314
22 2.15 0 0 0 0 -0.0109811 -0.00166425 -0.0144295
23 2.25 0.05 0.0999641 0.0106499 0.2387 -0.0109308 -0.00165188 -0.0144293
24 2.35 0 0 0 0 -0.010833 -0.00162786 -0.0144287
25 2.45 0.1 0.0250224 0.0923802 0.0496089 -0.00607532 -0.00167982 -0.0121054
26 2.55 0 0 0 0 -0.00370434 -0.00323518 -0.0114526
27 2.65 0.05 4.96847e-05 0.0364287 0.0321669 -0.00393859 -0.0032332 -0.0114397
28 2.75 0 0 0 0 -0.0046898 -0.00322685 -0.0113984
29 2.85 0.1 0.0525888 0.0095047 0.155711 -0.00279783 -0.00344004 -0.00451126
30 2.95 0 0 0 0 -0.00219001 -0.00336474 -0.000637203
31 3.05 0.05 0.0258346 0.00721233 7.54312e-05 -0.00980536 -0.00182765 -0.00387864
32 3.15 0 0 0 0 -0.0145546 -0.00086906 -0.00590013
33 3.25 0 0 0 0 -0.0145546 -0.00086906 -0.00590013
34 3.35 0 0 0 0 -0.0145546 -0.00086906 -0.00590013
35 3.45 0 0 0 0 -0.0145546 -0.00086906 -0.00590013
36 3.55 0 0 0 0 -0.0145546 -0.00086906 -0.00590013
37 3.65 0 0 0 0 -0.0145546 -0.00086906 -0.00590013
38 3.75 0.05 0.0187352 0.00815349 0.0207931 -0.00385642 -0.000272008 -0.00169016
39 3.85 0 0 0 0 -3.87444e-05 -5.89485e-05 -0.000187818
40 3.95 0 0 0 0 -3.87444e-05 -5.89485e-05 -0.000187818
41 4.05 0 0 0 0 -3.87444e-05 -5.89485e-05 -0.000187818
42 4.15 0 0 0 0 -3.87444e-05 -5.89485e-05 -0.000187818
43 4.25 0 0 0 0 -3.87444e-05 -5.89485e-05 -0.000187818
44 4.35 0 0 0 0 -3.87444e-05 -5.89485e-05 -0.000187818
45 4.45 0 0 0 0 -3.87444e-05 -5.89485e-05 -0.000187818
46 4.55 0 0 0 0 -3.87444e-05 -5.89485e-05 -0.000187818
47 4.65 0 0 0 0 -3.87444e-05 -5.89485e-05 -0.000187818
48 4.75 0.05 0.00034716 0.0598538 0.0260018 0.0260544 0.0778922 0.0569335
49 4.85 0 0 0 0 0.0439186 0.13126 0.0960409
50 4.95 0 0 0 0 0.0439186 0.13126 0.0960409
51 5.05 0 0 0 0 0.0439186 0.13126 0.0960409
52 5.15 0 0 0 0 0.0439186 0.13126 0.0960409
53 5.25 0 0 0 0 0.0439186 0.13126 0.0960409
54 5.35 0.05 0.00391088 0.106417 0.0568466 0.0115812 0.0346368 0.0251582
55 5.45 0 0 0 0 -8.98648e-05 -0.00023606 -0.000424406
56 5.55 0.05 0.0184336 0.0293706 0.00688925 -0.000152693 -0.000302836 -0.000555957
57 5.65 0 0 0 0 -0.000158785 -0.000309312 -0.000568714
58 5.75 0 0 0 0 -0.000158785 -0.000309312 -0.000568714
59 5.85 0.05 0.0919287 0.0968916 0.151027 -0.000205087 -0.000320005 -0.00059444
60 5.95 0 0 0 0 -0.00158785 -0.000639365 -0.00136271
61 6.05 0 0 0 0 -0.00158785 -0.000639365 -0.00136271
62 6.15 0 0 0 0 -0.00158785 -0.000639365 -0.00136271
63 6.25 0 0 0 0 -0.00158785 -0.000639365 -0.00136271
64 6.35 0.05 0.0264288 0.00291602 0.00143872 -0.00174025 -0.000917856 -0.00313921
65 6.45 0 0 0 0 -0.00180061 -0.00102816 -0.00384282
66 6.55 0 0 0 0 -0.00180061 -0.00102816 -0.00384282
67 6.65 0 0 0 0 -0.00180061 -0.00102816 -0.00384282
68 6.75 0.05 0.0306139 0.0234167 0.0594192 -0.00167368 -0.00248162 -0.00794626
69 6.85 0.05 0.013279 0.000361358 0.00700439 -0.00192932 -0.00332911 -0.0101207
70 6.95 0 0 0 0 -0.00194952 -0.00334721 -0.0101573
71 7.05 0 0 0 0 -0.00194952 -0.00334721 -0.0101573
72 7.15 0.05 0.00387458 5.84143e-05 0.0373755 -0.00291577 -0.00503723 -0.0147417
73 7.25 0.05 0.0321176 0.0311415 0.000232114 -0.00454801 -0.00625748 -0.0181872
74 7.35 0 0 0 0 -0.025949 -0.0105442 -0.0325616
75 7.45 0.05 5.00036e-05 0.042585 0.0959999 -0.0261709 -0.0106057 -0.0329078
76 7.55 0 0 0 0 -0.0337888 -0.0127154 -0.044795
77 7.65 0.05 0.012791 0.00306348 0.350791 -0.0295649 -0.0169954 -0.0492173
78 7.75 0.2 0.0393131 0.183472 0.097432 -0.0480963 -0.0392961 -0.0661186
79 7.85 0 0 0 0 -0.103796 -0.0477517 -0.0873969
80 7.95 0.1 0.145939 0.0145246 0.0453746 -0.107828 -0.0561303 -0.0902949
81 8.05 0.25 0.132417 0.160839 0.167944 -0.062614 -0.146812 -0.118692
82 8.15 0.1 0.00754889 0.245649 0.00857358 -0.093135 -0.130237 -0.14636
83 8.25 0 0 0 0 -0.108776 -0.158197 -0.186933
84 8.35 0.05 0.0239615 0.0635775 0.00407743 -0.117996 -0.151651 -0.190686
85 8.45 0.15 0.0850309 0.129736 0.278876 -0.194469 -0.260134 -0.195701
86 8.55 0.05 0.0408915 0.0722126 0.0294673 -0.19693 -0.124266 -0.204261
87 8.65 0.15 0.0399116 0.222554 0.211267 -0.588117 -0.214123 -0.211314
88 8.75 0.25 0.21024 0.19393 0.449764 0.0117177 0.51523 -0.228829
89 8.85 0.15 0.0257791 0.138553 0.0178103 -0.170238 -0.253002 -0.16956
90 8.95 0.2 0.0668657 0.348403 0.218019 -0.183106 -0.269561 -0.15304
91 9.05 0.25 0.261196 0.0906556 0.0839277 0.321077 0.301738 -0.0720728
92 9.15 0.35 0.138258 0.255435 0.251624 -0.0447426 0.321732 0.0633087
93 9.25 0.25 0.157448 0.311033 0.131118 -0.159347 -0.414555 0.107873
94 9.35 0.35 0.276632 0.133131 0.255314 -0.141949 -0.326877 0.206587
95 9.45 0.25 0.0788866 0.0488749 0.25231 -0.212731 -0.255105 0.238801
96 9.55 0.25 0.277704 0.301467 0.223107 -0.414948 -0.237776 0.183645
97 9.65 0.45 0.675216 0.391134 0.294445 -0.497743 -0.535036 0.0604576
98 9.75 0.2 0.0799645 0.0747756 0.0884964 -0.384273 -0.713993 -0.0509172
99 9.85 0.4 0.222732 0.30891 0.273209 -0.457358 -1.14987 -0.200777
100 9.95 0.6 0.583451 0.333812 0.377864 -0.514024 -0.258248 0.0199111
101 10.05 0.6 0.253183 0.629571 0.274387 -1.1436 -0.405939 -0.0806647
102 10.15 0.5 0.472176 0.394616 0.497237 -1.35985 -1.05392 -0.424926
103 10.25 0.5 0.314325 0.143526 0.408583 -1.55031 -1.43346 -0.494049
104 10.35 0.5 0.816239 0.166437 0.490423 -1.81844 -1.29527 -0.242173
105 10.45 0.75 0.685562 0.323449 0.431671 -0.756966 0.374309 0.218563
106 10.55 0.6 0.776877 0.521604 0.591269 -0.97504 -0.930921 0.284168
107 10.65 0.95 0.851318 0.415222 0.589169 -2.18056 -0.709851 0.202804
108 10.75 0.45 0.503415 0.350792 0.204188 -1.46325 -1.00486 -0.0748385
109 10.85 0.7 0.350954 0.719438 0.36931 -1.18245 -1.10587 -0.211083
110 10.95 0.7 0.311277 0.414481 0.323406 0.535468 -0.18418 -0.234154
111 11.05 0.45 0.182265 0.2166 0.356411 -1.7078 -1.46666 -0.484682
112 11.15 0.5 0.429319 0.246938 0.468901 -2.6024 -1.71455 -0.58304
113 11.25 0.85 0.811529 0.854844 0.441361 -2.25177 -2.7383 -0.47577
114 11.35 1 1.52623 0.793765 0.778505 -1.11945 -2.69574 -0.749508
115 11.45 0.8 0.628374 0.597293 0.645559 -1.27741 -0.950614 -0.716366
116 11.55 0.4 0.122429 0.278179 0.550719 -1.36935 -1.47357 -0.905051
117 11.65 0.65 0.588723 0.587407 0.471162 -1.19647 -1.05734 -0.789603
118 11.75 0.75 1.21427 0.925925 0.305912 -0.0807701 -0.907008 -0.608338
119 11.85 0.75 0.955177 0.594357 0.692476 -0.540393 -1.63673 -0.278259
120 11.95 0.55 0.475086 0.532552 0.268272 0.349224 -1.84749 -0.0802406
121 12.05 1.15 0.757773 0.636262 0.841388 -0.689075 -2.17994 -0.424993
122 12.15 0.6 0.187223 0.595473 0.730218 -1.84272 -1.022 -0.589747
123 12.25 0.65 0.780073 0.421988 0.444757 -1.49748 -2.03375 -0.679143
124 12.35 0.65 0.470654 0.462067 0.424622 -0.206856 -0.167434 -0.461198
125 12.45 0.95 0.367058 0.833605 0.906979 -0.327454 -0.924231 -0.450257
126 12.55 0.7 0.480487 0.538484 0.429875 -0.335468 -0.985408 -0.504186
127 12.65 0.75 0.846999 0.609836 0.548841 -0.445274 0.108742 -0.548362
128 12.75 1 0.734486 0.584616 0.921242 -0.389968 -0.0817066 -0.472169
129 12.85 0.5 0.568691 0.135722 0.536934 0.238925 0.292836 -0.440713
130 12.95 0.65 0.656904 0.520579 0.604045 -1.1769 -1.38221 -0.792184
131 13.05 0.7 0.685136 0.645041 0.562413 -2.19007 -2.07965 -0.900535
132 13.15 0.9 0.796582 1.41416 0.520104 -0.231538 -1.8201 -0.622489
133 13.25 0.55 0.29109 0.548087 0.556198 0.49834 -1.44897 -0.743016
134 13.35 0.9 0.752744 1.01822 0.847609 -1.9541 -0.55058 -0.801446
135 13.45 1.1 0.823466 0.553196 1.14058 -1.33994 -1.09171 -0.709957
136 13.55 0.55 0.466569 0.421569 0.610442 -1.12415 -1.01032 -0.138712
137 13.65 0.65 0.391752 0.875813 0.171819 -1.2722 -0.610223 -0.381424
138 13.75 0.85 0.375306 0.975235 0.338091 -0.281091 -1.08847 -0.444945
139 13.85 0.55 0.788163 0.471382 0.551961 -0.76189 -2.27048 -0.544796
140 13.95 0.7 0.681664 0.321557 0.655549 -0.416542 -1.43594 -0.387354
141 14.05 0.7 0.346221 0.493624 0.715681 -0.462157 -0.573613 -0.503457
142 14.15 0.6 0.258495 0.423365 0.406346 -0.926093 -0.71719 -0.20063
143 14.25 1.1 1.39009 0.886674 1.139 -1.75091 -1.28419 -0.120294
144 14.35 0.9 0.78893 0.861489 0.561774 -0.579593 -0.213698 -0.0932782
145 14.45 0.7 0.586612 0.626484 0.798461 -1.49537 0.897852 -0.184839
146 14.55 1 0.840847 0.672489 1.42891 -0.813849 0.328566 -0.325201
147 14.65 0.8 0.729362 0.904893 1.06211 -0.923698 0.548717 0.0115655
148 14.75 0.4 0.137357 0.359082 0.299527 -1.63997 -0.607954 -0.132328
149 14.85 0.55 0.360172 0.954529 0.514349 -1.8008 -1.0484 -0.248031
150 14.95 0.7 0.601384 0.555148 0.501629 -1.27123 -1.40603 -0.181099
151 15.05 0.8 0.326125 0.724602 0.777154 -0.432056 -0.803885 -0.433491
152 15.15 0.95 0.710018 0.669731 0.578599 -1.17153 -2.25517 -0.901091
153 15.25 0.8 0.730989 0.588481 0.761068 -1.64658 -2.387 -1.23562
154 15.35 0.85 0.96461 0.498099 0.787308 -1.55729 -0.563888 -1.09534
155 15.45 0.65 0.240266 1.24689 0.295196 -1.63873 -1.86194 -1.04018
156 15.55 0.85 0.648476 0.758977 0.841666 -2.1417 -1.31051 -0.754186
157 15.65 0.45 0.431039 0.173647 0.277539 -1.91758 -1.02756 -0.763857
158 15.75 0.4 0.203426 0.191228 0.262821 -1.40475 -0.559992 -0.512961
159 15.85 0.8 0.574274 0.633765 0.598213 0.232108 -1.3746 -0.473678
160 15.95 0.85 1.85143 0.935883 0.911783 -0.496328 -0.192183 -0.671245
161 16.05 0.7 1.07687 0.516688 0.642899 -1.59329 -0.905971 -0.618998
162 16.15 0.9 0.264987 0.330627 0.885415 -1.73309 -1.38219 -0.589503
163 16.25 0.8 0.649317 0.644454 1.06829 0.946245 -1.49817 -0.588679
164 16.35 0.6 0.631231 0.285294 0.313443 -0.211259 -1.00684 -0.615544
165 16.45 0.8 0.913096 0.737626 0.524188 -0.879275 -0.758834 -0.822375
166 16.55 0.9 0.858409 0.738064 0.566995 -1.66952 -2.49593 -0.912173
167 16.65 0.65 0.583454 0.437998 0.641033 -0.201467 -1.9909 -0.602273
168 16.75 0.55 0.208942 0.339039 0.52904 -1.85692 -0.849828 -0.882076
169 16.85 0.6 0.217772 0.398566 0.235574 -0.806126 -0.104647 -0.947589
170 16.95 0.5 0.163291 0.49618 0.322204 -0.103263 -1.19062 -1.04134
171 17.05 0.65 0.824485 0.537903 0.37945 -0.94997 -1.02496 -0.877577
172 17.15 1.1 0.727782 0.570994 1.33753 -0.68005 -0.877628 -0.66078
173 17.25 0.8 1.01039 0.406031 0.759816 -1.45228 -0.468279 -0.904515
174 17.35 0.75 0.566359 0.586703 0.725563 -0.967368 -0.459249 -0.733223
175 17.45 0.65 0.218319 0.491814 0.534331 -1.22215 -1.21993 -0.621225
176 17.55 1.2 0.716675 1.25635 0.808886 -1.45958 -1.24346 -0.3712
177 17.65 0.4 0.439609 0.329696 0.438547 -1.04225 -1.15849 -0.191041
178 17.75 0.5 0.239717 0.163738 0.511649 -0.883047 0.017769 -0.244621
179 17.85 0.9 0.77063 0.797406 0.663869 -1.78482 -1.32075 -0.466958
180 17.95 0.5 0.650734 0.401618 0.39793 0.121318 0.0192774 -0.359036
181 18.05 1.1 0.48507 0.585207 0.961346 -0.260529 -0.177471 -0.343707
182 18.15 0.55 0.846857 0.588752 0.585552 -1.0389 -1.26646 -0.735218
183 18.25 0.85 0.7739 0.645119 0.639581 -2.17088 -1.4945 -1.2407
184 18.35 0.75 0.137768 0.596123 0.363749 -1.53184 -2.02742 -1.28896
185 18.45 0.65 0.855308 0.577079 0.701291 -2.00239 -1.94178 -1.32237
186 18.55 0.7 0.369513 0.492342 0.389202 -1.10508 -1.06821 -1.35369
187 18.65 0.55 1.0348 0.456405 0.574639 -1.5766 -0.666839 -1.01572
188 18.75 0.75 0.852069 1.01475 0.498787 -1.36091 -1.07624 -0.752283
189 18.85 0.8 1.00862 0.559781 0.554828 -1.23643 -1.03999 -0.876579
190 18.95 0.85 1.26212 0.771244 0.882796 -1.06903 -1.34401 -0.793903
191 19.05 1 0.56523 1.23668 0.99211 -0.585719 -0.575087 -0.858693
192 19.15 0.4 0.225542 0.518293 0.338806 -1.32431 -0.395867 -0.818697
193 19.25 1 0.990657 1.55223 0.465741 -1.89909 -1.15783 -0.878536
194 19.35 0.85 0.845611 1.31335 0.605358 -0.454399 -1.87872 -1.07927
195 19.45 0.5 0.805928 0.21882 0.392402 0.297179 -1.2626 -1.34291
196 19.55 0.45 0.405569 0.532963 0.32568 -0.722108 -1.75694 -1.60656
197 19.65 0.75 0.662705 0.563101 0.674338 -0.980933 -1.82656 -1.50411
198 19.75 1 0.992692 0.794177 0.704521 -0.0695199 -1.80146 -1.20653
199 19.85 0.9 0.558711 0.771192 1.08073 -1.09185 -1.39793 -0.943822
200 19.95 0.4 0.263116 0.240026 0.422981 1.92273 -0.72435 -0.903504
201 20.05 1.05 0.543369 0.851137 0.625069 2.93174 0.5391 -0.923864
202 20.15 0.75 0.752367 0.619139 0.292989 0.389912 -1.06216 -1.1948
203 20.25 0.65 0.558544 0.851841 0.141262 0.144628 -2.06318 -0.789343
204 20.35 0.55 0.427886 0.334737 0.259099 0.223803 -1.70518 -0.583528
205 20.45 1 0.858278 0.645711 1.15049 -0.746027 -0.934005 -0.27877
206 20.55 0.65 0.606047 0.606095 0.521344 -0.25945 0.223328 -0.299971
207 20.65 0.85 0.745085 1.01563 1.17861 -0.15437 -0.520555 -0.695567
208 20.75 1.05 0.824778 1.38826 1.13781 -1.09935 -0.429372 -0.684339
209 20.85 0.8 0.871038 0.567514 0.723363 -1.15472 -1.52916 -0.755749
210 20.95 0.55 0.466444 0.380512 0.553411 -0.822875 -1.02748 -0.657384
211 21.05 0.55 0.172445 0.362648 0.531565 -0.930117 -1.73728 -0.799132
212 21.15 0.85 0.502418 0.493061 0.683724 -1.49401 -1.46299 -1.19828
213 21.25 0.8 1.00901 0.421118 0.50166 0.232914 -0.237469 -1.21121
214 21.35 0.8 0.679295 0.754626 0.730479 -1.42752 0.320443 -1.38323
215 21.45 0.75 1.02981 0.380236 1.01247 -0.497157 -0.87238 -1.29041
216 21.55 0.75 0.687555 0.741569 0.438398 0.299356 -0.334975 -1.02211
217 21.65 0.55 0.454037 0.534664 0.285808 -0.0216018 -2.35195 -1.05248
218 21.75 1.05 0.817045 0.93769 0.438967 -0.108284 -1.72554 -0.712928
219 21.85 0.95 0.692104 0.770703 0.531058 -0.448284 -0.886708 -0.478632
220 21.95 0.45 0.521155 0.268019 0.37379 -0.464537 -0.609 -0.451847
221 22.05 0.7 0.461611 0.620304 0.713605 -0.627118 -0.606165 -0.19136
222 22.15 0.7 0.33314 0.507983 0.276632 -0.24783 1.35469 -0.0993181
223 22.25 0.9 0.760855 0.421886 0.954997 2.03483 -0.340448 -0.224832
224 22.35 0.75 1.40696 0.686483 0.6886 1.06338 0.504407 -0.235503
225 22.45 0.75 0.746251 0.425921 0.366649 -0.635054 -0.181201 -0.223905
226 22.55 0.5 0.409877 0.27714 0.510824 -0.151078 -0.663917 -0.596593
227 22.65 0.85 0.981912 1.12606 1.18013 -1.2861 -1.10817 -0.638541
228 22.75 0.9 1.08644 1.48522 0.939959 -2.53083 -1.78776 -1.33274
229 22.85 0.7 0.840297 0.68557 0.406341 -1.69438 -1.9247 -1.36918
230 22.95 0.55 0.280587 0.139953 0.797782 -1.85788 -2.12783 -1.59021
231 23.05 0.65 0.34225 0.553148 0.585694 -1.61917 -2.51446 -1.50864
232 23.15 0.8 0.428151 0.468225 0.814993 -2.23105 -2.85122 -1.32583
233 23.25 0.65 0.811023 0.782653 0.372308 -0.985804 -1.44911 -1.2837
234 23.35 1.05 0.972414 0.831916 0.969109 -1.1971 -1.58314 -1.4896
235 23.45 0.55 0.557582 0.609521 0.546 -0.630957 -0.687307 -1.6007
236 23.55 0.7 0.455851 0.962733 0.488405 -1.70707 -1.40527 -1.3466
237 23.65 0.45 0.272442 0.392365 0.511262 -2.57801 -2.23808 -1.1924
238 23.75 0.6 0.46853 1.16146 0.718669 -2.85299 -2.0805 -1.39873
239 23.85 0.8 0.492763 0.567043 0.635151 -1.23193 -1.65945 -1.21808
240 23.95 0.6 0.285025 0.700088 0.357008 -1.66148 -1.40003 -1.15534
241 24.05 0.85 0.635992 0.54368 0.72991 -2.02766 -2.20619 -1.27738
242 24.15 0.85 1.02411 0.736887 1.09801 -1.40472 -2.85949 -1.23995
243 24.25 0.7 0.907761 0.879212 0.980905 -0.957425 -0.973493 -0.918111
244 24.35 1.05 1.18021 0.871349 0.857462 0.430869 2.47802 -0.560864
245 24.45 0.65 0.329292 0.825438 0.853991 0.442246 2.02036 -0.0634681
246 24.55 0.5 0.403736 0.19696 0.641692 -0.0722066 -0.379837 0.0330153
247 24.65 0.85 0.415329 0.655013 0.749796 1.33924 -0.660354 0.0517966
248 24.75 0.45 0.311167 0.399784 0.191354 -1.02169 -1.21748 -0.42695
249 24.85 0.75 1.3327 0.308027 0.3606 -1.31477 0.255122 -0.443946
250 24.95 0.65 0.724563 0.56776 0.529608 -0.622122 -1.08847 -0.252495
251 25.05 0.9 0.690479 1.49457 0.831624 -0.356268 -1.23373 -0.204605
252 25.15 0.8 0.576147 0.77943 0.685742 -1.25189 -1.27027 -0.34803
253 25.25 0.6 0.319186 0.236202 0.462071 -1.16606 -1.71994 -0.649802
254 25.35 0.5 0.496016 0.917684 0.589977 -0.795547 -0.660115 -1.02568
255 25.45 0.55 0.407119 0.0931408 0.256985 -1.7868 -1.26169 -1.13026
256 25.55 0.45 0.16928 0.325072 0.39542 -1.36655 -1.2535 -0.89512
257 25.65 0.55 0.237861 0.3813 0.163844 -0.681388 -0.667904 -0.680645
258 25.75 0.6 0.280347 0.413366 0.678681 -1.15717 -1.17978 -0.634155
259 25.85 0.55 0.479148 0.494606 0.514777 -1.22861 -0.590126 -0.418677
260 25.95 0.85 0.647093 1.17798 0.547845 -0.666637 -0.745736 -0.400395
261 26.05 0.4 0.238334 0.308538 0.125363 -1.13665 -0.351661 -0.393563
262 26.15 0.55 0.834813 0.751824 0.217696 -0.144074 0.762945 -0.186683
263 26.25 0.3 0.538899 0.305148 0.41003 -0.315634 0.13856 -0.130737
264 26.35 0.2 0.224566 0.0859971 0.288624 -0.329159 -0.603496 -0.184007
265 26.45 0.4 0.287681 0.660311 0.334916 -0.418238 -0.744292 -0.118304
266 26.55 0.3 0.130243 0.321024 0.418711 -0.218651 -0.401884 -0.0823002
267 26.65 0.15 0.108161 0.210428 0.0919575 -0.403787 -0.591354 -0.0901167
268 26.75 0.2 0.215338 0.275347 0.474979 -0.381959 -0.538409 -0.0897714
269 26.85 0.2 0.228362 0.109335 0.0960168 -0.280618 -0.268331 -0.131683
270 26.95 0.1 0.0604706 0.106417 0.296738 -0.182815 -0.248306 -0.0928807
271 27.05 0.1 0.0725902 0.0368669 0.0757314 -0.172697 -0.230134 -0.0596216
272 27.15 0.15 0.11923 0.0223837 0.0627163 -0.153827 -0.217181 -0.0732685
273 27.25 0.2 0.356823 0.334069 0.141333 -0.158012 -0.190642 -0.0540226
274 27.35 0.15 0.0346235 0.140891 0.101597 -0.180049 -0.0957135 -0.121055
275 27.45 0 0 0 0 -0.103252 -0.098332 -0.110878
276 27.55 0.1 0.0937351 0.00559895 0.0639074 -0.0765652 -0.0777862 -0.0932697
277 27.65 0.05 0.0623007 0.0207649 0.0785355 -0.0642406 -0.0556323 -0.0736856
278 27.75 0 0 0 0 -0.0728002 -0.0492365 -0.066435
279 27.85 0.1 0.117666 0.0179715 0.00445896 -0.0563227 -0.015267 -0.0396379
280 27.95 0.1 0.079407 0.0241051 0.0229927 -0.0469359 -0.010649 -0.0271049
281 28.05 0.15 0.256345 0.150846 0.126096 -0.0118823 -0.00148878 -0.00422763
282 28.15 0 0 0 0 -0.000515031 -0.000386394 -0.00164593
283 28.25 0 0 0 0 -0.000515031 -0.000386394 -0.00164593
284 28.35 0 0 0 0 -0.000515031 -0.000386394 -0.00164593
285 28.45 0 0 0 0 -0.000515031 -0.000386394 -0.00164593
286 28.55 0 0 0 0 -0.000515031 -0.000386394 -0.00164593
287 28.65 0 0 0 0 -0.000515031 -0.000386394 -0.00164593
288 28.75 0 0 0 0 -0.000515031 -0.000386394 -0.00164593
289 28.85 0 0 0 0 -0.000515031 -0.000386394 -0.00164593
290 28.95 0 0 0 0 -0.000515031 -0.000386394 -0.00164593
291 29.05 0 0 0 0 -0.000515031 -0.000386394 -0.00164593
292 29.15 0.05 0.0649891 0.00208037 0.00679628 -0.000463429 -0.000384834 -0.00148225
293 29.25 0 0 0 0 -0.000280475 -0.0003793 -0.000901937
294 29.35 0 0 0 0 -0.000280475 -0.0003793 -0.000901937
295 29.45 0.05 0.0106863 0.054028 0.00254813 -0.00024738 -0.000298774 -0.000739895
296 29.55 0 0 0 0 -0.00023853 -0.00027724 -0.000696561
297 29.65 0 0 0 0 -0.00023853 -0.00027724 -0.000696561
298 29.75 0 0 0 0 -0.00023853 -0.00027724 -0.000696561
299 29.85 0 0 0 0 -0.00023853 -0.00027724 -0.000696561
300 29.95 0 0 0 0 -0.00023853 -0.00027724 -0.000696561
301 30.05 0.05 0.0118889 0.0599228 0.024711 -0.000619527 -0.00368238 -0.00161091
302 30.15 0 0 0 0 -0.00133021 -0.0100341 -0.00331648
303 30.25 0.05 0.0893758 0.0274603 0.0068264 -0.00133163 -0.0100371 -0.00331293
304 30.35 0 0 0 0 -0.00137445 -0.0101286 -0.0032056
305 30.45 0 0 0 0 -0.00137445 -0.0101286 -0.0032056
306 30.55 0 0 0 0 -0.00137445 -0.0101286 -0.0032056
307 30.65 0.05 0.0135654 0.00724305 0.17065 -0.00119702 -0.00668896 -0.00255183
308 30.75 0.05 0.142866 6.64352e-05 0.0160295 -0.00088533 -0.00153249 -0.00153375
309 30.85 0 0 0 0 -0.000804594 -0.00143164 -0.00145178
310 30.95 0 0 0 0 -0.000804594 -0.00143164 -0.00145178
311 31.05 0 0 0 0 -0.000804594 -0.00143164 -0.00145178
312 31.15 0 0 0 0 -0.000804594 -0.00143164 -0.00145178
313 31.25 0.05 0.0534082 0.0180543 0.0153096 -0.00100282 -0.00153244 -0.00157861
314 31.35 0 0 0 0 -0.00699926 -0.00458162 -0.0054151
315 31.45 0 0 0 0 -0.00699926 -0.00458162 -0.0054151
316 31.55 0 0 0 0 -0.00699926 -0.00458162 -0.0054151
317 31.65 0 0 0 0 -0.00699926 -0.00458162 -0.0054151
318 31.75 0 0 0 0 -0.00699926 -0.00458162 -0.0054151
319 31.85 0 0 0 0 -0.00699926 -0.00458162 -0.0054151
320 31.95 0 0 0 0 -0.00699926 -0.00458162 -0.0054151
321 32.05 0.1 0.306488 0.013414 0.0347898 -0.00454789 -0.00303977 -0.00349032
322 32.15 0 0 0 0 -0.00145262 -0.000224676 -0.00198273
323 32.25 0 0 0 0 -0.00145262 -0.000224676 -0.00198273
324 32.35 0 0 0 0 -0.00145262 -0.000224676 -0.00198273
325 32.45 0 0 0 0 -0.00145262 -0.000224676 -0.00198273
326 32.55 0 0 0 0 -0.00145262 -0.000224676 -0.00198273
327 32.65 0 0 0 0 -0.00145262 -0.000224676 -0.00198273
328 32.75 0.05 0.130445 0.0104335 0.00038355 -0.0014629 -0.000233908 -0.00198858
329 32.85 0 0 0 0 -0.00150328 -0.000270153 -0.00201156
330 32.95 0.05 0.118089 0.00679684 0.000338539 -0.00150893 -0.0020047 -0.00201393
331 33.05 0.05 0.000676075 0.0200128 0.000804546 -0.00225498 -0.00414453 -0.00555261
332 33.15 0 0 0 0 -0.00255858 -0.00149597 -0.00704277
333 33.25 0.05 0.0424171 0.00191199 0.00534295 -0.00278144 -0.00150802 -0.00719134
334 33.35 0 0 0 0 -0.0126885 -0.00204394 -0.0137959
335 33.45 0 0 0 0 -0.0126885 -0.00204394 -0.0137959
336 33.55 0 0 0 0 -0.0126885 -0.00204394 -0.0137959
337 33.65 0 0 0 0 -0.0126885 -0.00204394 -0.0137959
338 33.75 0.05 0.00323457 0.00911466 0.00667502 -0.0127783 -0.00235239 -0.013801
339 33.85 0 0 0 0 -0.0148797 -0.0095673 -0.0139218
340 33.95 0.05 0.0123159 0.0365651 0.0719268 -0.0148812 -0.00959103 -0.0139225
341 34.05 0.05 0.00925808 0.000169174 0.047236 -0.0109965 -0.00730642 -0.0114573
342 34.15 0 0 0 0 -0.00200188 -0.00176752 -0.00575226
343 34.25 0.05 0.0162 0.015196 0.0407661 -0.0494601 -0.00340036 -0.00625364
344 34.35 0.1 0.0507796 0.0245915 0.033409 -0.154735 -0.018324 -0.004851
345 34.45 0 0 0 0 -0.00134715 -0.00130863 -0.00102244
346 34.55 0 0 0 0 -0.00134715 -0.00130863 -0.00102244
347 34.65 0 0 0 0 -0.00134715 -0.00130863 -0.00102244
348 34.75 0.05 0.0101824 0.122514 0.0297559 -0.00120513 -0.00127631 -0.000971665
349 34.85 0.05 0.0125006 0.0259376 0.0175551 -0.000295655 -0.000569475 -0.000698756
350 34.95 0 0 0 0 -0.00023364 -0.000411894 -0.000691582
351 35.05 0 0 0 0 -0.00023364 -0.000411894 -0.000691582
352 35.15 0 0 0 0 -0.00023364 -0.000411894 -0.000691582
353 35.25 0 0 0 0 -0.00023364 -0.000411894 -0.000691582
354 35.35 0 0 0 0 -0.00023364 -0.000411894 -0.000691582
355 35.45 0 0 0 0 -0.00023364 -0.000411894 -0.000691582
356 35.55 0 0 0 0 -0.00023364 -0.000411894 -0.000691582
357 35.65 0 0 0 0 -0.00023364 -0.000411894 -0.000691582
358 35.75 0 0 0 0 -0.00023364 -0.000411894 -0.000691582
359 35.85 0 0 0 0 -0.00023364 -0.000411894 -0.000691582
360 35.95 0.1 0.0360332 0.0982337 2.82019e-05 -0.000395436 -0.0117284 -0.00143364
1200 360
1 0.05 0 0 0 0 -0.00047173 -0.0105437 -0.00228799
2 0.15 0.0333333 0.0483494 0.00440092 8.14344e-06 -0.00060361 -0.0108332 -0.00229728
3 0.25 0.0333333 0.0048497 0.00413734 0.00112306 -0.00156204 -0.0192675 -0.0021782
4 0.35 0.1 0.0515755 0.0112123 0.00148601 -0.00285446 -0.0165323 -0.00132087
5 0.45 0.0333333 0.00208865 0.00572985 0.00556192 -0.00288889 -0.0153361 -0.00125594
6 0.55 0.0333333 0.0843845 0.00300698 0.31669 -0.00269643 -0.015962 -0.00146202
7 0.65 0.0333333 0.0220716 0.0781545 0.021984 -0.00632822 -0.0229023 -0.00322348
8 0.75 0 0 0 0 -0.00600857 -0.0228457 -0.00320158
9 0.85 0 0 0 0 -0.00600857 -0.0228457 -0.00320158
10 0.95 0.0333333 0.0615428 0.03036 0.0194925 -0.017164 -0.0133562 -0.00232845
11 1.05 0.0333333 0.00256926 0.00299664 5.37007e-06 -0.0189679 -0.00316734 -0.00116019
12 1.15 0 0 0 0 -0.000219769 -0.000409232 -0.00040755
13 1.25 0 0 0 0 -0.000219769 -0.000409232 -0.00040755
14 1.35 0 0 0 0 -0.000219769 -0.000409232 -0.00040755
15 1.45 0.0333333 0.0020086 0.0053244 0.00619841 -0.000309421 -0.000641193 -0.000419681
16 1.55 0 0 0 0 -0.000515945 -0.00117554 -0.000447626
17 1.65 0.0333333 0.00752992 0.0430991 0.000106374 -0.00103459 -0.00124764 -0.00064141
18 1.75 0.0333333 0.0655108 0.00365265 0.00481919 -0.00747543 -0.00203789 -0.00932321
19 1.85 0 0 0 0 -0.00754723 -0.00203852 -0.00990835
20 1.95 0.0333333 0.000349218 0.0229186 0.00111512 -0.00752198 -0.00192718 -0.00982604
21 2.05 0.0333333 0.000131121 0.0236312 0.000734402 -0.00732544 -0.001121 -0.00963878
22 2.15 0 0 0 0 -0.00732376 -0.00111417 -0.00963752
23 2.25 0.0333333 0.0666428 0.00709993 0.159134 -0.0072902 -0.00110592 -0.00963733
24 2.35 0 0 0 0 -0.00722503 -0.00108991 -0.00963695
25 2.45 0.0666667 0.0166816 0.0615868 0.0330726 -0.00405323 -0.00112455 -0.00808811
26 2.55 0 0 0 0 -0.00247259 -0.00216145 -0.0076529
27 2.65 0.0333333 3.31231e-05 0.0242858 0.0214446 -0.00262875 -0.00216013 -0.00764431
28 2.75 0 0 0 0 -0.00312955 -0.0021559 -0.00761677
29 2.85 0.0666667 0.0350592 0.00633647 0.103808 -0.00186824 -0.00229802 -0.00302533
30 2.95 0 0 0 0 -0.00146303 -0.00224783 -0.000442625
31 3.05 0.0333333 0.0172231 0.00480822 5.02874e-05 -0.00653993 -0.0012231 -0.00260358
32 3.15 0 0 0 0 -0.00970609 -0.000584038 -0.00395124
33 3.25 0 0 0 0 -0.00970609 -0.000584038 -0.00395124
34 3.35 0 0 0 0 -0.00970609 -0.000584038 -0.00395124
35 3.45 0 0 0 0 -0.00970609 -0.000584038 -0.00395124
36 3.55 0 0 0 0 -0.00970609 -0.000584038 -0.00395124
37 3.65 0 0 0 0 -0.00970609 -0.000584038 -0.00395124
38 3.75 0.0333333 0.0124901 0.00543566 0.013862 -0.00257397 -0.000186003 -0.00114459
39 3.85 0 0 0 0 -2.88518e-05 -4.39634e-05 -0.000143035
40 3.95 0 0 0 0 -2.88518e-05 -4.39634e-05 -0.000143035
41 4.05 0 0 0 0 -2.88518e-05 -4.39634e-05 -0.000143035
42 4.15 0 0 0 0 -2.88518e-05 -4.39634e-05 -0.000143035
43 4.25 0 0 0 0 -2.88518e-05 -4.39634e-05 -0.000143035
44 4.35 0 0 0 0 -2.88518e-05 -4.39634e-05 -0.000143035
45 4.45 0 0 0 0 -2.88518e-05 -4.39634e-05 -0.000143035
46 4.55 0 0 0 0 -2.88518e-05 -4.39634e-05 -0.000143035
47 4.65 0 0 0 0 -2.88518e-05 -4.39634e-05 -0.000143035
48 4.75 0.0333333 0.00023144 0.0399026 0.0173345 0.0173666 0.0519235 0.0379379
49 4.85 0 0 0 0 0.0292761 0.0875023 0.0640094
50 4.95 0 0 0 0 0.0292761 0.0875023 0.0640094
51 5.05 0 0 0 0 0.0292761 0.0875023 0.0640094
52 5.15 0.0333333 6.33014e-05 0.0214621 0.0285051 0.028902 0.0874068 0.0639682
53 5.25 0.0666667 0.0133028 0.0508831 0.0210569 0.0287779 0.0871828 0.0638632
54 5.35 0.0333333 0.00260725 0.0709444 0.0378977 0.00691818 0.0220647 0.0163357
55 5.45 0 0 0 0 -0.000862527 -0.00118387 -0.000719342
56 5.55 0.0333333 0.012289 0.0195804 0.00459283 -0.000904412 -0.00122839 -0.000807043
57 5.65 0 0 0 0 -0.000908474 -0.0012327 -0.000815547
58 5.75 0 0 0 0 -0.000908474 -0.0012327 -0.000815547
59 5.85 0.0333333 0.0612858 0.0645944 0.100685 -0.000939342 -0.00123983 -0.000832698
60 5.95 0.0333333 0.0126357 0.0051532 0.0621739 -0.00133983 -0.00118366 -0.00160623
61 6.05 0 0 0 0 -0.00126233 -0.00114366 -0.00164507
62 6.15 0 0 0 0 -0.00126233 -0.00114366 -0.00164507
63 6.25 0.0333333 0.00948791 4.38414e-06 0.00418903 -0.00130798 -0.00117351 -0.00259896
64 6.35 0.0333333 0.0176192 0.00194401 0.000959145 -0.00174398 -0.00157787 -0.0107719
65 6.45 0 0 0 0 -0.00178421 -0.0016514 -0.0112409
66 6.55 0 0 0 0 -0.00178421 -0.0016514 -0.0112409
67 6.65 0 0 0 0 -0.00178421 -0.0016514 -0.0112409
68 6.75 0.0333333 0.0204093 0.0156112 0.0396128 -0.0016996 -0.00262038 -0.0139766
69 6.85 0.0333333 0.00885268 0.000240905 0.00466959 -0.00187002 -0.00318537 -0.0154262
70 6.95 0 0 0 0 -0.00188349 -0.00319743 -0.0154506
71 7.05 0 0 0 0 -0.00188349 -0.00319743 -0.0154506
72 7.15 0.0666667 0.00325143 0.052472 0.0261197 -0.00271361 -0.00439567 -0.0186836
73 7.25 0.0333333 0.0214118 0.020761 0.000154743 -0.00417949 -0.00535452 -0.0213396
74 7.35 0 0 0 0 -0.0184468 -0.00821235 -0.0309225
75 7.45 0.0333333 3.33357e-05 0.02839 0.0639999 -0.0185948 -0.00825332 -0.0311533
76 7.55 0.0666667 0.0570862 0.038605 0.0254897 -0.0244209 -0.0101648 -0.0394983
77 7.65 0.0333333 0.00852732 0.00204232 0.233861 -0.0409775 -0.024874 -0.0481878
78 7.75 0.133333 0.0262088 0.122315 0.0649547 -0.0533317 -0.0397411 -0.0594553
79 7.85 0 0 0 0 -0.0904648 -0.0453782 -0.0736409
80 7.95 0.1 0.220904 0.0262122 0.0476382 -0.0724514 -0.0456223 -0.0705739
81 8.05 0.166667 0.0882782 0.107226 0.111963 -0.0334449 -0.10379 -0.0873647
82 8.15 0.1 0.0272356 0.192723 0.132946 -0.0586642 -0.0950339 -0.108069
83 8.25 0 0 0 0 -0.0720339 -0.115059 -0.136481
84 8.35 0.1 0.111917 0.0844505 0.0799014 -0.103107 -0.121965 -0.14919
85 8.45 0.166667 0.0699467 0.0972355 0.209059 -0.14728 -0.206441 -0.15432
86 8.55 0.1 0.199621 0.0645541 0.0202399 -0.17133 -0.137255 -0.167972
87 8.65 0.1 0.0266077 0.148369 0.140845 -0.424467 -0.193489 -0.195107
88 8.75 0.2 0.142054 0.137872 0.315701 -0.0345734 0.281208 -0.220032
89 8.85 0.166667 0.0214365 0.265343 0.176217 -0.156695 -0.176789 -0.181374
90 8.95 0.133333 0.0445771 0.232269 0.145346 -0.174551 -0.105744 -0.177018
91 9.05 0.166667 0.17413 0.0604371 0.0559518 0.161571 0.275121 -0.12304
92 9.15 0.3 0.109902 0.198272 0.309466 0.29481 0.187689 0.0273268
93 9.25 0.4 0.381357 0.31145 0.195745 -0.11761 -0.520213 0.00105361
94 9.35 0.366667 0.298238 0.144602 0.320709 -0.214436 -0.554702 -0.0180542
95 9.45 0.266667 0.51454 0.0653777 0.289876 -0.50072 -0.475543 -0.0319891
96 9.55 0.3 0.330328 0.361852 0.343212 -0.57996 -0.250475 -0.0119635
97 9.65 0.366667 0.513217 0.281784 0.213054 -0.597291 0.101917 -0.0668939
98 9.75 0.433333 0.35031 0.268711 0.204989 -0.0692702 -0.147716 -0.19034
99 9.85 0.333333 0.209569 0.241924 0.3141 -0.454166 -1.08361 -0.284784
100 9.95 0.566667 0.565645 0.377491 0.443311 -0.580025 -0.593596 -0.13925
101 10.05 0.5 0.208882 0.485336 0.303757 -1.24791 -0.666906 -0.207339
102 10.15 0.4 0.392936 0.37647 0.356328 -1.28427 -1.04131 -0.407079
103 10.25 0.466667 0.260546 0.336677 0.433639 -1.43967 -1.20003 -0.494737
104 10.35 0.5 0.666694 0.191033 0.375765 -1.78027 -0.906492 -0.330175
105 10.45 0.866667 0.894426 0.518365 0.543447 -0.926079 -0.0908503 -0.107736
106 10.55 0.766667 0.690301 0.616824 0.759266 -1.03127 -1.07666 -0.19111
107 10.65 0.8 0.723647 0.63882 0.554968 -1.89662 -0.640103 -0.23705
108 10.75 0.466667 0.490913 0.643257 0.203972 -1.47957 -1.15066 -0.485497
109 10.85 0.766667 0.349816 0.51958 0.433904 -1.40058 -1.23414 -0.582578
110 10.95 0.766667 0.437073 0.45965 0.430878 0.0485107 -0.229117 -0.365293
111 11.05 0.466667 0.224026 0.268511 0.416707 -1.58825 -1.48448 -0.514333
112 11.15 0.5 0.306478 0.305331 0.396664 -2.30125 -1.63345 -0.521495
113 11.25 0.7 0.662903 0.698966 0.408141 -2.05706 -2.3222 -0.40453
114 11.35 0.8 1.16364 0.573342 0.634306 -1.43861 -2.33835 -0.665813
115 11.45 0.733333 0.57187 0.585706 0.532513 -1.10722 -0.427361 -0.58402
116 11.55 0.633333 0.500836 0.467559 0.703639 -0.522994 0.0866006 -0.630554
117 11.65 0.8 0.580617 0.736188 0.660198 -0.910753 -0.0342349 -0.551004
118 11.75 0.866667 1.17986 0.901983 0.717916 0.0129682 -0.2917 -0.361597
119 11.85 0.733333 0.756764 0.564539 0.788168 -0.622099 -1.27127 -0.377323
120 11.95 0.6 0.426995 0.509917 0.319987 -0.10245 -1.96621 -0.414327
121 12.05 0.933333 0.614393 0.452328 0.714375 -0.858711 -2.26812 -0.628796
122 12.15 0.6 0.397905 0.626121 0.731731 -1.76038 -1.21569 -0.652872
123 12.25 0.566667 0.70528 0.459504 0.369993 -1.47577 -1.35069 -0.66888
124 12.35 0.7 0.392533 0.415781 0.500137 -0.262846 -0.0603438 -0.549368
125 12.45 0.866667 0.41722 0.847398 0.841244 -0.813793 -1.26254 -0.719575
126 12.55 0.633333 0.335761 0.544507 0.34785 -0.921483 -1.57951 -0.805184
127 12.65 0.833333 0.787746 0.799861 0.635966 -1.16544 -0.671615 -0.725915
128 12.75 0.933333 0.623754 0.451664 0.853409 -0.697099 -0.946869 -0.389536
129 12.85 0.7 0.668072 0.258652 0.732955 -0.46022 -0.451538 -0.157893
130 12.95 0.7 0.628645 0.656324 0.540978 -1.18592 -1.53506 -0.318528
131 13.05 0.766667 0.774776 0.78749 0.636437 -1.49245 -1.85984 -0.31597
132 13.15 0.833333 0.805478 1.09806 0.491051 -0.108017 -1.43729 -0.00629105
133 13.25 0.4 0.194373 0.408386 0.383329 0.0897379 -1.25929 -0.099091
134 13.35 0.933333 0.707715 0.901389 0.748879 -1.38451 -0.602276 -0.126238
135 13.45 1 0.735491 0.520295 1.38906 -0.569088 -0.727253 -0.0848178
136 13.55 0.6 0.373256 0.49506 0.504368 -0.401185 -1.22771 -0.108701
137 13.65 0.733333 0.362983 0.69055 0.347406 -0.357377 -0.799014 -0.512701
138 13.75 0.833333 0.368907 0.856281 0.429982 -0.299047 -1.55497 -0.612794
139 13.85 0.633333 0.733106 0.518081 0.803573 -0.581614 -2.09304 -0.718754
140 13.95 0.7 0.577145 0.361338 0.772536 -0.400111 -1.34543 -0.58048
141 14.05 0.7 0.548666 0.645988 0.750912 -0.361773 -0.464862 -0.716063
142 14.15 0.6 0.292744 0.37666 0.385034 -0.763945 -0.404826 -0.363781
143 14.25 0.866667 1.1124 0.721821 0.968769 -1.30981 -1.09734 -0.442785
144 14.35 0.9 0.889063 0.849843 0.478066 -0.570714 -0.0982245 -0.502402
145 14.45 0.866667 0.618228 0.811592 0.826008 -0.773777 1.38071 -0.652027
146 14.55 0.8 0.593977 0.562186 1.09287 -0.057236 0.201498 -0.829313
147 14.65 0.8 0.795908 0.834635 0.976192 -0.0581741 0.206345 -0.630352
148 14.75 0.5 0.334381 0.349458 0.35668 -1.69184 -0.351053 -0.730941
149 14.85 0.733333 0.488822 0.898156 0.715962 -1.43888 -0.998752 -0.76647
150 14.95 0.633333 0.454182 0.546194 0.58518 -1.04236 -1.11878 -0.659805
151 15.05 0.733333 0.330321 0.748194 0.988257 -0.690922 -0.794296 -0.945438
152 15.15 0.866667 0.667607 0.578153 0.704901 -1.31094 -1.85315 -1.25638
153 15.25 0.8 0.850882 0.54874 0.582992 -1.67194 -1.94773 -1.40638
154 15.35 0.6 0.645403 0.369499 0.552526 -1.063 -0.332858 -1.26349
155 15.45 0.766667 0.509502 0.979753 0.734221 -1.29392 -0.860443 -1.2253
156 15.55 0.8 1.01045 0.714542 0.748423 -1.67125 -1.13993 -1.0873
157 15.65 0.5 0.361873 0.34075 0.277737 -0.499616 -1.04052 -1.1196
158 15.75 0.733333 0.388725 0.460125 1.01637 -0.0147161 -0.391199 -0.781404
159 15.85 0.833333 0.59247 0.646073 0.657705 0.445686 -0.818744 -0.737756
160 15.95 0.766667 1.36611 0.679036 0.866296 -0.182493 -0.524731 -0.757465
161 16.05 0.766667 1.00557 0.59936 0.504507 -1.07065 -1.04045 -0.762499
162 16.15 0.733333 0.315221 0.312348 0.743206 -1.16749 -1.4775 -0.650473
163 16.25 0.733333 0.530335 0.572291 0.792987 0.658732 -1.39635 -0.555096
164 16.35 0.533333 0.599575 0.240247 0.299528 -0.23111 -0.992353 -0.475298
165 16.45 0.866667 1.0202 0.655767 0.580788 -0.943952 -0.68659 -0.594483
166 16.55 0.833333 0.753808 0.801509 0.483738 -1.4685 -1.84844 -0.563423
167 16.65 0.766667 0.707897 0.8301 0.705361 -0.310565 -1.54996 -0.189011
168 16.75 0.7 0.715696 0.765652 0.501478 -1.51012 -0.72672 -0.448136
169 16.85 0.533333 0.184808 0.417529 0.201524 -1.06193 -0.296331 -0.55771
170 16.95 0.5 0.388479 0.459539 0.294494 -0.157821 -1.17379 -0.675216
171 17.05 0.666667 0.709862 0.45992 0.588296 -1.2277 -0.876103 -0.631582
172 17.15 0.866667 0.561615 0.521628 0.909085 -1.1402 -0.963088 -0.426471
173 17.25 0.8 0.88069 0.37969 0.853271 -1.29474 -0.819738 -0.565316
174 17.35 0.833333 0.591028 0.656211 0.72679 -1.27861 -0.0841293 -0.657039
175 17.45 0.666667 0.503446 0.661704 0.395117 -1.76534 -0.989656 -0.718043
176 17.55 1 0.657628 0.928162 0.811741 -1.70546 -0.822457 -0.642119
177 17.65 0.633333 0.465183 0.525056 0.998862 -1.35861 -0.937779 -0.577526
178 17.75 0.566667 0.280356 0.302756 0.64623 -1.20658 0.0933559 -0.390497
179 17.85 0.866667 0.704581 0.611391 0.658863 -1.77708 -0.625922 -0.333356
180 17.95 0.5 0.491301 0.4285 0.400229 -0.403683 -0.0773686 -0.142676
181 18.05 0.933333 0.749941 0.555868 0.901814 -0.323238 -0.124695 -0.0933149
182 18.15 0.6 0.687381 0.832715 0.569156 -0.469599 -0.507591 -0.342699
183 18.25 0.866667 0.771016 0.543366 0.734297 -1.70085 -0.702359 -0.778628
184 18.35 0.633333 0.147014 0.557181 0.291057 -1.62205 -0.5664 -0.930652
185 18.45 0.7 0.769691 0.705963 0.757193 -1.66743 -1.07016 -1.03865
186 18.55 0.833333 0.437088 0.634625 0.500976 -1.07132 -1.37003 -1.16279
187 18.65 0.633333 0.791387 0.637549 0.519063 -1.74185 -0.945851 -1.345
188 18.75 0.733333 0.653563 0.955331 0.454623 -1.90308 -1.35091 -1.2519
189 18.85 0.733333 0.920462 0.540388 0.547779 -1.75257 -1.60141 -1.25819
190 18.95 0.766667 0.912657 0.736926 0.663605 -1.21598 -1.80007 -1.19557
191 19.05 1.03333 0.592153 1.2045 1.21528 -1.12639 -1.30018 -1.18037
192 19.15 0.5 0.282183 0.545202 0.425863 -0.517306 0.00346613 -1.1539
193 19.25 0.933333 0.772184 1.13728 0.393568 -1.83076 -1.54822 -1.22144
194 19.35 0.766667 0.867027 0.928142 0.664757 -0.506374 -1.38674 -1.32051
195 19.45 0.466667 0.719169 0.184172 0.380599 0.171151 -0.691505 -1.51206
196 19.55 0.533333 0.498237 0.578086 0.445352 -0.329219 -1.39281 -1.68643
197 19.65 0.833333 0.762195 0.446365 0.562719 -0.420982 -1.91119 -1.59103
198 19.75 0.933333 1.01922 0.768905 0.652471 0.0383757 -1.9952 -1.35873
199 19.85 0.833333 0.463824 0.627313 0.761953 -0.877929 -1.4846 -1.18303
200 19.95 0.566667 0.482842 0.262519 0.354947 0.798682 -1.2465 -1.08229
201 20.05 0.866667 0.543288 0.584139 0.553839 1.52736 -0.0762989 -0.980967
202 20.15 0.7 0.742502 0.541738 0.399071 -0.152752 -0.937872 -1.0634
203 20.25 0.7 0.548962 0.843261 0.360458 -0.263142 -1.15558 -0.7433
204 20.35 0.666667 0.379329 0.530195 0.485597 -0.228838 -0.591458 -0.458941
205 20.45 0.833333 0.718123 0.484019 1.10881 -0.978029 -0.392051 -0.193125
206 20.55 0.766667 0.670548 0.660012 0.660704 -0.00109513 0.427748 -0.233123
207 20.65 1 0.699168 1.23935 1.36364 -0.6302 -0.881185 -0.69383
208 20.75 0.9 0.651138 1.04326 0.849029 -1.07974 -0.683563 -0.912952
209 20.85 0.733333 0.837208 0.543921 0.677295 -1.05907 -1.04147 -0.727414
210 20.95 0.533333 0.389299 0.38612 0.665975 -1.12546 -0.654791 -0.586841
211 21.05 0.666667 0.218141 0.552946 0.499619 -1.14639 -1.49864 -0.7998
212 21.15 0.733333 0.879614 0.458752 0.483426 -1.50716 -1.4751 -1.05879
213 21.25 0.766667 0.890778 0.456431 0.453545 -0.406301 -0.598707 -0.971913
214 21.35 0.8 0.571844 0.741854 0.79437 -1.12815 0.500581 -1.11809
215 21.45 0.8 0.901291 0.571384 0.776056 0.0340456 -0.0476664 -0.992848
216 21.55 0.833333 0.632945 0.656857 0.561825 -0.97421 -0.501709 -0.929745
217 21.65 0.6 0.398295 0.61351 0.373576 -0.945334 -1.89776 -0.96127
218 21.75 1 0.783411 0.737162 0.510406 -0.869206 -1.94311 -0.929875
219 21.85 0.733333 0.650904 0.573414 0.38219 -0.55197 -1.22627 -0.756748
220 21.95 0.633333 0.752042 0.28526 0.364978 -0.0871577 -0.863114 -0.753135
221 22.05 0.666667 0.551458 0.575044 0.676119 -1.06818 -0.777425 -0.558974
222 22.15 0.7 0.502456 0.676951 0.381442 -0.925545 0.56553 -0.532779
223 22.25 0.733333 0.589476 0.431395 0.792605 0.873818 -0.080173 -0.517632
224 22.35 0.833333 1.21835 0.905563 0.617424 0.471289 0.665574 -0.598212
225 22.45 0.766667 0.68119 0.52909 0.381846 -0.673924 0.786679 -0.708094
226 22.55 0.566667 0.545268 0.564988 0.574457 -0.220648 0.404325 -0.967587
227 22.65 1.03333 1.08759 1.03345 1.01446 -1.24871 -1.31366 -1.00168
228 22.75 0.8 0.885653 1.07862 0.661402 -2.20054 -1.99551 -1.43124
229 22.85 0.733333 0.661626 0.795937 0.457377 -0.910227 -1.94766 -1.42658
230 22.95 0.433333 0.218037 0.339548 0.608849 -0.901669 -1.94014 -1.50376
231 23.05 0.633333 0.539607 0.529882 0.707839 -1.47937 -2.13937 -1.45433
232 23.15 0.9 0.568662 0.769063 0.761384 -2.16537 -2.59205 -1.42767
233 23.25 0.666667 0.718584 0.613368 0.37249 -0.690678 -1.36712 -1.22284
234 23.35 0.933333 1.02152 0.874336 0.977153 -0.815168 -1.48577 -1.3098
235 23.45 0.566667 0.498828 0.489774 0.705305 0.683132 -0.754219 -1.3745
236 23.55 0.8 0.481197 0.9572 0.9559 -0.617661 -1.44147 -1.34851
237 23.65 0.633333 0.499981 0.622893 0.668341 -2.09611 -2.53934 -1.28404
238 23.75 0.566667 0.590679 1.02505 0.506547 -2.27356 -2.2496 -1.41413
239 23.85 0.766667 0.366075 0.460804 0.651336 -1.38602 -1.83768 -1.24832
240 23.95 0.5 0.269684 0.493116 0.294755 -1.40231 -1.50299 -1.23483
241 24.05 0.766667 0.606191 0.419231 0.685995 -1.10692 -1.68872 -1.2657
242 24.15 0.733333 0.785095 0.60683 1.10167 -0.347721 -1.42516 -1.23888
243 24.25 0.866667 1.05309 1.00499 1.02426 -1.19616 -0.972062 -0.972947
244 24.35 1.1 1.02644 1.09409 0.817352 -0.442823 0.786886 -0.789479
245 24.45 0.666667 0.33229 0.78971 0.77118 0.468462 1.25076 -0.343373
246 24.55 0.633333 0.354712 0.257158 0.662186 0.05445 -0.302063 -0.123141
247 24.65 0.7 0.419141 0.526429 0.622498 0.317261 -0.594341 -0.0980388
248 24.75 0.533333 0.342084 0.587836 0.393451 -1.49173 -1.34837 -0.488558
249 24.85 0.633333 0.961736 0.2227 0.320296 -1.6669 -0.363256 -0.479095
250 24.95 0.633333 0.54704 0.517489 0.559318 -0.988465 -1.21578 -0.310503
251 25.05 0.9 0.790693 1.35675 0.911443 -0.715939 -0.786871 -0.21961
252 25.15 0.8 0.484813 0.715803 0.814092 -1.24718 -1.20473 -0.262949
253 25.25 0.6 0.642302 0.38348 0.38746 -1.0367 -1.22375 -0.472117
254 25.35 0.6 0.439227 0.692705 0.573629 -0.789386 -0.268982 -0.703723
255 25.45 0.566667 0.511374 0.256338 0.326702 -1.24268 -1.35822 -0.747027
256 25.55 0.433333 0.16595 0.381436 0.377285 -1.20002 -0.938134 -0.514652
257 25.65 0.466667 0.256168 0.304046 0.279774 -0.698821 -0.305804 -0.315797
258 25.75 0.6 0.290783 0.457248 0.530428 -0.758077 -0.856328 -0.274051
259 25.85 0.5 0.459533 0.45888 0.455251 -0.848191 -0.411402 -0.231765
260 25.95 0.766667 0.520953 1.11037 0.496796 -0.687832 -0.593259 -0.258819
261 26.05 0.466667 0.346199 0.570325 0.258745 -0.992347 -0.767673 -0.407811
262 26.15 0.5 0.714041 0.539544 0.274505 -0.52496 0.113139 -0.411617
263 26.25 0.266667 0.36569 0.257225 0.457891 -0.449603 -0.230224 -0.358409
264 26.35 0.333333 0.298319 0.234652 0.339813 -0.141302 -0.763676 -0.353028
265 26.45 0.433333 0.660462 0.541101 0.280351 -0.190617 -0.797732 -0.167109
266 26.55 0.266667 0.129881 0.254207 0.313463 0.0264826 -0.448421 -0.086432
267 26.65 0.166667 0.0725366 0.174344 0.0859947 -0.185876 -0.530927 -0.076008
268 26.75 0.233333 0.268881 0.297474 0.424742 -0.23523 -0.439856 -0.0573131
269 26.85 0.133333 0.152241 0.0728902 0.0640112 -0.209598 -0.0343338 -0.0611756
270 26.95 0.166667 0.126666 0.128231 0.207574 -0.169805 -0.0176114 -0.0238803
271 27.05 0.2 0.133918 0.029849 0.168573 -0.265559 -0.188269 -0.0144161
272 27.15 0.1 0.0794865 0.0149225 0.0418109 -0.180623 -0.187403 -0.0217332
273 27.25 0.133333 0.237882 0.222713 0.0942218 -0.183413 -0.16971 -0.00890262
274 27.35 0.166667 0.031755 0.095435 0.2713 -0.151992 -0.0972652 -0.094828
275 27.45 0 0 0 0 -0.130104 -0.0851273 -0.0909947
276 27.55 0.0666667 0.06249 0.00373263 0.0426049 -0.112313 -0.0714301 -0.0792559
277 27.65 0.0666667 0.0532203 0.0282926 0.0590556 -0.0824164 -0.0492076 -0.0650158
278 27.75 0.0333333 0.032257 0.0383562 0.0569033 -0.0723261 -0.0393163 -0.057897
279 27.85 0.0666667 0.0784439 0.011981 0.00297264 -0.0478438 -0.0116917 -0.0368522
280 27.95 0.1 0.0658763 0.027577 0.0248475 -0.0410728 -0.00792883 -0.0280888
281 28.05 0.1 0.170897 0.100564 0.0840643 -0.0170916 -0.00100578 -0.0123504
282 28.15 0 0 0 0 -0.00951341 -0.000270853 -0.0106293
283 28.25 0 0 0 0 -0.00951341 -0.000270853 -0.0106293
284 28.35 0.0333333 0.0566284 0.224428 0.0181536 -0.00696755 -0.000868865 -0.00903512
285 28.45 0 0 0 0 -0.00542696 -0.00123074 -0.00807045
286 28.55 0 0 0 0 -0.00542696 -0.00123074 -0.00807045
287 28.65 0 0 0 0 -0.00542696 -0.00123074 -0.00807045
288 28.75 0 0 0 0 -0.00542696 -0.00123074 -0.00807045
289 28.85 0 0 0 0 -0.00542696 -0.00123074 -0.00807045
290 28.95 0.0333333 0.0023168 0.0410944 0.0115188 -0.00319021 -0.00126172 -0.00355819
291 29.05 0 0 0 0 -0.00265527 -0.00126913 -0.00247905
292 29.15 0.0333333 0.0433261 0.00138691 0.00453086 -0.00262087 -0.00126809 -0.00236993
293 29.25 0 0 0 0 -0.0024989 -0.0012644 -0.00198306
294 29.35 0.0333333 0.000329155 0.00155902 9.7779e-05 -0.00126005 -0.000775265 -0.00133275
295 29.45 0.0333333 0.0071242 0.0360187 0.00169875 -0.000212021 -0.0003165 -0.000686168
296 29.55 0 0 0 0 -0.000206121 -0.000302143 -0.000657278
297 29.65 0 0 0 0 -0.000206121 -0.000302143 -0.000657278
298 29.75 0 0 0 0 -0.000206121 -0.000302143 -0.000657278
299 29.85 0 0 0 0 -0.000206121 -0.000302143 -0.000657278
300 29.95 0 0 0 0 -0.000206121 -0.000302143 -0.000657278
301 30.05 0.0666667 0.0441021 0.0439833 0.0229258 -0.00049625 -0.0025474 -0.00126175
302 30.15 0 0 0 0 -0.00102949 -0.00674101 -0.0023904
303 30.25 0.0333333 0.0595839 0.0183069 0.00455093 -0.00103044 -0.00674302 -0.00238804
304 30.35 0 0 0 0 -0.00105898 -0.006804 -0.00231648
305 30.45 0 0 0 0 -0.00105898 -0.006804 -0.00231648
306 30.55 0 0 0 0 -0.00105898 -0.006804 -0.00231648
307 30.65 0.0333333 0.00904362 0.0048287 0.113767 -0.000940699 -0.00451091 -0.00188064
308 30.75 0.0333333 0.0952439 4.42902e-05 0.0106863 -0.000732904 -0.00107327 -0.00120192
309 30.85 0 0 0 0 -0.00067908 -0.00100604 -0.00114727
310 30.95 0 0 0 0 -0.00067908 -0.00100604 -0.00114727
311 31.05 0 0 0 0 -0.00067908 -0.00100604 -0.00114727
312 31.15 0 0 0 0 -0.00067908 -0.00100604 -0.00114727
313 31.25 0.0666667 0.0807384 0.0123422 0.0106471 -0.000986893 -0.00405883 -0.00267396
314 31.35 0 0 0 0 -0.00533637 -0.0120718 -0.00812024
315 31.45 0.0333333 0.0620184 0.0013984 0.00137905 -0.0053191 -0.0119645 -0.00820694
316 31.55 0 0 0 0 -0.00529221 -0.0117974 -0.00834197
317 31.65 0.0333333 0.00170591 0.0415085 0.00998031 -0.00528729 -0.0117982 -0.0083397
318 31.75 0 0 0 0 -0.00518757 -0.011813 -0.00829375
319 31.85 0 0 0 0 -0.00518757 -0.011813 -0.00829375
320 31.95 0 0 0 0 -0.00518757 -0.011813 -0.00829375
321 32.05 0.1 0.246747 0.0160713 0.0330749 -0.0063475 -0.00265137 -0.00645072
322 32.15 0 0 0 0 -0.00442487 -0.000364535 -0.00541743
323 32.25 0 0 0 0 -0.00442487 -0.000364535 -0.00541743
324 32.35 0 0 0 0 -0.00442487 -0.000364535 -0.00541743
325 32.45 0 0 0 0 -0.00442487 -0.000364535 -0.00541743
326 32.55 0.0333333 0.082739 0.00683022 0.000219523 -0.00443368 -0.000385212 -0.00542312
327 32.65 0 0 0 0 -0.00448062 -0.000495401 -0.00545344
328 32.75 0.0333333 0.0869634 0.00695569 0.0002557 -0.00448748 -0.000501556 -0.00545734
329 32.85 0.0333333 0.00591236 0.0743892 0.0206919 -0.00452353 -0.00053696 -0.00549095
330 32.95 0.0333333 0.0787262 0.00453122 0.000225692 -0.0045839 -0.00176295 -0.00560582
331 33.05 0.0666667 0.000572327 0.0136989 0.0254171 -0.00337863 -0.00321036 -0.00568332
332 33.15 0 0 0 0 -0.00249247 -0.00145799 -0.00521801
333 33.25 0.0666667 0.109032 0.00843224 0.132526 -0.00226617 -0.00160641 -0.00562002
334 33.35 0 0 0 0 -0.00879894 -0.00199063 -0.0100812
335 33.45 0 0 0 0 -0.00879894 -0.00199063 -0.0100812
336 33.55 0 0 0 0 -0.00879894 -0.00199063 -0.0100812
337 33.65 0 0 0 0 -0.00879894 -0.00199063 -0.0100812
338 33.75 0.0666667 0.0971424 0.00614352 0.0138201 -0.00875798 -0.00203714 -0.00989407
339 33.85 0 0 0 0 -0.0101354 -0.00681 -0.00993015
340 33.95 0.0333333 0.00821062 0.0243767 0.0479512 -0.0101364 -0.00682582 -0.00993061
341 34.05 0.0333333 0.00617205 0.000112783 0.0314907 -0.00754656 -0.00530275 -0.0082872
342 34.15 0 0 0 0 -0.00155017 -0.00161015 -0.00448381
343 34.25 0.0333333 0.0108 0.0101307 0.0271774 -0.033189 -0.00269871 -0.00481806
344 34.35 0.0666667 0.0338531 0.0163944 0.0222727 -0.103373 -0.0126478 -0.00388297
345 34.45 0 0 0 0 -0.00111368 -0.00130422 -0.0013306
346 34.55 0 0 0 0 -0.00111368 -0.00130422 -0.0013306
347 34.65 0.0666667 0.0207613 0.094544 0.029952 -0.00111013 -0.00133349 -0.00144703
348 34.75 0.0333333 0.00678824 0.0816763 0.0198373 -0.000859491 -0.00150916 -0.00191102
349 34.85 0.0333333 0.0083337 0.0172918 0.0117034 -0.000253175 -0.00103793 -0.00172908
350 34.95 0 0 0 0 -0.000211831 -0.000932878 -0.0017243
351 35.05 0 0 0 0 -0.000211831 -0.000932878 -0.0017243
352 35.15 0 0 0 0 -0.000211831 -0.000932878 -0.0017243
353 35.25 0 0 0 0 -0.000211831 -0.000932878 -0.0017243
354 35.35 0 0 0 0 -0.000211831 -0.000932878 -0.0017243
355 35.45 0 0 0 0 -0.000211831 -0.000932878 -0.0017243
356 35.55 0 0 0 0 -0.000211831 -0.000932878 -0.0017243
357 35.65 0 0 0 0 -0.000211831 -0.000932878 -0.0017243
358 35.75 0 0 0 0 -0.000211831 -0.000932878 -0.0017243
359 35.85 0 0 0 0 -0.000211831 -0.000932878 -0.0017243
360 35.95 0.1 0.036003 0.0921185 2.04535e-05 -0.000319968 -0.00847662 -0.00221871
1800 360
1 0.05 0.025 0.036018 0.00457406 0.00991478 0.0134316 -0.00733305 0.00396311
2 0.15 0.05 0.03924 0.0178617 0.017772 0.0112339 -0.00775864 0.00541127
3 0.25 0.05 0.00365118 0.00981828 0.0126589 -0.00120255 -0.0147147 -0.00173071
4 0.35 0.075 0.0386817 0.00840919 0.00111451 -0.00216428 -0.0125962 -0.00108307
5 0.45 0.025 0.00156649 0.00429739 0.00417144 -0.0021901 -0.011699 -0.00103437
6 0.55 0.025 0.0632884 0.00225524 0.237517 -0.00204575 -0.0121685 -0.00118893
7 0.65 0.025 0.0165537 0.0586159 0.016488 -0.0047696 -0.0173737 -0.00251002
8 0.75 0 0 0 0 -0.00452986 -0.0173312 -0.0024936
9 0.85 0 0 0 0 -0.00452986 -0.0173312 -0.0024936
10 0.95 0.025 0.0461571 0.02277 0.0146194 -0.0128964 -0.010214 -0.00183875
11 1.05 0.025 0.00192695 0.00224748 4.02755e-06 -0.0142494 -0.00257244 -0.000962555
12 1.15 0 0 0 0 -0.000188259 -0.000503858 -0.000398076
13 1.25 0 0 0 0 -0.000188259 -0.000503858 -0.000398076
14 1.35 0.025 0.000239116 0.0151672 0.00205108 -0.000187928 -0.000479303 -0.000390526
15 1.45 0.025 0.00150645 0.0039933 0.00464881 -0.000253065 -0.000497672 -0.00035178
16 1.55 0 0 0 0 -0.000407958 -0.000898432 -0.000372738
17 1.65 0.025 0.00564744 0.0323243 7.97803e-05 -0.000796943 -0.000952505 -0.000518076
18 1.75 0.025 0.0491331 0.00273949 0.00361439 -0.00562757 -0.00154519 -0.00702943
19 1.85 0 0 0 0 -0.00568142 -0.00154567 -0.00746828
20 1.95 0.025 0.000261914 0.0171889 0.000836338 -0.00566248 -0.00146217 -0.00740655
21 2.05 0.025 9.83406e-05 0.0177234 0.000550801 -0.00551508 -0.000857529 -0.0072661
22 2.15 0 0 0 0 -0.00551382 -0.000852403 -0.00726516
23 2.25 0.025 0.0499821 0.00532495 0.11935 -0.00548865 -0.000846219 -0.00726501
24 2.35 0 0 0 0 -0.00543977 -0.000834208 -0.00726473
25 2.45 0.05 0.0125112 0.0461901 0.0248044 -0.00306092 -0.000860188 -0.0061031
26 2.55 0 0 0 0 -0.00187544 -0.00163787 -0.0057767
27 2.65 0.025 2.48423e-05 0.0182144 0.0160835 -0.00199256 -0.00163688 -0.00577025
28 2.75 0.025 0.00571416 0.0046843 0.0411882 -0.00236752 -0.00165476 -0.00575383
29 2.85 0.05 0.0262944 0.00475235 0.0778556 -0.00141996 -0.00181289 -0.00232062
30 2.95 0 0 0 0 -0.00111605 -0.00177524 -0.000383593
31 3.05 0.05 0.0129751 0.0187463 0.0189871 -0.00491281 -0.000985007 -0.00199096
32 3.15 0 0 0 0 -0.00728561 -0.000502091 -0.00299948
33 3.25 0 0 0 0 -0.00728561 -0.000502091 -0.00299948
34 3.35 0 0 0 0 -0.00728561 -0.000502091 -0.00299948
35 3.45 0 0 0 0 -0.00728561 -0.000502091 -0.00299948
36 3.55 0 0 0 0 -0.00728561 -0.000502091 -0.00299948
37 3.65 0 0 0 0 -0.00728561 -0.000502091 -0.00299948
38 3.75 0.025 0.00936761 0.00407674 0.0103965 -0.00193651 -0.000203565 -0.000894489
39 3.85 0 0 0 0 -2.7675e-05 -9.70354e-05 -0.000143321
40 3.95 0 0 0 0 -2.7675e-05 -9.70354e-05 -0.000143321
41 4.05 0 0 0 0 -2.7675e-05 -9.70354e-05 -0.000143321
42 4.15 0 0 0 0 -2.7675e-05 -9.70354e-05 -0.000143321
43 4.25 0.025 0.0224878 0.0195606 0.0586266 -0.000122055 -9.86045e-05 -0.000240177
44 4.35 0 0 0 0 -0.000150502 -9.90775e-05 -0.000269371
45 4.45 0 0 0 0 -0.000150502 -9.90775e-05 -0.000269371
46 4.55 0 0 0 0 -0.000150502 -9.90775e-05 -0.000269371
47 4.65 0 0 0 0 -0.000150502 -9.90775e-05 -0.000269371
48 4.75 0.025 0.00017358 0.0299269 0.0130009 0.0128961 0.0388765 0.0282913
49 4.85 0 0 0 0 0.0218282 0.0655606 0.047845
50 4.95 0 0 0 0 0.0218282 0.0655606 0.047845
51 5.05 0 0 0 0 0.0218282 0.0655606 0.047845
52 5.15 0.025 4.74761e-05 0.0160966 0.0213788 0.0215476 0.065489 0.0478141
53 5.25 0.05 0.0099771 0.0381624 0.0157927 0.0214545 0.065321 0.0477353
54 5.35 0.025 0.00195544 0.0532083 0.0284233 0.00505977 0.0164824 0.0120897
55 5.45 0.025 0.00305316 0.0115108 0.00182413 -0.000775424 -0.00106448 -0.000779042
56 5.55 0.025 0.00921678 0.0146853 0.00344462 -0.000805038 -0.00169419 -0.00126284
57 5.65 0 0 0 0 -0.000808085 -0.00169743 -0.00126922
58 5.75 0 0 0 0 -0.000808085 -0.00169743 -0.00126922
59 5.85 0.025 0.0459643 0.0484458 0.0755135 -0.000831235 -0.00170277 -0.00128208
60 5.95 0.025 0.00947676 0.0038649 0.0466305 -0.0011316 -0.00166064 -0.00186223
61 6.05 0 0 0 0 -0.00107348 -0.00163065 -0.00189136
62 6.15 0 0 0 0 -0.00107348 -0.00163065 -0.00189136
63 6.25 0.025 0.00711593 3.2881e-06 0.00314177 -0.00110771 -0.00165303 -0.00260678
64 6.35 0.025 0.0132144 0.00145801 0.000719358 -0.00143471 -0.0019563 -0.00873646
65 6.45 0 0 0 0 -0.00146489 -0.00201145 -0.00908826
66 6.55 0.025 0.0261469 0.00112434 0.00279411 0.00367518 0.00811791 -0.0050761
67 6.65 0 0 0 0 0.0266383 0.0533705 0.0128481
68 6.75 0.025 0.015307 0.0117084 0.0297096 0.0267017 0.0526438 0.0107964
69 6.85 0.025 0.00663951 0.000180679 0.00350219 0.0265739 0.0522201 0.00970918
70 6.95 0 0 0 0 0.0265638 0.052211 0.00969084
71 7.05 0.025 0.000842595 0.0009765 0.00193346 0.0180019 0.0416669 0.00400696
72 7.15 0.05 0.00243857 0.039354 0.0195898 -0.00276097 0.0159649 -0.0117882
73 7.25 0.025 0.0160588 0.0155708 0.000116057 -0.00386038 0.0152458 -0.0137801
74 7.35 0.025 0.00201933 0.0505507 0.0362621 -0.0146849 0.0126545 -0.021229
75 7.45 0.05 0.00838022 0.024405 0.0480926 -0.0157868 0.00786986 -0.0242515
76 7.55 0.05 0.0428146 0.0289537 0.0191173 -0.0196937 0.00634651 -0.0306705
77 7.65 0.025 0.00639549 0.00153174 0.175396 -0.0321111 -0.00468539 -0.0371877
78 7.75 0.125 0.0504164 0.122513 0.0585161 -0.044947 -0.0395291 -0.0631355
79 7.85 0 0 0 0 -0.0732722 -0.0469115 -0.0761043
80 7.95 0.075 0.165678 0.0196591 0.0357287 -0.0597621 -0.0470946 -0.0738041
81 8.05 0.125 0.0662087 0.0804193 0.0839722 -0.0305072 -0.0907202 -0.0863972
82 8.15 0.125 0.0662281 0.14561 0.169864 -0.0517966 -0.0834274 -0.103719
83 8.25 0 0 0 0 -0.082004 -0.100597 -0.135943
84 8.35 0.075 0.0839375 0.0633379 0.059926 -0.105309 -0.105777 -0.145474
85 8.45 0.175 0.126445 0.0772492 0.191568 -0.0504578 -0.164638 -0.14921
86 8.55 0.15 0.227849 0.0935228 0.0815125 -0.154436 -0.112778 -0.1651
87 8.65 0.075 0.0199558 0.111277 0.105634 -0.350397 -0.141041 -0.19529
88 8.75 0.15 0.106541 0.103404 0.236776 -0.0579765 0.214982 -0.213983
89 8.85 0.125 0.0160774 0.199007 0.132163 -0.149567 -0.128516 -0.18499
90 8.95 0.175 0.0620914 0.425786 0.13055 -0.16127 -0.0900616 -0.195173
91 9.05 0.15 0.143404 0.0454453 0.0546388 0.0551161 0.185289 -0.181086
92 9.15 0.25 0.130662 0.150767 0.232423 0.0998576 0.176042 -0.0690409
93 9.25 0.325 0.291338 0.250875 0.211181 -0.120575 -0.0640894 -0.0888761
94 9.35 0.4 0.317328 0.200411 0.388156 -0.247682 -0.199092 -0.116767
95 9.45 0.275 0.447071 0.106205 0.339042 -0.437041 -0.330394 -0.193183
96 9.55 0.275 0.254208 0.350784 0.274073 -0.592161 -0.266071 -0.191917
97 9.65 0.325 0.418699 0.324553 0.190869 -0.525111 -0.0477272 -0.256803
98 9.75 0.4 0.323008 0.252698 0.217373 -0.287872 -0.325459 -0.346226
99 9.85 0.375 0.221687 0.275806 0.301863 -0.578083 -1.06237 -0.442723
100 9.95 0.55 0.662599 0.389465 0.530839 -0.486448 -0.755121 -0.343595
101 10.05 0.525 0.415809 0.47713 0.470177 -1.28828 -0.924687 -0.386802
102 10.15 0.5 0.504671 0.526159 0.430797 -0.96921 -1.07797 -0.511189
103 10.25 0.475 0.277555 0.344678 0.513588 -1.12428 -1.04475 -0.580666
104 10.35 0.525 0.736553 0.254076 0.403454 -1.58612 -0.87354 -0.498042
105 10.45 0.75 0.831306 0.57962 0.440004 -0.813295 -0.30911 -0.254968
106 10.55 0.675 0.536621 0.474612 0.65154 -0.810367 -0.925892 -0.320157
107 10.65 0.7 0.595211 0.588856 0.453188 -1.53982 -0.742436 -0.390744
108 10.75 0.625 0.712358 0.683579 0.375606 -1.18692 0.18155 -0.536889
109 10.85 0.7 0.293818 0.415225 0.445396 -1.4896 -1.13171 -0.665655
110 10.95 0.8 0.520833 0.585726 0.429621 -0.405486 -0.479066 -0.428176
111 11.05 0.575 0.528957 0.300304 0.482218 -1.40088 -1.49941 -0.578379
112 11.15 0.475 0.252701 0.257026 0.321286 -1.86612 -1.23284 -0.549577
113 11.25 0.6 0.62111 0.526299 0.358002 -1.74775 -1.88335 -0.438581
114 11.35 0.825 1.06414 0.609034 0.639355 -1.35673 -1.96657 -0.65214
115 11.45 0.75 0.466572 0.558272 0.527515 -0.837436 -0.338133 -0.556575
116 11.55 0.625 0.445608 0.452474 0.582922 0.152459 -0.00267281 -0.658512
117 11.65 0.8 0.620692 0.646709 0.699081 -0.0647707 0.676383 -0.583318
118 11.75 0.875 1.16555 0.757914 0.658808 0.253443 0.136693 -0.515504
119 11.85 0.8 0.949773 0.724993 0.718827 0.00693426 -1.0996 -0.569386
120 11.95 0.65 0.533169 0.626085 0.322274 -0.184455 -1.6461 -0.643356
121 12.05 0.775 0.502165 0.506206 0.583915 -0.74959 -1.7702 -0.785047
122 12.15 0.6 0.468681 0.545418 0.604203 -1.44898 -1.30425 -0.904739
123 12.25 0.6 0.698162 0.406639 0.432038 -1.31961 -1.55582 -0.894305
124 12.35 0.65 0.384971 0.386701 0.421854 -0.373266 0.0533522 -0.748582
125 12.45 0.825 0.442669 0.845689 0.776222 -1.01426 -1.78014 -0.950409
126 12.55 0.75 0.423409 0.534032 0.352249 -0.164683 -1.98288 -1.01334
127 12.65 0.8 0.713516 0.722079 0.642626 -1.58898 -0.903924 -0.911282
128 12.75 0.825 0.539492 0.37504 0.664736 -0.960502 -0.899661 -0.623686
129 12.85 0.725 1.01234 0.288461 0.675246 -0.62956 -0.33916 -0.287562
130 12.95 0.8 0.864548 0.669656 0.644493 -1.08093 -1.3085 -0.335918
131 13.05 0.775 0.906771 0.753754 0.576667 -1.17921 -1.94636 -0.424965
132 13.15 0.825 0.758803 1.02972 0.697643 -0.297623 -1.67355 -0.244497
133 13.25 0.475 0.209335 0.436987 0.463283 -0.258159 -1.28134 -0.372637
134 13.35 0.85 0.69048 0.825465 0.640409 -1.27647 -0.458633 -0.409869
135 13.45 0.975 0.866314 0.506857 1.14392 -0.551864 -0.616874 -0.374079
136 13.55 0.625 0.412223 0.472911 0.505294 -0.406981 -1.05466 -0.440859
137 13.65 0.725 0.570706 0.759094 0.390865 -0.766738 -0.98649 -0.744817
138 13.75 0.775 0.429293 0.782902 0.424816 -0.472931 -0.584398 -0.850325
139 13.85 0.7 0.836046 0.545833 0.675937 -0.655051 -1.21672 -0.951218
140 13.95 0.725 0.770515 0.327593 1.00125 -0.355443 -1.17577 -0.864031
141 14.05 0.65 0.536189 0.780386 0.747168 -0.104423 -0.710586 -0.933065
142 14.15 0.625 0.364004 0.398416 0.385177 0.175805 -0.162708 -0.64414
143 14.25 0.925 1.19729 0.670513 0.892364 -0.652382 -0.108517 -0.640482
144 14.35 0.8 0.782656 0.724478 0.408321 -0.56266 0.114522 -0.659484
145 14.45 0.775 0.596532 0.914262 0.670802 -0.915305 0.275529 -0.800745
146 14.55 0.85 0.617965 0.62251 0.916987 -0.338887 -0.509377 -0.944445
147 14.65 0.775 0.724812 0.770007 0.922267 -0.108943 0.0268612 -0.820484
148 14.75 0.55 0.44517 0.552502 0.298999 -1.56034 -0.706755 -0.790519
149 14.85 0.8 0.452678 0.89697 0.753408 -1.37701 -1.27925 -0.72328
150 14.95 0.575 0.49254 0.47448 0.516432 -1.00924 -1.21326 -0.691691
151 15.05 0.85 0.609891 0.91831 0.885102 -0.588666 -1.08451 -0.92244
152 15.15 0.775 0.622173 0.493462 0.685814 -1.47837 -1.80394 -0.930477
153 15.25 0.875 0.809249 0.621796 0.671557 -1.33762 -1.83153 -1.01493
154 15.35 0.575 0.615243 0.304592 0.499633 -0.715516 -0.577547 -0.795307
155 15.45 0.7 0.408067 0.890046 0.615104 -0.764323 -0.988253 -0.709643
156 15.55 0.775 0.878081 0.804365 0.67149 -1.38421 -1.18068 -0.62815
157 15.65 0.5 0.344232 0.359194 0.409359 -0.0958553 -0.570794 -0.665784
158 15.75 0.85 0.463572 0.468669 1.01592 0.318744 -0.0696265 -0.389781
159 15.85 0.8 0.582982 0.590659 0.637279 0.130638 -0.472503 -0.3252
160 15.95 0.825 1.37542 0.803722 0.91714 -0.0984961 0.457265 -0.503742
161 16.05 0.925 1.35463 0.664019 0.705186 -0.475964 -0.4272 -0.534428
162 16.15 0.7 0.517433 0.444062 0.649769 -1.11533 -1.07431 -0.445041
163 16.25 0.725 0.671238 0.68162 0.648495 0.297246 -1.15761 -0.422024
164 16.35 0.6 0.721284 0.294029 0.400156 -0.488638 -0.838623 -0.429616
165 16.45 0.75 0.838105 0.548937 0.487492 -0.526065 -0.22488 -0.609336
166 16.55 0.875 0.726574 0.856853 0.602426 -1.23947 -1.72579 -0.608308
167 16.65 0.6 0.532991 0.622766 0.563154 -0.199085 -1.51671 -0.32317
168 16.75 0.8 0.607894 0.968728 0.722968 -1.28268 -0.759863 -0.578813
169 16.85 0.625 0.25557 0.428988 0.291455 -0.651455 0.0119615 -0.751985
170 16.95 0.65 0.466728 0.682803 0.582122 -0.472816 -1.02884 -0.800907
171 17.05 0.65 0.626089 0.449277 0.578749 -1.12734 -0.749278 -0.758579
172 17.15 0.825 0.613956 0.491454 0.94307 -0.735542 -0.756537 -0.598456
173 17.25 0.825 1.0667 0.442724 0.722922 -1.13381 -0.831032 -0.770458
174 17.35 0.7 0.502276 0.597358 0.70269 -1.05434 -0.0621144 -0.849503
175 17.45 0.8 0.570772 0.63196 0.567519 -1.63507 -1.01264 -0.874934
176 17.55 0.95 0.601006 0.894453 0.780923 -1.72454 -0.923289 -0.859018
177 17.65 0.55 0.444427 0.429646 0.767581 -1.33413 -1.11392 -0.752544
178 17.75 0.6 0.386448 0.632783 0.514335 -0.540167 -0.264399 -0.563099
179 17.85 0.775 0.655355 0.516501 0.55785 -1.38922 -1.01593 -0.394415
180 17.95 0.725 0.654483 0.702252 0.454252 0.149269 -0.550446 -0.250282
181 18.05 0.925 0.753598 0.770374 0.761901 -0.603083 -0.315374 -0.318549
182 18.15 0.575 0.663725 0.832229 0.578667 -0.452642 -0.401779 -0.603383
183 18.25 0.8 0.776374 0.5188 0.678154 -1.63178 -1.37473 -1.06203
184 18.35 0.675 0.157673 0.848312 0.261528 -1.61591 -1.21216 -1.27154
185 18.45 0.7 0.65697 0.772674 0.698005 -1.55989 -1.44578 -1.3227
186 18.55 0.8 0.452318 0.743787 0.422329 -0.764314 -1.34352 -1.44222
187 18.65 0.675 0.915571 0.743936 0.581132 -1.35218 -1.01225 -1.54131
188 18.75 0.7 0.554576 0.758973 0.507811 -1.37797 -1.71256 -1.45536
189 18.85 0.8 0.935528 0.465587 0.658905 -1.90261 -1.40025 -1.54725
190 18.95 0.725 1.05544 0.786107 0.529563 -1.73437 -1.37714 -1.52381
191 19.05 0.975 0.534108 1.01078 1.14318 -1.62827 -1.10737 -1.4774
192 19.15 0.525 0.360506 0.520826 0.545934 -0.789895 -0.503311 -1.43098
193 19.25 0.975 0.981393 0.947174 0.394789 -1.29169 -1.71786 -1.44181
194 19.35 0.725 0.804749 0.712989 0.57984 -0.329618 -1.75576 -1.54361
195 19.45 0.5 0.785973 0.515873 0.3935 -0.260896 -1.09303 -1.57282
196 19.55 0.5 0.474662 0.459541 0.379133 -0.816447 -1.65677 -1.65387
197 19.65 0.9 0.80091 0.530118 0.811497 -0.819312 -1.98274 -1.54811
198 19.75 0.85 0.810846 0.661221 0.60441 -0.279748 -1.99973 -1.36544
199 19.85 0.775 0.424766 0.51218 0.623374 -1.27259 -1.32095 -1.23488
200 19.95 0.7 0.517632 0.359181 0.564006 0.078577 0.229798 -1.142
201 20.05 0.85 0.52016 0.507017 0.551025 0.481285 -0.414986 -1.075
202 20.15 0.825 0.707693 0.859529 0.524693 -0.979447 -1.55121 -1.19774
203 20.25 0.7 0.473593 0.71249 0.30633 -0.857592 -1.5562 -1.09242
204 20.35 0.575 0.285146 0.440213 0.37343 -0.716025 -0.933389 -0.866513
205 20.45 0.775 0.650752 0.500496 0.927203 -1.3282 -0.92837 -0.689253
206 20.55 0.725 0.629272 0.634358 0.636727 -0.310457 0.172994 -0.572699
207 20.65 0.925 0.810111 1.29665 1.28428 -0.66599 -0.957628 -0.871887
208 20.75 0.875 0.534544 0.908392 0.875315 -1.22526 -1.00955 -0.912757
209 20.85 0.65 0.663918 0.414167 0.556533 -1.22802 -1.13808 -0.809017
210 20.95 0.725 0.602174 0.559349 0.85116 -0.444368 -0.788398 -0.622258
211 21.05 0.7 0.35885 0.555557 0.506437 -1.05079 -1.07269 -0.696649
212 21.15 0.9 0.891045 0.806725 0.634124 -1.08718 -1.27677 -0.943495
213 21.25 0.675 0.757241 0.431078 0.423975 -0.743467 -0.873885 -0.803484
214 21.35 0.7 0.467138 0.669753 0.676068 -1.28097 -0.152964 -0.913398
215 21.45 0.8 0.875555 0.498598 0.677457 -0.174975 -0.371738 -0.900257
216 21.55 0.725 0.545152 0.662757 0.429678 -1.18995 -0.912256 -0.932119
217 21.65 0.625 0.498701 0.495286 0.439656 -1.25844 -1.78486 -1.11114
218 21.75 0.975 0.870636 0.658545 0.609612 -1.35098 -2.04709 -1.06945
219 21.85 0.8 0.676904 0.649403 0.40221 -0.985636 -1.4408 -0.954584
220 21.95 0.675 0.617727 0.438045 0.579201 -0.596307 -1.23892 -0.931684
221 22.05 0.625 0.480157 0.445691 0.549931 -1.09315 -0.966616 -0.808016
222 22.15 0.725 0.567614 0.724936 0.671305 -1.05654 0.373188 -0.701853
223 22.25 0.65 0.510668 0.430871 0.616749 0.776163 0.46895 -0.695633
224 22.35 0.9 1.16891 0.792801 0.695391 0.346485 1.09145 -0.795119
225 22.45 0.75 0.742923 0.566332 0.397747 0.0249378 0.841973 -0.801279
226 22.55 0.6 0.593338 0.665346 0.563343 -0.0441323 -0.140785 -1.01858
227 22.65 1 0.966124 0.839973 1.00723 -0.780522 -1.48287 -1.1613
228 22.75 0.825 0.811177 1.04467 0.655869 -1.16775 -1.70793 -1.32959
229 22.85 0.725 0.600421 0.847215 0.521246 -0.31367 -1.21146 -1.23411
230 22.95 0.5 0.281181 0.460464 0.524995 -0.461122 -1.12936 -1.28276
231 23.05 0.625 0.508974 0.498741 0.637806 -1.1147 -1.42631 -1.28402
232 23.15 0.775 0.444324 0.70904 0.65958 -1.81608 -1.84952 -1.22934
233 23.25 0.75 0.690514 0.767783 0.442553 -0.593819 -1.09186 -0.905008
234 23.35 1 0.997527 0.886606 1.04124 -0.391481 -1.3082 -0.97068
235 23.45 0.575 0.474615 0.451992 0.753374 0.556732 -1.00131 -1.16076
236 23.55 0.825 0.564677 1.10839 0.88357 -0.974608 -1.72451 -1.19809
237 23.65 0.65 0.506148 0.580563 0.700663 -2.23888 -2.49734 -1.27985
238 23.75 0.6 0.520043 0.816118 0.446033 -2.2236 -2.18147 -1.28888
239 23.85 0.7 0.382738 0.404302 0.635281 -1.49181 -1.81872 -1.09382
240 23.95 0.5 0.240605 0.476572 0.36736 -1.7618 -1.71163 -1.18952
241 24.05 0.85 0.625553 0.463338 0.743253 -1.04067 -1.93087 -1.19269
242 24.15 0.725 0.829662 0.573857 0.912103 -1.00759 -1.70222 -1.13104
243 24.25 0.875 1.00629 0.945738 1.02093 -1.28303 -1.0206 -0.896593
244 24.35 0.925 0.861855 0.917755 0.672836 -0.443588 0.508419 -0.813879
245 24.45 0.7 0.280864 0.779564 1.04865 -0.0223232 0.748139 -0.599074
246 24.55 0.65 0.341652 0.296051 0.655989 -0.399977 -0.591125 -0.496136
247 24.65 0.675 0.724921 0.494986 0.621923 0.647108 -0.660389 -0.45399
248 24.75 0.575 0.403837 0.521257 0.510678 -1.53586 -1.26027 -0.725556
249 24.85 0.675 0.863016 0.310677 0.545347 -1.56455 -0.674224 -0.686692
250 24.95 0.575 0.475982 0.404779 0.513613 -0.727261 -1.17437 -0.577865
251 25.05 0.875 0.65288 1.27621 0.745386 -0.773956 -0.994291 -0.49882
252 25.15 0.75 0.510268 0.724179 0.855999 -1.29413 -1.31323 -0.503641
253 25.25 0.5 0.520101 0.354518 0.301367 -0.980273 -1.2662 -0.591938
254 25.35 0.625 0.515341 0.715174 0.568826 -0.862365 -0.480874 -0.735061
255 25.45 0.575 0.564381 0.389785 0.28533 -1.31968 -0.65001 -0.742002
256 25.55 0.525 0.246641 0.458609 0.479299 -1.30757 -0.828021 -0.556825
257 25.65 0.525 0.346747 0.387483 0.32683 -0.83494 -0.546532 -0.388481
258 25.75 0.55 0.261289 0.445829 0.540902 -0.840467 -0.774928 -0.318623
259 25.85 0.5 0.400226 0.404439 0.479377 -0.898858 -0.384145 -0.295647
260 25.95 0.65 0.413941 0.902595 0.402681 -0.882266 -0.590528 -0.364052
261 26.05 0.45 0.377176 0.456728 0.233648 -1.02346 -0.820155 -0.530566
262 26.15 0.5 0.61512 0.486917 0.268221 -0.638516 -0.211934 -0.483052
263 26.25 0.3 0.325489 0.301429 0.351025 -0.624691 -0.357835 -0.393145
264 26.35 0.35 0.273424 0.256995 0.386424 -0.454015 -0.724175 -0.374959
265 26.45 0.475 0.548069 0.578081 0.252125 -0.402219 -0.774267 -0.233605
266 26.55 0.25 0.114302 0.268859 0.253975 -0.0931869 -0.437418 -0.146118
267 26.65 0.15 0.0907778 0.130758 0.0727172 -0.224313 -0.486419 -0.132484
268 26.75 0.175 0.201661 0.223106 0.318557 -0.231763 -0.384051 -0.10498
269 26.85 0.1 0.114181 0.0546676 0.0480084 -0.212539 -0.0799101 -0.107877
270 26.95 0.25 0.12584 0.321518 0.582656 -0.19589 -0.0704736 -0.0795839
271 27.05 0.2 0.105548 0.0562311 0.250637 -0.336166 -0.197013 -0.0984729
272 27.15 0.1 0.06074 0.0118461 0.0734043 -0.209904 -0.197016 -0.0500201
273 27.25 0.15 0.287993 0.179902 0.0914311 -0.2003 -0.197903 0.00425208
274 27.35 0.125 0.0238162 0.0715762 0.203475 -0.177385 -0.136993 -0.0516428
275 27.45 0.025 0.0065862 0.0561038 0.000588573 -0.140052 -0.11854 -0.0428194
276 27.55 0.1 0.105365 0.0422932 0.0490275 -0.0964369 -0.0881649 -0.0137639
277 27.65 0.05 0.0399152 0.0212195 0.0442917 -0.0633945 -0.0691724 0.00832275
278 27.75 0.075 0.0978306 0.0479243 0.0429596 -0.0513187 -0.0546857 0.0199196
279 27.85 0.05 0.0588329 0.00898577 0.00222948 -0.0341939 -0.0372342 0.037839
280 27.95 0.125 0.0571875 0.0452239 0.131384 -0.0561251 -0.0557633 0.0240316
281 28.05 0.1 0.14311 0.0768279 0.0783083 -0.0123136 -0.0479374 -0.0238582
282 28.15 0.025 0.0236449 0.0146892 0.00379513 -0.0299383 -0.037218 -0.0162964
283 28.25 0 0 0 0 -0.00746617 -0.000669788 -0.00856671
284 28.35 0.025 0.0424713 0.168321 0.0136152 -0.00555678 -0.0011183 -0.00737111
285 28.45 0 0 0 0 -0.00440133 -0.00138971 -0.0066476
286 28.55 0 0 0 0 -0.00440133 -0.00138971 -0.0066476
287 28.65 0 0 0 0 -0.00440133 -0.00138971 -0.0066476
288 28.75 0.025 0.0880923 0.0095089 0.0558308 -0.00436789 -0.00138975 -0.00750695
289 28.85 0 0 0 0 -0.00429381 -0.00138985 -0.00941079
290 28.95 0.025 0.0017376 0.0308208 0.00863907 -0.00261625 -0.00141309 -0.0060266
291 29.05 0 0 0 0 -0.00221505 -0.00141864 -0.00521724
292 29.15 0.025 0.0324946 0.00104019 0.00339814 -0.00218925 -0.00141786 -0.0051354
293 29.25 0 0 0 0 -0.00209777 -0.0014151 -0.00484525
294 29.35 0.025 0.000246866 0.00116926 7.33343e-05 -0.00116863 -0.00104824 -0.00435751
295 29.45 0.025 0.00534315 0.027014 0.00127407 -0.000382607 -0.000704169 -0.00387258
296 29.55 0 0 0 0 -0.000378182 -0.000693401 -0.00385091
297 29.65 0 0 0 0 -0.000378182 -0.000693401 -0.00385091
298 29.75 0 0 0 0 -0.000378182 -0.000693401 -0.00385091
299 29.85 0 0 0 0 -0.000378182 -0.000693401 -0.00385091
300 29.95 0 0 0 0 -0.000378182 -0.000693401 -0.00385091
301 30.05 0.05 0.0330766 0.0329874 0.0171944 -0.000595778 -0.00237735 -0.00430426
302 30.15 0.025 0.0246884 0.000320005 0.0441633 -0.00126068 -0.00777579 -0.00611333
303 30.25 0.025 0.0446879 0.0137302 0.0034132 -0.00172037 -0.0116805 -0.00777896
304 30.35 0 0 0 0 -0.00174178 -0.0117262 -0.00772529
305 30.45 0 0 0 0 -0.00174178 -0.0117262 -0.00772529
306 30.55 0.025 0.0893044 0.00692198 0.139456 -0.00114562 -0.00697877 -0.00725545
307 30.65 0.025 0.00678272 0.00362152 0.0853249 -0.000943358 -0.00435468 -0.00683908
308 30.75 0.025 0.0714329 3.32176e-05 0.00801476 -0.000787511 -0.00177644 -0.00633003
309 30.85 0 0 0 0 -0.000747143 -0.00172602 -0.00628905
310 30.95 0 0 0 0 -0.000747143 -0.00172602 -0.00628905
311 31.05 0.025 0.0264587 0.00275198 0.00382725 -0.000926732 -0.00174971 -0.0062881
312 31.15 0 0 0 0 -0.00110776 -0.00177359 -0.00628715
313 31.25 0.05 0.0605538 0.00925662 0.00798534 -0.00133862 -0.00406319 -0.00743217
314 31.35 0 0 0 0 -0.00460073 -0.0100729 -0.0115169
315 31.45 0.075 0.162983 0.0250356 0.0155013 -0.00753109 -0.0106024 -0.00818276
316 31.55 0 0 0 0 -0.0105058 -0.0149412 -0.00757946
317 31.65 0.05 0.00182965 0.0341024 0.00763745 -0.010314 -0.0144901 -0.00755676
318 31.75 0 0 0 0 -0.0100026 -0.0139333 -0.0074959
319 31.85 0.025 0.0056233 0.0377997 0.0383495 -0.00623991 -0.0116999 -0.00787739
320 31.95 0 0 0 0 -0.00439501 -0.0106048 -0.00806444
321 32.05 0.075 0.18506 0.0120534 0.0248062 -0.00526496 -0.00373361 -0.00668217
322 32.15 0 0 0 0 -0.00382299 -0.00201849 -0.0059072
323 32.25 0 0 0 0 -0.00382299 -0.00201849 -0.0059072
324 32.35 0.025 0.0253603 0.0225558 0.00103194 -0.00380401 -0.00201329 -0.00589939
325 32.45 0 0 0 0 -0.00363868 -0.00196798 -0.00583136
326 32.55 0.025 0.0620542 0.00512266 0.000164642 -0.00364529 -0.00198349 -0.00583563
327 32.65 0.025 0.0139857 0.00804304 0.00326122 -0.00383431 -0.00262463 -0.00531864
328 32.75 0.05 0.0783584 0.0640158 0.0163311 -0.00387488 -0.00254756 -0.00414816
329 32.85 0.025 0.00443427 0.0557919 0.0155189 -0.00340818 -0.000432296 -0.00416483
330 32.95 0.025 0.0590446 0.00339842 0.000169269 -0.00345346 -0.00135179 -0.00425098
331 33.05 0.05 0.000429246 0.0102742 0.0190629 -0.00254951 -0.00243735 -0.0043091
332 33.15 0 0 0 0 -0.00188488 -0.00112307 -0.00396012
333 33.25 0.05 0.0817743 0.00632418 0.0993948 -0.00171516 -0.00123438 -0.00426162
334 33.35 0 0 0 0 -0.00661474 -0.00152255 -0.0076075
335 33.45 0 0 0 0 -0.00661474 -0.00152255 -0.0076075
336 33.55 0 0 0 0 -0.00661474 -0.00152255 -0.0076075
337 33.65 0 0 0 0 -0.00661474 -0.00152255 -0.0076075
338 33.75 0.05 0.0728568 0.00460764 0.0103651 -0.00658402 -0.00155743 -0.00746716
339 33.85 0 0 0 0 -0.00761707 -0.00513707 -0.00749422
340 33.95 0.025 0.00615797 0.0182826 0.0359634 -0.00761781 -0.00514894 -0.00749457
341 34.05 0.025 0.00462904 8.4587e-05 0.023618 -0.00567546 -0.00400664 -0.00626201
342 34.15 0 0 0 0 -0.00117816 -0.00123719 -0.00340947
343 34.25 0.025 0.0081 0.00759802 0.0203831 -0.0249073 -0.00205361 -0.00366016
344 34.35 0.05 0.0253898 0.0122958 0.0167045 -0.0775449 -0.0095154 -0.00295884
345 34.45 0 0 0 0 -0.000850797 -0.00100774 -0.00104456
346 34.55 0 0 0 0 -0.000850797 -0.00100774 -0.00104456
347 34.65 0.075 0.0221647 0.0953645 0.0379998 -0.000862687 -0.00104025 -0.00113423
348 34.75 0.025 0.00509118 0.0612572 0.014878 -0.000702583 -0.00119222 -0.00148671
349 34.85 0.025 0.00625028 0.0129688 0.00877753 -0.000247846 -0.000838801 -0.00135026
350 34.95 0.025 0.078303 1.27293e-05 0.0260717 -0.000642409 -0.00118193 -0.00639386
351 35.05 0 0 0 0 -0.000644977 -0.00118448 -0.00642432
352 35.15 0 0 0 0 -0.000644977 -0.00118448 -0.00642432
353 35.25 0 0 0 0 -0.000644977 -0.00118448 -0.00642432
354 35.35 0 0 0 0 -0.000644977 -0.00118448 -0.00642432
355 35.45 0 0 0 0 -0.000644977 -0.00118448 -0.00642432
356 35.55 0.05 0.0295997 0.00567536 0.00405901 0.00507513 -0.00122666 -0.00292254
357 35.65 0 0 0 0 0.0135466 -0.000166956 0.0021389
358 35.75 0 0 0 0 0.0135466 -0.000166956 0.0021389
359 35.85 0 0 0 0 0.0135466 -0.000166956 0.0021389
360 35.95 0.1 0.0352953 0.0871284 2.3915e-05 0.0134612 -0.00583834 0.00176876
2400 360
1 0.05 0.02 0.0288144 0.00365925 0.00793183 0.0104695 -0.005964 0.00271866
2 0.15 0.04 0.031392 0.0142893 0.0142176 0.00871135 -0.00630447 0.00387719
3 0.25 0.04 0.00292094 0.00785463 0.0101271 -0.00123784 -0.0118693 -0.0018364
4 0.35 0.06 0.0309453 0.00672735 0.000891609 -0.00200722 -0.0101745 -0.00131829
5 0.45 0.02 0.00125319 0.00343791 0.00333715 -0.00202788 -0.00945678 -0.00127933
6 0.55 0.02 0.0506307 0.00180419 0.190014 -0.0019124 -0.00983232 -0.00140298
7 0.65 0.02 0.0132429 0.0468927 0.0131904 -0.00409148 -0.0139965 -0.00245985
8 0.75 0.04 0.0231756 0.0176094 0.0121217 -0.00377087 -0.0172139 -0.00492193
9 0.85 0 0 0 0 -0.00374531 -0.0177018 -0.00539793
10 0.95 0.02 0.0369257 0.018216 0.0116955 -0.0104385 -0.012008 -0.00487405
11 1.05 0.02 0.00154156 0.00179798 3.22204e-06 -0.0115209 -0.00589474 -0.00417309
12 1.15 0 0 0 0 -0.000272032 -0.00423987 -0.00372151
13 1.25 0.02 0.0241204 0.00798027 0.017858 -0.000240352 -0.00421055 -0.00366287
14 1.35 0.02 0.000191293 0.0121338 0.00164087 -0.000206702 -0.00416001 -0.00359504
15 1.45 0.02 0.00120516 0.00319464 0.00371905 -0.000258811 -0.00417471 -0.00356404
16 1.55 0.04 0.0377719 0.020821 0.0167914 -0.000535858 -0.00582553 -0.00304198
17 1.65 0.02 0.00451795 0.0258595 6.38242e-05 -0.000637631 -0.000762073 -0.000415456
18 1.75 0.02 0.0393065 0.00219159 0.00289151 -0.00450213 -0.00123622 -0.00562454
19 1.85 0 0 0 0 -0.00454522 -0.0012366 -0.00597562
20 1.95 0.02 0.000209531 0.0137512 0.00066907 -0.00453006 -0.0011698 -0.00592624
21 2.05 0.02 7.86725e-05 0.0141787 0.000440641 -0.00441214 -0.000686092 -0.00581388
22 2.15 0 0 0 0 -0.00441113 -0.000681991 -0.00581312
23 2.25 0.02 0.0399857 0.00425996 0.0954801 -0.004391 -0.000677044 -0.00581301
24 2.35 0 0 0 0 -0.00435189 -0.000667435 -0.00581278
25 2.45 0.04 0.010009 0.0369521 0.0198436 -0.00244882 -0.000688218 -0.00488348
26 2.55 0 0 0 0 -0.00150043 -0.00131036 -0.00462235
27 2.65 0.02 1.98739e-05 0.0145715 0.0128668 -0.00159412 -0.00130957 -0.0046172
28 2.75 0.02 0.00457132 0.00374744 0.0329505 -0.00189409 -0.00132387 -0.00460406
29 2.85 0.04 0.0210355 0.00380188 0.0622845 -0.00113605 -0.00145038 -0.00185749
30 2.95 0 0 0 0 -0.000892919 -0.00142026 -0.00030787
31 3.05 0.04 0.0103801 0.014997 0.0151897 -0.00393032 -0.000788074 -0.00159376
32 3.15 0 0 0 0 -0.00582856 -0.000401742 -0.00240058
33 3.25 0 0 0 0 -0.00582856 -0.000401742 -0.00240058
34 3.35 0 0 0 0 -0.00582856 -0.000401742 -0.00240058
35 3.45 0 0 0 0 -0.00582856 -0.000401742 -0.00240058
36 3.55 0 0 0 0 -0.00582856 -0.000401742 -0.00240058
37 3.65 0 0 0 0 -0.00582856 -0.000401742 -0.00240058
38 3.75 0.02 0.00749409 0.0032614 0.00831722 -0.00154929 -0.000162921 -0.000716587
39 3.85 0 0 0 0 -2.22169e-05 -7.76968e-05 -0.000115652
40 3.95 0 0 0 0 -2.22169e-05 -7.76968e-05 -0.000115652
41 4.05 0 0 0 0 -2.22169e-05 -7.76968e-05 -0.000115652
42 4.15 0 0 0 0 -2.22169e-05 -7.76968e-05 -0.000115652
43 4.25 0.02 0.0179902 0.0156485 0.0469013 -9.77208e-05 -7.89521e-05 -0.000193137
44 4.35 0 0 0 0 -0.000120478 -7.93304e-05 -0.000216492
45 4.45 0 0 0 0 -0.000120478 -7.93304e-05 -0.000216492
46 4.55 0 0 0 0 -0.000120478 -7.93304e-05 -0.000216492
47 4.65 0 0 0 0 -0.000120478 -7.93304e-05 -0.000216492
48 4.75 0.02 0.000138864 0.0239415 0.0104007 0.0103168 0.0311011 0.0226321
49 4.85 0 0 0 0 0.0174625 0.0524484 0.038275
50 4.95 0 0 0 0 0.0174625 0.0524484 0.038275
51 5.05 0 0 0 0 0.0174625 0.0524484 0.038275
52 5.15 0.02 3.79808e-05 0.0128773 0.0171031 0.017238 0.0523911 0.0382502
53 5.25 0.04 0.00798168 0.0305299 0.0126341 0.0171636 0.0522567 0.0381873
54 5.35 0.02 0.00156435 0.0425666 0.0227386 0.00404774 0.0131859 0.00967076
55 5.45 0.02 0.00244253 0.0092086 0.00145931 -0.000620416 -0.000851651 -0.000624229
56 5.55 0.02 0.00737342 0.0117482 0.0027557 -0.000644108 -0.00135542 -0.00101127
57 5.65 0 0 0 0 -0.000646545 -0.00135801 -0.00101637
58 5.75 0 0 0 0 -0.000646545 -0.00135801 -0.00101637
59 5.85 0.02 0.0367715 0.0387566 0.0604108 -0.000665065 -0.00136229 -0.00102666
60 5.95 0.02 0.00758141 0.00309192 0.0373044 -0.000905356 -0.00132858 -0.00149078
61 6.05 0 0 0 0 -0.000858861 -0.00130459 -0.00151409
62 6.15 0 0 0 0 -0.000858861 -0.00130459 -0.00151409
63 6.25 0.02 0.00569274 2.63048e-06 0.00251342 -0.000886247 -0.0013225 -0.00208642
64 6.35 0.02 0.0105715 0.00116641 0.000575487 -0.00114785 -0.00156511 -0.00699016
65 6.45 0 0 0 0 -0.00117199 -0.00160923 -0.0072716
66 6.55 0.02 0.0209175 0.000899474 0.00223529 0.00294006 0.00649426 -0.00406188
67 6.65 0 0 0 0 0.0213105 0.0426964 0.0102775
68 6.75 0.02 0.0122456 0.0093667 0.0237677 0.0213613 0.042115 0.00863611
69 6.85 0.02 0.00531161 0.000144543 0.00280176 0.021259 0.041776 0.00776635
70 6.95 0 0 0 0 0.021251 0.0417687 0.00775168
71 7.05 0.04 0.000760436 0.0145498 0.045385 0.0132043 0.0322215 -0.00140147
72 7.15 0.04 0.00195086 0.0314832 0.0156718 -0.00358979 0.0114892 -0.0147447
73 7.25 0.02 0.0128471 0.0124566 9.28457e-05 -0.00446932 0.0109139 -0.0163383
74 7.35 0.02 0.00161546 0.0404405 0.0290097 -0.0131289 0.00884089 -0.0222974
75 7.45 0.04 0.00670418 0.019524 0.0384741 -0.0140105 0.00501316 -0.0247154
76 7.55 0.04 0.0342517 0.023163 0.0152938 -0.017136 0.00379448 -0.0298507
77 7.65 0.02 0.00511639 0.00122539 0.140316 -0.0270699 -0.00503104 -0.0350644
78 7.75 0.1 0.0403331 0.0980104 0.0468129 -0.0373386 -0.032906 -0.0558226
79 7.85 0 0 0 0 -0.0599987 -0.0388119 -0.0661977
80 7.95 0.08 0.147451 0.0208291 0.0460194 -0.0497294 -0.0392219 -0.0656287
81 8.05 0.12 0.0582807 0.0643466 0.0865016 -0.0446016 -0.0819424 -0.084325
82 8.15 0.12 0.0603623 0.118768 0.147875 -0.0942236 -0.0887075 -0.105788
83 8.25 0.04 0.0754185 0.00131335 0.00409235 -0.133252 -0.124529 -0.147489
84 8.35 0.08 0.108355 0.0705341 0.0480316 -0.144822 -0.136103 -0.158971
85 8.45 0.2 0.168946 0.0876678 0.160899 -0.105365 -0.186469 -0.166905
86 8.55 0.16 0.188188 0.102865 0.0659791 -0.179428 -0.147922 -0.194778
87 8.65 0.06 0.0159646 0.0890215 0.084507 -0.331273 -0.172336 -0.220748
88 8.75 0.12 0.0852325 0.0827234 0.189421 -0.0973366 0.112483 -0.235703
89 8.85 0.12 0.0134927 0.166732 0.107179 -0.170284 -0.151785 -0.21086
90 8.95 0.16 0.0529392 0.344843 0.104647 -0.181115 -0.118821 -0.219751
91 9.05 0.2 0.161656 0.0509995 0.0867713 -0.0299267 0.0427291 -0.208233
92 9.15 0.2 0.104529 0.120614 0.185938 0.0276081 0.0934095 -0.106537
93 9.25 0.3 0.243622 0.202865 0.183406 -0.147393 -0.0997231 -0.125228
94 9.35 0.34 0.253961 0.160449 0.312688 -0.271497 -0.252176 -0.160167
95 9.45 0.34 0.455874 0.228874 0.431415 -0.366253 -0.385866 -0.200968
96 9.55 0.28 0.262454 0.377168 0.260506 -0.539333 -0.317727 -0.204763
97 9.65 0.26 0.334959 0.259642 0.152695 -0.477645 -0.158135 -0.274382
98 9.75 0.34 0.262924 0.231578 0.175358 -0.291016 -0.384905 -0.346977
99 9.85 0.38 0.373011 0.235693 0.247346 -0.544327 -0.986529 -0.412409
100 9.95 0.54 0.637849 0.425602 0.483003 -0.602432 -0.779737 -0.353735
101 10.05 0.52 0.496473 0.538339 0.570683 -1.07024 -0.950533 -0.41885
102 10.15 0.5 0.497695 0.591381 0.523682 -0.723989 -1.01319 -0.556105
103 10.25 0.48 0.443661 0.341333 0.604486 -1.26299 -1.01131 -0.643198
104 10.35 0.6 0.672362 0.389998 0.458145 -1.39535 0.126616 -0.587315
105 10.45 0.76 0.814458 0.701795 0.491787 -1.01068 -0.482589 -0.350385
106 10.55 0.66 0.49405 0.392031 0.656436 -0.820382 -0.898602 -0.269165
107 10.65 0.66 0.512266 0.494354 0.570142 -1.54002 -0.821295 -0.371539
108 10.75 0.6 0.626907 0.693294 0.360625 -1.39759 -0.141619 -0.424204
109 10.85 0.62 0.25339 0.440078 0.416925 -1.63028 -1.08945 -0.501928
110 10.95 0.84 0.708022 0.662852 0.53145 -0.286919 -0.677949 -0.320253
111 11.05 0.56 0.47316 0.262566 0.433 -1.21411 -1.51523 -0.443654
112 11.15 0.56 0.510921 0.495005 0.370947 -1.8404 -1.20922 -0.494375
113 11.25 0.64 0.593253 0.523312 0.411414 -1.53671 -1.66715 -0.480714
114 11.35 0.84 0.9528 0.632458 0.67281 -1.19354 -1.82353 -0.718554
115 11.45 0.74 0.585764 0.480628 0.539225 -1.11649 -0.781732 -0.714719
116 11.55 0.64 0.495705 0.417945 0.621516 -0.238654 -0.445667 -0.842633
117 11.65 0.78 0.586624 0.61138 0.644424 -0.478123 0.106018 -0.83194
118 11.75 0.78 1.03783 0.852143 0.532741 -0.186761 -0.270915 -0.802504
119 11.85 0.72 0.788323 0.637993 0.597225 -0.343287 -1.25855 -0.798525
120 11.95 0.7 0.499981 0.763745 0.406676 -0.468564 -1.68707 -0.798352
121 12.05 0.78 0.517044 0.461697 0.565387 -0.691791 -1.75991 -0.831499
122 12.15 0.7 0.481203 0.61463 0.650768 -1.40471 -1.38112 -0.833668
123 12.25 0.7 0.690431 0.394017 0.494521 -1.13421 -1.63148 -0.862571
124 12.35 0.62 0.348414 0.469666 0.384691 -0.628521 -0.0933308 -0.785338
125 12.45 0.74 0.376269 0.805973 0.665582 -1.16272 -1.50546 -0.902712
126 12.55 0.72 0.397629 0.544688 0.301957 -0.297638 -2.07925 -0.895898
127 12.65 0.84 0.817456 0.711995 0.789547 -1.42529 -0.995125 -0.766341
128 12.75 0.9 0.688541 0.459072 0.749534 -1.03096 -1.17299 -0.508275
129 12.85 0.76 0.930988 0.423288 0.683521 -0.675666 -0.431945 -0.203041
130 12.95 0.78 0.871552 0.601441 0.722766 -1.27791 -1.21579 -0.319694
131 13.05 0.7 0.745848 0.685027 0.543473 -1.28348 -1.6965 -0.407311
132 13.15 0.74 0.628849 0.832247 0.66109 -0.386509 -1.38607 -0.213281
133 13.25 0.58 0.271297 0.608047 0.448025 -0.231785 -0.918146 -0.317525
134 13.35 0.88 0.630055 0.80596 0.612173 -1.17782 -0.366132 -0.415875
135 13.45 0.9 0.822385 0.613676 1.21834 -0.663933 -0.677141 -0.484463
136 13.55 0.64 0.421652 0.587157 0.487582 -0.22255 -1.29115 -0.558855
137 13.65 0.7 0.553704 0.710396 0.363186 -1.04581 -1.23078 -0.870447
138 13.75 0.72 0.39779 0.666818 0.431648 -0.929732 -0.834535 -1.03511
139 13.85 0.76 0.887713 0.734202 0.699184 -0.14682 -1.26256 -1.19037
140 13.95 0.74 0.706883 0.332656 0.969643 0.440388 -1.1501 -0.940502
141 14.05 0.74 0.552202 0.774831 0.77352 0.172677 -0.762148 -0.893396
142 14.15 0.72 0.697959 0.466076 0.406663 0.0811506 -0.500735 -0.683927
143 14.25 0.82 0.997849 0.635608 0.755784 -0.553539 -0.212244 -0.700744
144 14.35 0.8 0.781474 0.732182 0.36202 -0.480282 -0.2919 -0.701299
145 14.45 0.78 0.644799 0.838674 0.759785 -1.20777 -0.247542 -0.763208
146 14.55 0.78 0.537226 0.577377 0.761342 -0.511778 -0.590182 -0.798854
147 14.65 0.78 0.692464 0.727345 0.759726 -0.500225 -0.294673 -0.666132
148 14.75 0.64 0.597154 0.659151 0.433163 -1.87109 -0.606447 -0.722915
149 14.85 0.74 0.448516 0.858284 0.758288 -1.74726 -0.767563 -0.810564
150 14.95 0.62 0.571906 0.487032 0.516748 -1.42544 -1.20284 -0.729507
151 15.05 0.78 0.603621 0.872325 0.74307 -1.01148 -1.23155 -0.928222
152 15.15 0.76 0.561573 0.552688 0.596645 -1.61451 -1.54838 -0.96853
153 15.25 0.86 0.861208 0.616911 0.590939 -1.07103 -1.45053 -1.00587
154 15.35 0.74 0.595677 0.412987 0.578849 0.0926137 0.0414796 -0.930433
155 15.45 0.72 0.423714 1.00341 0.697468 -0.761809 -0.983639 -0.882013
156 15.55 0.74 0.860091 0.675272 0.616976 -1.24569 -0.957138 -0.820494
157 15.65 0.46 0.294245 0.303912 0.38675 -0.238512 -0.731833 -0.917199
158 15.75 0.84 0.485562 0.578899 0.887314 -0.0335323 -0.28192 -0.66294
159 15.85 0.84 0.721148 0.671925 0.706139 -0.127877 -0.845019 -0.688461
160 15.95 0.74 1.10639 0.658913 0.764869 -0.263828 -0.00151414 -0.836038
161 16.05 0.82 1.20943 0.604682 0.663347 -0.568388 -0.628238 -0.849257
162 16.15 0.68 0.56432 0.435631 0.677997 -1.24971 -1.19957 -0.783684
163 16.25 0.76 0.706915 0.814444 0.700417 -0.249347 -1.23316 -0.674464
164 16.35 0.66 0.660473 0.403198 0.481718 -1.07977 -0.689168 -0.618356
165 16.45 0.76 0.868232 0.535346 0.568417 -0.0642256 -0.460788 -0.653062
166 16.55 0.88 0.834573 0.767134 0.683012 -1.27326 -1.7072 -0.589088
167 16.65 0.52 0.494163 0.505892 0.477317 -0.672385 -1.50168 -0.335744
168 16.75 0.86 0.837884 0.969173 0.702588 -1.31801 -0.48718 -0.491507
169 16.85 0.62 0.230313 0.449483 0.290761 0.630447 0.125125 -0.644913
170 16.95 0.68 0.565377 0.725745 0.540482 -0.595253 -1.01983 -0.683827
171 17.05 0.66 0.573888 0.491331 0.533678 -1.17997 -0.956836 -0.720136
172 17.15 0.9 0.607647 0.556481 1.01018 -0.970789 -0.515241 -0.691298
173 17.25 0.76 0.993595 0.396676 0.623022 -1.49067 -1.03851 -0.858481
174 17.35 0.68 0.581385 0.561319 0.774239 -1.40526 -0.325508 -0.940538
175 17.45 0.78 0.573859 0.579614 0.600554 -1.86526 -0.998236 -0.945119
176 17.55 0.86 0.520959 0.764935 0.76498 -1.85187 -1.12821 -0.916819
177 17.65 0.58 0.440598 0.544002 0.734538 -1.42426 -1.09286 -0.804549
178 17.75 0.7 0.484234 0.703508 0.639867 -0.846677 -0.546945 -0.665805
179 17.85 0.76 0.744917 0.430285 0.673441 -0.995887 -1.20465 -0.597587
180 17.95 0.68 0.589559 0.58398 0.407853 0.162171 -0.951129 -0.541999
181 18.05 0.9 0.702008 0.738638 0.696786 -0.617241 -0.68361 -0.632115
182 18.15 0.7 0.7072 0.834873 0.651056 -0.486544 -0.687046 -0.823792
183 18.25 0.78 0.76761 0.531662 0.695964 -1.59351 -1.41978 -1.21025
184 18.35 0.68 0.252482 0.762781 0.263955 -1.61911 -1.0899 -1.3382
185 18.45 0.72 0.750954 0.882897 0.678247 -1.66679 -1.1751 -1.35607
186 18.55 0.72 0.398307 0.613995 0.373493 -0.901926 -1.37936 -1.43923
187 18.65 0.7 0.848201 0.665361 0.736543 -1.45465 -0.96645 -1.47818
188 18.75 0.68 0.519629 0.698435 0.552235 -1.39329 -1.48047 -1.3144
189 18.85 0.78 0.78799 0.426182 0.597346 -1.80308 -1.20783 -1.34861
190 18.95 0.82 1.04176 0.763361 0.581766 -1.85138 -1.36642 -1.341
191 19.05 0.88 0.532562 0.834641 0.973274 -1.63647 -1.21392 -1.29936
192 19.15 0.54 0.388669 0.557046 0.492761 -1.06905 -0.709367 -1.28356
193 19.25 0.94 0.858717 0.824538 0.416788 -1.30435 -1.73371 -1.22588
194 19.35 0.72 0.880814 0.7314 0.478476 0.38752 -1.81862 -1.34092
195 19.45 0.54 0.789831 0.487592 0.408717 -0.0312488 -1.04527 -1.38673
196 19.55 0.48 0.43233 0.472683 0.378443 -0.723982 -1.21015 -1.48996
197 19.65 0.98 0.978331 0.773796 0.794911 -0.865342 -1.59533 -1.39458
198 19.75 0.84 0.781247 0.603633 0.534616 -0.575597 -1.7055 -1.27103
199 19.85 0.74 0.366792 0.569967 0.658812 -1.39274 -1.40915 -1.29627
200 19.95 0.7 0.525125 0.385418 0.646192 -0.310423 -0.137453 -1.23911
201 20.05 0.86 0.559742 0.533158 0.554777 0.123599 -0.600724 -1.1133
202 20.15 0.8 0.743294 0.810735 0.614378 -0.911372 -1.26105 -1.15301
203 20.25 0.7 0.468205 0.845205 0.331554 -0.864688 -1.41925 -1.06619
204 20.35 0.66 0.306477 0.493985 0.496641 -0.923061 -1.04657 -0.952914
205 20.45 0.8 0.835396 0.457639 1.02091 -1.33901 -0.841979 -0.816697
206 20.55 0.62 0.50664 0.52553 0.51002 -0.501163 0.251013 -0.77724
207 20.65 0.88 0.916344 1.15108 1.10675 -0.968783 -0.869127 -1.06087
208 20.75 0.86 0.519112 0.865893 0.795888 -1.20201 -1.0479 -1.0489
209 20.85 0.72 0.709932 0.537474 0.581851 -1.21228 -1.07497 -0.895502
210 20.95 0.7 0.557978 0.498934 0.760686 -0.492205 -1.10352 -0.609984
211 21.05 0.8 0.722882 0.614433 0.636874 -1.05133 -1.19356 -0.655676
212 21.15 0.82 0.915742 0.709287 0.577762 -0.538405 -0.828278 -0.637946
213 21.25 0.64 0.631099 0.416945 0.467462 -0.351123 -0.701126 -0.414036
214 21.35 0.76 0.523462 0.707329 0.711528 -0.0117261 0.634191 -0.310032
215 21.45 0.8 0.947949 0.55813 0.683423 0.0830703 0.0757486 -0.307237
216 21.55 0.8 0.687003 0.66479 0.428656 -0.63046 -0.465825 -0.317843
217 21.65 0.66 0.550432 0.485026 0.493969 -0.838286 -1.49323 -0.545626
218 21.75 0.98 0.911653 0.748042 0.87644 -0.717338 -1.52345 -0.68775
219 21.85 0.84 0.651876 0.687314 0.400094 0.0230532 -0.74454 -0.737753
220 21.95 0.7 0.614313 0.428988 0.652582 -0.622171 -1.18696 -0.791065
221 22.05 0.64 0.468556 0.477729 0.63644 -1.31367 -1.03166 -0.85373
222 22.15 0.68 0.568728 0.658554 0.68705 -1.19872 0.13853 -0.90006
223 22.25 0.66 0.461206 0.456474 0.618303 0.54702 0.115177 -0.912494
224 22.35 0.84 1.00146 0.830057 0.65182 -0.0741996 0.477081 -0.976714
225 22.45 0.8 0.703986 0.634425 0.640477 0.148269 0.49894 -0.875926
226 22.55 0.68 0.582402 0.689805 0.611579 -0.0704823 0.194337 -0.944942
227 22.65 0.94 0.859883 0.774187 0.866966 -0.842081 -1.28282 -1.02374
228 22.75 0.82 0.811735 0.897577 0.623747 -1.00183 -1.46993 -1.21118
229 22.85 0.72 0.616715 0.811752 0.47129 -0.591441 -1.03483 -1.17298
230 22.95 0.46 0.231508 0.387459 0.499352 -0.760879 -1.08316 -1.18414
231 23.05 0.76 0.807222 0.673615 0.716768 -0.856989 -1.11844 -1.16786
232 23.15 0.76 0.531537 0.640444 0.703962 -1.77839 -1.7701 -1.14314
233 23.25 0.8 0.81473 0.788707 0.440587 -0.55965 -1.1112 -0.882597
234 23.35 0.9 0.866302 0.745049 0.964474 -0.448696 -1.19078 -0.963036
235 23.45 0.66 0.529995 0.580371 0.817218 0.235774 -1.19166 -1.16355
236 23.55 0.78 0.607746 1.12246 0.777086 -0.926245 -1.59454 -1.15332
237 23.65 0.6 0.488222 0.498346 0.571059 -2.14399 -2.2324 -1.24075
238 23.75 0.6 0.555272 0.705763 0.407472 -1.94519 -2.09051 -1.25875
239 23.85 0.8 0.365869 0.444031 0.694707 -1.27984 -1.83877 -1.15212
240 23.95 0.54 0.459027 0.506158 0.400717 -1.395 -1.48458 -1.23694
241 24.05 0.84 0.678965 0.57139 0.853661 -1.0561 -1.66812 -1.29505
242 24.15 0.76 0.84548 0.66697 0.879598 -0.514922 -1.31417 -1.22485
243 24.25 0.82 0.935383 0.948196 0.983466 -1.44679 -1.25618 -1.093
244 24.35 0.9 0.821848 0.924242 0.642582 -0.878226 0.053476 -1.09344
245 24.45 0.64 0.294679 0.744851 0.958246 -0.0893763 0.26506 -0.786898
246 24.55 0.68 0.334109 0.472849 0.670197 -0.59716 -0.768983 -0.657234
247 24.65 0.66 0.674276 0.537813 0.567271 0.279739 -0.765557 -0.601648
248 24.75 0.56 0.398565 0.588926 0.550309 -1.71091 -1.32767 -0.814546
249 24.85 0.68 0.774384 0.332642 0.70531 -1.76976 -1.02367 -0.841491
250 24.95 0.64 0.50599 0.435955 0.536969 -1.13891 -1.42255 -0.738784
251 25.05 0.9 0.653818 1.12659 0.746058 -1.04601 -0.766904 -0.605268
252 25.15 0.72 0.573533 0.774164 0.79959 -1.45292 -0.790621 -0.560978
253 25.25 0.52 0.63117 0.356524 0.376835 -1.09283 -0.714999 -0.496863
254 25.35 0.66 0.654392 0.676064 0.551539 -0.866917 -0.572948 -0.568755
255 25.45 0.58 0.672668 0.377635 0.494343 -1.25476 -0.870176 -0.577767
256 25.55 0.54 0.301115 0.444583 0.5696 -1.20042 -0.883165 -0.406505
257 25.65 0.48 0.32188 0.430978 0.27297 -0.866045 -0.67226 -0.30397
258 25.75 0.5 0.267895 0.374446 0.494188 -0.789605 -0.789695 -0.237314
259 25.85 0.44 0.423155 0.338554 0.399279 -0.820436 -0.488895 -0.240461
260 25.95 0.56 0.374483 0.724813 0.361665 -0.935556 -0.669978 -0.326116
261 26.05 0.46 0.381947 0.403231 0.337049 -0.856012 0.37135 -0.499264
262 26.15 0.58 0.588838 0.530032 0.386512 -0.542885 -0.0821339 -0.467912
263 26.25 0.32 0.402839 0.283165 0.371309 -0.326555 -0.404301 -0.373308
264 26.35 0.4 0.292108 0.228792 0.352596 -0.305819 -0.779106 -0.329037
265 26.45 0.46 0.57352 0.473692 0.283177 -0.380716 -0.725777 -0.212224
266 26.55 0.24 0.113382 0.239582 0.220925 -0.139549 -0.418584 -0.141479
267 26.65 0.14 0.100352 0.113521 0.0582723 -0.254682 -0.436911 -0.134634
268 26.75 0.18 0.183625 0.20119 0.320558 -0.255313 -0.362413 -0.114493
269 26.85 0.08 0.0913449 0.0437341 0.0384067 -0.233039 -0.14166 -0.118379
270 26.95 0.24 0.109631 0.258927 0.571472 -0.212385 -0.13282 -0.0885757
271 27.05 0.18 0.0869192 0.0508817 0.218908 -0.316509 -0.228819 -0.089964
272 27.15 0.12 0.0532027 0.0254301 0.0854161 -0.228166 -0.201022 -0.0364995
273 27.25 0.16 0.335254 0.177845 0.123949 -0.219435 -0.189487 0.0230282
274 27.35 0.14 0.0282196 0.0763765 0.165339 -0.155885 -0.122403 -0.0444433
275 27.45 0.02 0.00526896 0.0448831 0.000470858 -0.119956 -0.100429 -0.0421681
276 27.55 0.1 0.084349 0.04887 0.0437915 -0.0796696 -0.0728181 -0.0153224
277 27.65 0.04 0.0319322 0.0169756 0.0354333 -0.052507 -0.057177 0.00283329
278 27.75 0.06 0.0782645 0.0383394 0.0343677 -0.0428464 -0.0455876 0.0121108
279 27.85 0.04 0.0470663 0.00718861 0.00178358 -0.0291465 -0.0316264 0.0264463
280 27.95 0.1 0.04575 0.0361792 0.105107 -0.0466915 -0.0464497 0.0154004
281 28.05 0.1 0.133852 0.0639453 0.125072 -0.0133045 -0.0405601 -0.022852
282 28.15 0.04 0.0221957 0.0118156 0.0238425 -0.0681157 -0.0407511 -0.0144895
283 28.25 0 0 0 0 -0.00600658 -0.000572316 -0.00698735
284 28.35 0.02 0.033977 0.134657 0.0108921 -0.00447906 -0.000931124 -0.00603087
285 28.45 0 0 0 0 -0.0035547 -0.00114825 -0.00545207
286 28.55 0 0 0 0 -0.0035547 -0.00114825 -0.00545207
287 28.65 0 0 0 0 -0.0035547 -0.00114825 -0.00545207
288 28.75 0.02 0.0704738 0.00760712 0.0446646 -0.00352795 -0.00114829 -0.00613955
289 28.85 0 0 0 0 -0.00346868 -0.00114837 -0.00766261
290 28.95 0.02 0.00139008 0.0246567 0.00691126 -0.00212663 -0.00116696 -0.00495526
291 29.05 0 0 0 0 -0.00180567 -0.0011714 -0.00430778
292 29.15 0.02 0.0259956 0.000832149 0.00271851 -0.00178503 -0.00117078 -0.0042423
293 29.25 0 0 0 0 -0.00171185 -0.00116856 -0.00401018
294 29.35 0.02 0.000197493 0.000935411 5.86674e-05 -0.000968538 -0.00087508 -0.00361999
295 29.45 0.02 0.00427452 0.0216112 0.00101925 -0.000339722 -0.000599821 -0.00323204
296 29.55 0 0 0 0 -0.000336182 -0.000591207 -0.00321471
297 29.65 0 0 0 0 -0.000336182 -0.000591207 -0.00321471
298 29.75 0.02 0.0546621 0.000505436 0.0256674 -0.000323669 -0.000577674 -0.0031633
299 29.85 0 0 0 0 -0.000319088 -0.00057272 -0.00314447
300 29.95 0 0 0 0 -0.000319088 -0.00057272 -0.00314447
301 30.05 0.04 0.0264613 0.02639 0.0137555 -0.000493165 -0.00191987 -0.00350715
302 30.15 0.02 0.0197507 0.000256004 0.0353307 -0.00102509 -0.00623863 -0.0049544
303 30.25 0.02 0.0357503 0.0109841 0.00273056 -0.00139284 -0.00936237 -0.00628691
304 30.35 0 0 0 0 -0.00140997 -0.00939895 -0.00624398
305 30.45 0 0 0 0 -0.00140997 -0.00939895 -0.00624398
306 30.55 0.02 0.0714435 0.00553758 0.111565 -0.000933042 -0.00560101 -0.00586811
307 30.65 0.02 0.00542617 0.00289722 0.06826 -0.000771228 -0.00350174 -0.005535
308 30.75 0.02 0.0571463 2.65741e-05 0.00641181 -0.000646551 -0.00143915 -0.00512777
309 30.85 0 0 0 0 -0.000614256 -0.00139881 -0.00509498
310 30.95 0.02 0.00190679 0.0344363 0.00586832 -0.000629626 -0.00243633 -0.00605073
311 31.05 0.02 0.0211669 0.00220159 0.0030618 -0.000790082 -0.0035883 -0.0070937
312 31.15 0 0 0 0 -0.000934908 -0.00360741 -0.00709294
313 31.25 0.04 0.048443 0.0074053 0.00638827 -0.0011196 -0.00543908 -0.00800895
314 31.35 0 0 0 0 -0.00372928 -0.0102468 -0.0112767
315 31.45 0.06 0.130386 0.0200285 0.0124011 -0.00607356 -0.0106705 -0.00860943
316 31.55 0 0 0 0 -0.00845335 -0.0141415 -0.00812679
317 31.65 0.06 0.0109712 0.0538346 0.00736971 -0.00830548 -0.0137843 -0.00810797
318 31.75 0 0 0 0 -0.00807327 -0.0133501 -0.0080573
319 31.85 0.02 0.00449864 0.0302398 0.0306796 -0.00506311 -0.0115634 -0.00836249
320 31.95 0.02 0.0251144 0.00124046 0.00148205 -0.00393578 -0.0101349 -0.00807055
321 32.05 0.06 0.148048 0.00964276 0.0198449 -0.00538629 -0.00344214 -0.00600891
322 32.15 0 0 0 0 -0.00423272 -0.00207004 -0.00538894
323 32.25 0.02 0.00932877 0.000647259 0.00284305 -0.00423296 -0.00205804 -0.00538615
324 32.35 0.02 0.0202882 0.0180446 0.000825553 -0.00422399 -0.00175022 -0.00530939
325 32.45 0 0 0 0 -0.00409172 -0.00171397 -0.00525496
326 32.55 0.02 0.0496434 0.00409813 0.000131714 -0.00409701 -0.00172638 -0.00525838
327 32.65 0.02 0.0111885 0.00643443 0.00260898 -0.00424822 -0.00223929 -0.00484479
328 32.75 0.08 0.0764134 0.0917204 0.0344135 -0.00402279 -0.00217348 -0.0038357
329 32.85 0.02 0.00354741 0.0446335 0.0124151 -0.0029494 -0.000449204 -0.00368129
330 32.95 0.02 0.0472357 0.00271873 0.000135415 -0.00298562 -0.0011848 -0.00375022
331 33.05 0.04 0.000343396 0.00821932 0.0152503 -0.00226246 -0.00205325 -0.00379671
332 33.15 0 0 0 0 -0.00173076 -0.00100182 -0.00351753
333 33.25 0.06 0.0689789 0.0299769 0.0805328 -0.00156934 -0.00117964 -0.003954
334 33.35 0 0 0 0 -0.00548004 -0.00144119 -0.00669895
335 33.45 0 0 0 0 -0.00548004 -0.00144119 -0.00669895
336 33.55 0 0 0 0 -0.00548004 -0.00144119 -0.00669895
337 33.65 0 0 0 0 -0.00548004 -0.00144119 -0.00669895
338 33.75 0.04 0.0582854 0.00368611 0.00829208 -0.00545546 -0.0014691 -0.00658668
339 33.85 0.02 0.000368903 0.00214104 0.00654565 -0.00637338 -0.00471259 -0.00687586
340 33.95 0.02 0.00492637 0.014626 0.0287707 -0.00651946 -0.00532619 -0.00730169
341 34.05 0.02 0.00370323 6.76696e-05 0.0188944 -0.00496558 -0.00441235 -0.00631564
342 34.15 0 0 0 0 -0.00136775 -0.00219679 -0.00403361
343 34.25 0.02 0.00648 0.00607841 0.0163064 -0.0203511 -0.00284992 -0.00423416
344 34.35 0.04 0.0203119 0.00983661 0.0133636 -0.0624612 -0.00881936 -0.0036731
345 34.45 0 0 0 0 -0.00110586 -0.00201323 -0.00214168
346 34.55 0 0 0 0 -0.00110586 -0.00201323 -0.00214168
347 34.65 0.08 0.0345125 0.115585 0.0463054 -0.000620182 -0.00109781 -0.00164168
348 34.75 0.04 0.012573 0.0545989 0.210391 -0.000459091 -0.00104876 -0.00181748
349 34.85 0.02 0.00500022 0.0103751 0.00702203 -0.00013176 -0.000773329 -0.00171128
350 34.95 0.02 0.0626424 1.01834e-05 0.0208574 -0.00044741 -0.00104783 -0.00574616
351 35.05 0.02 3.50219e-05 0.00838075 1.5544e-06 -0.000468587 -0.00105406 -0.00579351
352 35.15 0.02 0.00220625 0.000710178 0.0672491 -0.000692352 -0.0011029 -0.00604144
353 35.25 0 0 0 0 -0.000631922 -0.00108909 -0.00591302
354 35.35 0.02 0.0168284 0.00302964 8.34713e-06 -0.000729917 -0.00108261 -0.00577762
355 35.45 0 0 0 0 -0.000866361 -0.00107358 -0.00558909
356 35.55 0.04 0.0236797 0.00454029 0.00324721 0.00370972 -0.00110733 -0.00278767
357 35.65 0 0 0 0 0.0104869 -0.000259561 0.00126149
358 35.75 0 0 0 0 0.0104869 -0.000259561 0.00126149
359 35.85 0 0 0 0 0.0104869 -0.000259561 0.00126149
360 35.95 0.1 0.0341883 0.0831578 2.06034e-05 0.0104673 -0.0047781 0.00096394
3000 360
1 0.05 0.0166667 0.024012 0.00304937 0.00660986 0.00508651 -0.00706891 -0.00424735
2 0.15 0.05 0.0263003 0.0224586 0.0129429 0.00362316 -0.00747521 -0.0031404
3 0.25 0.05 0.00342441 0.00909257 0.00853764 -0.00328815 -0.0116755 -0.00585195
4 0.35 0.05 0.0257878 0.00560613 0.000743007 -0.00227326 -0.00972401 -0.00297607
5 0.45 0.0166667 0.00104433 0.00286493 0.00278096 -0.00229048 -0.0091259 -0.0029436
6 0.55 0.0166667 0.0421923 0.00150349 0.158345 -0.00219425 -0.00943886 -0.00304664
7 0.65 0.0333333 0.0146271 0.0468303 0.0184627 -0.00397193 -0.0128298 -0.00380808
8 0.75 0.0333333 0.019313 0.0146745 0.0101014 -0.00314279 -0.014347 -0.00410558
9 0.85 0 0 0 0 -0.00312149 -0.0147535 -0.00450225
10 0.95 0.0166667 0.0307714 0.01518 0.00974625 -0.00869919 -0.0100088 -0.00406568
11 1.05 0.0166667 0.00128463 0.00149832 2.68503e-06 -0.00960117 -0.00491436 -0.00348155
12 1.15 0 0 0 0 -0.000227089 -0.00353531 -0.00310523
13 1.25 0.0166667 0.0201004 0.00665022 0.0148817 -0.000200689 -0.00351087 -0.00305637
14 1.35 0.0166667 0.000159411 0.0101115 0.00136739 -0.000172647 -0.00346876 -0.00299984
15 1.45 0.0166667 0.0010043 0.0026622 0.00309921 -0.000216072 -0.003481 -0.00297401
16 1.55 0.0333333 0.0314765 0.0173508 0.0139928 -0.000446944 -0.00485669 -0.00253895
17 1.65 0.0166667 0.00376496 0.0215496 5.31868e-05 -0.000531755 -0.000637139 -0.000350187
18 1.75 0.0166667 0.0327554 0.00182633 0.00240959 -0.00375217 -0.00103226 -0.00469109
19 1.85 0 0 0 0 -0.00378808 -0.00103258 -0.00498366
20 1.95 0.0166667 0.000174609 0.0114593 0.000557558 -0.00377545 -0.000976913 -0.0049425
21 2.05 0.0166667 6.55604e-05 0.0118156 0.000367201 -0.00367718 -0.000573822 -0.00484887
22 2.15 0 0 0 0 -0.00367634 -0.000570405 -0.00484824
23 2.25 0.0166667 0.0333214 0.00354997 0.0795668 -0.00365956 -0.000566281 -0.00484815
24 2.35 0 0 0 0 -0.00362697 -0.000558274 -0.00484796
25 2.45 0.0333333 0.00834079 0.0307934 0.0165363 -0.00204108 -0.000575594 -0.00407354
26 2.55 0 0 0 0 -0.00125075 -0.00109405 -0.00385593
27 2.65 0.0166667 1.65616e-05 0.0121429 0.0107223 -0.00132883 -0.00109339 -0.00385164
28 2.75 0.0166667 0.00380944 0.00312287 0.0274588 -0.00157881 -0.00110531 -0.00384069
29 2.85 0.0333333 0.0175296 0.00316823 0.0519038 -0.000947103 -0.00121073 -0.00155188
30 2.95 0 0 0 0 -0.000744495 -0.00118563 -0.000260532
31 3.05 0.0333333 0.00865005 0.0124975 0.0126581 -0.00327566 -0.000658807 -0.00133211
32 3.15 0 0 0 0 -0.00485753 -0.000336863 -0.00200445
33 3.25 0 0 0 0 -0.00485753 -0.000336863 -0.00200445
34 3.35 0 0 0 0 -0.00485753 -0.000336863 -0.00200445
35 3.45 0 0 0 0 -0.00485753 -0.000336863 -0.00200445
36 3.55 0.0166667 0.0132245 0.0134804 0.0115113 -0.00485823 -0.00033644 -0.0020049
37 3.65 0 0 0 0 -0.00486008 -0.000335325 -0.00200608
38 3.75 0.0166667 0.00624507 0.00271783 0.00693102 -0.00129402 -0.000136308 -0.000602753
39 3.85 0 0 0 0 -2.14601e-05 -6.52882e-05 -0.000101974
40 3.95 0 0 0 0 -2.14601e-05 -6.52882e-05 -0.000101974
41 4.05 0 0 0 0 -2.14601e-05 -6.52882e-05 -0.000101974
42 4.15 0 0 0 0 -2.14601e-05 -6.52882e-05 -0.000101974
43 4.25 0.0166667 0.0149919 0.0130404 0.0390844 -8.43801e-05 -6.63343e-05 -0.000166545
44 4.35 0 0 0 0 -0.000103345 -6.66496e-05 -0.000186007
45 4.45 0 0 0 0 -0.000103345 -6.66496e-05 -0.000186007
46 4.55 0 0 0 0 -0.000103345 -6.66496e-05 -0.000186007
47 4.65 0 0 0 0 -0.000103345 -6.66496e-05 -0.000186007
48 4.75 0.0166667 0.00011572 0.0199513 0.00866726 0.00859436 0.0259171 0.0188544
49 4.85 0 0 0 0 0.0145491 0.0437065 0.0318902
50 4.95 0 0 0 0 0.0145491 0.0437065 0.0318902
51 5.05 0 0 0 0 0.0145491 0.0437065 0.0318902
52 5.15 0.0166667 3.16507e-05 0.0107311 0.0142526 0.0143621 0.0436587 0.0318696
53 5.25 0.0333333 0.0066514 0.0254416 0.0105284 0.0143 0.0435467 0.0318171
54 5.35 0.0166667 0.00130363 0.0354722 0.0189489 0.00337017 0.0109877 0.00805337
55 5.45 0.0166667 0.00203544 0.00767384 0.00121609 -0.00051996 -0.00071025 -0.000525788
56 5.55 0.0166667 0.00614452 0.0097902 0.00229642 -0.000539702 -0.00113006 -0.000848323
57 5.65 0 0 0 0 -0.000541733 -0.00113222 -0.000852575
58 5.75 0 0 0 0 -0.000541733 -0.00113222 -0.000852575
59 5.85 0.0166667 0.0306429 0.0322972 0.0503423 -0.000557167 -0.00113578 -0.00086115
60 5.95 0.0166667 0.00631784 0.0025766 0.031087 -0.000757409 -0.00110769 -0.00124791
61 6.05 0 0 0 0 -0.000718664 -0.0010877 -0.00126734
62 6.15 0 0 0 0 -0.000718664 -0.0010877 -0.00126734
63 6.25 0.0333333 0.0122114 0.00386036 0.172105 -0.000784778 -0.00119551 -0.00191583
64 6.35 0.0166667 0.00880962 0.000972005 0.000479572 -0.00101522 -0.00142439 -0.0060516
65 6.45 0 0 0 0 -0.00103534 -0.00146115 -0.00628614
66 6.55 0.0166667 0.0174312 0.000749561 0.00186274 0.00239137 0.00529176 -0.00361136
67 6.65 0 0 0 0 0.0177001 0.0354602 0.0083381
68 6.75 0.0166667 0.0102046 0.00780558 0.0198064 0.0177424 0.0349757 0.00697029
69 6.85 0.0166667 0.00442634 0.000120453 0.0023348 0.0176572 0.0346932 0.00624549
70 6.95 0 0 0 0 0.0176505 0.0346872 0.00623326
71 7.05 0.0333333 0.000633696 0.0121248 0.0378208 0.0109449 0.0267311 -0.00139436
72 7.15 0.0333333 0.00162572 0.026236 0.0130598 -0.00305018 0.00945419 -0.0125138
73 7.25 0.0166667 0.0107059 0.0103805 7.73714e-05 -0.00378312 0.00897477 -0.0138417
74 7.35 0.0166667 0.00134622 0.0337005 0.0241747 -0.0109995 0.00724728 -0.0188076
75 7.45 0.0333333 0.00558682 0.01627 0.0320617 -0.0117341 0.0040575 -0.0208226
76 7.55 0.0333333 0.0285431 0.0193025 0.0127448 -0.0143387 0.00304193 -0.025102
77 7.65 0.05 0.0184573 0.0493808 0.135713 -0.0619571 -0.0212326 -0.0342304
78 7.75 0.1 0.0438666 0.0823762 0.0528763 -0.0422939 -0.0320096 -0.0612695
79 7.85 0 0 0 0 -0.0566019 -0.037716 -0.0719951
80 7.95 0.0666667 0.122876 0.0173576 0.0383495 -0.0480441 -0.0380577 -0.0715209
81 8.05 0.1 0.0485672 0.0536221 0.0720847 -0.0437709 -0.0736581 -0.0871012
82 8.15 0.1 0.0503019 0.0989737 0.123229 -0.0851226 -0.0792957 -0.104987
83 8.25 0.0333333 0.0628488 0.00109445 0.00341029 -0.117647 -0.109147 -0.139738
84 8.35 0.0666667 0.090296 0.0587784 0.0400264 -0.127288 -0.118792 -0.149306
85 8.45 0.166667 0.140789 0.0730565 0.134083 -0.0944074 -0.160763 -0.155918
86 8.55 0.166667 0.165846 0.100328 0.0756038 -0.155602 -0.133887 -0.179684
87 8.65 0.05 0.0133039 0.0741846 0.0704225 -0.291362 -0.159422 -0.204624
88 8.75 0.133333 0.0845525 0.0876634 0.17021 -0.0976909 0.0102321 -0.224375
89 8.85 0.15 0.0496679 0.216806 0.128187 -0.17622 -0.230244 -0.209835
90 8.95 0.183333 0.109425 0.374318 0.127452 -0.205391 -0.141678 -0.212668
91 9.05 0.183333 0.135659 0.0434171 0.0756143 -0.103613 -0.0147668 -0.191555
92 9.15 0.233333 0.119709 0.25414 0.243426 0.239461 0.022585 -0.114901
93 9.25 0.316667 0.272716 0.187382 0.174418 -0.261868 -0.226056 -0.163079
94 9.35 0.333333 0.282729 0.167863 0.287032 -0.367507 -0.367399 -0.200685
95 9.45 0.316667 0.393871 0.260097 0.36311 -0.428911 -0.481057 -0.260775
96 9.55 0.3 0.223142 0.331758 0.240567 -0.619772 -0.419678 -0.272757
97 9.65 0.266667 0.30555 0.26711 0.18592 -0.582745 -0.318714 -0.355853
98 9.75 0.333333 0.230515 0.213647 0.152374 -0.33714 -0.555296 -0.423913
99 9.85 0.416667 0.440866 0.281932 0.264994 -0.523426 -0.810467 -0.47335
100 9.95 0.566667 0.689507 0.398928 0.426872 -0.560724 -0.342195 -0.371925
101 10.05 0.483333 0.550035 0.458767 0.546975 -0.971526 -0.785021 -0.414907
102 10.15 0.45 0.415877 0.528553 0.473732 -0.689366 -0.960826 -0.538327
103 10.25 0.483333 0.472197 0.415636 0.629939 -1.06262 -0.961218 -0.60706
104 10.35 0.616667 0.630883 0.428512 0.487487 -1.18976 0.0711751 -0.592464
105 10.45 0.7 0.75579 0.645982 0.492249 -1.04064 -0.618547 -0.418069
106 10.55 0.666667 0.551574 0.382283 0.658762 -0.861913 -0.922842 -0.360094
107 10.65 0.666667 0.493336 0.483835 0.569336 -1.62723 -1.01993 -0.446015
108 10.75 0.616667 0.575641 0.652732 0.382122 -1.26039 -0.361484 -0.564983
109 10.85 0.583333 0.362305 0.401437 0.381207 -1.50392 -1.1199 -0.624384
110 10.95 0.816667 0.699387 0.669479 0.556879 -0.551538 -0.778276 -0.48759
111 11.05 0.566667 0.509643 0.392851 0.407592 -1.22164 -1.42222 -0.585344
112 11.15 0.533333 0.649996 0.562019 0.402616 -1.58333 -1.23072 -0.588058
113 11.25 0.6 0.586072 0.461445 0.410469 -1.41808 -1.69479 -0.577343
114 11.35 0.783333 0.811793 0.619078 0.63189 -1.22017 -1.77523 -0.77823
115 11.45 0.733333 0.606561 0.519018 0.493206 -1.18052 -0.950635 -0.719651
116 11.55 0.7 0.496469 0.555514 0.733465 -0.612207 -0.697746 -0.781394
117 11.65 0.8 0.58977 0.587442 0.663311 -0.543169 0.0725354 -0.701246
118 11.75 0.75 0.887922 0.760084 0.558359 -0.368243 -0.119583 -0.646416
119 11.85 0.7 0.765445 0.558387 0.569928 -0.513222 -1.02518 -0.624189
120 11.95 0.616667 0.458275 0.64342 0.360787 -0.791145 -1.62269 -0.633633
121 12.05 0.783333 0.498123 0.556046 0.659521 -0.995206 -1.71133 -0.679615
122 12.15 0.666667 0.552116 0.610615 0.561759 -1.48932 -1.41734 -0.67961
123 12.25 0.716667 0.709936 0.56885 0.59558 -1.24081 -1.60496 -0.71065
124 12.35 0.65 0.32215 0.460747 0.421732 -0.152859 0.196635 -0.618553
125 12.45 0.866667 0.392869 0.877855 0.634205 -1.00517 -1.3376 -0.824656
126 12.55 0.766667 0.422373 0.630838 0.37299 -0.413773 -1.55507 -0.874875
127 12.65 0.766667 0.765795 0.656588 0.702679 -1.019 -0.72063 -0.74339
128 12.75 0.883333 0.608372 0.437038 0.932045 -1.11769 -0.924477 -0.531381
129 12.85 0.75 0.922531 0.540386 0.679686 -0.956047 -0.525478 -0.307909
130 12.95 0.7 0.747275 0.518773 0.61226 -1.57858 -1.30756 -0.475323
131 13.05 0.75 0.737927 0.66132 0.670289 -1.52146 -1.66713 -0.499595
132 13.15 0.683333 0.548976 0.836477 0.636063 -0.638482 -1.49919 -0.347064
133 13.25 0.583333 0.305887 0.606856 0.448611 -0.194924 -0.819485 -0.43551
134 13.35 0.883333 0.705398 0.731528 0.573399 -0.962226 -0.180637 -0.493037
135 13.45 0.933333 0.795764 0.712116 1.19709 -1.15347 -0.638321 -0.60435
136 13.55 0.716667 0.420488 0.594891 0.502761 0.105846 -0.784572 -0.608029
137 13.65 0.7 0.586454 0.660174 0.482426 -0.815079 -0.876488 -0.833825
138 13.75 0.766667 0.537054 0.7135 0.419405 -0.415991 -0.351318 -0.966154
139 13.85 0.716667 0.863928 0.697459 0.648684 -0.261482 -1.13039 -1.11464
140 13.95 0.75 0.638093 0.324929 0.96059 0.282223 -0.96968 -0.865102
141 14.05 0.7 0.549135 0.748534 0.707225 0.234306 -0.498855 -0.787854
142 14.15 0.716667 0.693075 0.581789 0.462693 -0.094135 -0.656791 -0.624123
143 14.25 0.816667 0.919475 0.668378 0.767555 -0.61775 -0.29787 -0.678331
144 14.35 0.783333 0.865568 0.66326 0.397337 -0.421627 -0.286133 -0.665684
145 14.45 0.85 0.670421 0.945445 0.783462 -1.16874 -0.305672 -0.72156
146 14.55 0.783333 0.52283 0.585459 0.765082 -0.480799 -0.837094 -0.785706
147 14.65 0.75 0.619134 0.657154 0.763265 -0.500419 -0.485731 -0.710509
148 14.75 0.633333 0.540277 0.685817 0.479189 -1.58422 -0.959501 -0.766676
149 14.85 0.783333 0.491608 0.843249 0.726066 -1.65079 -1.10103 -0.850035
150 14.95 0.65 0.581241 0.463613 0.572249 -1.58323 -1.42654 -0.808
151 15.05 0.783333 0.67186 0.820526 0.952992 -1.24715 -1.28506 -0.943279
152 15.15 0.733333 0.6151 0.48618 0.694213 -1.48908 -1.55394 -1.02958
153 15.25 0.85 0.825417 0.555202 0.588798 -1.21711 -1.4171 -1.08116
154 15.35 0.733333 0.622134 0.41627 0.563761 -0.288342 -0.122872 -1.05413
155 15.45 0.8 0.653968 1.01729 0.781253 -0.784128 -0.767419 -1.03314
156 15.55 0.666667 0.740834 0.588173 0.545016 -0.69373 -1.12246 -0.966568
157 15.65 0.583333 0.444706 0.379257 0.414733 -0.369864 -1.08626 -1.00703
158 15.75 0.75 0.415966 0.637041 0.744627 -0.288718 -0.257284 -0.744493
159 15.85 0.816667 0.789847 0.674305 0.75926 -0.209923 -0.55174 -0.744418
160 15.95 0.766667 1.10546 0.681727 0.750192 -0.408636 -0.489929 -0.847989
161 16.05 0.816667 1.04227 0.784705 0.600563 -0.491887 -0.776653 -0.779288
162 16.15 0.666667 0.632981 0.539461 0.62648 -1.03553 -1.1518 -0.657913
163 16.25 0.8 0.762645 0.953982 0.78246 -0.16679 -1.20645 -0.531743
164 16.35 0.683333 0.631914 0.468232 0.491935 -0.86842 -0.761405 -0.583235
165 16.45 0.8 0.786445 0.62521 0.579415 -0.270692 -0.483307 -0.664629
166 16.55 0.8 0.743828 0.756319 0.655895 -1.21083 -1.48625 -0.535804
167 16.65 0.616667 0.565732 0.590544 0.450131 -0.919277 -1.32359 -0.312063
168 16.75 0.75 0.701695 0.815287 0.610636 -1.38292 -0.545855 -0.530601
169 16.85 0.7 0.284372 0.559614 0.431697 0.195488 -0.227829 -0.62649
170 16.95 0.683333 0.526788 0.782448 0.55778 0.0349685 -1.03586 -0.628909
171 17.05 0.633333 0.540498 0.432383 0.561305 -1.15212 -0.943902 -0.708614
172 17.15 0.833333 0.521057 0.491676 0.937915 -0.995282 -0.56872 -0.730799
173 17.25 0.766667 0.869848 0.417314 0.61764 -1.22061 -0.860339 -0.828682
174 17.35 0.733333 0.631846 0.684555 0.770745 -1.22783 -0.142179 -0.807075
175 17.45 0.833333 0.618561 0.606352 0.663073 -1.56822 -0.0650284 -0.804823
176 17.55 0.866667 0.608587 0.844934 0.718185 -1.62222 -0.98631 -0.727338
177 17.65 0.55 0.394005 0.467559 0.637773 -1.19126 -1.13587 -0.653086
178 17.75 0.716667 0.502227 0.668575 0.60304 -0.34169 -0.618087 -0.4914
179 17.85 0.8 0.652545 0.38279 0.621244 -0.687233 -0.972726 -0.438097
180 17.95 0.7 0.622108 0.626621 0.458046 0.0227263 -0.763688 -0.529608
181 18.05 0.833333 0.620491 0.651216 0.652859 -0.84499 -0.82316 -0.688936
182 18.15 0.683333 0.608192 0.755492 0.618123 -0.452343 -1.02801 -0.824554
183 18.25 0.766667 0.771791 0.571108 0.608142 -1.52777 -1.64564 -1.16507
184 18.35 0.716667 0.319551 0.784602 0.420509 -1.79654 -1.36231 -1.30318
185 18.45 0.75 0.822599 0.811711 0.642235 -1.34229 -0.697349 -1.1985
186 18.55 0.716667 0.388591 0.642125 0.393668 -0.901473 -1.02164 -1.21293
187 18.65 0.716667 0.934564 0.671408 0.698088 -1.40583 -0.726305 -1.25959
188 18.75 0.75 0.76683 0.72261 0.606649 -1.47412 -0.968441 -1.16061
189 18.85 0.733333 0.890278 0.405695 0.521772 -1.80178 -1.1671 -1.03865
190 18.95 0.816667 0.914123 0.708173 0.625921 -1.80971 -1.12895 -0.923667
191 19.05 0.85 0.527355 0.748925 0.887523 -1.50434 -1.08932 -0.834164
192 19.15 0.6 0.434052 0.605636 0.562286 -0.971323 -0.46998 -0.859838
193 19.25 0.866667 0.761934 0.712233 0.39871 -1.0654 -1.51844 -0.866551
194 19.35 0.683333 0.755167 0.667785 0.411055 0.182284 -1.76142 -1.02261
195 19.45 0.616667 0.786045 0.506731 0.459585 0.0304885 -0.853089 -1.07963
196 19.55 0.566667 0.505048 0.57481 0.463924 -0.864347 -1.02609 -1.23335
197 19.65 0.933333 0.871816 0.750573 0.839449 -1.0857 -1.05346 -1.1112
198 19.75 0.866667 0.763025 0.651918 0.584614 -0.76822 -1.26915 -1.07197
199 19.85 0.733333 0.334035 0.65161 0.6097 -1.21376 -1.32164 -1.23856
200 19.95 0.783333 0.647338 0.547576 0.654798 -0.288171 -0.371114 -1.21953
201 20.05 0.783333 0.53092 0.483479 0.529748 -0.0718525 -0.812086 -1.152
202 20.15 0.766667 0.651173 0.818801 0.590327 -0.799678 -1.24827 -1.15583
203 20.25 0.7 0.445558 0.736759 0.355858 -0.819473 -1.24739 -1.05884
204 20.35 0.666667 0.34567 0.676892 0.51717 -1.00592 -0.957901 -0.923751
205 20.45 0.85 0.827476 0.533427 0.964654 -1.09998 -0.237829 -0.827613
206 20.55 0.583333 0.488621 0.465656 0.46582 -0.787608 -0.0115598 -0.901454
207 20.65 0.866667 0.901801 1.04914 1.0561 -0.861231 -0.875414 -1.13822
208 20.75 0.85 0.499955 0.981921 0.711563 -0.793526 -0.67889 -1.09642
209 20.85 0.75 0.760508 0.56109 0.567621 -1.32551 -0.990836 -0.908643
210 20.95 0.716667 0.628609 0.749256 0.813854 -0.646619 -0.925562 -0.596011
211 21.05 0.766667 0.677448 0.558596 0.596523 -1.07599 -0.92369 -0.590672
212 21.15 0.8 0.819013 0.642065 0.555972 -0.640294 -0.737164 -0.584715
213 21.25 0.55 0.528621 0.3527 0.409626 -0.304143 -0.540973 -0.3537
214 21.35 0.833333 0.678181 0.845903 0.844747 0.522345 0.789006 -0.233341
215 21.45 0.783333 0.898015 0.503612 0.794003 0.0263644 0.325917 -0.222155
216 21.55 0.85 0.807183 0.712331 0.645347 0.168972 0.368952 -0.2655
217 21.65 0.733333 0.66416 0.639136 0.524849 -0.592397 -1.02046 -0.494014
218 21.75 0.983333 0.963007 0.721873 0.798298 -0.207125 -1.36059 -0.631344
219 21.85 0.733333 0.562303 0.598339 0.346637 -0.0227687 -0.729126 -0.645265
220 21.95 0.683333 0.635669 0.410457 0.589736 -0.789924 -1.19596 -0.709789
221 22.05 0.683333 0.443818 0.548945 0.690198 -1.35387 -1.16916 -0.777119
222 22.15 0.716667 0.600779 0.609793 0.778173 -0.970955 0.127856 -0.811819
223 22.25 0.633333 0.452449 0.457148 0.595959 0.0592361 -0.136072 -0.856724
224 22.35 0.833333 1.02693 0.776198 0.717581 -0.503157 0.292914 -0.896191
225 22.45 0.816667 0.643907 0.603529 0.704104 -0.133978 0.575647 -0.802774
226 22.55 0.716667 0.601601 0.741676 0.652592 -0.276237 0.166458 -0.858247
227 22.65 0.9 0.721712 0.910171 0.799994 -0.892216 -1.1318 -0.98842
228 22.75 0.85 0.769179 0.931996 0.6349 -1.11326 -1.27443 -1.14435
229 22.85 0.766667 0.632648 0.921415 0.46776 -0.785559 -1.04188 -1.1363
230 22.95 0.466667 0.288931 0.393728 0.487567 -0.681676 -0.999135 -1.15397
231 23.05 0.7 0.747725 0.61468 0.6083 -0.717701 -0.89765 -1.15029
232 23.15 0.766667 0.536847 0.666109 0.679176 -1.75879 -1.49125 -1.15378
233 23.25 0.816667 0.934503 0.767542 0.447662 -0.730145 -0.866813 -0.951749
234 23.35 0.866667 0.84234 0.638246 0.931554 -0.474945 -1.04825 -0.997786
235 23.45 0.633333 0.458379 0.522691 0.722874 0.13235 -1.07104 -1.10144
236 23.55 0.8 0.608503 0.973024 0.803057 -0.754537 -1.40506 -1.11597
237 23.65 0.583333 0.515553 0.515761 0.606495 -1.91802 -2.14022 -1.19826
238 23.75 0.633333 0.528845 0.689129 0.43902 -1.64576 -1.98295 -1.1896
239 23.85 0.8 0.392373 0.530209 0.647361 -1.40523 -1.89892 -1.08974
240 23.95 0.583333 0.494936 0.479502 0.389519 -1.45994 -1.34209 -1.09024
241 24.05 0.8 0.616011 0.815519 0.86216 -1.01255 -1.39751 -1.12233
242 24.15 0.85 0.882076 0.713329 0.93615 -0.453911 -1.24171 -1.07011
243 24.25 0.766667 0.840196 1.00255 0.87235 -1.27905 -1.38712 -0.965121
244 24.35 0.85 0.797453 0.854622 0.60447 -0.868451 0.026855 -1.06954
245 24.45 0.583333 0.320911 0.675086 0.882424 -0.265538 0.0554565 -0.827273
246 24.55 0.633333 0.347693 0.426146 0.5879 -0.726883 -0.929376 -0.725647
247 24.65 0.616667 0.633486 0.489015 0.494124 0.0558625 -0.788805 -0.689615
248 24.75 0.633333 0.442416 0.652641 0.519491 -1.63296 -1.21089 -0.879897
249 24.85 0.716667 0.734035 0.463024 0.729358 -1.66352 -1.26289 -0.969635
250 24.95 0.616667 0.48064 0.525305 0.544498 -0.906309 -1.5515 -0.870733
251 25.05 0.85 0.593905 1.06388 0.706829 -0.974703 -0.987368 -0.739081
252 25.15 0.683333 0.640237 0.699393 0.734559 -1.44563 -0.993254 -0.673259
253 25.25 0.633333 0.720053 0.420622 0.496412 -1.14368 -0.713429 -0.580147
254 25.35 0.616667 0.597819 0.649463 0.48472 -0.997892 -0.683043 -0.571152
255 25.45 0.55 0.619026 0.390934 0.478537 -1.29141 -0.898068 -0.549649
256 25.55 0.55 0.293501 0.512116 0.569885 -1.17857 -0.809354 -0.354911
257 25.65 0.45 0.289841 0.367404 0.248697 -0.852946 -0.611079 -0.24783
258 25.75 0.533333 0.290347 0.400244 0.67628 -0.587654 -0.736478 -0.190811
259 25.85 0.483333 0.452261 0.356105 0.369763 -0.593993 -0.6338 -0.299371
260 25.95 0.583333 0.34481 0.636961 0.399711 -0.967943 -0.649268 -0.410933
261 26.05 0.483333 0.443059 0.373096 0.400642 -0.922971 0.0415865 -0.566143
262 26.15 0.533333 0.507189 0.479814 0.332235 -0.597428 -0.22094 -0.521304
263 26.25 0.35 0.348465 0.318107 0.386101 -0.386331 -0.443373 -0.425672
264 26.35 0.366667 0.257734 0.248892 0.309993 -0.340448 -0.740314 -0.390203
265 26.45 0.433333 0.597645 0.504706 0.261596 -0.401018 -0.736218 -0.29874
266 26.55 0.233333 0.12808 0.208416 0.18896 -0.223424 -0.449554 -0.231777
267 26.65 0.15 0.0869688 0.109355 0.0632805 -0.344439 -0.485601 -0.225069
268 26.75 0.183333 0.237953 0.209485 0.270427 -0.351756 -0.346667 -0.182649
269 26.85 0.1 0.105813 0.0683179 0.0323643 -0.325789 -0.123931 -0.169825
270 26.95 0.266667 0.106834 0.241929 0.488549 -0.302052 -0.0916182 -0.128728
271 27.05 0.216667 0.207946 0.0531944 0.295358 -0.281165 -0.171576 -0.100915
272 27.15 0.133333 0.0638101 0.0440589 0.0835645 -0.176256 -0.171199 -0.039946
273 27.25 0.15 0.292577 0.164703 0.103307 -0.156009 -0.153183 0.0170296
274 27.35 0.116667 0.0235164 0.0636471 0.137782 -0.0889516 -0.0945834 -0.034661
275 27.45 0.0666667 0.053322 0.0756916 0.0196951 -0.104103 -0.122362 -0.0319552
276 27.55 0.0833333 0.0702908 0.040725 0.0364929 -0.0703453 -0.0689979 -0.0225249
277 27.65 0.0333333 0.0266102 0.0141463 0.0295278 -0.0477098 -0.0559635 -0.00739511
278 27.75 0.05 0.0652204 0.0319495 0.0286397 -0.0396593 -0.0463058 0.000336108
279 27.85 0.0333333 0.0392219 0.00599051 0.00148632 -0.0282427 -0.0346714 0.0122824
280 27.95 0.1 0.0381258 0.050778 0.149406 -0.0396457 -0.0402291 0.0109596
281 28.05 0.0833333 0.111543 0.0532877 0.104227 -0.0111121 -0.0338194 -0.0191755
282 28.15 0.0333333 0.0184965 0.00984635 0.0198687 -0.0567881 -0.0339785 -0.0122067
283 28.25 0 0 0 0 -0.00503055 -0.000496255 -0.00595492
284 28.35 0.0166667 0.0283142 0.112214 0.00907679 -0.00375762 -0.000795261 -0.00515785
285 28.45 0 0 0 0 -0.00298732 -0.000976201 -0.00467551
286 28.55 0 0 0 0 -0.00298732 -0.000976201 -0.00467551
287 28.65 0 0 0 0 -0.00298732 -0.000976201 -0.00467551
288 28.75 0.0166667 0.0587282 0.00633926 0.0372205 -0.00296503 -0.000976231 -0.00524841
289 28.85 0 0 0 0 -0.00291564 -0.000976298 -0.00651763
290 28.95 0.0166667 0.0011584 0.0205472 0.00575938 -0.00179726 -0.000991788 -0.0042615
291 29.05 0 0 0 0 -0.0015298 -0.000995492 -0.00372193
292 29.15 0.0166667 0.021663 0.000693457 0.00226543 -0.0015126 -0.000994972 -0.00366737
293 29.25 0 0 0 0 -0.00145161 -0.000993127 -0.00347394
294 29.35 0.0166667 0.000164577 0.000779509 4.88895e-05 -0.000832183 -0.000748558 -0.00314878
295 29.45 0.0166667 0.0035621 0.0180093 0.000849377 -0.00030817 -0.000519176 -0.00282549
296 29.55 0 0 0 0 -0.00030522 -0.000511997 -0.00281105
297 29.65 0 0 0 0 -0.00030522 -0.000511997 -0.00281105
298 29.75 0.0166667 0.0455517 0.000421196 0.0213895 -0.000294792 -0.00050072 -0.0027682
299 29.85 0 0 0 0 -0.000290975 -0.000496592 -0.00275251
300 29.95 0 0 0 0 -0.000290975 -0.000496592 -0.00275251
301 30.05 0.0333333 0.022051 0.0219916 0.0114629 -0.000436039 -0.00161922 -0.00305475
302 30.15 0.0166667 0.016459 0.000213337 0.0294422 -0.000879306 -0.00521818 -0.00426079
303 30.25 0.0166667 0.0297919 0.00915345 0.00227547 -0.00118577 -0.0078213 -0.00537121
304 30.35 0 0 0 0 -0.00120004 -0.00785179 -0.00533544
305 30.45 0 0 0 0 -0.00120004 -0.00785179 -0.00533544
306 30.55 0.0333333 0.0918418 0.0113769 0.106919 -0.000816492 -0.00485481 -0.00506184
307 30.65 0.0166667 0.00452181 0.00241435 0.0568833 -0.000686501 -0.00316412 -0.00479811
308 30.75 0.0166667 0.0476219 2.21451e-05 0.00534317 -0.000582603 -0.0014453 -0.00445875
309 30.85 0 0 0 0 -0.000555691 -0.00141169 -0.00443143
310 30.95 0.0333333 0.00545883 0.0804815 0.0361742 -0.000419472 -0.00224622 -0.00516097
311 31.05 0.0333333 0.0256625 0.0242424 0.00380243 -0.00050177 -0.00319769 -0.00600748
312 31.15 0 0 0 0 -0.000609976 -0.00321372 -0.00600187
313 31.25 0.0333333 0.0403692 0.00617108 0.00532356 -0.000763883 -0.00474012 -0.00676522
314 31.35 0.0166667 0.00068072 0.0451591 0.000310383 -0.009733 -0.0114685 -0.00965517
315 31.45 0.0666667 0.128356 0.0186197 0.0132535 -0.0337508 -0.0207276 -0.00806946
316 31.55 0 0 0 0 -0.00712666 -0.01248 -0.00742059
317 31.65 0.05 0.00914267 0.0448621 0.00614142 -0.00700343 -0.0121824 -0.00740491
318 31.75 0 0 0 0 -0.00680992 -0.0118205 -0.00736268
319 31.85 0.0166667 0.00374887 0.0251998 0.0255664 -0.00430146 -0.0103316 -0.00761701
320 31.95 0.0166667 0.0209287 0.00103372 0.00123504 -0.00336202 -0.00914121 -0.00737372
321 32.05 0.05 0.123374 0.00803563 0.0165374 -0.00457078 -0.0035639 -0.00565569
322 32.15 0 0 0 0 -0.00360946 -0.00242048 -0.00513905
323 32.25 0.0166667 0.00777397 0.000539382 0.00236921 -0.00360967 -0.00241048 -0.00513672
324 32.35 0.0166667 0.0169069 0.0150372 0.000687961 -0.00360219 -0.00215396 -0.00507275
325 32.45 0 0 0 0 -0.00349197 -0.00212376 -0.0050274
326 32.55 0.0333333 0.0413696 0.0155573 0.00146382 -0.00349581 -0.00207173 -0.00495748
327 32.65 0.0166667 0.00932377 0.00536203 0.00217415 -0.00361847 -0.00212539 -0.00417678
328 32.75 0.0666667 0.0636778 0.0764337 0.028678 -0.00343061 -0.00207055 -0.00333587
329 32.85 0.0333333 0.00352447 0.0590752 0.0320866 -0.00264452 -0.00274706 -0.00477721
330 32.95 0.0166667 0.0393631 0.00226561 0.000112846 -0.00267864 -0.00343671 -0.00489159
331 33.05 0.0333333 0.000286164 0.00684944 0.0127086 -0.00207601 -0.00416041 -0.00493033
332 33.15 0 0 0 0 -0.00163292 -0.00328422 -0.00469768
333 33.25 0.05 0.0574824 0.0249808 0.0671106 -0.00149841 -0.00343241 -0.00506141
334 33.35 0 0 0 0 -0.00475733 -0.00365037 -0.00734886
335 33.45 0 0 0 0 -0.00475733 -0.00365037 -0.00734886
336 33.55 0.0333333 0.0217663 0.00463168 0.00903902 -0.0060955 -0.00229094 -0.00663697
337 33.65 0 0 0 0 -0.00694154 -0.00130104 -0.00613231
338 33.75 0.0333333 0.0485712 0.00307176 0.00691007 -0.00692106 -0.0013243 -0.00603875
339 33.85 0.0166667 0.00030742 0.0017842 0.00545471 -0.00768599 -0.00402721 -0.00627973
340 33.95 0.0166667 0.00410531 0.0121884 0.0239756 -0.00780773 -0.00453854 -0.00663459
341 34.05 0.0333333 0.00806987 0.0184052 0.0215935 -0.00650728 -0.00379376 -0.00591574
342 34.15 0.0166667 0.000133476 5.5934e-06 0.0170347 -0.00321055 -0.00194403 -0.00399769
343 34.25 0.0166667 0.0054 0.00506534 0.0135887 -0.0170146 -0.00240949 -0.0037129
344 34.35 0.0333333 0.0169265 0.00819718 0.0111363 -0.0521064 -0.00738402 -0.00324535
345 34.45 0 0 0 0 -0.000976932 -0.00171224 -0.00196917
346 34.55 0 0 0 0 -0.000976932 -0.00171224 -0.00196917
347 34.65 0.0666667 0.0287604 0.0963205 0.0385878 -0.000572202 -0.000949392 -0.0015525
348 34.75 0.0333333 0.0104775 0.0454991 0.175326 -0.000437961 -0.000908515 -0.001699
349 34.85 0.0166667 0.00416685 0.00864588 0.00585169 -0.000165185 -0.000678991 -0.0016105
350 34.95 0.0166667 0.052202 8.48617e-06 0.0173812 -0.000428226 -0.000907745 -0.0049729
351 35.05 0.0333333 0.046394 0.0270247 0.00456193 -0.00391831 -0.00164009 -0.00697792
352 35.15 0.0166667 0.00183854 0.000591815 0.0560409 -0.00565757 -0.00200597 -0.00806348
353 35.25 0 0 0 0 -0.00560721 -0.00199445 -0.00795647
354 35.35 0.0333333 0.0370917 0.0093623 0.0160461 -0.00509438 -0.00235906 -0.00846344
355 35.45 0 0 0 0 -0.00433829 -0.00289289 -0.00921314
356 35.55 0.05 0.0225904 0.00380592 0.0136641 -0.000532692 -0.00295715 -0.0075813
357 35.65 0 0 0 0 0.00510104 -0.00231521 -0.00546166
358 35.75 0 0 0 0 0.00510104 -0.00231521 -0.00546166
359 35.85 0 0 0 0 0.00510104 -0.00231521 -0.00546166
360 35.95 0.0833333 0.0284903 0.0692982 1.71695e-05 0.00508467 -0.00608066 -0.00570962
3600 360
1 0.05 0.0142857 0.0205817 0.00261375 0.00566559 0.00431053 -0.00613846 -0.00379858
2 0.15 0.0428571 0.0225431 0.0192502 0.0110939 0.00305623 -0.00648672 -0.00284976
3 0.25 0.0428571 0.00293521 0.00779363 0.00731797 -0.00286776 -0.0100869 -0.00517395
4 0.35 0.0428571 0.0221038 0.00480525 0.000636863 -0.00199785 -0.00841426 -0.0027089
5 0.45 0.0285714 0.000895492 0.00246043 0.0150888 -0.00200048 -0.00789885 -0.00267929
6 0.55 0.0142857 0.0361648 0.00128871 0.135724 -0.00190998 -0.00816528 -0.00276643
7 0.65 0.0285714 0.0125375 0.0401402 0.0158251 -0.00343371 -0.0110718 -0.00341909
8 0.75 0.0285714 0.016554 0.0125782 0.00865833 -0.00272302 -0.0123723 -0.0036741
9 0.85 0 0 0 0 -0.00270476 -0.0127207 -0.00401409
10 0.95 0.0142857 0.0263755 0.0130114 0.00835393 -0.00748565 -0.00865377 -0.00363989
11 1.05 0.0142857 0.00110111 0.00128427 2.30146e-06 -0.00825877 -0.00428714 -0.00313921
12 1.15 0 0 0 0 -0.000223848 -0.00310509 -0.00281665
13 1.25 0.0285714 0.0193181 0.0122061 0.0129412 -0.000196781 -0.00307276 -0.00275119
14 1.35 0.0142857 0.000136638 0.00866698 0.00117205 -0.00014804 -0.0029733 -0.0025715
15 1.45 0.0142857 0.000860828 0.00228189 0.00265646 -0.000185262 -0.0029838 -0.00254935
16 1.55 0.0285714 0.0269799 0.0148722 0.0119938 -0.000383152 -0.00416296 -0.00217645
17 1.65 0.0142857 0.00322711 0.0184711 4.55887e-05 -0.000455847 -0.000546203 -0.000300366
18 1.75 0.0142857 0.0280761 0.00156542 0.00206537 -0.0032162 -0.000884882 -0.00402114
19 1.85 0 0 0 0 -0.00324698 -0.000885153 -0.00427191
20 1.95 0.0142857 0.000149665 0.00982225 0.000477907 -0.00323616 -0.000837438 -0.00423664
21 2.05 0.0142857 5.61946e-05 0.0101276 0.000314744 -0.00315192 -0.000491931 -0.00415638
22 2.15 0 0 0 0 -0.00315121 -0.000489002 -0.00415584
23 2.25 0.0142857 0.0285612 0.00304283 0.0682001 -0.00313682 -0.000485468 -0.00415576
24 2.35 0 0 0 0 -0.00310889 -0.000478605 -0.0041556
25 2.45 0.0285714 0.00714925 0.0263943 0.014174 -0.00174955 -0.00049345 -0.00349181
26 2.55 0 0 0 0 -0.00107213 -0.000937839 -0.00330529
27 2.65 0.0142857 1.41956e-05 0.0104082 0.00919055 -0.00113906 -0.000937273 -0.00330161
28 2.75 0.0142857 0.00326523 0.00267674 0.0235361 -0.00135332 -0.000947489 -0.00329223
29 2.85 0.0285714 0.0150254 0.00271563 0.0444889 -0.000811859 -0.00103785 -0.00133039
30 2.95 0 0 0 0 -0.000638196 -0.00101634 -0.000223519
31 3.05 0.0285714 0.00741433 0.0107122 0.0108498 -0.00280777 -0.000564775 -0.00114201
32 3.15 0 0 0 0 -0.00416365 -0.000288824 -0.00171831
33 3.25 0 0 0 0 -0.00416365 -0.000288824 -0.00171831
34 3.35 0 0 0 0 -0.00416365 -0.000288824 -0.00171831
35 3.45 0 0 0 0 -0.00416365 -0.000288824 -0.00171831
36 3.55 0.0142857 0.0113353 0.0115547 0.00986684 -0.00416426 -0.000288461 -0.00171869
37 3.65 0 0 0 0 -0.00416584 -0.000287506 -0.0017197
38 3.75 0.0142857 0.00535292 0.00232957 0.00594087 -0.00110921 -0.000116919 -0.000516851
39 3.85 0 0 0 0 -1.84513e-05 -5.60452e-05 -8.76119e-05
40 3.95 0 0 0 0 -1.84513e-05 -5.60452e-05 -8.76119e-05
41 4.05 0 0 0 0 -1.84513e-05 -5.60452e-05 -8.76119e-05
42 4.15 0 0 0 0 -1.84513e-05 -5.60452e-05 -8.76119e-05
43 4.25 0.0142857 0.0128502 0.0111775 0.0335009 -7.23827e-05 -5.69419e-05 -0.000142959
44 4.35 0 0 0 0 -8.86379e-05 -5.72121e-05 -0.00015964
45 4.45 0 0 0 0 -8.86379e-05 -5.72121e-05 -0.00015964
46 4.55 0 0 0 0 -8.86379e-05 -5.72121e-05 -0.00015964
47 4.65 0 0 0 0 -8.86379e-05 -5.72121e-05 -0.00015964
48 4.75 0.0142857 9.91887e-05 0.0171011 0.00742908 0.00736654 0.0222146 0.0161607
49 4.85 0 0 0 0 0.0124706 0.0374626 0.0273343
50 4.95 0 0 0 0 0.0124706 0.0374626 0.0273343
51 5.05 0 0 0 0 0.0124706 0.0374626 0.0273343
52 5.15 0.0142857 2.71292e-05 0.00919805 0.0122165 0.0123103 0.0374217 0.0273166
53 5.25 0.0285714 0.0057012 0.0218071 0.00902438 0.0122571 0.0373257 0.0272716
54 5.35 0.0142857 0.00111739 0.0304047 0.0162419 0.00288866 0.00941793 0.00690268
55 5.45 0.0142857 0.00174466 0.00657757 0.00104236 -0.000445737 -0.00060887 -0.000450881
56 5.55 0.0285714 0.0165694 0.019913 0.0124765 -0.000466407 -0.000975819 -0.000751324
57 5.65 0 0 0 0 -0.00047459 -0.000989897 -0.000796196
58 5.75 0 0 0 0 -0.00047459 -0.000989897 -0.000796196
59 5.85 0.0142857 0.0262653 0.0276833 0.0431506 -0.000487819 -0.000992953 -0.000803546
60 5.95 0.0142857 0.00541529 0.00220851 0.026646 -0.000659456 -0.000968877 -0.00113506
61 6.05 0 0 0 0 -0.000626245 -0.000951737 -0.00115171
62 6.15 0 0 0 0 -0.000626245 -0.000951737 -0.00115171
63 6.25 0.0285714 0.0104669 0.00330888 0.147518 -0.000682915 -0.00104415 -0.00170756
64 6.35 0.0142857 0.0075511 0.000833147 0.000411062 -0.000880439 -0.00124033 -0.00525251
65 6.45 0 0 0 0 -0.000897684 -0.00127184 -0.00545354
66 6.55 0.0142857 0.0149411 0.000642481 0.00159664 0.0020395 0.00451636 -0.00316087
67 6.65 0 0 0 0 0.0151613 0.030375 0.00708153
68 6.75 0.0142857 0.00874683 0.0066905 0.0169769 0.0151975 0.0299597 0.00590912
69 6.85 0.0142857 0.00379401 0.000103245 0.00200125 0.0151245 0.0297176 0.00528786
70 6.95 0 0 0 0 0.0151187 0.0297124 0.00527738
71 7.05 0.0285714 0.000543168 0.0103927 0.0324178 0.00937112 0.022893 -0.00126058
72 7.15 0.0285714 0.00139347 0.022488 0.0111941 -0.00262468 0.00808417 -0.0107915
73 7.25 0.0142857 0.00917647 0.00889758 6.63183e-05 -0.00325292 0.00767323 -0.0119298
74 7.35 0.0142857 0.0011539 0.0288861 0.0207212 -0.00943836 0.00619253 -0.0161862
75 7.45 0.0285714 0.0047887 0.0139457 0.0274815 -0.010068 0.00345843 -0.0179134
76 7.55 0.0285714 0.0244655 0.016545 0.0109242 -0.0123005 0.00258795 -0.0215814
77 7.65 0.0428571 0.0158205 0.0423264 0.116325 -0.0531163 -0.0182188 -0.0294058
78 7.75 0.0857143 0.0375999 0.0706081 0.0453225 -0.0362621 -0.0274562 -0.0525821
79 7.85 0.0142857 0.000199623 0.00904654 0.00728819 -0.0547807 -0.0335129 -0.0641387
80 7.95 0.0571429 0.105322 0.014878 0.032871 -0.0493989 -0.0341698 -0.0644704
81 8.05 0.0857143 0.041629 0.0459618 0.0617869 -0.0457362 -0.0646845 -0.0778249
82 8.15 0.1 0.0431293 0.0852198 0.113188 -0.0807727 -0.0710502 -0.0913743
83 8.25 0.0285714 0.0538704 0.000938104 0.00292311 -0.108363 -0.0977171 -0.119906
84 8.35 0.0571429 0.0773966 0.0503815 0.0343083 -0.116627 -0.105984 -0.128108
85 8.45 0.157143 0.126334 0.0791371 0.115141 -0.0938577 -0.150437 -0.139832
86 8.55 0.171429 0.160718 0.145627 0.0949406 -0.149464 -0.161653 -0.160314
87 8.65 0.0571429 0.0116004 0.0752557 0.0622826 -0.245179 -0.149497 -0.17531
88 8.75 0.128571 0.0815841 0.0758215 0.146727 -0.077926 0.00262666 -0.18371
89 8.85 0.142857 0.0532126 0.192239 0.127481 -0.132192 -0.172333 -0.178889
90 8.95 0.214286 0.142757 0.346518 0.135269 -0.178799 -0.141289 -0.183769
91 9.05 0.185714 0.12766 0.0626119 0.127623 -0.116627 -0.0995109 -0.180567
92 9.15 0.242857 0.138932 0.232118 0.276661 0.130142 -0.0435887 -0.135499
93 9.25 0.3 0.245814 0.207254 0.160481 -0.360493 -0.268687 -0.185726
94 9.35 0.342857 0.270206 0.188329 0.395194 -0.425536 -0.470203 -0.229919
95 9.45 0.328571 0.37855 0.228982 0.338772 -0.516795 -0.531453 -0.278787
96 9.55 0.371429 0.333058 0.397877 0.288074 -0.811719 -0.518247 -0.296964
97 9.65 0.314286 0.312151 0.27445 0.227319 -0.683853 -0.494125 -0.381169
98 9.75 0.314286 0.217889 0.220054 0.170905 -0.38934 -0.628045 -0.408552
99 9.85 0.414286 0.431523 0.260691 0.243204 -0.512044 -0.832321 -0.407266
100 9.95 0.542857 0.622229 0.41167 0.487393 -0.602306 -0.519697 -0.297026
101 10.05 0.485714 0.533468 0.501489 0.57833 -0.986871 -0.919955 -0.329747
102 10.15 0.414286 0.402624 0.479493 0.423681 -0.730237 -1.07974 -0.436863
103 10.25 0.471429 0.441364 0.391123 0.55679 -1.05312 -1.10235 -0.504607
104 10.35 0.6 0.605144 0.436065 0.525355 -1.21953 -0.233327 -0.504362
105 10.45 0.714286 0.678028 0.657328 0.542503 -1.09774 -0.866352 -0.365802
106 10.55 0.671429 0.652086 0.436696 0.612207 -0.849286 -1.02763 -0.40428
107 10.65 0.671429 0.52403 0.452211 0.555728 -1.50287 -1.09662 -0.484484
108 10.75 0.642857 0.553093 0.612688 0.377843 -1.28407 -0.459562 -0.577028
109 10.85 0.571429 0.328652 0.425721 0.342083 -1.34035 -1.09076 -0.608105
110 10.95 0.742857 0.606626 0.612203 0.492828 -0.35924 -0.792384 -0.4545
111 11.05 0.571429 0.494879 0.384426 0.470865 -1.19075 -1.39421 -0.552428
112 11.15 0.571429 0.608111 0.540623 0.464645 -1.47757 -1.29294 -0.562987
113 11.25 0.6 0.631925 0.406591 0.387005 -1.20434 -1.6309 -0.572518
114 11.35 0.785714 0.808113 0.685392 0.61153 -1.12385 -1.76589 -0.761717
115 11.45 0.771429 0.577039 0.550601 0.484891 -1.108 -1.13185 -0.798323
116 11.55 0.757143 0.648132 0.577281 0.712751 -0.20649 -0.517154 -0.876153
117 11.65 0.742857 0.58988 0.548116 0.595955 -0.726485 -0.0421142 -0.797483
118 11.75 0.742857 0.784668 0.716912 0.552057 -0.036431 -0.283075 -0.74063
119 11.85 0.7 0.781817 0.596893 0.566959 -0.577344 -0.998447 -0.759961
120 11.95 0.557143 0.42022 0.564078 0.325205 -0.694535 -1.29587 -0.778679
121 12.05 0.814286 0.559816 0.61008 0.756576 -0.792475 -1.72169 -0.790321
122 12.15 0.685714 0.560718 0.652196 0.586346 -1.15162 -1.38056 -0.802086
123 12.25 0.657143 0.639377 0.573898 0.566205 -1.09548 -1.59017 -0.830533
124 12.35 0.642857 0.377095 0.439479 0.468304 -0.227938 0.155239 -0.764197
125 12.45 0.828571 0.368771 0.770649 0.625831 -1.19545 -1.38418 -1.01263
126 12.55 0.771429 0.48812 0.631067 0.402792 -0.478275 -1.49092 -1.02095
127 12.65 0.757143 0.6946 0.621368 0.689859 -0.943372 -0.856333 -0.872299
128 12.75 0.828571 0.628261 0.461899 0.845674 -1.20414 -1.06559 -0.691631
129 12.85 0.757143 0.910858 0.686075 0.700596 -0.925368 -0.363708 -0.499337
130 12.95 0.7 0.728668 0.494986 0.602466 -1.49909 -1.04161 -0.600612
131 13.05 0.785714 0.833551 0.710802 0.614782 -1.29406 -1.63969 -0.547564
132 13.15 0.685714 0.54759 0.801815 0.611309 0.0174122 -1.37791 -0.383394
133 13.25 0.642857 0.320136 0.654264 0.498735 0.371873 -0.847479 -0.395505
134 13.35 0.814286 0.646843 0.657068 0.520245 -0.619478 -0.15517 -0.382589
135 13.45 0.914286 0.712001 0.706674 1.22284 -0.908611 -0.605474 -0.507291
136 13.55 0.771429 0.538963 0.663392 0.498328 0.0579753 -0.347575 -0.549785
137 13.65 0.771429 0.696676 0.686161 0.47115 -0.780674 -0.612497 -0.776293
138 13.75 0.685714 0.516221 0.662821 0.371202 -0.497329 -0.417878 -0.882555
139 13.85 0.7 0.834506 0.740798 0.637181 -0.378557 -1.09756 -0.971926
140 13.95 0.785714 0.754656 0.494191 0.908328 0.7305 -0.225964 -0.766229
141 14.05 0.7 0.554141 0.77057 0.665112 0.61219 0.169608 -0.776439
142 14.15 0.714286 0.739632 0.586425 0.523505 -0.37828 -0.845582 -0.716647
143 14.25 0.871429 0.858943 0.669257 0.766637 -0.77334 -0.606305 -0.771936
144 14.35 0.8 0.796822 0.793187 0.433687 -0.427592 -0.40555 -0.790804
145 14.45 0.814286 0.624947 0.881003 0.704547 -0.788505 -0.180453 -0.843932
146 14.55 0.785714 0.646521 0.582185 0.707964 -0.553888 -0.887335 -0.889203
147 14.65 0.771429 0.701068 0.694814 0.795043 -0.596331 -0.581305 -0.776154
148 14.75 0.628571 0.533197 0.691442 0.450354 -1.47131 -0.957301 -0.832616
149 14.85 0.742857 0.443113 0.888232 0.656727 -1.3288 -0.96101 -0.895643
150 14.95 0.642857 0.542281 0.43128 0.536239 -1.32605 -1.11358 -0.847879
151 15.05 0.828571 0.647704 0.844888 0.902134 -0.577666 -0.371451 -0.917278
152 15.15 0.728571 0.64798 0.431974 0.634428 -1.05073 -0.403643 -0.981892
153 15.25 0.857143 0.805437 0.607455 0.58604 -0.9122 -1.26203 -1.032
154 15.35 0.728571 0.612683 0.389004 0.522462 -0.118324 -0.308365 -0.969093
155 15.45 0.857143 0.697545 1.04695 0.834263 -0.617225 -0.740971 -1.0212
156 15.55 0.671429 0.745956 0.675565 0.516035 -0.817985 -0.994066 -0.944895
157 15.65 0.557143 0.413026 0.419959 0.371408 -0.613448 -1.01661 -0.953209
158 15.75 0.742857 0.397452 0.653843 0.778872 -0.567457 -0.295923 -0.704983
159 15.85 0.742857 0.679692 0.750071 0.684299 -0.468445 -0.491839 -0.717133
160 15.95 0.771429 1.08888 0.661879 0.686028 -0.663425 -0.538558 -0.893375
161 16.05 0.814286 0.940612 0.805602 0.616631 -0.642418 -0.758337 -0.873635
162 16.15 0.7 0.659012 0.609738 0.662685 -1.20267 -1.05779 -0.550507
163 16.25 0.814286 0.71331 1.04287 0.75892 -0.436468 -1.31675 -0.613695
164 16.35 0.685714 0.649777 0.531254 0.453914 -0.998144 -0.814574 -0.713919
165 16.45 0.828571 0.718549 0.640576 0.674626 0.241667 -0.395412 -0.804934
166 16.55 0.828571 0.716815 0.742029 0.678554 -1.01329 -1.41192 -0.697723
167 16.65 0.628571 0.604821 0.634522 0.486267 -0.937044 -1.45931 -0.50087
168 16.75 0.671429 0.618857 0.74687 0.524619 -1.30066 -0.811655 -0.698328
169 16.85 0.685714 0.260724 0.513961 0.474412 -0.0255341 -0.49197 -0.766501
170 16.95 0.614286 0.463881 0.689952 0.487927 -0.117177 -1.10643 -0.750173
171 17.05 0.714286 0.543725 0.62607 0.688003 -1.26803 -1.15987 -0.884474
172 17.15 0.771429 0.461162 0.500634 0.824998 -1.21996 -0.739233 -0.907751
173 17.25 0.814286 0.801291 0.572324 0.625855 -1.03308 -0.60401 -0.875354
174 17.35 0.728571 0.633444 0.734264 0.717213 -1.08436 -0.22709 -0.831497
175 17.45 0.871429 0.608374 0.678204 0.708447 -1.58131 -0.273655 -0.789164
176 17.55 0.9 0.578001 0.944253 0.726535 -1.23871 -0.636523 -0.660773
177 17.65 0.628571 0.477131 0.472521 0.665429 -1.27063 -0.896805 -0.556652
178 17.75 0.685714 0.516378 0.611265 0.598541 -0.403934 -0.311727 -0.394721
179 17.85 0.757143 0.612093 0.422075 0.684278 -0.59657 -0.709553 -0.329657
180 17.95 0.685714 0.572547 0.619106 0.42781 -0.00112288 -0.66699 -0.361054
181 18.05 0.8 0.60344 0.567291 0.611689 -0.969168 -0.898369 -0.476616
182 18.15 0.714286 0.702486 0.789958 0.600899 -0.700476 -1.10422 -0.647673
183 18.25 0.814286 0.756658 0.662407 0.604296 -1.53839 -1.66339 -0.938175
184 18.35 0.757143 0.363146 0.77339 0.494237 -1.71181 -1.42859 -1.08095
185 18.45 0.685714 0.72711 0.725325 0.562167 -1.22545 -0.969115 -1.09061
186 18.55 0.742857 0.502101 0.65896 0.468338 -0.842872 -1.19318 -1.13818
187 18.65 0.671429 0.846895 0.610894 0.63351 -1.35647 -0.660588 -1.16356
188 18.75 0.771429 0.725013 0.70932 0.587727 -1.3207 -0.707438 -1.09496
189 18.85 0.757143 0.985804 0.443164 0.591804 -1.68264 -0.886446 -1.03564
190 18.95 0.871429 0.918983 0.851435 0.636006 -1.79038 -1.19118 -0.972313
191 19.05 0.8 0.48651 0.674158 0.80532 -1.50253 -1.13454 -0.956568
192 19.15 0.557143 0.41435 0.56648 0.539059 -1.18248 -0.731727 -1.01022
193 19.25 0.9 0.95198 0.758383 0.40506 -0.907543 -1.51121 -0.954565
194 19.35 0.7 0.723813 0.67379 0.452377 0.488007 -1.53413 -1.04054
195 19.45 0.628571 0.724622 0.505123 0.525642 0.463639 -0.774633 -1.04524
196 19.55 0.6 0.576404 0.55594 0.457335 -0.971515 -1.10977 -1.17449
197 19.65 0.885714 0.833772 0.684259 0.844119 -1.2676 -1.23999 -1.17621
198 19.75 0.871429 0.691113 0.655819 0.629258 -0.929374 -1.41658 -1.16224
199 19.85 0.642857 0.287199 0.559395 0.527592 -1.32228 -1.35577 -1.27768
200 19.95 0.8 0.603818 0.530364 0.74933 -0.464077 -0.416033 -1.26126
201 20.05 0.785714 0.648699 0.460492 0.537648 -0.184347 -0.987057 -1.20369
202 20.15 0.8 0.657036 0.726672 0.690171 -0.873043 -1.4619 -1.18286
203 20.25 0.742857 0.50829 0.752706 0.393053 -0.686629 -1.06285 -1.07578
204 20.35 0.614286 0.335782 0.592929 0.476555 -0.626626 -0.316754 -0.945957
205 20.45 0.828571 0.771567 0.514307 0.941766 -1.1151 -0.536396 -0.82078
206 20.55 0.614286 0.533773 0.487372 0.512797 -0.830986 -0.274482 -0.87937
207 20.65 0.8 0.780842 0.913484 0.953215 -0.9406 -0.881232 -1.04469
208 20.75 0.842857 0.574183 0.921801 0.691043 -0.900444 -0.664251 -0.994999
209 20.85 0.757143 0.683957 0.561856 0.614746 -1.53815 -1.2016 -0.890059
210 20.95 0.771429 0.679556 0.756582 0.818098 -0.828188 -0.732035 -0.611063
211 21.05 0.8 0.687915 0.700884 0.731098 -1.19206 -0.670135 -0.606672
212 21.15 0.742857 0.849968 0.611996 0.485252 -0.866043 -0.831737 -0.622239
213 21.25 0.557143 0.501126 0.344861 0.378509 -0.505878 -0.593385 -0.39546
214 21.35 0.9 0.645646 0.912973 0.836844 0.376173 0.669234 -0.312851
215 21.45 0.757143 0.849197 0.540015 0.740154 -0.081785 0.333023 -0.30845
216 21.55 0.857143 0.85848 0.821776 0.683237 -0.13084 0.172972 -0.337854
217 21.65 0.671429 0.633055 0.59025 0.473923 -0.833073 -1.18841 -0.529462
218 21.75 0.914286 0.882456 0.625836 0.754213 -0.273984 -1.23417 -0.68256
219 21.85 0.714286 0.549156 0.581196 0.365199 -0.0402028 -0.698728 -0.727687
220 21.95 0.7 0.631745 0.39242 0.570758 -0.873332 -1.32978 -0.783723
221 22.05 0.714286 0.47432 0.552301 0.738503 -1.11438 -0.552823 -0.848093
222 22.15 0.757143 0.683294 0.625398 0.919453 -0.59764 0.0663995 -0.873406
223 22.25 0.7 0.480974 0.53841 0.766567 -0.0246178 -0.201155 -0.924475
224 22.35 0.785714 0.896579 0.687751 0.671116 -0.59627 0.287873 -0.934365
225 22.45 0.828571 0.667715 0.588255 0.768894 -0.400561 0.160729 -0.896602
226 22.55 0.685714 0.595962 0.715505 0.598306 -0.364556 -0.256298 -0.911692
227 22.65 0.857143 0.653507 0.882752 0.718721 -1.05499 -1.26022 -1.00889
228 22.75 0.8 0.78536 0.83027 0.570636 -1.1381 -1.35518 -1.1501
229 22.85 0.728571 0.707366 0.82301 0.422948 -0.599534 -1.13502 -1.13726
230 22.95 0.5 0.320423 0.461403 0.508166 -0.547221 -1.13551 -1.15544
231 23.05 0.771429 0.835659 0.597356 0.666302 -0.445496 -1.12533 -1.18457
232 23.15 0.814286 0.55958 0.831312 0.805028 -1.63844 -1.56417 -1.22321
233 23.25 0.771429 0.911124 0.744589 0.403861 -0.620683 -0.965615 -1.08356
234 23.35 0.814286 0.774676 0.589261 0.898315 -0.527171 -1.14265 -1.12594
235 23.45 0.657143 0.55302 0.464456 0.699452 -0.0136903 -1.29901 -1.20562
236 23.55 0.757143 0.563666 0.879627 0.810304 -0.810762 -1.26817 -1.22243
237 23.65 0.657143 0.566058 0.554843 0.641701 -1.68772 -1.5425 -1.25579
238 23.75 0.628571 0.567989 0.637905 0.450681 -1.65103 -1.80252 -1.21806
239 23.85 0.771429 0.354319 0.583526 0.612048 -1.37452 -1.57312 -1.06377
240 23.95 0.614286 0.515725 0.522332 0.377617 -1.16498 -1.03604 -1.04668
241 24.05 0.828571 0.693736 0.820778 0.800121 -1.05301 -1.18468 -1.01224
242 24.15 0.842857 0.821984 0.727517 0.870706 -0.447236 -0.967334 -0.956281
243 24.25 0.757143 0.785274 0.895364 0.917713 -1.32366 -1.16352 -0.807192
244 24.35 0.814286 0.871318 0.838303 0.574997 -0.916476 0.13049 -0.803494
245 24.45 0.585714 0.374594 0.631201 0.819064 -0.413632 0.0423304 -0.601788
246 24.55 0.628571 0.345393 0.43729 0.528515 -0.825881 -0.861365 -0.506969
247 24.65 0.657143 0.610002 0.443164 0.546222 -0.194249 -0.783952 -0.485442
248 24.75 0.657143 0.432543 0.680958 0.539859 -1.5472 -1.32857 -0.681609
249 24.85 0.7 0.690597 0.4247 0.731978 -1.56661 -1.24335 -0.734092
250 24.95 0.657143 0.470832 0.492818 0.532242 -0.84896 -1.5967 -0.674154
251 25.05 0.8 0.575242 0.92476 0.6232 -1.05411 -1.13316 -0.621286
252 25.15 0.742857 0.618918 0.819094 0.77235 -1.27205 -0.860478 -0.620527
253 25.25 0.571429 0.621751 0.395947 0.433819 -1.14318 -0.850844 -0.624575
254 25.35 0.671429 0.595899 0.647182 0.494423 -1.01272 -0.857687 -0.653112
255 25.45 0.557143 0.601959 0.412965 0.447363 -1.27815 -1.00266 -0.62472
256 25.55 0.542857 0.353211 0.494443 0.502933 -1.27959 -0.790802 -0.505354
257 25.65 0.471429 0.26984 0.464086 0.237193 -0.949931 -0.722242 -0.338428
258 25.75 0.542857 0.347613 0.454827 0.601974 -0.714161 -0.799294 -0.260153
259 25.85 0.485714 0.577082 0.320655 0.347148 -0.688128 -0.689683 -0.334208
260 25.95 0.557143 0.440865 0.659943 0.370315 -0.966331 -0.760506 -0.430276
261 26.05 0.457143 0.405888 0.3245 0.378928 -0.97039 -0.142659 -0.571624
262 26.15 0.557143 0.510662 0.51697 0.318205 -0.673017 -0.236157 -0.492779
263 26.25 0.328571 0.343719 0.284861 0.362411 -0.248767 -0.416735 -0.342371
264 26.35 0.342857 0.240586 0.276681 0.353763 -0.158384 -0.668549 -0.312526
265 26.45 0.457143 0.581919 0.574651 0.32701 -0.295401 -0.711774 -0.191109
266 26.55 0.242857 0.113316 0.19296 0.18441 -0.228526 -0.456745 -0.126735
267 26.65 0.185714 0.15525 0.193926 0.104264 -0.292548 -0.451081 -0.112392
268 26.75 0.157143 0.203959 0.179559 0.231794 -0.295111 -0.335968 -0.0737026
269 26.85 0.128571 0.0922339 0.121993 0.117436 -0.323646 -0.209562 -0.0885044
270 26.95 0.271429 0.114403 0.219974 0.449811 -0.287714 -0.135478 -0.0512365
271 27.05 0.2 0.18996 0.0533894 0.255331 -0.257968 -0.186364 -0.0443888
272 27.15 0.142857 0.0865545 0.0737808 0.0895341 -0.153202 -0.169549 0.00170795
273 27.25 0.142857 0.252479 0.141175 0.106444 -0.129984 -0.145999 0.0537222
274 27.35 0.114286 0.0211053 0.102764 0.128812 -0.0764379 -0.0846713 0.00487819
275 27.45 0.0714286 0.0457163 0.0788885 0.13837 -0.0988808 -0.0572266 -0.0188705
276 27.55 0.0714286 0.0602493 0.0349072 0.0312797 -0.0681261 -0.00720577 -0.0151185
277 27.65 0.0428571 0.0428088 0.0152827 0.0290695 -0.0497854 -0.0230265 -0.0100099
278 27.75 0.0428571 0.0559032 0.0273853 0.0245483 -0.0440719 -0.0449439 -0.0121754
279 27.85 0.0571429 0.0446284 0.0541972 0.0111862 -0.0318327 -0.0337847 0.000769457
280 27.95 0.0857143 0.0326793 0.043524 0.128063 -0.0353219 -0.0364039 0.0056059
281 28.05 0.0714286 0.0956086 0.0456752 0.0893371 -0.0108645 -0.0309098 -0.0202242
282 28.15 0.0285714 0.0158541 0.00843973 0.0170303 -0.0500154 -0.0310463 -0.014251
283 28.25 0.0142857 0.0275748 0.00352426 0.0143369 -0.00564498 -0.00335651 -0.00889749
284 28.35 0.0142857 0.0242693 0.0961833 0.0077801 -0.00453583 -0.00631432 -0.0082283
285 28.45 0 0 0 0 -0.00387557 -0.00646941 -0.00781487
286 28.55 0.0142857 0.00268356 0.0033914 0.0254363 -0.00376638 -0.00629801 -0.00748602
287 28.65 0.0142857 0.0170823 0.0461429 0.000593547 -0.00281189 -0.00122331 -0.00435655
288 28.75 0.0142857 0.0503385 0.00543366 0.0319033 -0.00279092 -0.000938764 -0.00482191
289 28.85 0 0 0 0 -0.00274858 -0.000938821 -0.00590981
290 28.95 0.0142857 0.000992913 0.0176119 0.00493661 -0.00178998 -0.000952098 -0.00397599
291 29.05 0 0 0 0 -0.00156072 -0.000955273 -0.0035135
292 29.15 0.0142857 0.0185683 0.000594392 0.0019418 -0.00154597 -0.000954828 -0.00346673
293 29.25 0.0142857 0.000488363 0.00390491 0.00664375 -0.00134988 -0.000912515 -0.00321505
294 29.35 0.0142857 0.000141066 0.000668151 4.19053e-05 -0.000780245 -0.000691926 -0.00291325
295 29.45 0.0142857 0.00305323 0.0154366 0.000728037 -0.000331091 -0.000495313 -0.00263614
296 29.55 0 0 0 0 -0.000328563 -0.00048916 -0.00262376
297 29.65 0 0 0 0 -0.000328563 -0.00048916 -0.00262376
298 29.75 0.0142857 0.0390443 0.000361025 0.0183339 -0.000319625 -0.000479494 -0.00258703
299 29.85 0 0 0 0 -0.000316353 -0.000475955 -0.00257359
300 29.95 0 0 0 0 -0.000316353 -0.000475955 -0.00257359
301 30.05 0.0285714 0.0189009 0.01885 0.00982536 -0.000440693 -0.00143821 -0.00283265
302 30.15 0.0142857 0.0141077 0.00018286 0.0252362 -0.000820636 -0.00452303 -0.0038664
303 30.25 0.0142857 0.0255359 0.00784581 0.0019504 -0.00108332 -0.00675427 -0.00481819
304 30.35 0.0142857 0.00728925 0.0202167 0.00175183 -0.00115548 -0.00750207 -0.00486327
305 30.45 0 0 0 0 -0.00119477 -0.00797522 -0.00491293
306 30.55 0.0285714 0.0787215 0.00975164 0.0916448 -0.000866008 -0.00540638 -0.00467842
307 30.65 0.0142857 0.00387584 0.00206944 0.0487571 -0.000754588 -0.00395722 -0.00445236
308 30.75 0.0142857 0.0408188 1.89815e-05 0.00457986 -0.000665532 -0.00248394 -0.00416148
309 30.85 0.0285714 0.00166165 0.0537425 0.00365725 0.012773 0.000382503 -0.0040943
310 30.95 0.0285714 0.00467899 0.0689842 0.0310065 -0.000661059 -0.00321803 -0.00472302
311 31.05 0.0428571 0.0246301 0.0394597 0.0214958 -0.0353827 -0.0035369 -0.00544567
312 31.15 0.0142857 0.00841474 0.00434916 0.00628676 -0.00793106 -0.0028709 -0.0052315
313 31.25 0.0285714 0.0346022 0.0052895 0.00456305 -0.000723271 -0.00412812 -0.00585562
314 31.35 0.0142857 0.000583474 0.0387078 0.000266042 -0.00841109 -0.00989529 -0.00833272
315 31.45 0.0571429 0.110019 0.0159598 0.0113602 -0.0289978 -0.0178317 -0.00697353
316 31.55 0 0 0 0 -0.00617708 -0.0107623 -0.00641736
317 31.65 0.0428571 0.00783658 0.0384533 0.00526408 -0.00607145 -0.0105072 -0.00640392
318 31.75 0.0142857 2.39671e-06 0.00928339 0.00189832 -0.00590111 -0.0101855 -0.00636445
319 31.85 0.0142857 0.00321331 0.0215999 0.021914 -0.00374498 -0.00889377 -0.00657804
320 31.95 0.0142857 0.0179389 0.000886042 0.00105861 -0.00293975 -0.00787342 -0.00636951
321 32.05 0.0428571 0.105749 0.00688768 0.0141749 -0.00397583 -0.00309286 -0.00489691
322 32.15 0 0 0 0 -0.00315185 -0.00211279 -0.00445407
323 32.25 0.0142857 0.00666341 0.000462328 0.00203075 -0.00315202 -0.00210422 -0.00445208
324 32.35 0.0142857 0.0144916 0.012889 0.000589681 -0.00314561 -0.00188435 -0.00439725
325 32.45 0 0 0 0 -0.00305114 -0.00185846 -0.00435837
326 32.55 0.0428571 0.0424361 0.0135832 0.0414342 -0.00303439 -0.00183584 -0.00432137
327 32.65 0.0142857 0.0079918 0.00459602 0.00186355 -0.00313426 -0.00188761 -0.00365822
328 32.75 0.0714286 0.0558203 0.0655751 0.0264747 -0.00296599 -0.00183338 -0.00292929
329 32.85 0.0285714 0.00302097 0.0506359 0.0275028 -0.00227189 -0.00239302 -0.00414188
330 32.95 0.0142857 0.0337398 0.00194195 9.67253e-05 -0.00230113 -0.00298415 -0.00423992
331 33.05 0.0285714 0.000245283 0.00587094 0.0108931 -0.00178459 -0.00360447 -0.00427313
332 33.15 0 0 0 0 -0.0014048 -0.00285345 -0.00407371
333 33.25 0.0428571 0.0492706 0.0214121 0.0575234 -0.00128951 -0.00298046 -0.00438548
334 33.35 0 0 0 0 -0.00408286 -0.00316728 -0.00634616
335 33.45 0 0 0 0 -0.00408286 -0.00316728 -0.00634616
336 33.55 0.0285714 0.0186568 0.00397001 0.00774773 -0.00522987 -0.00200206 -0.00573596
337 33.65 0 0 0 0 -0.00595505 -0.00115358 -0.0053034
338 33.75 0.0285714 0.0416325 0.00263294 0.00592291 -0.00593749 -0.00117351 -0.00522321
339 33.85 0.0142857 0.000263502 0.00152931 0.00467546 -0.00659315 -0.00349029 -0.00542976
340 33.95 0.0142857 0.00351884 0.0104472 0.0205505 -0.00669749 -0.00392858 -0.00573392
341 34.05 0.0285714 0.00691703 0.0157758 0.0185087 -0.00558282 -0.00329019 -0.00511777
342 34.15 0.0142857 0.000114408 4.79434e-06 0.0146012 -0.00275705 -0.00170471 -0.00347372
343 34.25 0.0142857 0.00462857 0.00434172 0.0116475 -0.0145891 -0.00210367 -0.00322962
344 34.35 0.0428571 0.0184521 0.00739499 0.010668 -0.0447167 -0.0066449 -0.00314999
345 34.45 0 0 0 0 -0.000987369 -0.00232659 -0.00268507
346 34.55 0 0 0 0 -0.000987369 -0.00232659 -0.00268507
347 34.65 0.0571429 0.0246518 0.0825605 0.0330753 -0.000640458 -0.00167271 -0.00232793
348 34.75 0.0285714 0.00898071 0.0389992 0.15028 -0.000525394 -0.00163768 -0.0024535
349 34.85 0.0142857 0.00357159 0.00741076 0.00501573 -0.000291586 -0.00144094 -0.00237764
350 34.95 0.0142857 0.0447446 7.27386e-06 0.0148981 -0.00051705 -0.00163702 -0.0052597
351 35.05 0.0428571 0.0410198 0.0408305 0.00396343 -0.00119199 -0.00170884 -0.00473085
352 35.15 0.0142857 0.00157589 0.00050727 0.0480351 0.00641228 0.000160109 0.00316234
353 35.25 0 0 0 0 0.00645544 0.000169978 0.00325406
354 35.35 0.0285714 0.0317929 0.00802482 0.0137538 0.00689501 -0.000142546 0.00281952
355 35.45 0 0 0 0 0.00754309 -0.000600112 0.00217692
356 35.55 0.0714286 0.0222857 0.0278708 0.0119287 0.00804536 1.69798e-05 0.00429028
357 35.65 0 0 0 0 0.0126921 0.000661115 0.00615775
358 35.75 0.0142857 0.00126107 0.028072 0.00737306 0.00962062 -0.000338952 0.00212179
359 35.85 0 0 0 0 0.00432298 -0.00206386 -0.00483941
360 35.95 0.0714286 0.0244202 0.0593985 1.47167e-05 0.00430895 -0.00529139 -0.00505194
4200 360
1 0.05 0.0125 0.018009 0.00228703 0.00495739 0.00370973 -0.00555481 -0.00345223
2 0.15 0.0375 0.0197252 0.0168439 0.0097072 0.00261222 -0.00585954 -0.00262202
3 0.25 0.0375 0.00256831 0.00681943 0.00640323 -0.00257127 -0.00900973 -0.00465568
4 0.35 0.0375 0.0193408 0.0042046 0.000557256 -0.0018101 -0.00754613 -0.00249877
5 0.45 0.025 0.000783556 0.00215287 0.0132027 -0.0018124 -0.00709515 -0.00247285
6 0.55 0.0125 0.0316442 0.00112762 0.118759 -0.00173322 -0.00732828 -0.0025491
7 0.65 0.025 0.0109703 0.0351227 0.013847 -0.00306648 -0.00987151 -0.00312018
8 0.75 0.025 0.0144847 0.0110059 0.00757604 -0.00244463 -0.0110094 -0.00334331
9 0.85 0 0 0 0 -0.00242865 -0.0113143 -0.00364081
10 0.95 0.025 0.0250099 0.017364 0.00762407 -0.00658898 -0.00768436 -0.00326722
11 1.05 0.0125 0.000963473 0.00112374 2.01378e-06 -0.00723125 -0.00375718 -0.00276031
12 1.15 0 0 0 0 -0.000200696 -0.00272288 -0.00247807
13 1.25 0.025 0.0169033 0.0106803 0.0113236 -0.000177012 -0.0026946 -0.00242079
14 1.35 0.0125 0.000119558 0.0075836 0.00102554 -0.000134364 -0.00260757 -0.00226356
15 1.45 0.025 0.000988711 0.017747 0.00644883 -0.000165763 -0.00261313 -0.00223489
16 1.55 0.025 0.0236074 0.0130131 0.0104946 -0.000338516 -0.00364365 -0.00190541
17 1.65 0.0125 0.00282372 0.0161622 3.98901e-05 -0.000402125 -0.000478992 -0.000263835
18 1.75 0.0125 0.0245665 0.00136974 0.0018072 -0.00281744 -0.000775336 -0.00351951
19 1.85 0 0 0 0 -0.00284436 -0.000775572 -0.00373894
20 1.95 0.0125 0.000130957 0.00859447 0.000418169 -0.0028349 -0.000733822 -0.00370807
21 2.05 0.0125 4.91703e-05 0.00886169 0.000275401 -0.00276119 -0.000431504 -0.00363785
22 2.15 0 0 0 0 -0.00276056 -0.000428941 -0.00363738
23 2.25 0.0125 0.024991 0.00266247 0.0596751 -0.00274798 -0.000425848 -0.0036373
24 2.35 0 0 0 0 -0.00272354 -0.000419843 -0.00363716
25 2.45 0.025 0.0062556 0.0230951 0.0124022 -0.00153412 -0.000432833 -0.00305635
26 2.55 0 0 0 0 -0.000941372 -0.000821673 -0.00289314
27 2.65 0.025 1.27317e-05 0.00911136 0.0191614 -0.000999871 -0.00082116 -0.00288992
28 2.75 0.0125 0.00285708 0.00234215 0.0205941 -0.00118423 -0.000829154 -0.00288179
29 2.85 0.025 0.0131472 0.00237617 0.0389278 -0.000710447 -0.000908222 -0.00116519
30 2.95 0 0 0 0 -0.000558492 -0.000889397 -0.000196673
31 3.05 0.025 0.00648754 0.00937314 0.00949355 -0.00245687 -0.000494279 -0.00100036
32 3.15 0 0 0 0 -0.00364327 -0.000252821 -0.00150461
33 3.25 0 0 0 0 -0.00364327 -0.000252821 -0.00150461
34 3.35 0 0 0 0 -0.00364327 -0.000252821 -0.00150461
35 3.45 0 0 0 0 -0.00364327 -0.000252821 -0.00150461
36 3.55 0.0125 0.00991839 0.0101103 0.00863349 -0.00364379 -0.000252504 -0.00150495
37 3.65 0 0 0 0 -0.00364518 -0.000251668 -0.00150583
38 3.75 0.0125 0.0046838 0.00203837 0.00519826 -0.000970633 -0.000102405 -0.000453339
39 3.85 0 0 0 0 -1.62155e-05 -4.91402e-05 -7.77547e-05
40 3.95 0 0 0 0 -1.62155e-05 -4.91402e-05 -7.77547e-05
41 4.05 0 0 0 0 -1.62155e-05 -4.91402e-05 -7.77547e-05
42 4.15 0 0 0 0 -1.62155e-05 -4.91402e-05 -7.77547e-05
43 4.25 0.0125 0.0112439 0.00978031 0.0293133 -6.34055e-05 -4.99248e-05 -0.000126183
44 4.35 0 0 0 0 -7.76288e-05 -5.01613e-05 -0.00014078
45 4.45 0 0 0 0 -7.76288e-05 -5.01613e-05 -0.00014078
46 4.55 0 0 0 0 -7.76288e-05 -5.01613e-05 -0.00014078
47 4.65 0 0 0 0 -7.76288e-05 -5.01613e-05 -0.00014078
48 4.75 0.0125 8.67901e-05 0.0149635 0.00650045 0.00644565 0.0194376 0.0141396
49 4.85 0 0 0 0 0.0109117 0.0327797 0.0239164
50 4.95 0 0 0 0 0.0109117 0.0327797 0.0239164
51 5.05 0 0 0 0 0.0109117 0.0327797 0.0239164
52 5.15 0.0125 2.3738e-05 0.00804829 0.0106894 0.0107714 0.0327439 0.0239009
53 5.25 0.025 0.00498855 0.0190812 0.00789633 0.0107249 0.0326599 0.0238616
54 5.35 0.0125 0.000977719 0.0266041 0.0142116 0.00252751 0.00824059 0.00603875
55 5.45 0.0125 0.00152658 0.00575538 0.000912067 -0.00039009 -0.000532862 -0.000395616
56 5.55 0.025 0.0144983 0.0174239 0.0109169 -0.000408177 -0.000853942 -0.000658503
57 5.65 0 0 0 0 -0.000415337 -0.000866261 -0.000697765
58 5.75 0 0 0 0 -0.000415337 -0.000866261 -0.000697765
59 5.85 0.0125 0.0229822 0.0242229 0.0377567 -0.000426913 -0.000868934 -0.000704197
60 5.95 0.0125 0.00473838 0.00193245 0.0233152 -0.000577094 -0.000847868 -0.00099427
61 6.05 0 0 0 0 -0.000548035 -0.00083287 -0.00100884
62 6.15 0 0 0 0 -0.000548035 -0.00083287 -0.00100884
63 6.25 0.025 0.00915857 0.00289527 0.129079 -0.000597621 -0.000913728 -0.00149521
64 6.35 0.0125 0.00660721 0.000729004 0.000359679 -0.000770455 -0.00108539 -0.00459704
65 6.45 0 0 0 0 -0.000785545 -0.00111296 -0.00477294
66 6.55 0.0125 0.0130734 0.000562171 0.00139706 0.00178449 0.00395172 -0.00276686
67 6.65 0 0 0 0 0.013266 0.026578 0.00619524
68 6.75 0.0125 0.00765348 0.00585419 0.0148548 0.0132978 0.0262147 0.00516938
69 6.85 0.0125 0.00331976 9.03395e-05 0.0017511 0.0132339 0.0260028 0.00462578
70 6.95 0 0 0 0 0.0132288 0.0259983 0.00461661
71 7.05 0.025 0.000475272 0.00909363 0.0283656 0.00819966 0.0200312 -0.0011041
72 7.15 0.025 0.00121929 0.019677 0.00979488 -0.00229667 0.00707355 -0.00944365
73 7.25 0.0125 0.00802941 0.00778538 5.80285e-05 -0.00284637 0.00671398 -0.0104396
74 7.35 0.0125 0.00100966 0.0252753 0.018131 -0.00825864 0.00541836 -0.0141641
75 7.45 0.025 0.00419011 0.0122025 0.0240463 -0.0088096 0.00302603 -0.0156753
76 7.55 0.025 0.0214073 0.0144769 0.00955863 -0.010763 0.00226435 -0.0188848
77 7.65 0.0375 0.013843 0.0370356 0.101785 -0.0464769 -0.0159415 -0.0257311
78 7.75 0.075 0.0328999 0.0617821 0.0396572 -0.0317294 -0.0240243 -0.0460105
79 7.85 0.025 0.00841503 0.0181748 0.026196 -0.048085 -0.029434 -0.0563971
80 7.95 0.0625 0.105763 0.0211679 0.0487826 -0.0446642 -0.0313977 -0.0615486
81 8.05 0.0875 0.0583062 0.0429271 0.0556905 -0.0445058 -0.063372 -0.0763359
82 8.15 0.1 0.047076 0.0825627 0.100225 -0.0787591 -0.0749332 -0.0874534
83 8.25 0.0375 0.0593674 0.0140993 0.0298726 -0.102535 -0.0955553 -0.108669
84 8.35 0.05 0.067722 0.0440838 0.0300198 -0.108958 -0.0989086 -0.11566
85 8.45 0.1375 0.110542 0.0692449 0.100748 -0.0890346 -0.137805 -0.125919
86 8.55 0.175 0.154726 0.128481 0.0995805 -0.139359 -0.149823 -0.146878
87 8.65 0.05 0.0101503 0.0658487 0.0544973 -0.225425 -0.142303 -0.16423
88 8.75 0.1125 0.0713861 0.0663438 0.128386 -0.0790787 -0.00919452 -0.17158
89 8.85 0.15 0.0505446 0.170067 0.122626 -0.127539 -0.169233 -0.175813
90 8.95 0.2125 0.184225 0.308655 0.121268 -0.162722 -0.125547 -0.18831
91 9.05 0.225 0.219375 0.102311 0.177482 -0.117106 -0.00863544 -0.192775
92 9.15 0.2375 0.126705 0.206177 0.260627 0.00890935 -0.156513 -0.180651
93 9.25 0.3 0.270812 0.192958 0.159855 -0.423539 -0.353691 -0.235288
94 9.35 0.3125 0.23883 0.167863 0.382079 -0.440025 -0.499234 -0.274869
95 9.45 0.325 0.344015 0.272647 0.310468 -0.509615 -0.541707 -0.300307
96 9.55 0.375 0.344512 0.365757 0.284375 -0.75383 -0.526659 -0.281667
97 9.65 0.3125 0.358206 0.240698 0.209638 -0.690234 -0.533949 -0.364887
98 9.75 0.3 0.193771 0.2029 0.17695 -0.390295 -0.654649 -0.402747
99 9.85 0.4375 0.452169 0.291685 0.28506 -0.562038 -0.855726 -0.414096
100 9.95 0.55 0.617385 0.410922 0.483805 -0.474016 -0.47886 -0.329002
101 10.05 0.525 0.628396 0.561069 0.568713 -0.735117 -0.877878 -0.345062
102 10.15 0.45 0.416539 0.48906 0.42045 -0.590818 -1.12947 -0.431307
103 10.25 0.5 0.40676 0.381504 0.631581 -0.779166 -1.00857 -0.491194
104 10.35 0.5875 0.573596 0.440218 0.475119 -1.14295 -0.207319 -0.481076
105 10.45 0.7375 0.777314 0.622669 0.811608 -1.13965 -0.906129 -0.349267
106 10.55 0.6625 0.665151 0.413853 0.593652 -1.0156 -1.10945 -0.451227
107 10.65 0.6375 0.510793 0.415738 0.493655 -1.55267 -1.08412 -0.499571
108 10.75 0.6625 0.513589 0.715239 0.391927 -1.10975 -0.342055 -0.550409
109 10.85 0.5875 0.334692 0.441644 0.367935 -0.958054 -0.772968 -0.585898
110 10.95 0.6875 0.564722 0.543087 0.531526 -0.441839 -0.73486 -0.479119
111 11.05 0.6 0.529068 0.431835 0.489061 -1.15849 -1.25626 -0.55789
112 11.15 0.5625 0.569754 0.55888 0.43268 -1.4882 -1.27871 -0.584389
113 11.25 0.6125 0.632008 0.437179 0.404597 -1.2537 -1.6175 -0.56446
114 11.35 0.7625 0.762818 0.612933 0.653137 -1.11451 -1.62757 -0.740952
115 11.45 0.7875 0.575238 0.540638 0.576682 -1.12436 -1.0904 -0.773454
116 11.55 0.7 0.570135 0.515913 0.747403 -0.393001 -0.678334 -0.869402
117 11.65 0.7625 0.561311 0.518574 0.608168 -0.698372 -0.0963628 -0.782594
118 11.75 0.7625 0.793303 0.677109 0.568223 -0.239407 -0.37463 -0.7438
119 11.85 0.7125 0.727646 0.765727 0.555229 -0.766308 -1.05053 -0.769878
120 11.95 0.525 0.377457 0.532362 0.332488 -0.84934 -1.09919 -0.79342
121 12.05 0.775 0.536098 0.568642 0.688346 -0.939176 -1.51939 -0.809567
122 12.15 0.725 0.586907 0.772973 0.57634 -0.949933 -1.20314 -0.8147
123 12.25 0.6625 0.617209 0.547372 0.563229 -1.1241 -1.48403 -0.870941
124 12.35 0.675 0.412069 0.455658 0.544099 -0.324198 0.264942 -0.81157
125 12.45 0.825 0.383722 0.715891 0.616748 -1.10315 -0.854561 -0.993804
126 12.55 0.7375 0.440188 0.591843 0.413513 -0.512184 -1.36117 -0.987768
127 12.65 0.725 0.700902 0.55899 0.623403 -0.882627 -0.802653 -0.868646
128 12.75 0.8625 0.648041 0.5219 0.790673 -1.16671 -0.876918 -0.683371
129 12.85 0.75 0.899471 0.655174 0.641423 -0.84205 -0.549956 -0.497636
130 12.95 0.6625 0.64791 0.462714 0.579977 -1.45377 -1.20901 -0.603845
131 13.05 0.775 0.854216 0.658809 0.572371 -1.38377 -1.72678 -0.535124
132 13.15 0.7 0.584284 0.794248 0.581619 -0.21818 -1.40208 -0.413214
133 13.25 0.675 0.568291 0.620903 0.487647 0.0168459 -0.995346 -0.436018
134 13.35 0.8 0.629782 0.729821 0.475418 -0.682251 -0.141092 -0.395922
135 13.45 0.9 0.679626 0.720574 1.13314 -0.862497 -0.49003 -0.398397
136 13.55 0.7375 0.501476 0.644186 0.474715 -0.135578 -0.453675 -0.421658
137 13.65 0.8375 0.808884 0.679561 0.502969 -0.776422 -0.710681 -0.626972
138 13.75 0.6625 0.476249 0.603206 0.394208 -0.24722 -0.474355 -0.746551
139 13.85 0.725 0.842082 0.752278 0.642425 -0.398919 -1.07521 -0.823503
140 13.95 0.7875 0.695904 0.514872 0.928087 0.474314 -0.474174 -0.64722
141 14.05 0.675 0.651844 0.771197 0.608426 0.332854 -0.082131 -0.676547
142 14.15 0.75 0.8289 0.661647 0.492103 -0.297269 -0.828265 -0.616596
143 14.25 0.8375 0.853305 0.807352 0.70621 -0.710191 -0.641938 -0.583947
144 14.35 0.8 0.736086 0.750235 0.455025 -0.468241 -0.578359 -0.605621
145 14.45 0.775 0.580576 0.861299 0.671113 -0.635014 -0.305653 -0.654826
146 14.55 0.825 0.664342 0.627809 0.720493 -0.454849 -0.761443 -0.668827
147 14.65 0.825 0.717792 0.71539 0.919108 -0.0319383 -0.395837 -0.499703
148 14.75 0.6375 0.562498 0.67833 0.467417 -1.15142 -1.07774 -0.513022
149 14.85 0.725 0.517973 0.868995 0.606535 -1.18946 -1.04889 -0.607616
150 14.95 0.65 0.520075 0.508984 0.527884 -1.39679 -1.15739 -0.565724
151 15.05 0.85 0.64498 0.796309 0.899128 -0.72708 -0.480524 -0.65097
152 15.15 0.7375 0.642218 0.458969 0.620171 -1.0704 -0.476789 -0.763053
153 15.25 0.8125 0.761064 0.634509 0.53291 -1.03846 -1.23706 -0.848025
154 15.35 0.7 0.613528 0.346782 0.488158 -0.358162 -0.33142 -0.86439
155 15.45 0.8625 0.717375 1.0071 0.810762 -0.535864 -0.592061 -0.938483
156 15.55 0.7 0.823138 0.676653 0.536638 -0.923876 -0.91826 -0.936116
157 15.65 0.55 0.453904 0.433026 0.349782 -0.857473 -0.963847 -0.938456
158 15.75 0.775 0.519654 0.618873 0.802101 -0.843986 -0.459301 -0.698435
159 15.85 0.725 0.646424 0.7023 0.662615 -0.732293 -0.687962 -0.717371
160 15.95 0.7625 1.02905 0.658022 0.645834 -0.926547 -0.733752 -0.843995
161 16.05 0.8125 0.908785 0.789783 0.618034 -0.905695 -0.959882 -0.785204
162 16.15 0.6875 0.715865 0.602822 0.591645 -1.32933 -1.15472 -0.481173
163 16.25 0.8 0.730737 0.993406 0.777402 -0.69369 -1.48884 -0.511974
164 16.35 0.6875 0.658136 0.561603 0.469053 -0.786086 -0.58546 -0.536785
165 16.45 0.8375 0.674399 0.597478 0.716949 0.00235533 -0.658704 -0.608272
166 16.55 0.875 0.703347 0.762109 0.645806 -1.06847 -1.08467 -0.49186
167 16.65 0.6125 0.553167 0.6489 0.457959 -0.895964 -1.09011 -0.289892
168 16.75 0.6875 0.564236 0.745127 0.582376 -1.3523 -0.848959 -0.474623
169 16.85 0.6875 0.378268 0.488151 0.500387 -0.374746 -0.711862 -0.585856
170 16.95 0.5875 0.471837 0.660792 0.490845 -0.169413 -1.05957 -0.542262
171 17.05 0.7 0.509627 0.586145 0.719972 -1.32525 -1.19558 -0.633575
172 17.15 0.75 0.42404 0.527971 0.775225 -1.45876 -0.920873 -0.721462
173 17.25 0.8375 0.774594 0.532757 0.647913 -1.32579 -0.553905 -0.756631
174 17.35 0.7875 0.721983 0.837205 0.860703 -0.736791 -0.183923 -0.740261
175 17.45 0.85 0.627969 0.656249 0.670393 -1.54519 -0.385813 -0.686184
176 17.55 0.875 0.592588 0.870236 0.674286 -1.10971 -0.641538 -0.628548
177 17.65 0.625 0.490009 0.458178 0.647534 -1.24894 -0.978029 -0.596432
178 17.75 0.675 0.480477 0.637289 0.556787 -0.495093 -0.585966 -0.453852
179 17.85 0.75 0.621188 0.453924 0.642001 -0.763276 -1.02711 -0.417689
180 17.95 0.725 0.630813 0.63067 0.499257 -0.0841455 -0.854228 -0.444934
181 18.05 0.7375 0.540763 0.559519 0.543215 -0.995205 -1.05851 -0.541205
182 18.15 0.7375 0.688508 0.752223 0.553556 -0.771735 -1.17892 -0.643865
183 18.25 0.8375 0.754537 0.724755 0.626786 -1.42622 -1.55803 -0.971102
184 18.35 0.75 0.35408 0.717745 0.461369 -1.5675 -1.32216 -1.09419
185 18.45 0.7 0.740706 0.732475 0.58109 -1.34105 -0.968036 -1.04254
186 18.55 0.775 0.580523 0.64334 0.502433 -1.00444 -1.23741 -1.04733
187 18.65 0.7 0.817506 0.592511 0.617975 -1.44845 -0.655191 -1.00561
188 18.75 0.7125 0.705958 0.691716 0.525486 -1.32306 -0.540532 -0.920547
189 18.85 0.775 1.07959 0.494558 0.6081 -1.62734 -0.791798 -0.904497
190 18.95 0.85 0.823878 0.86047 0.633804 -1.67387 -1.11344 -0.948595
191 19.05 0.7625 0.497761 0.604117 0.723541 -1.36023 -1.01406 -0.992261
192 19.15 0.575 0.446983 0.537984 0.515406 -1.29179 -0.852507 -1.05735
193 19.25 0.9375 0.922648 0.745303 0.507124 -1.1003 -1.78382 -1.047
194 19.35 0.6875 0.699332 0.648626 0.402081 0.12043 -1.71014 -1.13774
195 19.45 0.6625 0.689956 0.521474 0.637034 0.0972543 -0.740118 -1.11734
196 19.55 0.6125 0.555526 0.659668 0.480469 -1.09686 -1.13478 -1.23019
197 19.65 0.825 0.791276 0.608796 0.748911 -1.39107 -1.36166 -1.2192
198 19.75 0.8 0.627637 0.599117 0.557501 -1.06715 -1.49932 -1.19328
199 19.85 0.7125 0.34368 0.597339 0.717293 -1.47999 -1.41862 -1.26716
200 19.95 0.725 0.535431 0.478154 0.700461 -0.649454 -0.646578 -1.25004
201 20.05 0.8 0.615019 0.508012 0.5977 -0.369161 -0.622523 -1.1891
202 20.15 0.8375 0.654874 0.726241 0.777157 -1.02145 -1.32635 -1.13611
203 20.25 0.725 0.490349 0.811939 0.394328 -0.825206 -1.02871 -1.01758
204 20.35 0.65 0.408702 0.580775 0.504252 -0.717997 -0.251061 -0.873571
205 20.45 0.775 0.739587 0.479906 0.839771 -0.921279 -0.454138 -0.755965
206 20.55 0.6875 0.572623 0.554416 0.589777 -0.967574 -0.305955 -0.782913
207 20.65 0.825 1.00031 0.919913 0.884655 -1.01326 -1.07181 -0.905768
208 20.75 0.8 0.651419 0.870438 0.65535 -0.950372 -0.76299 -0.866739
209 20.85 0.7375 0.638586 0.516441 0.564084 -1.30825 -1.13159 -0.768682
210 20.95 0.7125 0.664747 0.687658 0.743462 -0.752084 -0.691999 -0.560322
211 21.05 0.775 0.647647 0.646489 0.732836 -0.777128 -0.637218 -0.620411
212 21.15 0.8125 0.91261 0.617525 0.563573 -0.839341 -0.945236 -0.633117
213 21.25 0.625 0.568612 0.421352 0.447894 -0.40651 -0.726005 -0.464337
214 21.35 0.85 0.591349 0.837137 0.78333 0.381084 0.373312 -0.406533
215 21.45 0.75 0.778675 0.527965 0.699814 -0.119886 -0.0434996 -0.440085
216 21.55 0.8625 0.836219 0.770795 0.727352 -0.331736 -0.0595618 -0.50242
217 21.65 0.6875 0.606504 0.55887 0.452095 -0.893376 -1.24504 -0.634257
218 21.75 0.8375 0.799405 0.572858 0.703075 -0.338495 -1.17476 -0.701382
219 21.85 0.65 0.489176 0.530666 0.322399 -0.202529 -0.738232 -0.729577
220 21.95 0.7625 0.654134 0.617324 0.701488 -0.882228 -1.27054 -0.800802
221 22.05 0.7125 0.467172 0.518938 0.715752 -1.15527 -0.75341 -0.879238
222 22.15 0.7375 0.628414 0.599253 0.859218 -0.529961 -0.15645 -0.883622
223 22.25 0.775 0.591311 0.585001 0.849643 0.164342 -0.308673 -0.945561
224 22.35 0.75 0.848175 0.640021 0.619449 -0.644543 -0.0709627 -0.919478
225 22.45 0.875 0.668734 0.659928 0.901075 -0.521077 -0.221906 -0.901319
226 22.55 0.625 0.527693 0.689064 0.531375 -0.376848 -0.483962 -1.00002
227 22.65 0.8125 0.623538 0.803183 0.802613 -1.04933 -1.49759 -1.10467
228 22.75 0.7875 0.748252 0.802634 0.625842 -1.16342 -1.50254 -1.21062
229 22.85 0.725 0.654656 0.818425 0.534893 -0.774623 -1.17449 -1.13354
230 22.95 0.525 0.37933 0.5587 0.597286 -0.609335 -1.30806 -1.13271
231 23.05 0.775 0.854777 0.619353 0.635879 -0.385153 -1.04129 -1.11354
232 23.15 0.8125 0.597818 0.813327 0.747898 -1.4703 -1.30342 -1.13055
233 23.25 0.7625 0.917869 0.714428 0.399527 -0.536168 -0.261304 -0.998653
234 23.35 0.8125 0.815505 0.543108 0.814599 -0.728221 -1.09516 -1.02884
235 23.45 0.725 0.603397 0.515821 0.698689 -0.161972 -1.15519 -1.08201
236 23.55 0.7 0.510153 0.810266 0.753558 -0.898315 -1.26973 -1.10729
237 23.65 0.65 0.573168 0.547083 0.577963 -1.67709 -1.58073 -1.17287
238 23.75 0.65 0.596827 0.723435 0.502149 -1.77029 -1.83788 -1.15989
239 23.85 0.775 0.405955 0.535778 0.597993 -1.54902 -1.35316 -0.968869
240 23.95 0.625 0.497801 0.495152 0.361294 -1.1589 -0.638758 -0.949724
241 24.05 0.8625 0.94065 0.892503 0.806829 -0.96812 -0.716137 -0.898223
242 24.15 0.8375 0.758019 0.8153 0.913949 -0.599815 -0.677082 -0.910559
243 24.25 0.725 0.746736 0.813801 0.86939 -1.32975 -0.922702 -0.758552
244 24.35 0.825 0.834699 0.844528 0.631358 -0.866344 0.0382428 -0.748021
245 24.45 0.5625 0.353094 0.600732 0.76461 -0.346216 -0.0895142 -0.618636
246 24.55 0.625 0.340376 0.462334 0.561525 -0.837686 -0.992282 -0.586691
247 24.65 0.6875 0.623138 0.446619 0.589873 -0.30866 -0.866732 -0.542272
248 24.75 0.675 0.511189 0.630926 0.529892 -1.62414 -1.15983 -0.667893
249 24.85 0.725 0.651478 0.445102 0.708193 -1.74269 -1.16124 -0.749354
250 24.95 0.7125 0.540425 0.534835 0.662903 -1.13712 -1.64231 -0.720656
251 25.05 0.725 0.521161 0.814309 0.55547 -1.27821 -1.08664 -0.678373
252 25.15 0.7375 0.597911 0.773212 0.768256 -1.3127 -0.96831 -0.657943
253 25.25 0.6125 0.739819 0.449415 0.482702 -1.21627 -1.09107 -0.68662
254 25.35 0.6375 0.537098 0.580097 0.484424 -1.03547 -0.935296 -0.670821
255 25.45 0.5375 0.559182 0.37966 0.414465 -1.24339 -1.0921 -0.644938
256 25.55 0.525 0.336789 0.453114 0.471912 -1.28657 -0.937869 -0.527577
257 25.65 0.55 0.29495 0.48256 0.426846 -1.08021 -0.818409 -0.421103
258 25.75 0.5875 0.391038 0.453675 0.609799 -0.869289 -0.842917 -0.365766
259 25.85 0.475 0.539908 0.301142 0.326059 -0.625664 -0.797826 -0.365379
260 25.95 0.6 0.473487 0.656597 0.523829 -0.81169 -0.878032 -0.353811
261 26.05 0.45 0.413313 0.304399 0.393179 -0.806093 -0.282183 -0.44457
262 26.15 0.5375 0.465714 0.482001 0.318576 -0.559103 -0.390291 -0.373232
263 26.25 0.3625 0.317762 0.289605 0.350748 -0.187834 -0.533618 -0.238599
264 26.35 0.35 0.232752 0.347831 0.411455 -0.113062 -0.687366 -0.204915
265 26.45 0.425 0.52737 0.511927 0.296948 -0.240955 -0.714725 -0.0751487
266 26.55 0.2625 0.119625 0.195975 0.178671 -0.269271 -0.463796 -0.0718685
267 26.65 0.175 0.195458 0.17205 0.0912328 -0.292138 -0.431509 -0.083663
268 26.75 0.15 0.228557 0.217623 0.203491 -0.294305 -0.331285 -0.0531782
269 26.85 0.1125 0.0807047 0.106744 0.102757 -0.316285 -0.227031 -0.0898593
270 26.95 0.2625 0.106439 0.23813 0.403995 -0.274803 -0.124963 -0.049728
271 27.05 0.1875 0.194753 0.0470738 0.239911 -0.239235 -0.148147 -0.041587
272 27.15 0.175 0.124232 0.0963253 0.135568 -0.182941 -0.195913 0.00451379
273 27.25 0.1625 0.247675 0.145897 0.14003 -0.151493 -0.157464 0.0522284
274 27.35 0.1125 0.032073 0.0929416 0.134446 -0.0777589 -0.0832476 0.00825392
275 27.45 0.075 0.0414147 0.0708741 0.125457 -0.086442 -0.0568277 -0.019394
276 27.55 0.0625 0.0527181 0.0305438 0.0273697 -0.0623061 -0.0103754 -0.0154506
277 27.65 0.05 0.0374796 0.0354846 0.0269557 -0.0438619 -0.0205348 -0.00963202
278 27.75 0.0375 0.0489153 0.0239621 0.0214798 -0.0387911 -0.0396025 -0.0114866
279 27.85 0.05 0.0390498 0.0474225 0.00978791 -0.0280818 -0.0298383 -0.000159812
280 27.95 0.075 0.0285944 0.0380835 0.112055 -0.0311348 -0.0321301 0.00407207
281 28.05 0.0625 0.0836575 0.0399658 0.07817 -0.00973462 -0.0273227 -0.0185292
282 28.15 0.025 0.0138723 0.00738477 0.0149015 -0.0439916 -0.0274421 -0.0133027
283 28.25 0.0125 0.024128 0.00308372 0.0125448 -0.00516752 -0.00321358 -0.00861839
284 28.35 0.0125 0.0212356 0.0841604 0.00680759 -0.00419702 -0.00580166 -0.00803285
285 28.45 0 0 0 0 -0.00361929 -0.00593737 -0.0076711
286 28.55 0.0125 0.00234812 0.00296747 0.0222568 -0.00352375 -0.00578739 -0.00738335
287 28.65 0.025 0.0307154 0.042974 0.00897301 -0.0027214 -0.00139568 -0.00504506
288 28.75 0.0125 0.0440462 0.00475445 0.0279154 -0.00289977 -0.00143828 -0.00784934
289 28.85 0 0 0 0 -0.00286273 -0.00143833 -0.00880126
290 28.95 0.025 0.014169 0.0644728 0.0081371 -0.00215219 -0.00159577 -0.00762866
291 29.05 0 0 0 0 -0.001966 -0.00161494 -0.00728234
292 29.15 0.0125 0.0162473 0.000520093 0.00169907 -0.0019531 -0.00161455 -0.00724142
293 29.25 0.0125 0.000427318 0.0034168 0.00581328 -0.00178151 -0.00157752 -0.0070212
294 29.35 0.0125 0.000123433 0.000584632 3.66671e-05 -0.00128309 -0.00138451 -0.00675712
295 29.45 0.0125 0.00267157 0.013507 0.000637033 -0.000890076 -0.00121247 -0.00651465
296 29.55 0.0125 0.027434 0.00506089 0.00199883 -0.00174687 -0.00136596 -0.0065731
297 29.65 0 0 0 0 -0.0021474 -0.00144004 -0.00660541
298 29.75 0.0125 0.0341638 0.000315897 0.0160421 -0.00213958 -0.00143158 -0.00657327
299 29.85 0.025 0.00354939 0.0108069 0.0370412 -0.00580671 -0.0014537 -0.00550966
300 29.95 0 0 0 0 -0.0111726 -0.00137259 -0.0036585
301 30.05 0.05 0.0233968 0.065549 0.0215519 -0.0375648 -0.00658047 -0.00381722
302 30.15 0.0125 0.0123442 0.000160003 0.0220817 -0.00111834 -0.00591154 -0.0046688
303 30.25 0.025 0.0289023 0.0158185 0.0160401 -0.00124293 -0.00725922 -0.00520848
304 30.35 0.0125 0.00637809 0.0176896 0.00153285 -0.00110713 -0.00677065 -0.00469385
305 30.45 0 0 0 0 -0.00114151 -0.00718465 -0.0047373
306 30.55 0.025 0.0688813 0.00853269 0.0801892 -0.000853843 -0.00493692 -0.00453211
307 30.65 0.0125 0.00339136 0.00181076 0.0426625 -0.00075635 -0.00366891 -0.00433431
308 30.75 0.025 0.0361451 0.00344081 0.0083358 -0.000673612 -0.00237666 -0.00406083
309 30.85 0.025 0.00145395 0.0470247 0.0032001 0.0110864 0.000132277 -0.00399719
310 30.95 0.025 0.00409412 0.0603612 0.0271307 -0.000668463 -0.00301819 -0.00454732
311 31.05 0.0375 0.0215513 0.0345273 0.0188088 -0.0310499 -0.0032972 -0.00517964
312 31.15 0.0125 0.0073629 0.00380552 0.00550091 -0.00702971 -0.00271445 -0.00499224
313 31.25 0.025 0.0302769 0.00462831 0.00399267 -0.000722899 -0.00381452 -0.00553834
314 31.35 0.0125 0.00051054 0.0338693 0.000232787 -0.00744974 -0.00886079 -0.0077058
315 31.45 0.05 0.0962667 0.0139648 0.00994014 -0.0254631 -0.0158051 -0.00651652
316 31.55 0.0125 0.034254 0.0197227 0.0239162 -0.00549224 -0.00961101 -0.00601122
317 31.65 0.0375 0.006857 0.0336466 0.00460607 -0.00534552 -0.00922017 -0.00562978
318 31.75 0.0125 2.09712e-06 0.00812297 0.00166103 -0.00519647 -0.00893867 -0.00559524
319 31.85 0.025 0.00390855 0.0189612 0.0209806 -0.00330453 -0.0078043 -0.00577884
320 31.95 0.0125 0.0156965 0.000775286 0.000926283 -0.00257444 -0.0068918 -0.00558064
321 32.05 0.0375 0.0925302 0.00602672 0.0124031 -0.00348101 -0.00270882 -0.00429211
322 32.15 0 0 0 0 -0.00276003 -0.00185125 -0.00390463
323 32.25 0.0125 0.00583048 0.000404537 0.0017769 -0.00276018 -0.00184376 -0.00390289
324 32.35 0.0125 0.0126801 0.0112779 0.000515971 -0.00275457 -0.00165137 -0.00385491
325 32.45 0 0 0 0 -0.00267191 -0.00162871 -0.00382089
326 32.55 0.0375 0.0371316 0.0118853 0.0362549 -0.00265725 -0.00160892 -0.00378852
327 32.65 0.0125 0.00699283 0.00402152 0.00163061 -0.00274464 -0.00165422 -0.00320826
328 32.75 0.0625 0.0488427 0.0573782 0.0231654 -0.0025974 -0.00160677 -0.00257044
329 32.85 0.025 0.00264335 0.0443064 0.0240649 -0.00199007 -0.00209645 -0.00363146
330 32.95 0.0125 0.0295223 0.00169921 8.46346e-05 -0.00201565 -0.00261369 -0.00371725
331 33.05 0.025 0.000214623 0.00513708 0.00953143 -0.00156368 -0.00315647 -0.00374631
332 33.15 0 0 0 0 -0.00123136 -0.00249933 -0.00357182
333 33.25 0.0375 0.0431118 0.0187356 0.050333 -0.00113048 -0.00261046 -0.00384461
334 33.35 0 0 0 0 -0.00357467 -0.00277394 -0.0055602
335 33.45 0 0 0 0 -0.00357467 -0.00277394 -0.0055602
336 33.55 0.025 0.0163247 0.00347376 0.00677926 -0.0045783 -0.00175436 -0.00502628
337 33.65 0 0 0 0 -0.00521283 -0.00101194 -0.00464779
338 33.75 0.025 0.0364284 0.00230382 0.00518255 -0.00519747 -0.00102938 -0.00457762
339 33.85 0.0125 0.000230565 0.00133815 0.00409103 -0.00577116 -0.00305657 -0.00475836
340 33.95 0.0125 0.00307898 0.00914128 0.0179817 -0.00586247 -0.00344006 -0.0050245
341 34.05 0.025 0.0060524 0.0138039 0.0161951 -0.00488713 -0.00288148 -0.00448536
342 34.15 0.0125 0.000100107 4.19505e-06 0.012776 -0.00241458 -0.00149418 -0.00304682
343 34.25 0.0125 0.00405 0.00379901 0.0101915 -0.0127676 -0.00184327 -0.00283323
344 34.35 0.0375 0.0161456 0.00647062 0.00933451 -0.0391293 -0.00581685 -0.00276356
345 34.45 0 0 0 0 -0.00086611 -0.00203832 -0.00235675
346 34.55 0.0125 8.82481e-05 0.0124367 0.00288278 -0.000898504 -0.0021455 -0.00236144
347 34.65 0.05 0.0215703 0.0722404 0.0289408 -0.000655117 -0.0017724 -0.00205766
348 34.75 0.0375 0.0078723 0.0341262 0.132876 -0.000544724 -0.00170387 -0.0021673
349 34.85 0.0125 0.00312514 0.00648441 0.00438877 -0.000275148 -0.00127829 -0.00209941
350 34.95 0.025 0.0410786 0.00847343 0.0130359 -0.000468894 -0.00144796 -0.00462028
351 35.05 0.0375 0.0358924 0.0357267 0.003468 -0.00105126 -0.0015064 -0.00415536
352 35.15 0.0125 0.0013789 0.000443861 0.0420307 0.00560247 0.00012893 0.00275118
353 35.25 0 0 0 0 0.00564024 0.000137565 0.00283144
354 35.35 0.025 0.0278188 0.00702172 0.0120346 0.00602487 -0.000135893 0.00245121
355 35.45 0 0 0 0 0.00659193 -0.000536264 0.00188894
356 35.55 0.0625 0.0195 0.0243869 0.0104376 0.00703142 3.69151e-06 0.00373812
357 35.65 0 0 0 0 0.0110973 0.000567309 0.00537217
358 35.75 0.025 0.0027604 0.0287641 0.00662998 0.00840822 -0.000312751 0.00183744
359 35.85 0 0 0 0 0.00372063 -0.00198954 -0.00436296
360 35.95 0.0625 0.0213677 0.0519736 1.28772e-05 0.00370835 -0.00481362 -0.00454893
4800 360
1 0.05 0.0111111 0.016008 0.00203292 0.00440657 0.00328733 -0.00494428 -0.00307802
2 0.15 0.0333333 0.0175335 0.0149724 0.00862862 0.00231177 -0.00521515 -0.00234006
3 0.25 0.0333333 0.00228294 0.00606172 0.00569176 -0.00229578 -0.00801532 -0.00414776
4 0.35 0.0333333 0.0171918 0.00373742 0.000495338 -0.00161918 -0.00671434 -0.0022305
5 0.45 0.0222222 0.000696494 0.00191367 0.0117358 -0.00162123 -0.00631347 -0.00220747
6 0.55 0.0111111 0.0281282 0.00100233 0.105563 -0.00155084 -0.00652069 -0.00227524
7 0.65 0.0222222 0.00975137 0.0312202 0.0123084 -0.00273597 -0.00878135 -0.00278287
8 0.75 0.0222222 0.0128753 0.00978302 0.00673426 -0.00218321 -0.0097928 -0.00298121
9 0.85 0 0 0 0 -0.00216901 -0.0100638 -0.00324565
10 0.95 0.0222222 0.0222311 0.0154347 0.00677695 -0.00586707 -0.00683721 -0.00291357
11 1.05 0.0111111 0.000856421 0.00099888 1.79002e-06 -0.00643798 -0.00334638 -0.00246298
12 1.15 0 0 0 0 -0.0001886 -0.00242701 -0.0022121
13 1.25 0.0333333 0.0150762 0.0127862 0.0105991 -0.000170051 -0.00239758 -0.00215873
14 1.35 0.0111111 0.000106274 0.00674098 0.000911592 -0.000133206 -0.0023184 -0.00201793
15 1.45 0.0222222 0.000878855 0.0157751 0.00573229 -0.000161117 -0.00232335 -0.00199244
16 1.55 0.0222222 0.0209844 0.0115672 0.00932855 -0.000314675 -0.00323937 -0.00169957
17 1.65 0.0111111 0.00250997 0.0143664 3.54579e-05 -0.000371216 -0.000426332 -0.000240395
18 1.75 0.0111111 0.0218369 0.00121755 0.0016064 -0.00251816 -0.000689749 -0.00313433
19 1.85 0 0 0 0 -0.0025421 -0.000689959 -0.00332937
20 1.95 0.0111111 0.000116406 0.00763953 0.000371706 -0.00253368 -0.000652847 -0.00330194
21 2.05 0.0111111 4.37069e-05 0.00787706 0.000244801 -0.00246816 -0.00038412 -0.00323952
22 2.15 0 0 0 0 -0.00246761 -0.000381842 -0.0032391
23 2.25 0.0111111 0.0222143 0.00236664 0.0530445 -0.00245642 -0.000379093 -0.00323903
24 2.35 0 0 0 0 -0.00243469 -0.000373755 -0.00323891
25 2.45 0.0222222 0.00556053 0.0205289 0.0110242 -0.00137743 -0.000385302 -0.00272263
26 2.55 0 0 0 0 -0.000850547 -0.000730937 -0.00257756
27 2.65 0.0222222 1.13171e-05 0.00809899 0.0170324 -0.000902546 -0.000730481 -0.0025747
28 2.75 0.0111111 0.00253962 0.00208191 0.0183058 -0.00106642 -0.000737587 -0.00256747
29 2.85 0.0333333 0.0118979 0.0162573 0.0383242 -0.000635829 -0.000807776 -0.0010389
30 2.95 0 0 0 0 -0.000497037 -0.000791007 -0.000176933
31 3.05 0.0222222 0.0057667 0.00833168 0.00843871 -0.00218448 -0.000439791 -0.000891317
32 3.15 0 0 0 0 -0.00323906 -0.000225162 -0.00133955
33 3.25 0 0 0 0 -0.00323906 -0.000225162 -0.00133955
34 3.35 0 0 0 0 -0.00323906 -0.000225162 -0.00133955
35 3.45 0 0 0 0 -0.00323906 -0.000225162 -0.00133955
36 3.55 0.0111111 0.00881635 0.00898696 0.00767421 -0.00323953 -0.00022488 -0.00133984
37 3.65 0 0 0 0 -0.00324076 -0.000224137 -0.00134063
38 3.75 0.0111111 0.00416338 0.00181189 0.00462068 -0.000863385 -9.14582e-05 -0.00040508
39 3.85 0 0 0 0 -1.5014e-05 -4.41116e-05 -7.12272e-05
40 3.95 0 0 0 0 -1.5014e-05 -4.41116e-05 -7.12272e-05
41 4.05 0 0 0 0 -1.5014e-05 -4.41116e-05 -7.12272e-05
42 4.15 0 0 0 0 -1.5014e-05 -4.41116e-05 -7.12272e-05
43 4.25 0.0111111 0.00999458 0.00869361 0.0260563 -5.69607e-05 -4.4809e-05 -0.000114275
44 4.35 0 0 0 0 -6.96036e-05 -4.50192e-05 -0.000127249
45 4.45 0 0 0 0 -6.96036e-05 -4.50192e-05 -0.000127249
46 4.55 0 0 0 0 -6.96036e-05 -4.50192e-05 -0.000127249
47 4.65 0 0 0 0 -6.96036e-05 -4.50192e-05 -0.000127249
48 4.75 0.0111111 7.71467e-05 0.0133009 0.00577817 0.00572886 0.0172775 0.0125664
49 4.85 0 0 0 0 0.00969871 0.0291371 0.0212569
50 4.95 0 0 0 0 0.00969871 0.0291371 0.0212569
51 5.05 0.0111111 4.33122e-08 3.73801e-07 0.0105382 0.00964945 0.02904 0.0212195
52 5.15 0.0111111 2.11005e-05 0.00715404 0.0095017 0.00951715 0.0289932 0.0212
53 5.25 0.0222222 0.00443427 0.016961 0.00701896 0.00947579 0.0289186 0.021165
54 5.35 0.0111111 0.000869084 0.0236481 0.0126326 0.00218922 0.00721254 0.00532253
55 5.45 0.0111111 0.00135696 0.00511589 0.000810726 -0.000404201 -0.000586087 -0.000396911
56 5.55 0.0222222 0.0128873 0.0154879 0.00970395 -0.000420278 -0.000871492 -0.000630589
57 5.65 0 0 0 0 -0.000426643 -0.000882441 -0.000665489
58 5.75 0 0 0 0 -0.000426643 -0.000882441 -0.000665489
59 5.85 0.0111111 0.0204286 0.0215315 0.0335616 -0.000436932 -0.000884818 -0.000671206
60 5.95 0.0222222 0.0212652 0.00635879 0.0416473 -0.000545164 -0.00081155 -0.000982141
61 6.05 0 0 0 0 -0.000503559 -0.000764161 -0.00102824
62 6.15 0 0 0 0 -0.000503559 -0.000764161 -0.00102824
63 6.25 0.0222222 0.00814095 0.00257357 0.114736 -0.000547636 -0.000836034 -0.00146057
64 6.35 0.0111111 0.00587308 0.000648004 0.000319715 -0.000701266 -0.000988622 -0.00421775
65 6.45 0 0 0 0 -0.000714679 -0.00101313 -0.00437411
66 6.55 0.0111111 0.0116208 0.000499708 0.00124183 0.00156979 0.00348881 -0.00259093
67 6.65 0 0 0 0 0.0117756 0.0236011 0.00537539
68 6.75 0.0111111 0.00680309 0.00520372 0.0132043 0.0118038 0.0232781 0.00446351
69 6.85 0.0111111 0.00295089 8.03018e-05 0.00155653 0.011747 0.0230898 0.00398031
70 6.95 0 0 0 0 0.0117425 0.0230857 0.00397216
71 7.05 0.0222222 0.000422464 0.00808323 0.0252139 0.00727217 0.0177817 -0.00111292
72 7.15 0.0222222 0.00108381 0.0174907 0.00870656 -0.0020579 0.00626377 -0.00852586
73 7.25 0.0111111 0.00713725 0.00692034 5.15809e-05 -0.00254653 0.00594415 -0.00941118
74 7.35 0.0111111 0.000897478 0.022467 0.0161165 -0.00735743 0.00479249 -0.0127218
75 7.45 0.0222222 0.00372454 0.0108467 0.0213745 -0.00784717 0.00266597 -0.0140651
76 7.55 0.0222222 0.0190287 0.0128683 0.00849656 -0.00958356 0.00198892 -0.016918
77 7.65 0.0333333 0.0123049 0.0329205 0.0904752 -0.0413292 -0.0141941 -0.0230036
78 7.75 0.0888889 0.0646306 0.0784623 0.0505278 -0.0290802 -0.0372549 -0.0424255
79 7.85 0.0444444 0.0378561 0.0167482 0.0305161 -0.073244 -0.0482011 -0.0554261
80 7.95 0.0666667 0.101035 0.0255476 0.0485764 -0.04497 -0.0365616 -0.0471389
81 8.05 0.0777778 0.0518277 0.0381574 0.0495026 -0.0446926 -0.0656147 -0.061365
82 8.15 0.122222 0.0940639 0.0803384 0.091496 -0.0812228 -0.0729486 -0.0731063
83 8.25 0.0333333 0.052771 0.0125328 0.0265535 -0.107477 -0.0878277 -0.0782887
84 8.35 0.0555556 0.0611666 0.0425847 0.0426413 -0.113255 -0.0909297 -0.0846674
85 8.45 0.133333 0.14194 0.0615868 0.0945041 -0.0965122 -0.123744 -0.0969244
86 8.55 0.155556 0.137534 0.114206 0.088516 -0.141242 -0.134105 -0.11562
87 8.65 0.0888889 0.0132529 0.0776496 0.0859514 -0.263525 -0.15534 -0.138959
88 8.75 0.122222 0.0987846 0.0746775 0.121629 -0.0948001 -0.0165267 -0.14978
89 8.85 0.144444 0.0467498 0.156875 0.109033 -0.12708 -0.164485 -0.150027
90 8.95 0.211111 0.174451 0.28499 0.142282 -0.156772 -0.127063 -0.162555
91 9.05 0.222222 0.217338 0.110752 0.160475 -0.149062 -0.0288332 -0.167088
92 9.15 0.255556 0.156159 0.200165 0.245273 -0.00957008 -0.16991 -0.175212
93 9.25 0.277778 0.254699 0.176413 0.143647 -0.364376 -0.344427 -0.224689
94 9.35 0.311111 0.23678 0.156808 0.341814 -0.392145 -0.47823 -0.257655
95 9.45 0.3 0.305792 0.242668 0.284155 -0.507591 -0.52315 -0.257053
96 9.55 0.366667 0.324192 0.399853 0.283457 -0.734834 -0.50073 -0.250317
97 9.65 0.288889 0.327762 0.216664 0.200135 -0.676799 -0.507757 -0.335926
98 9.75 0.288889 0.172414 0.203611 0.213911 -0.41016 -0.616857 -0.375153
99 9.85 0.455556 0.476285 0.345128 0.329039 -0.572122 -0.732586 -0.399076
100 9.95 0.555556 0.594824 0.385303 0.50569 -0.513731 -0.490476 -0.319806
101 10.05 0.555556 0.637582 0.583566 0.603322 -0.515627 -0.473324 -0.339492
102 10.15 0.455556 0.39337 0.459062 0.388421 -0.645147 -1.08523 -0.408576
103 10.25 0.477778 0.422584 0.366262 0.577022 -0.77054 -0.975747 -0.47167
104 10.35 0.544444 0.513039 0.399538 0.440564 -1.06421 -0.280822 -0.489654
105 10.45 0.744444 0.794885 0.637192 0.79165 -1.12975 -0.939717 -0.373006
106 10.55 0.633333 0.61127 0.488903 0.547736 -1.03818 -1.11162 -0.472449
107 10.65 0.644444 0.574416 0.416913 0.515253 -1.55624 -1.09477 -0.542821
108 10.75 0.677778 0.564661 0.721622 0.376423 -1.11612 -0.330062 -0.544757
109 10.85 0.6 0.333632 0.48543 0.37229 -0.998523 -0.749904 -0.564401
110 10.95 0.677778 0.563759 0.549769 0.512552 -0.492966 -0.826283 -0.473373
111 11.05 0.622222 0.549098 0.416564 0.492549 -1.16795 -1.33999 -0.519615
112 11.15 0.555556 0.540593 0.53417 0.438652 -1.48157 -1.36985 -0.550878
113 11.25 0.6 0.606435 0.49724 0.410188 -1.21805 -1.57455 -0.517633
114 11.35 0.744444 0.763317 0.629863 0.612194 -1.14915 -1.61881 -0.698494
115 11.45 0.755556 0.530034 0.503325 0.587118 -1.20844 -1.08598 -0.705707
116 11.55 0.744444 0.630188 0.507458 0.804463 -0.623737 -0.719974 -0.800625
117 11.65 0.755556 0.633745 0.60114 0.615226 -0.704137 -0.296282 -0.781573
118 11.75 0.788889 0.784972 0.70634 0.59438 -0.267226 -0.652998 -0.712226
119 11.85 0.722222 0.723033 0.739527 0.564065 -0.178387 -1.03365 -0.731421
120 11.95 0.588889 0.437304 0.579968 0.459114 -0.706201 -0.888705 -0.791326
121 12.05 0.722222 0.493312 0.525862 0.624988 -0.887757 -1.54357 -0.812506
122 12.15 0.711111 0.638275 0.770429 0.549778 -0.954055 -1.33372 -0.834324
123 12.25 0.677778 0.632975 0.56126 0.555115 -0.93056 -1.44601 -0.876313
124 12.35 0.688889 0.41634 0.504644 0.644909 -0.307797 0.14207 -0.846607
125 12.45 0.8 0.362783 0.669513 0.623062 -0.929206 -0.844212 -1.0505
126 12.55 0.755556 0.497763 0.648388 0.404431 -0.694626 -1.51012 -1.09491
127 12.65 0.766667 0.720954 0.683748 0.672312 -1.03664 -0.929352 -0.950564
128 12.75 0.822222 0.602986 0.478507 0.788586 -1.22808 -0.990916 -0.795113
129 12.85 0.777778 0.866513 0.614588 0.66154 -0.761479 -0.718778 -0.626023
130 12.95 0.633333 0.595808 0.445996 0.550119 -1.53881 -1.30044 -0.699318
131 13.05 0.744444 0.789911 0.613976 0.556615 -1.38306 -1.73493 -0.627503
132 13.15 0.677778 0.541519 0.786119 0.549823 -0.302328 -1.5006 -0.526471
133 13.25 0.711111 0.581007 0.635255 0.541928 0.276511 -1.04645 -0.55132
134 13.35 0.833333 0.59577 0.705384 0.526243 -0.693806 -0.403292 -0.538507
135 13.45 0.888889 0.695802 0.753193 1.13964 -1.10064 -0.559946 -0.529926
136 13.55 0.733333 0.49502 0.687269 0.533768 -0.503215 -0.606215 -0.530808
137 13.65 0.833333 0.805423 0.668383 0.497981 -0.94316 -0.748975 -0.661071
138 13.75 0.666667 0.490045 0.596934 0.379445 -0.33885 -0.508602 -0.75206
139 13.85 0.711111 0.85827 0.770629 0.613725 -0.250499 -1.00291 -0.760092
140 13.95 0.755556 0.727378 0.517646 0.872545 0.402637 -0.602958 -0.569342
141 14.05 0.633333 0.58773 0.695674 0.590713 0.248444 -0.271926 -0.562117
142 14.15 0.811111 0.793697 0.6751 0.530717 -0.268076 -0.81193 -0.493308
143 14.25 0.866667 0.853322 0.868126 0.677838 -0.439439 -0.72022 -0.449253
144 14.35 0.788889 0.67802 0.698429 0.492176 -0.589318 -0.745701 -0.444227
145 14.45 0.777778 0.559782 0.857735 0.626978 -0.478391 -0.141059 -0.471256
146 14.55 0.822222 0.647686 0.609015 0.702159 -0.426244 -0.791598 -0.449827
147 14.65 0.788889 0.699529 0.664771 0.842399 -0.198713 -0.540817 -0.32265
148 14.75 0.688889 0.650755 0.66509 0.496594 -1.32243 -1.08758 -0.402247
149 14.85 0.711111 0.511467 0.909544 0.574174 -1.2632 -0.910123 -0.518844
150 14.95 0.622222 0.521983 0.462253 0.586231 -1.30034 -1.21518 -0.521269
151 15.05 0.844444 0.625873 0.742253 0.881091 -0.668427 -0.49996 -0.615044
152 15.15 0.766667 0.653145 0.591423 0.653128 -1.12104 -0.719277 -0.755721
153 15.25 0.8 0.746371 0.67984 0.505506 -1.07359 -1.23437 -0.90408
154 15.35 0.688889 0.607163 0.379496 0.465444 -0.631664 -0.522146 -0.98216
155 15.45 0.822222 0.709909 0.946813 0.772496 -0.783146 -0.746459 -1.0561
156 15.55 0.744444 0.827411 0.706492 0.553742 -1.11936 -1.11831 -1.08799
157 15.65 0.522222 0.420062 0.418608 0.315899 -0.988224 -1.06122 -1.04515
158 15.75 0.766667 0.504326 0.583712 0.778965 -0.939616 -0.571655 -0.751226
159 15.85 0.733333 0.637211 0.656875 0.620316 -0.762609 -0.589454 -0.717805
160 15.95 0.722222 0.941432 0.602966 0.603879 -0.944575 -0.810264 -0.822897
161 16.05 0.844444 0.87104 0.915398 0.643251 -1.03029 -1.06947 -0.765708
162 16.15 0.7 0.70795 0.615732 0.582622 -1.44762 -1.24954 -0.474532
163 16.25 0.844444 0.817404 1.04989 0.828445 -0.643929 -1.38189 -0.428248
164 16.35 0.655556 0.602434 0.505018 0.510545 -0.735103 -0.448599 -0.497725
165 16.45 0.811111 0.733016 0.652302 0.685674 -0.117491 -0.620846 -0.581394
166 16.55 0.822222 0.646321 0.733639 0.609511 -1.10363 -1.12145 -0.483196
167 16.65 0.666667 0.625969 0.731096 0.488128 -0.700068 -0.835521 -0.283675
168 16.75 0.655556 0.551219 0.67767 0.560649 -1.30161 -0.745365 -0.482643
169 16.85 0.688889 0.391419 0.457516 0.49482 -0.368409 -0.588578 -0.620233
170 16.95 0.622222 0.518168 0.64168 0.499887 -0.238822 -0.876359 -0.58163
171 17.05 0.744444 0.533092 0.550644 0.688722 -1.38875 -0.934133 -0.693875
172 17.15 0.777778 0.457766 0.598462 0.807028 -1.63316 -0.927738 -0.809076
173 17.25 0.877778 0.883371 0.550032 0.727817 -1.4256 -0.763776 -0.828633
174 17.35 0.733333 0.651964 0.780145 0.789382 -0.719418 -0.318762 -0.805351
175 17.45 0.8 0.588928 0.654702 0.661043 -1.46147 -0.533279 -0.74605
176 17.55 0.855556 0.565955 0.824147 0.641234 -1.09431 -0.73969 -0.706912
177 17.65 0.633333 0.504188 0.447136 0.606715 -1.10558 -0.97166 -0.696134
178 17.75 0.711111 0.490275 0.67771 0.562381 -0.431614 -0.520175 -0.520177
179 17.85 0.755556 0.607413 0.413492 0.607663 -0.784975 -0.736664 -0.468282
180 17.95 0.722222 0.639404 0.580227 0.506029 0.172525 -0.800881 -0.409648
181 18.05 0.766667 0.576448 0.543322 0.55449 -1.01784 -1.10921 -0.521815
182 18.15 0.744444 0.65703 0.793084 0.528742 -0.869808 -1.21619 -0.612653
183 18.25 0.8 0.760891 0.656111 0.590037 -1.4287 -1.56328 -0.903265
184 18.35 0.755556 0.387723 0.705751 0.46881 -1.5005 -1.23749 -1.00199
185 18.45 0.688889 0.753129 0.667284 0.588301 -1.1863 -0.608714 -0.941009
186 18.55 0.733333 0.525948 0.58665 0.468751 -0.830736 -1.07025 -0.905958
187 18.65 0.777778 0.847925 0.643133 0.671569 -1.20868 -0.443944 -0.860569
188 18.75 0.711111 0.706862 0.682305 0.509941 -1.09505 -0.343537 -0.752517
189 18.85 0.8 0.996518 0.549449 0.704692 -1.52034 -0.823722 -0.711316
190 18.95 0.833333 0.756534 0.863066 0.599944 -1.45181 -1.07278 -0.744694
191 19.05 0.733333 0.468498 0.569438 0.674825 -1.2662 -0.997645 -0.785878
192 19.15 0.544444 0.424305 0.554211 0.479347 -1.32635 -0.88885 -0.824608
193 19.25 0.933333 0.881078 0.749617 0.551381 -1.14583 -1.77125 -0.797344
194 19.35 0.755556 0.724732 0.789482 0.477546 -0.117108 -1.58483 -0.876323
195 19.45 0.633333 0.635973 0.474531 0.596895 0.0408586 -0.318619 -0.803671
196 19.55 0.666667 0.55049 0.752007 0.492861 -1.09686 -1.0325 -0.981957
197 19.65 0.822222 0.792746 0.624227 0.722436 -1.4143 -1.31709 -1.09693
198 19.75 0.788889 0.568062 0.635308 0.540468 -1.18299 -1.49697 -1.1008
199 19.85 0.7 0.375682 0.631794 0.676623 -1.52406 -1.50385 -1.18658
200 19.95 0.744444 0.594617 0.535272 0.684879 -0.651468 -0.778519 -1.17267
201 20.05 0.766667 0.576326 0.505308 0.560954 -0.402521 -0.686506 -1.0847
202 20.15 0.8 0.630571 0.712389 0.741327 -1.01274 -1.37686 -1.05272
203 20.25 0.766667 0.517094 0.918477 0.471335 -0.492616 -0.93609 -0.979454
204 20.35 0.7 0.442177 0.589623 0.580681 -0.508416 -0.0168083 -0.859937
205 20.45 0.766667 0.719349 0.540942 0.805819 -0.794154 -0.422891 -0.782739
206 20.55 0.688889 0.570236 0.604231 0.570498 -0.948794 -0.392617 -0.82664
207 20.65 0.788889 0.967034 0.847203 0.838591 -0.926545 -1.12255 -0.954225
208 20.75 0.766667 0.63718 0.79445 0.62791 -0.899029 -0.794743 -0.878751
209 20.85 0.744444 0.640736 0.585723 0.623487 -1.25901 -1.13315 -0.756808
210 20.95 0.711111 0.683537 0.676097 0.705414 -0.763771 -0.782466 -0.632107
211 21.05 0.788889 0.654372 0.702437 0.692632 -0.790514 -0.763664 -0.660012
212 21.15 0.766667 0.908694 0.583514 0.59373 -0.768135 -0.861069 -0.617894
213 21.25 0.666667 0.552201 0.523041 0.42564 -0.537136 -0.704813 -0.5258
214 21.35 0.855556 0.617754 0.798776 0.722082 0.308539 0.104544 -0.490951
215 21.45 0.744444 0.748925 0.608557 0.672436 -0.122409 -0.16935 -0.448361
216 21.55 0.877778 0.805092 0.805892 0.707586 -0.346114 0.0161412 -0.501044
217 21.65 0.7 0.613905 0.524017 0.447948 -0.970982 -1.06149 -0.663163
218 21.75 0.788889 0.758207 0.550003 0.648855 -0.422129 -1.00794 -0.721202
219 21.85 0.622222 0.453986 0.493877 0.332373 -0.195113 -0.712704 -0.743479
220 21.95 0.744444 0.624455 0.571544 0.671103 -0.915544 -1.32958 -0.849344
221 22.05 0.744444 0.529486 0.550541 0.69563 -1.23994 -0.923102 -0.966604
222 22.15 0.766667 0.597341 0.648814 0.810623 -0.719278 -0.351078 -0.965
223 22.25 0.711111 0.534096 0.524619 0.780257 -0.0313547 -0.532981 -1.00929
224 22.35 0.755556 0.862147 0.622529 0.634684 -0.731647 -0.227002 -0.990973
225 22.45 0.844444 0.653029 0.631765 0.862667 -0.696586 -0.422825 -1.00275
226 22.55 0.677778 0.522426 0.710694 0.594649 -0.504392 -0.667605 -1.09297
227 22.65 0.8 0.656327 0.851141 0.743065 -1.02747 -1.41777 -1.10796
228 22.75 0.755556 0.68372 0.751515 0.604651 -0.996045 -1.43768 -1.15332
229 22.85 0.677778 0.608175 0.737488 0.562949 -0.529037 -1.08845 -1.03642
230 22.95 0.577778 0.527535 0.612723 0.625262 -0.445674 -1.18285 -1.09195
231 23.05 0.811111 0.819512 0.640226 0.737518 -0.352082 -0.987645 -1.14128
232 23.15 0.811111 0.642975 0.817917 0.737103 -1.51684 -0.89669 -1.15225
233 23.25 0.766667 0.940077 0.700556 0.474209 -0.805772 -0.393568 -1.02144
234 23.35 0.788889 0.871377 0.500536 0.76297 -0.919304 -1.17672 -1.01509
235 23.45 0.7 0.605165 0.501913 0.644064 -0.247511 -1.15991 -1.03935
236 23.55 0.722222 0.518242 0.765561 0.797764 -0.996752 -1.19286 -1.0455
237 23.65 0.655556 0.565257 0.504999 0.632463 -1.59307 -1.17053 -1.10478
238 23.75 0.633333 0.564122 0.730435 0.467829 -1.65853 -1.33368 -1.05255
239 23.85 0.755556 0.39271 0.505859 0.595196 -1.52041 -1.33098 -0.918838
240 23.95 0.655556 0.490082 0.529382 0.441492 -1.18757 -0.868001 -0.925108
241 24.05 0.877778 0.909986 0.883243 0.777433 -0.865369 -0.906794 -0.868182
242 24.15 0.8 0.736903 0.781549 0.887678 -0.550051 -0.744629 -0.908298
243 24.25 0.711111 0.685076 0.805448 0.869788 -1.35115 -0.807856 -0.823712
244 24.35 0.855556 0.871703 0.837262 0.585594 -0.624009 -0.0600539 -0.814157
245 24.45 0.544444 0.332266 0.560225 0.727115 -0.604058 -0.405423 -0.710896
246 24.55 0.622222 0.45123 0.459553 0.54741 -0.82028 -1.14337 -0.664888
247 24.65 0.744444 0.679346 0.476053 0.629702 -0.344482 -1.00232 -0.642296
248 24.75 0.644444 0.500022 0.594553 0.524253 -1.57432 -1.22303 -0.766807
249 24.85 0.722222 0.630318 0.426221 0.895946 -1.56319 -1.33169 -0.846115
250 24.95 0.688889 0.506456 0.512674 0.654268 -1.05573 -1.69611 -0.789821
251 25.05 0.755556 0.536566 0.761968 0.572571 -1.0457 -1.24942 -0.774303
252 25.15 0.744444 0.59645 0.742725 0.763852 -1.41378 -1.1883 -0.770424
253 25.25 0.6 0.719991 0.404461 0.459998 -1.37354 -1.22584 -0.801911
254 25.35 0.666667 0.640888 0.631634 0.448916 -1.26461 -0.989465 -0.787372
255 25.45 0.544444 0.539596 0.374335 0.407779 -1.25736 -1.03215 -0.730532
256 25.55 0.511111 0.302369 0.427671 0.433517 -1.14645 -0.893146 -0.588693
257 25.65 0.577778 0.31523 0.547286 0.411107 -1.05396 -0.834058 -0.474381
258 25.75 0.577778 0.419578 0.417771 0.578574 -0.974786 -0.844582 -0.434594
259 25.85 0.522222 0.551219 0.349313 0.45253 -0.704163 -0.852663 -0.400634
260 25.95 0.544444 0.436727 0.604245 0.49984 -0.763855 -0.847103 -0.373812
261 26.05 0.444444 0.389729 0.3044 0.391463 -0.77898 -0.300471 -0.455282
262 26.15 0.544444 0.45161 0.538796 0.347246 -0.692404 -0.440215 -0.399891
263 26.25 0.377778 0.32106 0.294994 0.418395 -0.224212 -0.54587 -0.23053
264 26.35 0.344444 0.229815 0.339029 0.380688 -0.135035 -0.647799 -0.20998
265 26.45 0.433333 0.537227 0.512114 0.308132 -0.176474 -0.629583 -0.0974504
266 26.55 0.288889 0.196756 0.199079 0.219572 -0.286969 -0.472046 -0.080182
267 26.65 0.166667 0.181843 0.179445 0.0903475 -0.340611 -0.456231 -0.10646
268 26.75 0.166667 0.229435 0.19639 0.1855 -0.333092 -0.335566 -0.0603258
269 26.85 0.111111 0.0729344 0.100311 0.0916718 -0.312327 -0.206706 -0.0781453
270 26.95 0.266667 0.11287 0.228547 0.363104 -0.280311 -0.103524 -0.0446695
271 27.05 0.177778 0.173694 0.0667791 0.213762 -0.203993 -0.0412279 -0.0292425
272 27.15 0.233333 0.134538 0.179963 0.244825 -0.15839 -0.112225 0.0124168
273 27.25 0.144444 0.220156 0.129686 0.124471 -0.147093 -0.13475 0.0659752
274 27.35 0.111111 0.0336225 0.0912564 0.119787 -0.0806512 -0.0650921 0.0242168
275 27.45 0.0888889 0.0574496 0.0770659 0.119531 -0.0717906 -0.0295597 0.003346
276 27.55 0.0555556 0.0468605 0.02715 0.0243286 -0.0474946 0.0142397 0.00866817
277 27.65 0.0666667 0.0593684 0.0376393 0.0271664 -0.0339805 0.00549505 0.0141368
278 27.75 0.0333333 0.0434803 0.0212997 0.0190931 -0.047954 -0.0198996 0.00943403
279 27.85 0.0444444 0.034711 0.0421534 0.00870036 -0.0384346 -0.0112203 0.0195022
280 27.95 0.0777778 0.0256994 0.0351392 0.104902 -0.0315491 -0.0286917 0.00446825
281 28.05 0.0666667 0.0746602 0.0453644 0.0696518 -0.0118153 -0.0333608 -0.0190958
282 28.15 0.0222222 0.012331 0.00656424 0.0132458 -0.0427209 -0.0356936 -0.0143486
283 28.25 0.0222222 0.0226572 0.00350109 0.0144792 -0.00701406 -0.0100482 -0.0094935
284 28.35 0.0111111 0.0188761 0.0748092 0.00605119 -0.0041053 -0.00532227 -0.00779085
285 28.45 0 0 0 0 -0.00359177 -0.0054429 -0.0074693
286 28.55 0.0111111 0.00208722 0.00263775 0.0197838 -0.00350685 -0.00530958 -0.00721353
287 28.65 0.0222222 0.0273026 0.0381992 0.00797601 -0.00279365 -0.00140584 -0.00513504
288 28.75 0.0111111 0.0391521 0.00422618 0.0248137 -0.0029522 -0.00144371 -0.00762773
289 28.85 0.0111111 0.000116415 0.00164474 0.000284551 -0.00274271 -0.00137253 -0.00819915
290 28.95 0.0222222 0.0125946 0.0573092 0.00723298 -0.00193384 -0.00144097 -0.00688101
291 29.05 0 0 0 0 -0.00176833 -0.00145801 -0.00657317
292 29.15 0.0111111 0.014442 0.000462305 0.00151029 -0.00175687 -0.00145766 -0.0065368
293 29.25 0.0111111 0.000379838 0.00303715 0.00516736 -0.00160435 -0.00142475 -0.00634105
294 29.35 0.0111111 0.000109718 0.000519673 3.2593e-05 -0.0011613 -0.00125318 -0.00610631
295 29.45 0.0111111 0.00237473 0.0120062 0.000566251 -0.000811959 -0.00110026 -0.00589078
296 29.55 0.0111111 0.0243858 0.00449857 0.00177674 -0.00157355 -0.00123669 -0.00594274
297 29.65 0 0 0 0 -0.00192958 -0.00130254 -0.00597146
298 29.75 0.0111111 0.0303678 0.000280798 0.0142597 -0.00192263 -0.00129502 -0.00594289
299 29.85 0.0222222 0.00315502 0.00960612 0.0329255 -0.0051823 -0.00131468 -0.00499746
300 29.95 0 0 0 0 -0.009952 -0.00124259 -0.00335198
301 30.05 0.0444444 0.0207971 0.0582658 0.0191573 -0.0334117 -0.00587182 -0.00349306
302 30.15 0.0111111 0.0109726 0.000142225 0.0196281 -0.00101486 -0.00527721 -0.00425003
303 30.25 0.0222222 0.0256909 0.0140609 0.0142578 -0.00112561 -0.00647515 -0.00472974
304 30.35 0.0111111 0.00566941 0.0157241 0.00136253 -0.00100489 -0.00604086 -0.00427229
305 30.45 0 0 0 0 -0.00103545 -0.00640886 -0.00431092
306 30.55 0.0222222 0.0612279 0.00758461 0.0712793 -0.000779751 -0.00441088 -0.00412852
307 30.65 0.0111111 0.00301454 0.00160957 0.0379222 -0.000693091 -0.00328376 -0.0039527
308 30.75 0.0222222 0.032129 0.0030585 0.0074096 -0.000619545 -0.0021351 -0.00370961
309 30.85 0.0333333 0.0193441 0.0787252 0.00968218 0.00982128 -2.68844e-05 -0.00364922
310 30.95 0.0333333 0.0045033 0.0536545 0.0259477 -0.000630317 -0.0029223 -0.00416111
311 31.05 0.0333333 0.0191568 0.0306909 0.016719 -0.0276363 -0.0031808 -0.00472585
312 31.15 0.0111111 0.0065448 0.00338268 0.0048897 -0.00628504 -0.0026628 -0.00455927
313 31.25 0.0222222 0.0269128 0.00411405 0.00354904 -0.000678981 -0.00364064 -0.00504469
314 31.35 0.0111111 0.000453813 0.0301061 0.000206922 -0.00665839 -0.00812621 -0.00697133
315 31.45 0.0444444 0.0855704 0.0124132 0.00883568 -0.0226703 -0.014299 -0.00591418
316 31.55 0.0222222 0.0353544 0.0276469 0.0227794 -0.00490682 -0.00875589 -0.00545176
317 31.65 0.0333333 0.00609511 0.0299081 0.00409428 -0.00477387 -0.00840037 -0.0051098
318 31.75 0.0111111 1.86411e-06 0.00722042 0.00147647 -0.00464138 -0.00815016 -0.00507909
319 31.85 0.0222222 0.00347426 0.0168544 0.0186495 -0.00295965 -0.00714182 -0.0052423
320 31.95 0.0111111 0.0139525 0.000689143 0.000823363 -0.00231069 -0.00633072 -0.00506612
321 32.05 0.0333333 0.082249 0.00535709 0.011025 -0.00311653 -0.00261251 -0.00392076
322 32.15 0.0111111 0.000620645 0.0041585 0.00294634 -0.00246426 -0.00165929 -0.0034859
323 32.25 0.0111111 0.00518265 0.000359588 0.00157947 -0.00246424 -0.00165011 -0.00348316
324 32.35 0.0111111 0.0112712 0.0100248 0.00045864 -0.00245926 -0.00147909 -0.00344051
325 32.45 0 0 0 0 -0.00238578 -0.00145896 -0.00341028
326 32.55 0.0333333 0.0330058 0.0105647 0.0322266 -0.00237275 -0.00144136 -0.0033815
327 32.65 0.0111111 0.00621585 0.00357468 0.00144943 -0.00245043 -0.00148163 -0.00286571
328 32.75 0.0555556 0.0434158 0.0510029 0.0205915 -0.00231955 -0.00143945 -0.00229876
329 32.85 0.0222222 0.00234965 0.0393835 0.0213911 -0.0017797 -0.00187473 -0.00324189
330 32.95 0.0111111 0.0262421 0.00151041 7.52308e-05 -0.00180244 -0.00233449 -0.00331814
331 33.05 0.0222222 0.000190776 0.00456629 0.00847238 -0.00140068 -0.00281696 -0.00334398
332 33.15 0 0 0 0 -0.00110529 -0.00223284 -0.00318887
333 33.25 0.0333333 0.0383216 0.0166539 0.0447404 -0.00101562 -0.00233162 -0.00343136
334 33.35 0.0111111 7.41796e-05 0.0110513 0.00262821 -0.00318774 -0.00247621 -0.00495561
335 33.45 0 0 0 0 -0.00318346 -0.00246995 -0.00494931
336 33.55 0.0222222 0.0145109 0.00308778 0.00602601 -0.00407558 -0.00156367 -0.00447471
337 33.65 0 0 0 0 -0.00463961 -0.000903734 -0.00413827
338 33.75 0.0222222 0.0323808 0.00204784 0.00460671 -0.00462595 -0.00091924 -0.0040759
339 33.85 0.0111111 0.000204946 0.00118947 0.00363647 -0.0051359 -0.00272118 -0.00423655
340 33.95 0.0111111 0.00273687 0.00812558 0.0159837 -0.00521706 -0.00306207 -0.00447312
341 34.05 0.0222222 0.00537991 0.0122701 0.0143957 -0.00435009 -0.00256555 -0.00399389
342 34.15 0.0111111 8.89837e-05 3.72893e-06 0.0113565 -0.00215227 -0.00133239 -0.00271519
343 34.25 0.0111111 0.0036 0.0033769 0.00905914 -0.011355 -0.0016427 -0.00252533
344 34.35 0.0333333 0.0143517 0.00575166 0.00829734 -0.0347876 -0.00517477 -0.0024634
345 34.45 0 0 0 0 -0.000775854 -0.00181608 -0.00210179
346 34.55 0.0111111 7.84428e-05 0.0110548 0.00256248 -0.000804649 -0.00191134 -0.00210596
347 34.65 0.0444444 0.0191736 0.0642137 0.0257252 -0.000588305 -0.0015797 -0.00183593
348 34.75 0.0333333 0.0069976 0.0303344 0.118112 -0.000490178 -0.00151878 -0.0019334
349 34.85 0.0111111 0.0027779 0.00576392 0.00390113 -0.000250554 -0.00114049 -0.00187305
350 34.95 0.0333333 0.0384712 0.0150612 0.0115875 -0.000562744 -0.00130964 -0.00411937
351 35.05 0.0444444 0.0362936 0.0372355 0.00610234 -0.00517497 -0.00370341 -0.00431302
352 35.15 0.0111111 0.00122569 0.000394543 0.0373606 0.000476133 -0.00240773 0.00178529
353 35.25 0 0 0 0 0.000509706 -0.00240006 0.00185663
354 35.35 0.0222222 0.0247278 0.00624153 0.0106974 0.000851597 -0.00264313 0.00151865
355 35.45 0.0222222 0.0169071 0.00495578 0.053304 0.0053458 -0.000728347 0.00160871
356 35.55 0.0555556 0.0173333 0.0216773 0.00927786 0.00623995 -3.38799e-06 0.0033134
357 35.65 0 0 0 0 0.00985407 0.000497606 0.00476588
358 35.75 0.0222222 0.00245369 0.0255681 0.00589331 0.00746377 -0.00028467 0.0016239
359 35.85 0 0 0 0 0.00329702 -0.00177515 -0.00388756
360 35.95 0.0555556 0.0189935 0.0461988 1.14464e-05 0.00328611 -0.00428544 -0.00405287
5400 360
1 0.05 0.01 0.0144072 0.00182962 0.00396591 0.00295687 -0.00445017 -0.00277249
2 0.15 0.03 0.0157802 0.0134751 0.00776576 0.00207886 -0.00469395 -0.00210832
3 0.25 0.03 0.00205465 0.00545554 0.00512258 -0.00206793 -0.0072141 -0.00373525
4 0.35 0.03 0.0154727 0.00336368 0.000445804 -0.00145899 -0.00604322 -0.00200971
5 0.45 0.02 0.000626845 0.0017223 0.0105622 -0.00146083 -0.00568244 -0.00198898
6 0.55 0.01 0.0253154 0.000902095 0.095007 -0.00139749 -0.00586894 -0.00204998
7 0.65 0.02 0.00877624 0.0280982 0.0110776 -0.0024641 -0.00790353 -0.00250685
8 0.75 0.02 0.0115878 0.00880472 0.00606083 -0.00196661 -0.00881383 -0.00268535
9 0.85 0 0 0 0 -0.00195383 -0.00905775 -0.00292335
10 0.95 0.02 0.020008 0.0138912 0.00609925 -0.00528209 -0.0061538 -0.00262448
11 1.05 0.01 0.000770779 0.000898992 1.61102e-06 -0.00579591 -0.00301206 -0.00221895
12 1.15 0 0 0 0 -0.000171468 -0.00218462 -0.00199315
13 1.25 0.03 0.0135686 0.0115076 0.00953922 -0.000154774 -0.00215814 -0.00194512
14 1.35 0.01 9.56464e-05 0.00606688 0.000820433 -0.000121614 -0.00208688 -0.0018184
15 1.45 0.02 0.000790969 0.0141976 0.00515906 -0.000146734 -0.00209133 -0.00179546
16 1.55 0.02 0.0188859 0.0104105 0.00839569 -0.000284936 -0.00291574 -0.00153188
17 1.65 0.01 0.00225898 0.0129297 3.19121e-05 -0.000335823 -0.000384013 -0.000218619
18 1.75 0.02 0.0196971 0.00392841 0.00191144 -0.00226961 -0.000627478 -0.00282345
19 1.85 0 0 0 0 -0.00229322 -0.0006363 -0.00299937
20 1.95 0.01 0.000104765 0.00687558 0.000334535 -0.00228564 -0.0006029 -0.00297468
21 2.05 0.01 3.93362e-05 0.00708935 0.000220321 -0.00222668 -0.000361045 -0.0029185
22 2.15 0 0 0 0 -0.00222618 -0.000358995 -0.00291812
23 2.25 0.01 0.0199928 0.00212998 0.0477401 -0.00221611 -0.000356521 -0.00291807
24 2.35 0 0 0 0 -0.00219656 -0.000351717 -0.00291796
25 2.45 0.02 0.00500448 0.018476 0.00992178 -0.00124502 -0.000362108 -0.0024533
26 2.55 0 0 0 0 -0.000770824 -0.000673181 -0.00232274
27 2.65 0.02 1.01854e-05 0.00728909 0.0153292 -0.000817623 -0.00067277 -0.00232016
28 2.75 0.02 0.0159053 0.00629253 0.0333412 -0.000962884 -0.000674281 -0.00231422
29 2.85 0.03 0.0107081 0.0146315 0.0344918 -0.000574495 -0.000735563 -0.000938724
30 2.95 0 0 0 0 -0.000449583 -0.00072047 -0.000162956
31 3.05 0.02 0.00519003 0.00749851 0.00759484 -0.00196828 -0.000404376 -0.000805902
32 3.15 0 0 0 0 -0.0029174 -0.000211209 -0.00120931
33 3.25 0 0 0 0 -0.0029174 -0.000211209 -0.00120931
34 3.35 0 0 0 0 -0.0029174 -0.000211209 -0.00120931
35 3.45 0 0 0 0 -0.0029174 -0.000211209 -0.00120931
36 3.55 0.01 0.00793471 0.00808827 0.00690679 -0.00291782 -0.000210956 -0.00120958
37 3.65 0 0 0 0 -0.00291893 -0.000210287 -0.00121028
38 3.75 0.01 0.00374704 0.0016307 0.00415861 -0.000779296 -9.08764e-05 -0.000368288
39 3.85 0 0 0 0 -1.57615e-05 -4.82645e-05 -6.78208e-05
40 3.95 0 0 0 0 -1.57615e-05 -4.82645e-05 -6.78208e-05
41 4.05 0 0 0 0 -1.57615e-05 -4.82645e-05 -6.78208e-05
42 4.15 0.02 0.0139364 0.0163473 0.0446878 0.0396828 0.00339106 2.81006e-06
43 4.25 0.01 0.00899512 0.00782425 0.0234506 -5.74964e-05 -4.40838e-05 -0.000124011
44 4.35 0 0 0 0 -6.88751e-05 -4.4273e-05 -0.000135689
45 4.45 0 0 0 0 -6.88751e-05 -4.4273e-05 -0.000135689
46 4.55 0 0 0 0 -6.88751e-05 -4.4273e-05 -0.000135689
47 4.65 0 0 0 0 -6.88751e-05 -4.4273e-05 -0.000135689
48 4.75 0.01 6.94321e-05 0.0119708 0.00520036 0.00514975 0.015546 0.0112886
49 4.85 0 0 0 0 0.0087226 0.0262196 0.0191101
50 4.95 0 0 0 0 0.0087226 0.0262196 0.0191101
51 5.05 0.01 3.8981e-08 3.36421e-07 0.00948434 0.00867827 0.0261323 0.0190764
52 5.15 0.01 1.89904e-05 0.00643863 0.00855153 0.0085592 0.0260902 0.0190589
53 5.25 0.02 0.00399084 0.0152649 0.00631707 0.00852198 0.026023 0.0190274
54 5.35 0.01 0.000782175 0.0212833 0.0113693 0.00196407 0.00648753 0.00476911
55 5.45 0.01 0.00122126 0.0046043 0.000729654 -0.000370013 -0.000531234 -0.000378384
56 5.55 0.02 0.0115986 0.0139391 0.00873355 -0.000384482 -0.000788098 -0.000588694
57 5.65 0 0 0 0 -0.00039021 -0.000797953 -0.000620104
58 5.75 0 0 0 0 -0.00039021 -0.000797953 -0.000620104
59 5.85 0.01 0.0183857 0.0193783 0.0302054 -0.000399471 -0.000800092 -0.000625249
60 5.95 0.02 0.0191387 0.00572291 0.0374826 -0.00049688 -0.000734151 -0.000905091
61 6.05 0 0 0 0 -0.000459435 -0.000691501 -0.000946581
62 6.15 0 0 0 0 -0.000459435 -0.000691501 -0.000946581
63 6.25 0.02 0.00732685 0.00231621 0.103263 -0.000499104 -0.000756187 -0.00133568
64 6.35 0.01 0.00528577 0.000583203 0.000287743 -0.000637371 -0.000893516 -0.00381714
65 6.45 0 0 0 0 -0.000649443 -0.000915576 -0.00395786
66 6.55 0.01 0.0104587 0.000449737 0.00111765 0.00140658 0.00313617 -0.002353
67 6.65 0 0 0 0 0.0105918 0.0212372 0.00481668
68 6.75 0.02 0.0158935 0.0143841 0.0228574 0.01054 0.0208719 0.00383288
69 6.85 0.01 0.0026558 7.22716e-05 0.00140088 0.0101593 0.0203836 0.00270128
70 6.95 0 0 0 0 0.0101553 0.0203799 0.00269394
71 7.05 0.04 0.0253101 0.0262305 0.0422154 0.00608227 0.0152215 -0.00236102
72 7.15 0.02 0.000975429 0.0157416 0.0078359 -0.00191085 0.00440638 -0.00764289
73 7.25 0.01 0.00642353 0.0062283 4.64228e-05 -0.00235061 0.00411872 -0.00843969
74 7.35 0.01 0.000807731 0.0202203 0.0145048 -0.00668042 0.00308223 -0.0114192
75 7.45 0.03 0.00335507 0.0102189 0.0322563 -0.00721907 0.00021366 -0.0128058
76 7.55 0.02 0.0171258 0.0115815 0.00764691 -0.00895144 -0.00205016 -0.0156811
77 7.65 0.04 0.0133727 0.0299368 0.0826809 -0.0379931 -0.0168361 -0.0213982
78 7.75 0.08 0.0581676 0.0706161 0.045475 -0.0274175 -0.0378017 -0.0391067
79 7.85 0.04 0.0340705 0.0150733 0.0274645 -0.0671649 -0.0476533 -0.0508073
80 7.95 0.07 0.093979 0.0247346 0.0444804 -0.0418455 -0.0372901 -0.0438731
81 8.05 0.1 0.075362 0.0749367 0.0660042 -0.0467051 -0.0658478 -0.0583331
82 8.15 0.11 0.0846575 0.0723046 0.0823464 -0.0868479 -0.0774659 -0.0753117
83 8.25 0.03 0.0474939 0.0112795 0.0238981 -0.110477 -0.0908571 -0.0799758
84 8.35 0.05 0.0550499 0.0383262 0.0383772 -0.115676 -0.0936489 -0.0857166
85 8.45 0.13 0.13878 0.097928 0.08506 -0.0972488 -0.112438 -0.0978596
86 8.55 0.18 0.150029 0.11029 0.0905407 -0.140357 -0.132353 -0.118933
87 8.65 0.08 0.0119276 0.0698846 0.0773563 -0.247302 -0.149588 -0.146587
88 8.75 0.12 0.105067 0.0849613 0.114152 -0.0954729 -0.0246726 -0.156553
89 8.85 0.13 0.0420748 0.141187 0.0981301 -0.124622 -0.157905 -0.157725
90 8.95 0.2 0.162958 0.259131 0.144537 -0.152805 -0.127292 -0.170048
91 9.05 0.2 0.195605 0.0996764 0.144427 -0.150965 -0.0495972 -0.177786
92 9.15 0.25 0.147086 0.192176 0.223643 -0.0321584 -0.178173 -0.191181
93 9.25 0.25 0.229229 0.158772 0.129283 -0.357229 -0.336689 -0.240629
94 9.35 0.29 0.227457 0.157511 0.307637 -0.382042 -0.453408 -0.272733
95 9.45 0.34 0.330137 0.269675 0.448219 -0.373674 -0.419917 -0.279268
96 9.55 0.34 0.293244 0.35987 0.25742 -0.73623 -0.464766 -0.28236
97 9.65 0.3 0.313757 0.214247 0.197542 -0.677817 -0.502134 -0.362781
98 9.75 0.29 0.200752 0.203219 0.205791 -0.455832 -0.608677 -0.390667
99 9.85 0.43 0.448459 0.335353 0.324314 -0.62068 -0.725892 -0.408034
100 9.95 0.56 0.60509 0.410249 0.489549 -0.561629 -0.524587 -0.343309
101 10.05 0.53 0.581994 0.542071 0.584035 -0.602756 -0.527401 -0.369116
102 10.15 0.46 0.411684 0.455899 0.384171 -0.67472 -1.01822 -0.424347
103 10.25 0.51 0.443246 0.374237 0.599432 -0.849275 -1.02138 -0.497987
104 10.35 0.59 0.508394 0.40191 0.572865 -1.13049 -0.386978 -0.526109
105 10.45 0.71 0.73306 0.666906 0.750496 -1.05341 -0.920821 -0.408441
106 10.55 0.64 0.675383 0.468743 0.550869 -0.986757 -1.04036 -0.496997
107 10.65 0.64 0.585804 0.472328 0.488966 -1.36776 -1.00035 -0.532111
108 10.75 0.63 0.511722 0.651018 0.339809 -1.0493 -0.348894 -0.518907
109 10.85 0.62 0.396438 0.472897 0.413294 -1.039 -0.840162 -0.547331
110 10.95 0.69 0.522354 0.533703 0.55196 -0.525174 -0.820333 -0.494205
111 11.05 0.6 0.519946 0.410908 0.475064 -1.03976 -1.24812 -0.522445
112 11.15 0.59 0.573901 0.546067 0.491765 -1.54042 -1.40675 -0.55605
113 11.25 0.63 0.659722 0.491256 0.475585 -1.27914 -1.69513 -0.534139
114 11.35 0.77 0.806989 0.722202 0.61607 -0.989936 -1.33779 -0.731702
115 11.45 0.76 0.521772 0.510549 0.59883 -0.981418 -0.958599 -0.74089
116 11.55 0.7 0.592098 0.459975 0.738978 -0.687512 -0.808897 -0.80841
117 11.65 0.76 0.649252 0.626009 0.605677 -0.807564 -0.449449 -0.778505
118 11.75 0.78 0.750553 0.695502 0.580485 -0.369482 -0.633941 -0.700688
119 11.85 0.68 0.672528 0.679842 0.52547 -0.291284 -1.01691 -0.724637
120 11.95 0.61 0.481103 0.552132 0.516415 -0.761526 -0.971801 -0.797947
121 12.05 0.71 0.456428 0.512016 0.617664 -0.782054 -1.42633 -0.807012
122 12.15 0.72 0.643485 0.742053 0.569913 -1.11718 -1.47817 -0.864681
123 12.25 0.7 0.639236 0.553946 0.541313 -1.01889 -1.43196 -0.906875
124 12.35 0.68 0.447162 0.481627 0.629179 -0.301063 -0.180002 -0.88678
125 12.45 0.83 0.383458 0.719786 0.663367 -0.740349 -1.06062 -1.06892
126 12.55 0.76 0.48887 0.639762 0.44713 -0.772494 -1.57561 -1.07287
127 12.65 0.74 0.699801 0.631701 0.640935 -1.18634 -1.04544 -0.926176
128 12.75 0.81 0.600485 0.452319 0.785574 -1.38896 -1.01468 -0.806139
129 12.85 0.77 0.806364 0.595458 0.652404 -0.855467 -0.465121 -0.656153
130 12.95 0.62 0.636233 0.492011 0.517041 -1.5699 -1.14742 -0.711276
131 13.05 0.74 0.803887 0.569432 0.56883 -1.3986 -1.47775 -0.652929
132 13.15 0.68 0.514782 0.869745 0.592315 -0.210207 -1.04995 -0.530114
133 13.25 0.72 0.576577 0.743334 0.577985 0.328347 -0.734929 -0.521485
134 13.35 0.87 0.63284 0.750964 0.566535 -0.339229 -0.200578 -0.516198
135 13.45 0.91 0.715086 0.722248 1.13458 -0.658932 -0.284727 -0.545146
136 13.55 0.74 0.516121 0.690603 0.514468 -0.241585 -0.223932 -0.567977
137 13.65 0.81 0.732955 0.624668 0.497452 -0.871662 -0.744199 -0.715821
138 13.75 0.66 0.451362 0.603888 0.370532 -0.440958 -0.613199 -0.848256
139 13.85 0.67 0.781498 0.717619 0.558257 -0.466258 -1.01645 -0.864577
140 13.95 0.74 0.705525 0.533436 0.876396 0.133392 -0.679864 -0.679447
141 14.05 0.66 0.651013 0.689755 0.659259 0.0485765 -0.333522 -0.640024
142 14.15 0.85 0.81691 0.69183 0.611506 -0.426274 -0.606564 -0.61529
143 14.25 0.84 0.806568 0.80764 0.653938 -0.507887 -0.706124 -0.623042
144 14.35 0.77 0.643945 0.67699 0.475796 -0.705092 -0.824538 -0.637823
145 14.45 0.76 0.524866 0.851148 0.591425 -0.509207 -0.180151 -0.644452
146 14.55 0.81 0.635246 0.628658 0.649426 -0.424854 -0.648837 -0.59983
147 14.65 0.84 0.752213 0.668579 0.845421 -0.137614 -0.444827 -0.47987
148 14.75 0.72 0.699108 0.622568 0.522544 -1.13246 -0.768665 -0.524632
149 14.85 0.69 0.491663 0.989408 0.534081 -1.26723 -0.863351 -0.654535
150 14.95 0.61 0.523635 0.471856 0.544853 -1.35379 -1.3415 -0.678772
151 15.05 0.85 0.713816 0.790091 0.870083 -0.743177 -0.655711 -0.756663
152 15.15 0.76 0.640127 0.645537 0.693346 -1.30933 -0.96914 -0.84709
153 15.25 0.77 0.733553 0.69522 0.473418 -1.12667 -1.38436 -0.963508
154 15.35 0.71 0.656969 0.388952 0.477504 -0.8168 -0.777244 -0.984724
155 15.45 0.86 0.739586 0.925149 0.801163 -0.869656 -0.865342 -1.02499
156 15.55 0.75 0.824446 0.715571 0.566369 -1.16254 -1.10875 -1.07113
157 15.65 0.52 0.42468 0.400646 0.316619 -0.973249 -1.01868 -1.04888
158 15.75 0.77 0.51875 0.585319 0.739439 -0.934316 -0.693876 -0.750182
159 15.85 0.74 0.657989 0.684637 0.58981 -0.808316 -0.762124 -0.740039
160 15.95 0.71 0.86939 0.562436 0.674087 -1.02752 -1.01681 -0.860168
161 16.05 0.87 0.842692 0.918728 0.755516 -1.1634 -1.30473 -0.815639
162 16.15 0.7 0.679181 0.587043 0.578907 -1.53263 -1.28599 -0.559621
163 16.25 0.79 0.761461 0.948159 0.779628 -0.764642 -1.3058 -0.521121
164 16.35 0.66 0.597004 0.528062 0.514461 -0.827729 -0.604287 -0.586683
165 16.45 0.8 0.757093 0.621301 0.713525 -0.252689 -0.723762 -0.65053
166 16.55 0.81 0.667202 0.739339 0.582965 -1.06042 -1.06915 -0.540278
167 16.65 0.7 0.665722 0.72422 0.497395 -0.542766 -0.839365 -0.295297
168 16.75 0.65 0.5437 0.631263 0.566159 -1.11132 -0.730807 -0.446973
169 16.85 0.71 0.415161 0.500909 0.526706 -0.336613 -0.65624 -0.567615
170 16.95 0.65 0.514838 0.637229 0.515628 -0.29013 -0.920688 -0.488186
171 17.05 0.75 0.527975 0.53726 0.676958 -1.28201 -0.577858 -0.623586
172 17.15 0.78 0.439304 0.569567 0.822808 -1.39057 -0.696215 -0.713833
173 17.25 0.84 0.804482 0.592859 0.669632 -1.27984 -0.731831 -0.723578
174 17.35 0.73 0.646604 0.754589 0.751477 -0.676875 -0.287802 -0.653562
175 17.45 0.81 0.564129 0.667075 0.639507 -1.29889 -0.317235 -0.636429
176 17.55 0.87 0.644624 0.830581 0.69429 -0.619319 -0.442654 -0.606375
177 17.65 0.63 0.505805 0.444129 0.570207 -1.02064 -0.941335 -0.64033
178 17.75 0.73 0.529834 0.748812 0.555289 -0.633784 -0.663789 -0.476793
179 17.85 0.74 0.585259 0.411038 0.599937 -0.852222 -0.726811 -0.418665
180 17.95 0.68 0.599826 0.569484 0.47486 0.0133366 -0.694926 -0.379054
181 18.05 0.8 0.632047 0.614185 0.633069 -0.883718 -1.02837 -0.519751
182 18.15 0.73 0.621422 0.804488 0.483788 -0.955631 -1.26553 -0.617744
183 18.25 0.83 0.796252 0.752729 0.652845 -1.60761 -1.58463 -0.877241
184 18.35 0.78 0.394164 0.752066 0.51418 -1.60152 -1.2367 -1.03641
185 18.45 0.67 0.795148 0.615273 0.60268 -1.23438 -0.775325 -1.02744
186 18.55 0.74 0.526754 0.618124 0.441817 -0.880605 -1.18987 -0.998879
187 18.65 0.73 0.776357 0.579288 0.607125 -1.33145 -0.589218 -0.951618
188 18.75 0.69 0.662955 0.652645 0.512619 -1.24315 -0.419022 -0.844492
189 18.85 0.83 0.976456 0.549264 0.779118 -1.66823 -0.827736 -0.752845
190 18.95 0.83 0.723247 0.887413 0.592328 -1.59053 -1.01043 -0.765119
191 19.05 0.75 0.481042 0.602254 0.748408 -1.31017 -0.797843 -0.761338
192 19.15 0.59 0.46966 0.736611 0.553308 -1.2934 -0.711787 -0.737904
193 19.25 0.87 0.796029 0.689078 0.497872 -1.05941 -1.37432 -0.669916
194 19.35 0.78 0.740149 0.774055 0.496254 -0.261145 -1.53474 -0.717436
195 19.45 0.67 0.622022 0.443395 0.643344 -0.240996 -0.397886 -0.722454
196 19.55 0.66 0.565124 0.709287 0.471537 -0.883626 -0.985609 -0.875066
197 19.65 0.81 0.80327 0.656629 0.760338 -1.17513 -1.22669 -0.976039
198 19.75 0.79 0.603979 0.604078 0.567183 -1.29406 -1.37761 -1.02615
199 19.85 0.69 0.34802 0.584706 0.718073 -1.67038 -1.47172 -1.15057
200 19.95 0.77 0.632414 0.592346 0.706657 -0.85881 -0.983018 -1.15312
201 20.05 0.78 0.592145 0.518128 0.614548 -0.180776 -0.672867 -1.06743
202 20.15 0.77 0.603069 0.69011 0.707145 -0.848026 -1.37269 -1.03496
203 20.25 0.76 0.596518 0.874227 0.455248 -0.507467 -0.867107 -0.993153
204 20.35 0.71 0.454733 0.574791 0.602104 -0.73124 -0.197053 -0.884884
205 20.45 0.76 0.723046 0.516242 0.784312 -0.903686 -0.526321 -0.777199
206 20.55 0.76 0.595989 0.684352 0.726724 -0.839006 -0.270598 -0.784498
207 20.65 0.74 0.971379 0.766144 0.811531 -0.848677 -1.13146 -0.89441
208 20.75 0.75 0.616529 0.752745 0.613027 -0.982682 -0.874648 -0.817565
209 20.85 0.78 0.650492 0.572809 0.662062 -1.22496 -1.148 -0.704882
210 20.95 0.69 0.644454 0.660245 0.67749 -0.791327 -0.623856 -0.629071
211 21.05 0.77 0.632242 0.694875 0.633426 -0.822856 -0.767481 -0.66169
212 21.15 0.79 0.884174 0.598979 0.688384 -0.812057 -0.544647 -0.58582
213 21.25 0.69 0.597696 0.548057 0.440649 -0.453933 -0.230444 -0.499284
214 21.35 0.83 0.583597 0.761134 0.704728 0.18244 -0.0595869 -0.505146
215 21.45 0.76 0.738858 0.742038 0.670269 -0.311949 -0.363558 -0.497503
216 21.55 0.87 0.769752 0.773589 0.692107 -0.529234 -0.191399 -0.566003
217 21.65 0.72 0.662701 0.522816 0.44535 -1.04612 -0.926865 -0.733981
218 21.75 0.74 0.68351 0.512891 0.603661 -0.523595 -1.04148 -0.798408
219 21.85 0.65 0.599702 0.48274 0.441947 -0.299126 -0.777948 -0.886996
220 21.95 0.69 0.567896 0.521665 0.604289 -0.904026 -1.43035 -0.979627
221 22.05 0.78 0.557174 0.601667 0.697705 -1.25785 -1.04099 -1.09997
222 22.15 0.8 0.642206 0.696784 0.767632 -0.773515 -0.214622 -1.13281
223 22.25 0.68 0.525601 0.494885 0.730382 -0.309464 -0.66668 -1.19607
224 22.35 0.76 0.869397 0.654568 0.659731 -0.916959 -0.414744 -1.1645
225 22.45 0.82 0.611118 0.628048 0.85424 -0.853813 -0.58376 -1.16208
226 22.55 0.67 0.47754 0.677916 0.561849 -0.712186 -0.842428 -1.23885
227 22.65 0.77 0.664723 0.802307 0.694862 -1.20888 -1.5586 -1.25333
228 22.75 0.78 0.646668 0.713099 0.705966 -1.22596 -1.53518 -1.27322
229 22.85 0.73 0.705898 0.888149 0.629483 -0.504805 -1.14481 -1.12128
230 22.95 0.59 0.513185 0.603915 0.678058 -0.261312 -1.2014 -1.13512
231 23.05 0.81 0.877112 0.62993 0.698026 -0.501272 -0.879597 -1.16867
232 23.15 0.76 0.606777 0.736937 0.683348 -1.50924 -0.813292 -1.18113
233 23.25 0.75 0.866764 0.700917 0.493096 -0.98393 -0.472288 -1.06271
234 23.35 0.79 0.809293 0.46401 0.77777 -1.12763 -1.25544 -1.04822
235 23.45 0.71 0.586899 0.508927 0.6648 -0.469762 -1.23423 -1.05533
236 23.55 0.77 0.54688 0.739782 0.790972 -0.97644 -1.2144 -1.01278
237 23.65 0.63 0.550151 0.543721 0.580258 -1.49695 -1.09728 -1.03308
238 23.75 0.65 0.57396 0.706594 0.46502 -1.48155 -1.26587 -0.965982
239 23.85 0.72 0.3944 0.474978 0.544302 -1.38755 -1.27306 -0.847647
240 23.95 0.72 0.515655 0.686464 0.530009 -1.09724 -0.541786 -0.852692
241 24.05 0.86 0.851342 0.874165 0.71412 -0.997169 -1.04456 -0.798428
242 24.15 0.76 0.67067 0.784315 0.836659 -0.617578 -0.883335 -0.833539
243 24.25 0.7 0.634245 0.773339 0.832142 -1.36098 -0.834183 -0.739931
244 24.35 0.91 0.948635 0.966167 0.72077 -0.233172 0.00466696 -0.76271
245 24.45 0.54 0.302651 0.520049 0.713657 -0.697962 -0.562493 -0.690685
246 24.55 0.61 0.43465 0.459277 0.535218 -0.947988 -1.16674 -0.666853
247 24.65 0.75 0.685614 0.538357 0.607933 -0.535408 -0.968418 -0.641815
248 24.75 0.66 0.56271 0.583564 0.516255 -1.18005 -1.17695 -0.719223
249 24.85 0.72 0.59208 0.412706 0.850719 -1.60298 -1.31412 -0.778518
250 24.95 0.69 0.51597 0.494226 0.651584 -1.17121 -1.625 -0.767882
251 25.05 0.79 0.563617 0.7712 0.597386 -1.17907 -1.24726 -0.760062
252 25.15 0.72 0.588471 0.680767 0.721312 -1.45725 -1.14336 -0.69356
253 25.25 0.58 0.67244 0.392948 0.458279 -1.28218 -1.20506 -0.704383
254 25.35 0.68 0.694383 0.682703 0.476816 -1.05923 -1.01384 -0.680539
255 25.45 0.53 0.508909 0.347492 0.409852 -0.988222 -0.923154 -0.593537
256 25.55 0.5 0.33667 0.392898 0.454731 -1.10824 -0.838614 -0.475541
257 25.65 0.58 0.327548 0.607848 0.406283 -1.00778 -0.720391 -0.382978
258 25.75 0.62 0.473704 0.444217 0.601453 -0.668843 -0.694671 -0.36475
259 25.85 0.53 0.530252 0.332548 0.447299 -0.467891 -0.773626 -0.353929
260 25.95 0.56 0.421017 0.574652 0.495167 -0.722461 -0.826372 -0.347733
261 26.05 0.45 0.357747 0.303694 0.376155 -0.822972 -0.329569 -0.452209
262 26.15 0.53 0.468593 0.486434 0.415909 -0.739348 -0.481811 -0.420274
263 26.25 0.35 0.288955 0.26647 0.378064 -0.29356 -0.573194 -0.266415
264 26.35 0.34 0.235137 0.329477 0.343617 -0.184524 -0.661481 -0.249846
265 26.45 0.41 0.494597 0.4762 0.27776 -0.176637 -0.653787 -0.134663
266 26.55 0.31 0.224523 0.189663 0.256373 -0.265206 -0.532287 -0.115672
267 26.65 0.2 0.200775 0.186138 0.13139 -0.31715 -0.490074 -0.126215
268 26.75 0.17 0.243537 0.185367 0.168026 -0.354951 -0.357439 -0.0876518
269 26.85 0.13 0.0765706 0.130813 0.115556 -0.30383 -0.211943 -0.0938202
270 26.95 0.24 0.101583 0.205692 0.326794 -0.265919 -0.110525 -0.0610258
271 27.05 0.16 0.156325 0.0601012 0.192385 -0.197232 -0.0544589 -0.0471415
272 27.15 0.22 0.121905 0.163663 0.22695 -0.155033 -0.117056 -0.0076493
273 27.25 0.14 0.198198 0.125135 0.124515 -0.142189 -0.134094 0.0438196
274 27.35 0.11 0.0305987 0.101119 0.108074 -0.0846347 -0.069461 0.00918665
275 27.45 0.08 0.0517047 0.0693593 0.107578 -0.0803046 -0.0375754 -0.00801663
276 27.55 0.06 0.0829272 0.0260539 0.0228499 -0.056238 -0.000504956 -0.00208623
277 27.65 0.07 0.059602 0.0345561 0.0398665 -0.0374892 -0.0144625 0.0063086
278 27.75 0.03 0.0391323 0.0191697 0.0171838 -0.0440359 -0.0184666 0.00678638
279 27.85 0.04 0.0312399 0.037938 0.00783033 -0.0354684 -0.0106552 0.0158478
280 27.95 0.08 0.0254672 0.0318241 0.120838 -0.0291762 -0.0262687 0.00255837
281 28.05 0.06 0.0671941 0.0408279 0.0626866 -0.0112827 -0.0303161 -0.018312
282 28.15 0.02 0.0110979 0.00590781 0.0119212 -0.0390978 -0.0324156 -0.0140396
283 28.25 0.02 0.0203914 0.00315098 0.0130313 -0.0069616 -0.00933473 -0.00967
284 28.35 0.01 0.0169885 0.0673283 0.00544607 -0.00434372 -0.00508142 -0.00813761
285 28.45 0.01 0.00617398 0.00824969 0.00707617 -0.00379699 -0.0056335 -0.00800312
286 28.55 0.01 0.00187849 0.00237398 0.0178054 -0.00339863 -0.00720226 -0.00836275
287 28.65 0.02 0.0245723 0.0343792 0.00717841 -0.00275675 -0.0036889 -0.00649211
288 28.75 0.02 0.0352879 0.00413986 0.0225696 -0.00287378 -0.00376811 -0.0086783
289 28.85 0.01 0.000104774 0.00148026 0.000256096 -0.00266398 -0.00374143 -0.00914517
290 28.95 0.02 0.0113352 0.0515783 0.00650968 -0.001936 -0.00380303 -0.00795884
291 29.05 0 0 0 0 -0.00178705 -0.00381836 -0.00768179
292 29.15 0.01 0.0129978 0.000416074 0.00135926 -0.00177673 -0.00381805 -0.00764905
293 29.25 0.02 0.000772388 0.00877996 0.00872048 -0.00178188 -0.00281387 -0.00681564
294 29.35 0.01 9.87464e-05 0.000467706 2.93337e-05 -0.00156737 -0.00139878 -0.00575418
295 29.45 0.02 0.0126351 0.0190537 0.00758247 -0.00122604 -0.00124507 -0.00551191
296 29.55 0.02 0.0222397 0.00580364 0.00892396 -0.00189274 -0.00135956 -0.00553521
297 29.65 0 0 0 0 -0.00185253 -0.00137075 -0.0055002
298 29.75 0.01 0.027331 0.000252718 0.0128337 -0.00184627 -0.00136399 -0.00547449
299 29.85 0.02 0.00283951 0.00864551 0.029633 -0.00477998 -0.00138168 -0.0046236
300 29.95 0.01 0.00117147 7.53014e-06 0.00199861 -0.00900025 -0.00119257 -0.00308871
301 30.05 0.04 0.0187174 0.0524392 0.0172415 -0.0300773 -0.00529601 -0.00318839
302 30.15 0.01 0.00987537 0.000128002 0.0176653 -0.000920165 -0.00476086 -0.00386965
303 30.25 0.02 0.0231219 0.0126548 0.012832 -0.00101984 -0.00583901 -0.0043014
304 30.35 0.01 0.00510247 0.0141517 0.00122628 -0.0009112 -0.00544815 -0.00388969
305 30.45 0 0 0 0 -0.000938701 -0.00577935 -0.00392445
306 30.55 0.02 0.0551051 0.00682615 0.0641514 -0.000708571 -0.00398116 -0.0037603
307 30.65 0.01 0.00271309 0.00144861 0.03413 -0.000630576 -0.00296675 -0.00360206
308 30.75 0.02 0.0289161 0.00275265 0.00666864 -0.000564385 -0.00193296 -0.00338328
309 30.85 0.03 0.0174097 0.0708527 0.00871396 0.00883235 -3.55674e-05 -0.00332892
310 30.95 0.03 0.00405297 0.0482891 0.0233529 -0.00057408 -0.00264145 -0.00378963
311 31.05 0.03 0.0172411 0.0276218 0.0150471 -0.0248795 -0.00287409 -0.00429789
312 31.15 0.01 0.00589032 0.00304441 0.00440073 -0.00566333 -0.00240789 -0.00414797
313 31.25 0.02 0.0242215 0.00370265 0.00319414 -0.000617877 -0.00328794 -0.00458485
314 31.35 0.01 0.000408432 0.0270955 0.00018623 -0.00599935 -0.00732496 -0.00631882
315 31.45 0.04 0.0770134 0.0111718 0.00795211 -0.02041 -0.0128804 -0.00536739
316 31.55 0.02 0.031819 0.0248822 0.0205015 -0.00442293 -0.00789168 -0.00495121
317 31.65 0.03 0.0054856 0.0269173 0.00368485 -0.00430328 -0.00757171 -0.00464345
318 31.75 0.01 1.6777e-06 0.00649838 0.00132882 -0.00418404 -0.00734651 -0.00461581
319 31.85 0.02 0.00312684 0.015169 0.0167845 -0.00267048 -0.00643901 -0.0047627
320 31.95 0.01 0.0125572 0.000620229 0.000741026 -0.00208642 -0.00570902 -0.00460414
321 32.05 0.03 0.0740241 0.00482138 0.00992246 -0.00281167 -0.00236263 -0.00357332
322 32.15 0.01 0.00055858 0.00374265 0.0026517 -0.00222462 -0.00150473 -0.00318194
323 32.25 0.03 0.0340987 0.0157239 0.0040658 -0.00228457 -0.0016983 -0.00328039
324 32.35 0.01 0.0101441 0.0090223 0.000412776 -0.00228293 -0.00149398 -0.00324957
325 32.45 0 0 0 0 -0.0022168 -0.00147586 -0.00322236
326 32.55 0.03 0.0297053 0.00950823 0.0290039 -0.00220507 -0.00146003 -0.00319646
327 32.65 0.01 0.00559426 0.00321722 0.00130449 -0.00227498 -0.00149626 -0.00273225
328 32.75 0.06 0.0395492 0.0713725 0.0253138 -0.00218347 -0.0015043 -0.00222187
329 32.85 0.02 0.00211468 0.0354451 0.0192519 -0.00175095 -0.00198943 -0.00307043
330 32.95 0.01 0.0236178 0.00135937 6.77077e-05 -0.00177142 -0.00240322 -0.00313905
331 33.05 0.02 0.000171698 0.00410966 0.00762514 -0.00140984 -0.00283744 -0.0031623
332 33.15 0.01 2.00604e-05 0.00449342 0.0013622 -0.00108465 -0.00218609 -0.00301483
333 33.25 0.03 0.0344894 0.0149885 0.0402664 -0.000949604 -0.00215995 -0.00322585
334 33.35 0.01 6.67616e-05 0.00994617 0.00236539 -0.00290451 -0.00229008 -0.00459767
335 33.45 0 0 0 0 -0.00290066 -0.00228445 -0.004592
336 33.55 0.02 0.0130598 0.00277901 0.00542341 -0.00370357 -0.00146879 -0.00416487
337 33.65 0 0 0 0 -0.00421119 -0.000874853 -0.00386207
338 33.75 0.02 0.0291427 0.00184305 0.00414604 -0.0041989 -0.000888808 -0.00380594
339 33.85 0.01 0.000184452 0.00107052 0.00327282 -0.00465786 -0.00251055 -0.00395053
340 33.95 0.01 0.00246319 0.00731302 0.0143854 -0.0047309 -0.00281735 -0.00416344
341 34.05 0.02 0.00484192 0.0110431 0.0129561 -0.00395063 -0.00237048 -0.00373213
342 34.15 0.01 8.00853e-05 3.35604e-06 0.0102208 -0.00197259 -0.00126064 -0.0025813
343 34.25 0.02 0.011475 0.0114896 0.00919184 -0.0102638 -0.00152126 -0.00236476
344 34.35 0.03 0.0129165 0.00517649 0.00746761 -0.0313687 -0.00466708 -0.00222818
345 34.45 0 0 0 0 -0.000758211 -0.00164426 -0.00190273
346 34.55 0.01 7.05985e-05 0.00994932 0.00230623 -0.000784126 -0.00173 -0.00190649
347 34.65 0.04 0.0172562 0.0577923 0.0231527 -0.000589417 -0.00143152 -0.00166346
348 34.75 0.04 0.0130317 0.0279441 0.107126 -0.000473931 -0.00140353 -0.00174645
349 34.85 0.01 0.00250011 0.00518753 0.00351101 -0.000236572 -0.0010845 -0.00168837
350 34.95 0.03 0.0346241 0.0135551 0.0104287 -0.000517543 -0.00123673 -0.00371006
351 35.05 0.05 0.0354443 0.0376232 0.00549736 -0.00465997 -0.00333812 -0.00388402
352 35.15 0.01 0.00110312 0.000355089 0.0336246 0.000426791 -0.00216727 0.00160449
353 35.25 0 0 0 0 0.000457006 -0.00216036 0.0016687
354 35.35 0.02 0.022255 0.00561738 0.00962767 0.000764709 -0.00237913 0.00136452
355 35.45 0.02 0.0152164 0.00446021 0.0479736 0.00480949 -0.000655827 0.00144558
356 35.55 0.05 0.0156 0.0195095 0.00835007 0.00561423 -3.36406e-06 0.0029798
357 35.65 0 0 0 0 0.00886693 0.00044753 0.00428703
358 35.75 0.02 0.00220832 0.0230113 0.00530398 0.00671567 -0.000256518 0.00145925
359 35.85 0 0 0 0 0.00296559 -0.00159795 -0.00350107
360 35.95 0.05 0.0170942 0.0415789 1.03017e-05 0.00295577 -0.00385721 -0.00364984
6000 360
1 0.05 0.00909091 0.0130975 0.00166329 0.00360538 0.00268691 -0.00404577 -0.00252458
2 0.15 0.0272727 0.0143456 0.0122501 0.00705978 0.00188872 -0.00426739 -0.00192079
3 0.25 0.0272727 0.00186786 0.00495959 0.00465689 -0.00188109 -0.00655844 -0.00339982
4 0.35 0.0272727 0.0140661 0.00305789 0.000405277 -0.00132751 -0.00549401 -0.00183115
5 0.45 0.0181818 0.000569859 0.00156573 0.00960198 -0.00132918 -0.00516602 -0.0018123
6 0.55 0.00909091 0.023014 0.000820087 0.08637 -0.0012716 -0.00533556 -0.00186776
7 0.65 0.0181818 0.0079784 0.0255438 0.0100705 -0.00224124 -0.00718519 -0.00228309
8 0.75 0.0181818 0.0105344 0.00800429 0.00550985 -0.00178898 -0.00801274 -0.00244536
9 0.85 0 0 0 0 -0.00177737 -0.00823448 -0.00266172
10 0.95 0.0181818 0.0181891 0.0126284 0.00554478 -0.00480306 -0.00559453 -0.00239003
11 1.05 0.00909091 0.000700708 0.000817266 1.46456e-06 -0.00527017 -0.0027384 -0.00202136
12 1.15 0 0 0 0 -0.000157035 -0.00198619 -0.0018161
13 1.25 0.0272727 0.0123351 0.0104614 0.00867202 -0.000141858 -0.00196211 -0.00177243
14 1.35 0.00909091 8.69513e-05 0.00551535 0.000745848 -0.000111713 -0.00189733 -0.00165722
15 1.45 0.0181818 0.000719063 0.0129069 0.00469006 -0.000134549 -0.00190137 -0.00163637
16 1.55 0.0181818 0.017169 0.0094641 0.00763245 -0.000260187 -0.00265084 -0.00139675
17 1.65 0.00909091 0.00205362 0.0117543 2.9011e-05 -0.000306448 -0.000349268 -0.000202881
18 1.75 0.0181818 0.0179065 0.00357128 0.00173767 -0.00206443 -0.000570599 -0.00257091
19 1.85 0 0 0 0 -0.0020859 -0.00057862 -0.00273084
20 1.95 0.00909091 9.52413e-05 0.00625052 0.000304123 -0.00207901 -0.000548256 -0.00270839
21 2.05 0.00909091 3.57602e-05 0.00644487 0.000200291 -0.00202541 -0.000328388 -0.00265732
22 2.15 0 0 0 0 -0.00202495 -0.000326524 -0.00265698
23 2.25 0.0181818 0.0182127 0.00434759 0.0438066 -0.00201556 -0.000324595 -0.00265605
24 2.35 0 0 0 0 -0.00199726 -0.000320918 -0.00265407
25 2.45 0.0181818 0.00454952 0.0167964 0.0090198 -0.00113222 -0.000330365 -0.00223166
26 2.55 0 0 0 0 -0.000701135 -0.000613158 -0.00211297
27 2.65 0.0181818 9.25945e-06 0.00662645 0.0139356 -0.00074368 -0.000612785 -0.00211063
28 2.75 0.0181818 0.0144593 0.00572048 0.0303102 -0.000875735 -0.000614159 -0.00210522
29 2.85 0.0272727 0.00973463 0.0133014 0.0313562 -0.000522654 -0.000669869 -0.000854772
30 2.95 0 0 0 0 -0.000409098 -0.000656148 -0.000149529
31 3.05 0.0181818 0.00471821 0.00681683 0.0069044 -0.00178974 -0.00036879 -0.000734025
32 3.15 0 0 0 0 -0.00265257 -0.000193184 -0.00110076
33 3.25 0 0 0 0 -0.00265257 -0.000193184 -0.00110076
34 3.35 0 0 0 0 -0.00265257 -0.000193184 -0.00110076
35 3.45 0 0 0 0 -0.00265257 -0.000193184 -0.00110076
36 3.55 0.00909091 0.00721337 0.00735297 0.0062789 -0.00265295 -0.000192954 -0.001101
37 3.65 0 0 0 0 -0.00265396 -0.000192345 -0.00110164
38 3.75 0.00909091 0.0034064 0.00148245 0.00378056 -0.000708837 -8.37905e-05 -0.000336195
39 3.85 0 0 0 0 -1.47148e-05 -4.50524e-05 -6.30422e-05
40 3.95 0 0 0 0 -1.47148e-05 -4.50524e-05 -6.30422e-05
41 4.05 0 0 0 0 -1.47148e-05 -4.50524e-05 -6.30422e-05
42 4.15 0.0181818 0.0126695 0.0148612 0.0406253 0.0360749 0.00308161 1.16767e-06
43 4.25 0.00909091 0.00817738 0.00711296 0.0213188 -5.26556e-05 -4.12518e-05 -0.000114125
44 4.35 0 0 0 0 -6.29998e-05 -4.14238e-05 -0.00012474
45 4.45 0 0 0 0 -6.29998e-05 -4.14238e-05 -0.00012474
46 4.55 0 0 0 0 -6.29998e-05 -4.14238e-05 -0.00012474
47 4.65 0 0 0 0 -6.29998e-05 -4.14238e-05 -0.00012474
48 4.75 0.0181818 0.00693337 0.0201953 0.0104984 0.00466245 0.0141233 0.0102422
49 4.85 0 0 0 0 0.00790415 0.0238239 0.0173462
50 4.95 0.00909091 8.63116e-05 0.00348453 0.0270674 0.00759188 0.0236455 0.0170044
51 5.05 0.00909091 3.54372e-08 3.05837e-07 0.00862213 0.0066286 0.023039 0.0159634
52 5.15 0.00909091 1.7264e-05 0.0058533 0.00777412 0.00652035 0.0230007 0.0159474
53 5.25 0.0181818 0.00362804 0.0138772 0.00574279 0.00648651 0.0229396 0.0159188
54 5.35 0.00909091 0.000711069 0.0193485 0.0103357 0.000524772 0.0051801 0.00295672
55 5.45 0.00909091 0.00111024 0.00418573 0.000663321 -0.00159712 -0.00120059 -0.00172282
56 5.55 0.0181818 0.0105442 0.0126719 0.00793959 -0.00161027 -0.00143411 -0.00191401
57 5.65 0 0 0 0 -0.00161548 -0.00144306 -0.00194257
58 5.75 0.00909091 0.00136776 0.00081209 0.00187755 -0.00159512 -0.00145901 -0.00192097
59 5.85 0.0181818 0.02159 0.0258972 0.0332461 -0.0014379 -0.0025554 -0.00100061
60 5.95 0.0181818 0.0173988 0.00520264 0.0340751 -0.00162635 -0.00251183 -0.00128751
61 6.05 0 0 0 0 -0.0015923 -0.00247306 -0.00132523
62 6.15 0 0 0 0 -0.0015923 -0.00247306 -0.00132523
63 6.25 0.0181818 0.00666078 0.00210565 0.0938753 -0.00162837 -0.00253186 -0.00167895
64 6.35 0.0181818 0.00481313 0.00233148 0.0135373 -0.000764408 -0.00105653 -0.00367401
65 6.45 0 0 0 0 -0.000661866 -0.000893045 -0.00377202
66 6.55 0.00909091 0.00950795 0.000408852 0.00101604 0.00120725 0.00279036 -0.00231306
67 6.65 0 0 0 0 0.00955746 0.0192459 0.00420483
68 6.75 0.0272727 0.0155732 0.0214755 0.0261042 0.00950621 0.0189111 0.00330136
69 6.85 0.00909091 0.00241437 6.57014e-05 0.00127353 0.00913637 0.0184523 0.00222089
70 6.95 0.00909091 0.00567947 0.000580576 0.000408123 0.00913372 0.0183359 0.00215866
71 7.05 0.0363636 0.0230092 0.0238459 0.0383776 0.00543144 0.013593 -0.00246294
72 7.15 0.0181818 0.000886754 0.0143106 0.00712355 -0.00183503 0.00376113 -0.00726464
73 7.25 0.00909091 0.00583957 0.00566209 4.22026e-05 -0.00223481 0.00349963 -0.007989
74 7.35 0.00909091 0.0007343 0.0183821 0.0131862 -0.006171 0.00255736 -0.0106977
75 7.45 0.0272727 0.00305007 0.00928989 0.0293239 -0.00666069 -5.04292e-05 -0.0119582
76 7.55 0.0181818 0.015569 0.0105286 0.00695173 -0.00823557 -0.00210845 -0.0145721
77 7.65 0.0363636 0.012157 0.0272153 0.0751644 -0.034637 -0.0155502 -0.0197695
78 7.75 0.0727273 0.0528796 0.0641964 0.0413409 -0.0250229 -0.0346098 -0.0358681
79 7.85 0.0363636 0.0309732 0.013703 0.0249678 -0.0611569 -0.0435659 -0.0465051
80 7.95 0.0818182 0.111363 0.0272319 0.040617 -0.0385971 -0.0343548 -0.0409263
81 8.05 0.0909091 0.0685109 0.0681243 0.0600038 -0.0438799 -0.0607313 -0.0554687
82 8.15 0.109091 0.0916988 0.0762774 0.0749092 -0.0804225 -0.0713742 -0.0715435
83 8.25 0.0272727 0.0431763 0.0102541 0.0217256 -0.102 -0.0837071 -0.0770404
84 8.35 0.0545455 0.0501464 0.0506147 0.0373626 -0.107116 -0.0871369 -0.0831058
85 8.45 0.118182 0.126164 0.0890255 0.0773272 -0.091884 -0.107706 -0.0974559
86 8.55 0.163636 0.13639 0.100263 0.0823097 -0.131073 -0.125811 -0.116614
87 8.65 0.0818182 0.012565 0.0638192 0.0763775 -0.232168 -0.146673 -0.142287
88 8.75 0.127273 0.0966378 0.126469 0.145706 -0.120773 -0.0607099 -0.155475
89 8.85 0.136364 0.0587212 0.135392 0.118544 -0.122403 -0.162822 -0.162
90 8.95 0.190909 0.1541 0.245315 0.134515 -0.145834 -0.138727 -0.170029
91 9.05 0.181818 0.177822 0.0906149 0.131297 -0.14264 -0.0668761 -0.178478
92 9.15 0.236364 0.13548 0.176887 0.205906 -0.0359835 -0.185855 -0.192107
93 9.25 0.245455 0.246975 0.180086 0.138697 -0.375022 -0.354305 -0.243627
94 9.35 0.281818 0.20877 0.180312 0.284563 -0.184744 -0.44582 -0.27655
95 9.45 0.345455 0.32633 0.302543 0.429398 -0.378722 -0.451461 -0.292854
96 9.55 0.318182 0.266729 0.359583 0.235537 -0.635126 -0.471836 -0.2785
97 9.65 0.281818 0.285738 0.196348 0.180699 -0.576399 -0.485624 -0.354529
98 9.75 0.290909 0.192288 0.23791 0.204576 -0.398733 -0.60073 -0.39006
99 9.85 0.436364 0.441548 0.330999 0.357504 -0.601561 -0.7407 -0.411616
100 9.95 0.554545 0.566825 0.435336 0.474986 -0.593014 -0.545297 -0.346893
101 10.05 0.490909 0.545982 0.492835 0.541898 -0.598001 -0.488303 -0.356613
102 10.15 0.454545 0.391447 0.434728 0.418832 -0.660984 -0.931744 -0.409158
103 10.25 0.527273 0.521821 0.447332 0.594039 -0.843537 -1.02542 -0.484373
104 10.35 0.572727 0.468715 0.390717 0.544781 -1.05822 -0.397238 -0.512086
105 10.45 0.7 0.686951 0.675239 0.704522 -0.875841 -0.822956 -0.416294
106 10.55 0.618182 0.639617 0.4347 0.586632 -0.759022 -0.95532 -0.499232
107 10.65 0.636364 0.581758 0.51769 0.466098 -1.35327 -1.01583 -0.546102
108 10.75 0.645455 0.522941 0.653098 0.400175 -1.1068 -0.530521 -0.535611
109 10.85 0.636364 0.449786 0.559946 0.424841 -0.970403 -1.02537 -0.541298
110 10.95 0.718182 0.547668 0.553632 0.541514 -0.523356 -0.926056 -0.49229
111 11.05 0.6 0.535483 0.390733 0.469413 -1.01572 -1.2169 -0.504117
112 11.15 0.572727 0.536152 0.519163 0.480139 -1.42863 -1.35978 -0.539496
113 11.25 0.618182 0.637878 0.549542 0.449446 -1.18712 -1.65175 -0.540377
114 11.35 0.781818 0.834891 0.707137 0.59192 -0.925542 -1.34932 -0.741382
115 11.45 0.781818 0.506068 0.488285 0.638642 -0.990027 -1.02413 -0.766636
116 11.55 0.690909 0.590066 0.49312 0.745388 -0.811522 -0.870622 -0.868334
117 11.65 0.736364 0.630497 0.580816 0.617054 -0.90632 -0.58412 -0.834478
118 11.75 0.781818 0.748203 0.731266 0.557946 -0.617638 -0.768761 -0.769529
119 11.85 0.663636 0.629614 0.718272 0.511024 -0.4518 -1.07281 -0.772438
120 11.95 0.627273 0.500124 0.538544 0.514337 -0.846858 -1.05061 -0.831369
121 12.05 0.7 0.448395 0.499001 0.612446 -0.830027 -1.37897 -0.821625
122 12.15 0.727273 0.628787 0.719291 0.578311 -1.00412 -1.41823 -0.817637
123 12.25 0.727273 0.666563 0.555606 0.570706 -1.0949 -1.26112 -0.806172
124 12.35 0.654545 0.445212 0.447082 0.633082 -0.266076 -0.0804875 -0.779645
125 12.45 0.854545 0.423909 0.775923 0.639974 -0.607559 -0.582212 -1.00496
126 12.55 0.790909 0.463483 0.715479 0.467191 -0.66654 -1.63146 -1.05737
127 12.65 0.718182 0.691549 0.60189 0.609917 -0.790721 -1.03457 -0.891108
128 12.75 0.809091 0.599057 0.481069 0.768055 -1.23455 -1.03052 -0.807482
129 12.85 0.754545 0.898093 0.57256 0.617653 -0.833724 -0.593557 -0.697227
130 12.95 0.654545 0.607909 0.504709 0.53583 -1.54817 -1.01215 -0.703268
131 13.05 0.745455 0.759866 0.535506 0.56755 -1.46266 -1.32706 -0.647936
132 13.15 0.627273 0.468459 0.790747 0.548079 -0.344852 -1.05042 -0.583863
133 13.25 0.718182 0.594033 0.684966 0.574812 0.150464 -0.763917 -0.552551
134 13.35 0.881818 0.67364 0.784222 0.620739 -0.514867 -0.38387 -0.563592
135 13.45 0.872727 0.686379 0.672475 1.05964 -0.828526 -0.43885 -0.589757
136 13.55 0.790909 0.579342 0.706846 0.620254 -0.469161 -0.387209 -0.554825
137 13.65 0.818182 0.727847 0.60631 0.5057 -0.949146 -0.722905 -0.658335
138 13.75 0.618182 0.436167 0.571956 0.341435 -0.519313 -0.663011 -0.760019
139 13.85 0.7 0.8029 0.736197 0.542192 -0.458136 -0.94707 -0.762091
140 13.95 0.781818 0.708112 0.566045 0.8675 0.070576 -0.59297 -0.550223
141 14.05 0.663636 0.689616 0.6914 0.632949 -0.0938162 -0.255861 -0.547359
142 14.15 0.836364 0.807998 0.69977 0.594303 -0.436698 -0.526779 -0.49252
143 14.25 0.827273 0.781282 0.806817 0.748509 -0.623598 -0.677213 -0.481953
144 14.35 0.790909 0.725568 0.690697 0.471259 -0.835393 -0.754308 -0.554849
145 14.45 0.754545 0.53907 0.820243 0.595216 -0.575208 -0.071294 -0.593264
146 14.55 0.809091 0.64139 0.596974 0.644212 -0.443782 -0.581274 -0.551185
147 14.65 0.818182 0.778894 0.687709 0.840892 -0.161603 -0.49195 -0.429658
148 14.75 0.754545 0.680096 0.63236 0.623523 -1.13643 -0.933666 -0.505353
149 14.85 0.663636 0.484822 0.935288 0.515378 -1.34797 -1.07637 -0.663526
150 14.95 0.609091 0.521623 0.473841 0.510011 -1.38962 -1.5319 -0.68809
151 15.05 0.863636 0.712562 0.885306 0.923475 -0.874464 -0.934963 -0.758472
152 15.15 0.736364 0.604919 0.629003 0.705338 -1.37613 -1.14619 -0.861622
153 15.25 0.754545 0.735466 0.660971 0.456236 -0.84813 -1.4605 -0.956098
154 15.35 0.745455 0.728728 0.468742 0.520299 -0.552485 -0.856441 -0.94086
155 15.45 0.9 0.812875 0.901974 0.793582 -0.704021 -0.898574 -1.0355
156 15.55 0.754545 0.808244 0.710144 0.572411 -1.07756 -0.940776 -1.12837
157 15.65 0.509091 0.402939 0.384676 0.298791 -0.900213 -0.725972 -1.11314
158 15.75 0.772727 0.514943 0.625398 0.744115 -0.63255 -0.481203 -0.812361
159 15.85 0.772727 0.754256 0.685131 0.711032 -0.661064 -0.784974 -0.762902
160 15.95 0.7 0.832228 0.543931 0.65115 -0.976667 -1.00971 -0.872935
161 16.05 0.845455 0.811337 0.855302 0.742526 -1.15044 -1.2419 -0.806937
162 16.15 0.709091 0.666896 0.669893 0.585701 -1.53912 -1.29197 -0.583948
163 16.25 0.781818 0.764716 0.935359 0.74629 -0.830952 -1.3854 -0.534782
164 16.35 0.7 0.616213 0.556438 0.507387 -0.678412 -0.532554 -0.577893
165 16.45 0.790909 0.702441 0.589408 0.68329 -0.301044 -0.66897 -0.673447
166 16.55 0.809091 0.666465 0.780426 0.658987 -1.05679 -0.916038 -0.558221
167 16.65 0.681818 0.634766 0.705083 0.472314 -0.668553 -0.955466 -0.33399
168 16.75 0.681818 0.572625 0.679334 0.549837 -1.16015 -0.614304 -0.468848
169 16.85 0.727273 0.441819 0.542008 0.528478 -0.456725 -0.5079 -0.584274
170 16.95 0.645455 0.512905 0.620095 0.493047 -0.161033 -0.846325 -0.499752
171 17.05 0.736364 0.544667 0.614885 0.661859 -1.05206 -0.515231 -0.618566
172 17.15 0.736364 0.420217 0.545075 0.764276 -1.21956 -0.675387 -0.665088
173 17.25 0.845455 0.773533 0.616272 0.666105 -1.07807 -0.758792 -0.67823
174 17.35 0.754545 0.632982 0.832884 0.766378 -0.505935 -0.408674 -0.697929
175 17.45 0.854545 0.598391 0.685482 0.652169 -1.26617 -0.530468 -0.656222
176 17.55 0.863636 0.657084 0.85738 0.7193 -0.638771 -0.542036 -0.571104
177 17.65 0.645455 0.474508 0.471779 0.557455 -1.08056 -0.911698 -0.646948
178 17.75 0.718182 0.518002 0.727662 0.521591 -0.623173 -0.757918 -0.535414
179 17.85 0.736364 0.577691 0.432682 0.643065 -1.00326 -0.816646 -0.475799
180 17.95 0.681818 0.604231 0.533925 0.476787 -0.120001 -0.828849 -0.424859
181 18.05 0.781818 0.603792 0.596036 0.587509 -0.956094 -1.09613 -0.524166
182 18.15 0.709091 0.616591 0.798469 0.463161 -0.77992 -1.25035 -0.601393
183 18.25 0.845455 0.777455 0.730175 0.650809 -1.59525 -1.62315 -0.854126
184 18.35 0.790909 0.435552 0.78265 0.526075 -1.62273 -1.36797 -0.999968
185 18.45 0.654545 0.749625 0.561171 0.573352 -1.22476 -0.885634 -0.997353
186 18.55 0.745455 0.508045 0.609468 0.461919 -1.04491 -1.24612 -0.962592
187 18.65 0.709091 0.736968 0.573972 0.586216 -1.28439 -0.420024 -0.880494
188 18.75 0.727273 0.656103 0.6821 0.510596 -1.42716 -0.547178 -0.799961
189 18.85 0.809091 0.91915 0.533657 0.741513 -1.73806 -0.97248 -0.695249
190 18.95 0.845455 0.717753 0.879295 0.577308 -1.5507 -0.884575 -0.697067
191 19.05 0.736364 0.45983 0.591726 0.752115 -1.18906 -0.855115 -0.729435
192 19.15 0.6 0.458318 0.715747 0.606222 -1.20398 -0.66793 -0.735694
193 19.25 0.909091 0.790576 0.681574 0.516674 -0.928931 -1.38264 -0.707674
194 19.35 0.745455 0.704001 0.719574 0.505907 -0.253351 -1.62083 -0.770172
195 19.45 0.663636 0.584943 0.447895 0.622869 -0.290641 -0.590519 -0.759578
196 19.55 0.654545 0.588176 0.717055 0.50864 -0.957346 -1.15093 -0.903917
197 19.65 0.827273 0.778822 0.645004 0.817396 -1.21344 -1.2808 -1.01862
198 19.75 0.781818 0.617907 0.615201 0.579932 -1.34482 -1.34925 -1.07406
199 19.85 0.7 0.341943 0.61291 0.703448 -1.59112 -1.26507 -1.16994
200 19.95 0.754545 0.633201 0.573655 0.725499 -0.690279 -0.812117 -1.10642
201 20.05 0.745455 0.560326 0.485127 0.592126 -0.0930638 -0.69926 -1.02225
202 20.15 0.827273 0.624722 0.739947 0.724585 -0.868737 -1.37511 -0.966543
203 20.25 0.763636 0.576912 0.88282 0.4711 -0.508139 -0.878148 -0.895415
204 20.35 0.718182 0.464879 0.574486 0.566037 -0.639805 -0.17557 -0.786257
205 20.45 0.736364 0.71784 0.490664 0.73904 -0.821633 -0.347571 -0.633087
206 20.55 0.781818 0.615159 0.701178 0.726393 -0.996308 -0.255253 -0.631879
207 20.65 0.754545 0.952059 0.770714 0.822387 -0.771526 -1.00482 -0.737856
208 20.75 0.736364 0.575915 0.725482 0.586492 -0.838005 -0.707832 -0.674542
209 20.85 0.8 0.70373 0.713518 0.685468 -1.19423 -1.02332 -0.614164
210 20.95 0.690909 0.666851 0.677558 0.670395 -0.922943 -0.598996 -0.579624
211 21.05 0.745455 0.628331 0.691188 0.62719 -0.965058 -0.75704 -0.624418
212 21.15 0.772727 0.847468 0.580186 0.677429 -0.823047 -0.337659 -0.533404
213 21.25 0.718182 0.642073 0.562097 0.464476 -0.606964 -0.326266 -0.450153
214 21.35 0.863636 0.677994 0.768663 0.692188 0.250012 -0.156539 -0.488727
215 21.45 0.754545 0.780735 0.701974 0.671658 -0.344028 -0.49626 -0.537721
216 21.55 0.854545 0.784839 0.809289 0.690977 -0.614823 -0.248403 -0.608292
217 21.65 0.727273 0.646326 0.488772 0.428342 -0.985879 -0.852488 -0.740447
218 21.75 0.736364 0.692101 0.509406 0.592298 -0.621451 -0.984631 -0.773899
219 21.85 0.627273 0.629897 0.44628 0.468465 -0.366519 -0.693314 -0.824103
220 21.95 0.681818 0.563355 0.58063 0.584331 -0.915497 -1.35679 -0.901063
221 22.05 0.8 0.572116 0.672573 0.753822 -1.06559 -0.879288 -1.03245
222 22.15 0.8 0.685048 0.657704 0.744505 -0.75734 -0.305646 -1.06736
223 22.25 0.736364 0.526672 0.562729 0.696994 -0.263261 -0.550365 -1.02842
224 22.35 0.736364 0.808561 0.61002 0.634303 -1.00098 -0.451804 -0.903301
225 22.45 0.809091 0.588314 0.602772 0.822587 -0.983278 -0.625148 -0.899559
226 22.55 0.672727 0.525219 0.65303 0.578891 -0.321835 -0.878503 -0.998037
227 22.65 0.781818 0.731731 0.830174 0.712535 -1.22865 -1.52701 -1.01078
228 22.75 0.763636 0.64398 0.702731 0.720589 -1.35042 -1.46725 -1.02476
229 22.85 0.718182 0.704748 0.873524 0.616405 -0.684663 -1.03758 -0.897931
230 22.95 0.627273 0.536781 0.60798 0.676088 -0.163854 -1.02898 -0.882074
231 23.05 0.781818 0.844938 0.598593 0.658881 -0.0630386 -0.615254 -0.928893
232 23.15 0.772727 0.610855 0.702565 0.674673 -1.24778 -0.638766 -1.09878
233 23.25 0.763636 0.839512 0.741634 0.527488 -0.737708 -0.447765 -1.02794
234 23.35 0.8 0.799195 0.482534 0.778529 -0.704743 -1.43003 -1.09516
235 23.45 0.727273 0.567811 0.51193 0.666096 -0.436755 -1.27446 -1.122
236 23.55 0.772727 0.543592 0.721059 0.757021 -1.11587 -1.38418 -1.09482
237 23.65 0.6 0.542765 0.513911 0.536372 -1.57178 -1.27534 -1.13509
238 23.75 0.654545 0.544108 0.706424 0.463638 -1.6544 -1.43211 -1.07094
239 23.85 0.709091 0.376047 0.464711 0.530104 -1.48753 -1.44122 -0.97516
240 23.95 0.727273 0.497082 0.71353 0.512882 -1.17101 -0.681253 -0.913526
241 24.05 0.863636 0.857521 0.853263 0.73809 -0.927414 -0.950054 -0.777555
242 24.15 0.772727 0.703677 0.755433 0.863558 -0.586736 -0.815409 -0.801492
243 24.25 0.672727 0.629572 0.715961 0.80688 -1.32275 -0.81615 -0.720307
244 24.35 0.881818 0.878601 0.888569 0.673718 -0.291441 -0.0840905 -0.744685
245 24.45 0.581818 0.357865 0.526245 0.748443 -0.803429 -0.64028 -0.687282
246 24.55 0.627273 0.480247 0.467526 0.510065 -1.00485 -1.19512 -0.628208
247 24.65 0.718182 0.652611 0.524694 0.601347 -0.69091 -1.04952 -0.579976
248 24.75 0.690909 0.542805 0.618646 0.547864 -1.28301 -1.20922 -0.637552
249 24.85 0.718182 0.565979 0.447203 0.814674 -1.48848 -1.13244 -0.665919
250 24.95 0.672727 0.473175 0.485411 0.618808 -1.23401 -1.49314 -0.642951
251 25.05 0.790909 0.540882 0.748952 0.599574 -1.24462 -1.13806 -0.616996
252 25.15 0.736364 0.603707 0.658159 0.731449 -1.46767 -1.01631 -0.550804
253 25.25 0.563636 0.662869 0.423455 0.424097 -1.33309 -1.12 -0.562482
254 25.35 0.718182 0.691803 0.651335 0.558595 -1.12574 -1.09627 -0.54611
255 25.45 0.545455 0.561889 0.374836 0.392215 -1.06291 -1.02741 -0.499299
256 25.55 0.490909 0.317437 0.394347 0.524681 -1.13335 -0.847771 -0.386726
257 25.65 0.590909 0.322964 0.595559 0.414157 -0.961882 -0.643635 -0.319029
258 25.75 0.627273 0.518815 0.42313 0.582141 -0.616432 -0.645973 -0.345269
259 25.85 0.536364 0.497957 0.334516 0.451483 -0.499395 -0.760215 -0.362958
260 25.95 0.563636 0.48711 0.541348 0.469606 -0.763476 -0.841775 -0.350965
261 26.05 0.445455 0.345503 0.277163 0.370609 -0.809182 -0.381766 -0.452421
262 26.15 0.490909 0.429359 0.450621 0.37932 -0.741452 -0.500653 -0.401236
263 26.25 0.345455 0.286182 0.293242 0.387671 -0.315248 -0.575262 -0.262125
264 26.35 0.327273 0.230665 0.309121 0.320102 -0.177852 -0.560303 -0.25711
265 26.45 0.390909 0.504635 0.436654 0.265664 -0.173935 -0.581077 -0.148167
266 26.55 0.3 0.214626 0.243051 0.251411 -0.263317 -0.505353 -0.127114
267 26.65 0.190909 0.183272 0.170094 0.119572 -0.304555 -0.459396 -0.132803
268 26.75 0.172727 0.222356 0.186379 0.155751 -0.33933 -0.344052 -0.0913304
269 26.85 0.127273 0.0842163 0.12296 0.127482 -0.292748 -0.215766 -0.0954924
270 26.95 0.236364 0.0929674 0.194783 0.309404 -0.256493 -0.116513 -0.060237
271 27.05 0.154545 0.14814 0.0652152 0.175094 -0.186235 -0.058551 -0.0471001
272 27.15 0.209091 0.112373 0.152041 0.213505 -0.149883 -0.109083 -0.0147585
273 27.25 0.127273 0.18018 0.113759 0.113196 -0.138174 -0.124548 0.0320915
274 27.35 0.118182 0.0445524 0.0973491 0.13472 -0.0754782 -0.0338403 0.0114483
275 27.45 0.0727273 0.0470043 0.0630539 0.097798 -0.0636995 -0.000868547 -0.00140127
276 27.55 0.0545455 0.0753884 0.0236854 0.0207727 -0.0418207 0.0328318 0.00399001
277 27.65 0.0636364 0.0541836 0.0314147 0.0362422 -0.0247764 0.0201432 0.0116217
278 27.75 0.0363636 0.036999 0.0270459 0.0167159 -0.0379489 -0.00810774 0.00556726
279 27.85 0.0363636 0.0283999 0.0344891 0.00711848 -0.0332993 -0.0117053 0.0109841
280 27.95 0.0727273 0.023152 0.028931 0.109853 -0.0275792 -0.0258994 -0.00109719
281 28.05 0.0545455 0.0610856 0.0371163 0.0569878 -0.0113124 -0.0295789 -0.0200703
282 28.15 0.0181818 0.010089 0.00537074 0.0108375 -0.0365988 -0.0314875 -0.0161862
283 28.25 0.0181818 0.0185377 0.00286453 0.0118466 -0.0073841 -0.0105049 -0.0122139
284 28.35 0.0181818 0.0190841 0.0612774 0.0135232 -0.0053499 -0.00679248 -0.0099051
285 28.45 0.0181818 0.00629796 0.0277285 0.0064618 -0.00476219 -0.00744602 -0.00850433
286 28.55 0.0181818 0.00211849 0.00219526 0.0220979 -0.00334624 -0.00734402 -0.00800368
287 28.65 0.0181818 0.0223385 0.0312539 0.00652582 -0.00255312 -0.00346292 -0.00604081
288 28.75 0.0272727 0.0376616 0.0054888 0.0293712 -0.00264858 -0.0035035 -0.00799968
289 28.85 0.00909091 9.52488e-05 0.00134569 0.000232815 -0.00243484 -0.00341307 -0.00836395
290 28.95 0.0181818 0.0103047 0.0468893 0.00591789 -0.00177304 -0.00346907 -0.00728547
291 29.05 0 0 0 0 -0.00163763 -0.00348301 -0.00703361
292 29.15 0.00909091 0.0118162 0.000378249 0.00123569 -0.00162825 -0.00348272 -0.00700385
293 29.25 0.0181818 0.000702171 0.00798178 0.00792771 -0.00163293 -0.00256983 -0.0062462
294 29.35 0.00909091 8.97694e-05 0.000425187 2.6667e-05 -0.00143792 -0.00128338 -0.00528124
295 29.45 0.0181818 0.0114865 0.0173216 0.00689315 -0.00112762 -0.00114365 -0.00506099
296 29.55 0.0181818 0.0202179 0.00527603 0.00811269 -0.00173372 -0.00124773 -0.00508217
297 29.65 0 0 0 0 -0.00169716 -0.00125791 -0.00505034
298 29.75 0.00909091 0.0248464 0.000229743 0.011667 -0.00169147 -0.00125176 -0.00502697
299 29.85 0.0181818 0.00258138 0.00785955 0.026939 -0.00435848 -0.00126784 -0.00425344
300 29.95 0.00909091 0.00106498 6.84558e-06 0.00181692 -0.00819509 -0.00109592 -0.00285809
301 30.05 0.0363636 0.0170158 0.047672 0.0156741 -0.027356 -0.00482632 -0.0029487
302 30.15 0.00909091 0.00897761 0.000116366 0.0160594 -0.000849555 -0.00433982 -0.00356803
303 30.25 0.0181818 0.0210199 0.0115044 0.0116655 -0.000940171 -0.00531995 -0.00396053
304 30.35 0.00909091 0.00463861 0.0128652 0.0011148 -0.000841406 -0.00496463 -0.00358625
305 30.45 0 0 0 0 -0.000866407 -0.00526572 -0.00361785
306 30.55 0.0181818 0.0500955 0.00620559 0.0583194 -0.000657197 -0.00363101 -0.00346862
307 30.65 0.00909091 0.00246644 0.00131692 0.0310273 -0.000586293 -0.00270882 -0.00332476
308 30.75 0.0181818 0.0262874 0.00250241 0.0060624 -0.00052612 -0.001769 -0.00312587
309 30.85 0.0272727 0.015827 0.0644115 0.00792178 0.00801637 -4.41015e-05 -0.00307646
310 30.95 0.0363636 0.0188632 0.0508133 0.0212908 -0.00055741 -0.00248487 -0.0035049
311 31.05 0.0272727 0.0156737 0.0251107 0.0136792 -0.0228578 -0.00334968 -0.0040545
312 31.15 0.00909091 0.00535483 0.00276765 0.00400066 -0.00538856 -0.00292586 -0.00391821
313 31.25 0.0181818 0.0220196 0.00336604 0.00290376 -0.00080179 -0.00372592 -0.00431538
314 31.35 0.0181818 0.00279756 0.0248557 0.0159209 -0.00569213 -0.00738738 -0.00588149
315 31.45 0.0363636 0.0700122 0.0101562 0.00722919 -0.0187922 -0.0124353 -0.00501357
316 31.55 0.0272727 0.0328978 0.0284222 0.0203975 -0.00422799 -0.00775094 -0.00461798
317 31.65 0.0363636 0.00502945 0.0274359 0.0234844 -0.00407766 -0.0069013 -0.00454915
318 31.75 0.00909091 1.52518e-06 0.00590761 0.00120802 -0.00433298 -0.00669128 -0.00590767
319 31.85 0.0181818 0.00284258 0.01379 0.0152586 -0.00295702 -0.00586628 -0.00604119
320 31.95 0.00909091 0.0114157 0.000563845 0.00067366 -0.00242605 -0.00520265 -0.00589705
321 32.05 0.0272727 0.0672947 0.00438307 0.00902042 -0.00308538 -0.00216048 -0.00495994
322 32.15 0.00909091 0.0005078 0.00340241 0.00241064 -0.0025517 -0.00138057 -0.00460414
323 32.25 0.0272727 0.0309988 0.0142944 0.00369619 -0.0026062 -0.00155655 -0.00469365
324 32.35 0.00909091 0.00922192 0.00820209 0.000375251 -0.0026047 -0.0013708 -0.00466563
325 32.45 0 0 0 0 -0.00254458 -0.00135433 -0.00464089
326 32.55 0.0272727 0.0270048 0.00864384 0.0263672 -0.00253392 -0.00133993 -0.00461734
327 32.65 0.00909091 0.00508569 0.00292474 0.0011859 -0.00259748 -0.00137288 -0.00419533
328 32.75 0.0636364 0.0560289 0.0724489 0.0250579 -0.00213801 -0.00137895 -0.00248148
329 32.85 0.0181818 0.00192244 0.0322228 0.0175018 -0.00161871 -0.00181956 -0.00283404
330 32.95 0.00909091 0.0214708 0.00123579 6.15525e-05 -0.00163732 -0.00219573 -0.00289643
331 33.05 0.0181818 0.000156089 0.00373606 0.00693195 -0.00130861 -0.00259048 -0.00291756
332 33.15 0.00909091 1.82367e-05 0.00408493 0.00123836 -0.00101299 -0.00199835 -0.0027835
333 33.25 0.0272727 0.031354 0.0136259 0.0366058 -0.00089022 -0.00197459 -0.00297534
334 33.35 0.00909091 6.06924e-05 0.00904198 0.00215036 -0.00266741 -0.00209289 -0.00422245
335 33.45 0 0 0 0 -0.00266391 -0.00208776 -0.00421729
336 33.55 0.0272727 0.0233578 0.0214493 0.0136681 -0.00340613 -0.00158777 -0.00381287
337 33.65 0.00909091 0.000299066 0.00234737 0.00014022 -0.0046336 -0.00195578 -0.00383317
338 33.75 0.0181818 0.0264934 0.0016755 0.00376913 -0.00494811 -0.00230637 -0.00391223
339 33.85 0.00909091 0.000167683 0.0009732 0.00297529 -0.00536534 -0.00378069 -0.00404367
340 33.95 0.00909091 0.00223926 0.0066482 0.0130776 -0.00543175 -0.00405959 -0.00423723
341 34.05 0.0181818 0.00440175 0.0100392 0.0117783 -0.00472241 -0.00365335 -0.00384513
342 34.15 0.0181818 0.0018048 0.000615131 0.0110621 -0.00267668 -0.00236012 -0.00272081
343 34.25 0.0181818 0.0104318 0.0104451 0.00835622 -0.0094431 -0.00171141 -0.00228063
344 34.35 0.0272727 0.0117423 0.0047059 0.00678873 -0.0286294 -0.00457125 -0.00215647
345 34.45 0 0 0 0 -0.000801626 -0.00182324 -0.00186061
346 34.55 0.00909091 6.41804e-05 0.00904484 0.00209657 -0.000825185 -0.00190118 -0.00186402
347 34.65 0.0363636 0.0156875 0.0525385 0.0210479 -0.000648176 -0.00162983 -0.00164309
348 34.75 0.0454545 0.0163812 0.02692 0.104343 -0.000505655 -0.00150034 -0.00168184
349 34.85 0.00909091 0.00227283 0.00471594 0.00319183 -0.000227317 -0.0010369 -0.00156788
350 34.95 0.0272727 0.0314765 0.0123228 0.00948065 -0.000482745 -0.0011753 -0.00340578
351 35.05 0.0545455 0.0345886 0.0377026 0.00500136 -0.00424964 -0.00308433 -0.00356496
352 35.15 0.00909091 0.00100284 0.000322808 0.0305678 0.000373103 -0.00201792 0.00142304
353 35.25 0 0 0 0 0.000400571 -0.00201164 0.00148141
354 35.35 0.0181818 0.0202318 0.00510671 0.00875242 0.000680301 -0.00221052 0.00120488
355 35.45 0.0181818 0.0138331 0.00405473 0.0436124 0.00435738 -0.000643875 0.00127856
356 35.55 0.0454545 0.0141818 0.0177359 0.00759098 0.00508895 -5.07268e-05 0.00267331
357 35.65 0.00909091 0.0115515 0.00384353 0.0145036 0.00805045 0.000374711 0.00387199
358 35.75 0.0181818 0.00200756 0.0209193 0.0048218 0.006104 -0.000233363 0.00132245
359 35.85 0 0 0 0 0.00269484 -0.00145284 -0.00318693
360 35.95 0.0454545 0.0155401 0.037799 9.3652e-06 0.00268591 -0.00350672 -0.00332218
6600 360
1 0.05 0.00833333 0.012006 0.00152469 0.00330493 0.00235715 -0.00379408 -0.00241494
2 0.15 0.025 0.0131501 0.0112293 0.00647147 0.00162547 -0.00399723 -0.00186147
3 0.25 0.025 0.00171221 0.00454629 0.00426882 -0.00183019 -0.00609736 -0.00321724
4 0.35 0.025 0.0128939 0.00280306 0.000371504 -0.00132274 -0.00512163 -0.0017793
5 0.45 0.0166667 0.000522371 0.00143525 0.00880182 -0.00132427 -0.00482097 -0.00176202
6 0.55 0.00833333 0.0210961 0.000751746 0.0791725 -0.00127149 -0.00497639 -0.00181286
7 0.65 0.0166667 0.00731353 0.0234151 0.00923134 -0.00216033 -0.00667188 -0.00219358
8 0.75 0.025 0.0127616 0.0101116 0.0100497 -0.00174271 -0.00737911 -0.00228289
9 0.85 0 0 0 0 -0.00173137 -0.00757059 -0.00246758
10 0.95 0.0166667 0.0166733 0.011576 0.00508271 -0.00450492 -0.00515063 -0.00221852
11 1.05 0.00833333 0.000642316 0.00074916 1.34252e-06 -0.0049331 -0.00253251 -0.00188058
12 1.15 0 0 0 0 -0.000246061 -0.00184298 -0.00169242
13 1.25 0.025 0.0113072 0.00958965 0.00794935 -0.00023215 -0.00182091 -0.00165239
14 1.35 0.0166667 0.00018502 0.00688163 0.0192377 -0.000203232 -0.00176131 -0.00154653
15 1.45 0.0166667 0.000659141 0.0118313 0.00429922 -0.000125097 -0.00174829 -0.00150751
16 1.55 0.0166667 0.0157383 0.00867542 0.00699641 -0.000240265 -0.0024353 -0.00128786
17 1.65 0.00833333 0.00188248 0.0107748 2.65934e-05 -0.000282671 -0.000325526 -0.000193478
18 1.75 0.0166667 0.0164143 0.00327367 0.00159287 -0.00189416 -0.000528413 -0.00236417
19 1.85 0 0 0 0 -0.00191383 -0.000535765 -0.00251077
20 1.95 0.00833333 8.73046e-05 0.00572965 0.000278779 -0.00190752 -0.000507931 -0.0024902
21 2.05 0.00833333 3.27802e-05 0.00590779 0.0001836 -0.00185839 -0.000306386 -0.00244338
22 2.15 0 0 0 0 -0.00185797 -0.000304677 -0.00244307
23 2.25 0.0166667 0.016695 0.00398529 0.040156 -0.00184935 -0.000302909 -0.00244222
24 2.35 0 0 0 0 -0.00183258 -0.000299538 -0.0024404
25 2.45 0.0166667 0.0041704 0.0153967 0.00826815 -0.00103963 -0.000308198 -0.00205319
26 2.55 0 0 0 0 -0.000644467 -0.000567425 -0.00194439
27 2.65 0.0166667 8.48783e-06 0.00607424 0.0127743 -0.000683467 -0.000567083 -0.00194225
28 2.75 0.0166667 0.0132544 0.00524377 0.0277843 -0.000804517 -0.000568342 -0.00193729
29 2.85 0.0416667 0.0134676 0.0251053 0.0350248 -0.00259551 -0.000623771 -0.000790307
30 2.95 0 0 0 0 -0.000397484 -0.000609231 -0.00014378
31 3.05 0.0166667 0.00432503 0.00624876 0.00632904 -0.00166307 -0.000345819 -0.000679568
32 3.15 0 0 0 0 -0.002454 -0.000184848 -0.00101574
33 3.25 0 0 0 0 -0.002454 -0.000184848 -0.00101574
34 3.35 0.00833333 0.0019702 0.000513646 0.021246 -0.00244008 -0.000180306 -0.00103315
35 3.45 0 0 0 0 -0.00243366 -0.000178215 -0.00104117
36 3.55 0.00833333 0.00661226 0.00674022 0.00575566 -0.00243401 -0.000178003 -0.00104139
37 3.65 0 0 0 0 -0.00243494 -0.000177446 -0.00104198
38 3.75 0.00833333 0.00312254 0.00135891 0.00346551 -0.000651907 -7.79372e-05 -0.000340321
39 3.85 0 0 0 0 -1.56284e-05 -4.24273e-05 -8.99317e-05
40 3.95 0 0 0 0 -1.56284e-05 -4.24273e-05 -8.99317e-05
41 4.05 0 0 0 0 -1.56284e-05 -4.24273e-05 -8.99317e-05
42 4.15 0.0166667 0.0116137 0.0136227 0.0372399 0.0330665 0.00282368 -3.10726e-05
43 4.25 0.00833333 0.00749593 0.00652021 0.0195422 -5.04075e-05 -3.89434e-05 -0.000136757
44 4.35 0 0 0 0 -5.98897e-05 -3.9101e-05 -0.000146488
45 4.45 0 0 0 0 -5.98897e-05 -3.9101e-05 -0.000146488
46 4.55 0 0 0 0 -5.98897e-05 -3.9101e-05 -0.000146488
47 4.65 0 0 0 0 -5.98897e-05 -3.9101e-05 -0.000146488
48 4.75 0.0166667 0.00635559 0.0185124 0.00962349 0.00427177 0.0129453 0.00935652
49 4.85 0 0 0 0 0.00724333 0.0218374 0.0158686
50 4.95 0.00833333 7.9119e-05 0.00319415 0.0248118 0.00695708 0.0216739 0.0155552
51 5.05 0.00833333 3.24841e-08 2.80351e-07 0.00790362 0.00607407 0.0211179 0.0146009
52 5.15 0.00833333 1.58254e-05 0.00536553 0.00712628 0.00597485 0.0210828 0.0145863
53 5.25 0.0166667 0.0033257 0.0127208 0.00526422 0.00594383 0.0210268 0.0145601
54 5.35 0.00833333 0.000651813 0.0177361 0.00947443 0.000478901 0.0047473 0.00267818
55 5.45 0.00833333 0.00101772 0.00383692 0.000608045 -0.00146616 -0.00110167 -0.0016114
56 5.55 0.0166667 0.0096655 0.0116159 0.00727796 -0.00147822 -0.00131573 -0.00178665
57 5.65 0 0 0 0 -0.001483 -0.00132394 -0.00181283
58 5.75 0.00833333 0.00125378 0.000744415 0.00172109 -0.00146433 -0.00133855 -0.00179303
59 5.85 0.025 0.0201465 0.0249227 0.0308711 -0.00132365 -0.00234786 -0.000946233
60 5.95 0.0166667 0.0159489 0.00476909 0.0312355 -0.0015017 -0.00231455 -0.00120436
61 6.05 0 0 0 0 -0.00147049 -0.00227901 -0.00123894
62 6.15 0 0 0 0 -0.00147049 -0.00227901 -0.00123894
63 6.25 0.0166667 0.00610571 0.00193018 0.0860524 -0.00150355 -0.00233292 -0.00156319
64 6.35 0.0166667 0.00441203 0.00213719 0.0124092 -0.000711586 -0.000980533 -0.00339199
65 6.45 0 0 0 0 -0.000617589 -0.000830667 -0.00348184
66 6.55 0.00833333 0.00871562 0.000374781 0.000931371 0.00109577 0.00254579 -0.00214445
67 6.65 0 0 0 0 0.00875013 0.01763 0.00383028
68 6.75 0.0333333 0.0191286 0.0206806 0.0239297 0.0086638 0.0172337 0.00296017
69 6.85 0.0166667 0.00369727 0.000346385 0.00383157 0.00811547 0.0167909 0.00191843
70 6.95 0.00833333 0.00520618 0.000532195 0.000374113 0.0049764 0.0166741 0.00121398
71 7.05 0.0333333 0.0210918 0.0218588 0.0351795 0.00158264 0.0123265 -0.00302249
72 7.15 0.0166667 0.000812858 0.013118 0.00652992 -0.00507829 0.00331395 -0.00742405
73 7.25 0.0166667 0.00536376 0.0102185 0.0131901 -0.0054308 0.00305332 -0.00820236
74 7.35 0.00833333 0.000673109 0.0168502 0.0120874 -0.00901572 0.00215473 -0.0108758
75 7.45 0.0333333 0.0114358 0.0100375 0.0268837 0.00448461 -0.00171317 -0.00890003
76 7.55 0.0166667 0.0142715 0.00965124 0.00637242 0.00995819 -0.00433233 -0.00974339
77 7.65 0.0333333 0.0111439 0.0249474 0.0689007 -0.0142432 -0.0166539 -0.0145077
78 7.75 0.0666667 0.048473 0.0588467 0.0378959 -0.00543018 -0.0341253 -0.0292647
79 7.85 0.0333333 0.0283921 0.0125611 0.0228871 -0.038553 -0.0423349 -0.0390153
80 7.95 0.0916667 0.112442 0.0413052 0.097729 -0.0258993 -0.0275288 -0.0406869
81 8.05 0.0916667 0.0727267 0.0769988 0.0633473 -0.0389052 -0.0615106 -0.0570241
82 8.15 0.108333 0.089858 0.0707485 0.0701792 -0.0727485 -0.0717504 -0.0726542
83 8.25 0.025 0.0395783 0.00939957 0.0199151 -0.0926317 -0.0833199 -0.0780881
84 8.35 0.05 0.0459676 0.0463968 0.034249 -0.0973212 -0.0864638 -0.083648
85 8.45 0.116667 0.117081 0.0843518 0.0722692 -0.0834228 -0.105388 -0.0969988
86 8.55 0.15 0.125024 0.091908 0.0754506 -0.119386 -0.122027 -0.114682
87 8.65 0.0916667 0.0166779 0.0762465 0.0702947 -0.21619 -0.144268 -0.141721
88 8.75 0.116667 0.0885846 0.11593 0.133564 -0.116133 -0.0643786 -0.156113
89 8.85 0.125 0.0538277 0.124109 0.108665 -0.117627 -0.157981 -0.162094
90 8.95 0.191667 0.147387 0.224914 0.150096 -0.146509 -0.159052 -0.173355
91 9.05 0.175 0.163021 0.0995139 0.120553 -0.142508 -0.0720125 -0.182712
92 9.15 0.216667 0.12419 0.162146 0.188747 -0.0424236 -0.177568 -0.192448
93 9.25 0.25 0.233348 0.170763 0.162516 -0.361881 -0.339064 -0.242151
94 9.35 0.258333 0.191373 0.165286 0.260849 -0.193776 -0.429347 -0.278395
95 9.45 0.333333 0.300921 0.29143 0.4141 -0.359115 -0.443334 -0.295678
96 9.55 0.333333 0.266059 0.348081 0.246202 -0.533897 -0.448711 -0.292927
97 9.65 0.316667 0.288351 0.21739 0.209919 -0.517948 -0.482028 -0.347433
98 9.75 0.275 0.180634 0.219034 0.202014 -0.407667 -0.590965 -0.349978
99 9.85 0.425 0.41264 0.308271 0.356349 -0.581765 -0.730656 -0.356863
100 9.95 0.533333 0.540282 0.405555 0.448863 -0.556519 -0.54807 -0.293164
101 10.05 0.5 0.539595 0.512037 0.51705 -0.576402 -0.44991 -0.29637
102 10.15 0.45 0.414452 0.41989 0.426041 -0.633298 -0.913387 -0.341443
103 10.25 0.55 0.555871 0.443922 0.648875 -0.835219 -0.988 -0.392761
104 10.35 0.566667 0.43627 0.418345 0.543327 -0.938077 -0.4575 -0.420656
105 10.45 0.675 0.644588 0.649316 0.651535 -0.750124 -0.849678 -0.321465
106 10.55 0.641667 0.721318 0.442125 0.599176 -0.74569 -1.01496 -0.447127
107 10.65 0.625 0.554218 0.516796 0.440432 -1.39897 -0.955719 -0.547459
108 10.75 0.633333 0.512804 0.638843 0.40514 -1.17688 -0.645857 -0.564474
109 10.85 0.616667 0.416742 0.551444 0.430632 -0.946 -1.06899 -0.563312
110 10.95 0.7 0.582226 0.573414 0.514788 -0.518128 -0.976412 -0.49821
111 11.05 0.625 0.540546 0.409696 0.457496 -1.05439 -1.2992 -0.542869
112 11.15 0.583333 0.608462 0.485383 0.45592 -1.41949 -1.30202 -0.624925
113 11.25 0.608333 0.619223 0.557554 0.434633 -1.22253 -1.46379 -0.639229
114 11.35 0.766667 0.839891 0.66503 0.579317 -0.893445 -1.23309 -0.779927
115 11.45 0.766667 0.502399 0.513026 0.596622 -0.956357 -1.14709 -0.782374
116 11.55 0.691667 0.614322 0.497477 0.720478 -0.482487 -0.876893 -0.842931
117 11.65 0.775 0.718607 0.603038 0.60046 -0.721643 -0.493378 -0.763697
118 11.75 0.758333 0.72163 0.691558 0.531087 -0.685035 -0.664892 -0.719867
119 11.85 0.641667 0.593845 0.703507 0.482539 -0.484432 -1.05652 -0.700022
120 11.95 0.666667 0.512563 0.578429 0.527944 -0.772886 -1.04989 -0.735888
121 12.05 0.683333 0.459729 0.48473 0.580221 -0.768656 -1.38214 -0.758343
122 12.15 0.716667 0.582753 0.696688 0.557055 -0.86949 -1.47096 -0.749373
123 12.25 0.741667 0.642878 0.571839 0.569509 -0.924889 -1.31845 -0.742796
124 12.35 0.666667 0.493613 0.477877 0.638323 -0.10683 -0.1194 -0.746877
125 12.45 0.841667 0.487819 0.75569 0.612029 -0.502387 -0.509629 -0.996739
126 12.55 0.808333 0.490235 0.746642 0.471122 -0.7889 -1.50644 -1.06722
127 12.65 0.741667 0.656375 0.607035 0.620035 -0.887816 -1.13704 -0.937585
128 12.75 0.791667 0.554108 0.453363 0.7575 -1.13823 -1.14002 -0.846975
129 12.85 0.725 0.883929 0.572008 0.589355 -0.961338 -0.705685 -0.758017
130 12.95 0.65 0.579121 0.534863 0.523484 -1.54445 -1.09474 -0.787023
131 13.05 0.725 0.749024 0.521562 0.54254 -1.43915 -1.33714 -0.706201
132 13.15 0.633333 0.460672 0.746803 0.560337 -0.3339 -1.01451 -0.622321
133 13.25 0.733333 0.617556 0.707368 0.617956 -0.0667279 -0.893805 -0.599496
134 13.35 0.858333 0.63467 0.748682 0.628482 -0.760102 -0.611958 -0.645128
135 13.45 0.933333 0.723807 0.741464 1.04588 -0.645201 -0.453586 -0.663483
136 13.55 0.766667 0.545908 0.669612 0.629149 -0.405697 -0.365064 -0.657599
137 13.65 0.808333 0.743069 0.61199 0.509286 -0.784504 -0.737289 -0.733242
138 13.75 0.658333 0.468191 0.6393 0.352796 -0.164082 -0.518636 -0.828139
139 13.85 0.7 0.741869 0.701434 0.623747 -0.408206 -0.832928 -0.803199
140 13.95 0.766667 0.671466 0.589071 0.800111 0.0347118 -0.342461 -0.584351
141 14.05 0.658333 0.668463 0.72107 0.635777 -0.133067 -0.0655199 -0.576793
142 14.15 0.833333 0.767613 0.72195 0.575865 -0.492054 -0.568131 -0.517437
143 14.25 0.833333 0.812914 0.873009 0.75169 -0.68596 -0.784468 -0.500893
144 14.35 0.775 0.702877 0.688702 0.476715 -0.791686 -0.619379 -0.534266
145 14.45 0.8 0.551738 0.867419 0.685093 -0.505984 -0.0842464 -0.554197
146 14.55 0.808333 0.646445 0.579987 0.622293 -0.529145 -0.257842 -0.506223
147 14.65 0.841667 0.748529 0.661052 0.796644 -0.268038 -0.399804 -0.382661
148 14.75 0.733333 0.69344 0.598506 0.599347 -1.1154 -0.788246 -0.439427
149 14.85 0.683333 0.465942 0.900622 0.57184 -1.22264 -0.870083 -0.638655
150 14.95 0.591667 0.481801 0.455615 0.48017 -1.35316 -1.45328 -0.641329
151 15.05 0.825 0.687039 0.84552 0.892186 -0.900128 -0.886983 -0.718116
152 15.15 0.775 0.620944 0.702142 0.754582 -1.27819 -1.1016 -0.820726
153 15.25 0.775 0.726534 0.712573 0.454747 -0.936307 -1.53966 -0.911215
154 15.35 0.708333 0.686095 0.439628 0.481094 -0.583878 -0.856506 -0.918985
155 15.45 0.883333 0.774924 0.876119 0.78202 -0.667524 -0.767782 -0.995386
156 15.55 0.75 0.884574 0.696934 0.563046 -1.09267 -0.571713 -1.06326
157 15.65 0.583333 0.538445 0.443911 0.316838 -0.950084 -0.789117 -1.05556
158 15.75 0.791667 0.553838 0.711463 0.753555 -0.536571 -0.386433 -0.775783
159 15.85 0.791667 0.729567 0.695894 0.732158 -0.076018 -0.669359 -0.734311
160 15.95 0.675 0.782838 0.514173 0.643411 -1.01078 -1.04674 -0.842936
161 16.05 0.816667 0.744283 0.815544 0.729439 -1.1654 -1.27816 -0.803349
162 16.15 0.683333 0.660725 0.626288 0.591544 -1.50855 -1.31627 -0.626091
163 16.25 0.775 0.732042 0.924836 0.728762 -0.815652 -1.3683 -0.608927
164 16.35 0.716667 0.628556 0.584482 0.540972 -0.754492 -0.685797 -0.679738
165 16.45 0.8 0.710064 0.640926 0.682278 -0.479886 -0.689874 -0.757265
166 16.55 0.816667 0.654613 0.749818 0.662353 -1.1152 -0.885265 -0.647862
167 16.65 0.675 0.625867 0.671813 0.444842 -0.743292 -0.987971 -0.478295
168 16.75 0.675 0.560766 0.701674 0.515976 -1.16277 -0.755332 -0.59657
169 16.85 0.733333 0.454073 0.620356 0.503728 -0.361927 -0.628616 -0.680052
170 16.95 0.666667 0.515048 0.60147 0.473189 -0.101883 -0.782976 -0.608568
171 17.05 0.741667 0.541121 0.62078 0.62953 -1.07004 -0.600089 -0.719767
172 17.15 0.708333 0.41355 0.506144 0.739148 -1.19181 -0.762738 -0.763037
173 17.25 0.858333 0.749236 0.614058 0.71147 -1.23072 -0.824876 -0.742411
174 17.35 0.758333 0.60561 0.807183 0.716322 -0.62791 -0.415832 -0.776004
175 17.45 0.858333 0.582574 0.687867 0.675707 -1.26233 -0.426718 -0.721522
176 17.55 0.866667 0.658821 0.828346 0.723192 -0.54962 -0.555635 -0.62928
177 17.65 0.65 0.474385 0.571717 0.569798 -1.0571 -0.500238 -0.658392
178 17.75 0.725 0.555058 0.729533 0.532502 -0.650365 -0.649548 -0.561775
179 17.85 0.758333 0.58052 0.437221 0.647959 -1.09065 -0.882975 -0.556558
180 17.95 0.658333 0.637567 0.504769 0.47018 -0.289452 -1.00515 -0.550803
181 18.05 0.766667 0.596893 0.586101 0.568507 -1.03431 -1.29056 -0.651033
182 18.15 0.683333 0.597775 0.762722 0.462821 -0.801854 -1.42932 -0.728418
183 18.25 0.858333 0.749126 0.753381 0.675919 -1.60252 -1.65478 -0.940817
184 18.35 0.8 0.47225 0.790543 0.498477 -1.67803 -1.31964 -1.06939
185 18.45 0.641667 0.718908 0.560976 0.548452 -1.29963 -0.795265 -1.05392
186 18.55 0.75 0.521001 0.616075 0.443251 -1.10986 -1.21485 -1.00045
187 18.65 0.733333 0.730182 0.590779 0.667404 -1.25765 -0.583142 -0.878145
188 18.75 0.741667 0.655149 0.690427 0.505368 -1.34208 -0.57589 -0.798362
189 18.85 0.8 0.87744 0.557353 0.8424 -1.54864 -0.769574 -0.696039
190 18.95 0.816667 0.717703 0.838894 0.545221 -1.37008 -0.959421 -0.679365
191 19.05 0.758333 0.468906 0.632077 0.773894 -0.83976 -0.848524 -0.703131
192 19.15 0.6 0.49361 0.705693 0.601751 -1.0879 -0.673217 -0.716191
193 19.25 0.925 0.803641 0.713543 0.589661 -0.885813 -0.915686 -0.686467
194 19.35 0.766667 0.696357 0.734983 0.515252 -0.134945 -1.55955 -0.765406
195 19.45 0.641667 0.54429 0.431396 0.589624 -0.341077 -0.672242 -0.774146
196 19.55 0.675 0.600378 0.761431 0.511672 -1.02882 -1.22209 -0.928754
197 19.65 0.791667 0.746414 0.61796 0.777582 -1.23237 -1.26196 -1.04709
198 19.75 0.8 0.684777 0.683306 0.612501 -1.30473 -1.31577 -1.09351
199 19.85 0.7 0.340835 0.58487 0.70749 -1.59421 -1.34728 -1.18266
200 19.95 0.741667 0.601748 0.552524 0.701458 -0.66951 -0.929637 -1.11717
201 20.05 0.75 0.538786 0.494982 0.5797 -0.0519976 -0.811738 -1.07977
202 20.15 0.833333 0.62655 0.752983 0.714298 -0.747108 -1.38479 -0.996055
203 20.25 0.766667 0.57418 0.850768 0.499753 -0.580486 -1.04472 -0.904293
204 20.35 0.716667 0.457861 0.555003 0.562983 -0.778294 -0.414425 -0.803181
205 20.45 0.75 0.718331 0.460979 0.745546 -0.770852 -0.427586 -0.6211
206 20.55 0.791667 0.620953 0.703089 0.724466 -1.03719 -0.432137 -0.572309
207 20.65 0.758333 0.956452 0.760655 0.801258 -0.82944 -0.689396 -0.671407
208 20.75 0.733333 0.568206 0.709383 0.61486 -0.841667 -0.710563 -0.610966
209 20.85 0.783333 0.736922 0.75406 0.674175 -1.09549 -1.10988 -0.572566
210 20.95 0.675 0.686317 0.689921 0.660599 -1.05777 -0.809405 -0.578468
211 21.05 0.775 0.601736 0.709616 0.647947 -0.916969 -0.664843 -0.654059
212 21.15 0.783333 0.832795 0.55397 0.775724 -0.52688 -0.613828 -0.529056
213 21.25 0.708333 0.633667 0.552381 0.460382 -0.539691 -0.469347 -0.459236
214 21.35 0.858333 0.710087 0.728963 0.689541 0.241429 -0.190922 -0.455285
215 21.45 0.741667 0.769038 0.679463 0.673166 -0.479105 -0.594216 -0.52988
216 21.55 0.841667 0.764943 0.798862 0.665314 -0.774852 -0.346628 -0.623798
217 21.65 0.716667 0.649275 0.514444 0.43422 -1.04365 -0.940337 -0.731923
218 21.75 0.741667 0.657314 0.532366 0.633055 -0.583547 -0.98986 -0.780736
219 21.85 0.641667 0.669808 0.459249 0.477666 -0.424492 -0.768883 -0.848053
220 21.95 0.708333 0.573245 0.576632 0.592422 -0.943721 -1.29381 -0.909493
221 22.05 0.8 0.581923 0.694667 0.838039 -1.06375 -0.787664 -1.03193
222 22.15 0.816667 0.718418 0.678954 0.726877 -0.860779 -0.289546 -1.07212
223 22.25 0.733333 0.521316 0.561729 0.678792 -0.20321 -0.601734 -1.01924
224 22.35 0.683333 0.752104 0.565572 0.614262 -1.07846 -0.574896 -0.929578
225 22.45 0.833333 0.567641 0.642569 0.796613 -1.05609 -0.790961 -0.942622
226 22.55 0.691667 0.512992 0.685388 0.624011 -0.304089 -1.00066 -1.03773
227 22.65 0.758333 0.689137 0.783217 0.680464 -1.11779 -1.54019 -1.044
228 22.75 0.775 0.642708 0.702816 0.695396 -1.29749 -1.56675 -1.0468
229 22.85 0.758333 0.759261 0.903535 0.708612 -0.765361 -0.80148 -0.965004
230 22.95 0.658333 0.542638 0.62445 0.700793 -0.357839 -1.16596 -0.959441
231 23.05 0.775 0.830133 0.555255 0.608345 -0.115623 -0.624824 -1.00776
232 23.15 0.733333 0.583195 0.652805 0.653668 -1.37463 -0.68855 -1.15542
233 23.25 0.75 0.798705 0.71258 0.560921 -0.831076 -0.578719 -1.07555
234 23.35 0.791667 0.840295 0.495894 0.785313 -0.703396 -1.58126 -1.08997
235 23.45 0.716667 0.562372 0.486049 0.661979 -0.436554 -1.37713 -1.07848
236 23.55 0.791667 0.564861 0.78814 0.771904 -1.06051 -1.37886 -1.04754
237 23.65 0.65 0.602717 0.569338 0.595537 -1.2584 -1.10332 -1.08259
238 23.75 0.666667 0.613322 0.679367 0.512874 -1.57616 -1.27363 -1.05533
239 23.85 0.725 0.398392 0.497565 0.528996 -1.48482 -1.38054 -0.979717
240 23.95 0.733333 0.532728 0.691546 0.537755 -1.2451 -0.638436 -0.896039
241 24.05 0.808333 0.789071 0.789015 0.683045 -0.944401 -0.960274 -0.792205
242 24.15 0.75 0.664711 0.711886 0.811453 -0.682464 -0.646408 -0.801691
243 24.25 0.683333 0.629296 0.78171 0.834327 -1.33167 -0.743694 -0.729492
244 24.35 0.85 0.819377 0.838608 0.69415 -0.465602 -0.0174481 -0.734807
245 24.45 0.658333 0.407632 0.567132 0.799813 -1.00858 -0.327301 -0.654662
246 24.55 0.65 0.464246 0.485128 0.493492 -1.02111 -1.10715 -0.638202
247 24.65 0.708333 0.66149 0.546336 0.577112 -0.804396 -1.047 -0.622631
248 24.75 0.716667 0.596914 0.624303 0.578601 -1.3665 -1.15364 -0.660633
249 24.85 0.708333 0.564183 0.424825 0.857487 -1.57346 -1.17938 -0.646984
250 24.95 0.658333 0.459452 0.467698 0.595985 -1.32931 -1.49152 -0.572078
251 25.05 0.766667 0.540947 0.739069 0.598639 -1.29125 -0.957504 -0.527314
252 25.15 0.7 0.565281 0.621455 0.671415 -1.42941 -0.806574 -0.456331
253 25.25 0.566667 0.634951 0.421207 0.437903 -1.23923 -1.03464 -0.493439
254 25.35 0.716667 0.663777 0.676652 0.581459 -1.12 -1.1938 -0.515779
255 25.45 0.591667 0.570357 0.384034 0.456439 -1.08246 -1.09807 -0.46283
256 25.55 0.508333 0.320016 0.383919 0.516717 -1.17815 -0.97217 -0.359794
257 25.65 0.583333 0.307171 0.57905 0.403444 -0.99859 -0.739185 -0.31243
258 25.75 0.616667 0.499093 0.422948 0.583726 -0.650051 -0.728905 -0.35728
259 25.85 0.516667 0.461489 0.322058 0.430629 -0.547298 -0.811904 -0.354142
260 25.95 0.541667 0.453623 0.50258 0.442948 -0.768702 -0.845057 -0.34001
261 26.05 0.425 0.328298 0.279384 0.342718 -0.817523 -0.432895 -0.439552
262 26.15 0.508333 0.467044 0.437399 0.415678 -0.74898 -0.55316 -0.379001
263 26.25 0.366667 0.295261 0.28896 0.381305 -0.35822 -0.59421 -0.231325
264 26.35 0.308333 0.224823 0.284061 0.294915 -0.204806 -0.487793 -0.215859
265 26.45 0.366667 0.4643 0.428313 0.25074 -0.181829 -0.540119 -0.124972
266 26.55 0.3 0.2015 0.234421 0.238524 -0.262599 -0.482475 -0.11055
267 26.65 0.191667 0.17072 0.16335 0.111722 -0.286863 -0.425703 -0.118788
268 26.75 0.166667 0.20553 0.171096 0.171842 -0.315313 -0.318701 -0.079964
269 26.85 0.125 0.0961473 0.120005 0.123028 -0.27304 -0.162252 -0.0828122
270 26.95 0.233333 0.0866487 0.181028 0.30331 -0.26466 -0.0923944 -0.0670101
271 27.05 0.15 0.13634 0.0597865 0.163679 -0.19641 -0.0658427 -0.0592406
272 27.15 0.216667 0.154877 0.154856 0.217704 -0.166377 -0.111605 -0.0256438
273 27.25 0.125 0.166041 0.11467 0.103849 -0.131894 -0.117582 0.0227779
274 27.35 0.116667 0.0412768 0.0914082 0.125127 -0.073867 -0.0338859 0.0045944
275 27.45 0.075 0.0525762 0.0587134 0.0902133 -0.0606998 -0.0144997 -0.0048004
276 27.55 0.0583333 0.0721391 0.0217137 0.0437348 -0.0392025 0.0241094 0.00148128
277 27.65 0.0583333 0.0496683 0.0287968 0.033222 -0.0229684 0.0173225 0.0090493
278 27.75 0.0333333 0.0339158 0.0247921 0.0153229 -0.0350432 -0.00857425 0.00349942
279 27.85 0.0333333 0.0260332 0.031615 0.00652527 -0.0307812 -0.011872 0.00846486
280 27.95 0.0666667 0.0212227 0.0265201 0.100698 -0.0255377 -0.0248833 -0.00260965
281 28.05 0.05 0.0559951 0.0340233 0.0522388 -0.0106265 -0.0282561 -0.0200017
282 28.15 0.0166667 0.00924823 0.00492318 0.00993436 -0.0338056 -0.0300057 -0.0164413
283 28.25 0.0166667 0.0169929 0.00262582 0.0108594 -0.00702552 -0.0107716 -0.0128
284 28.35 0.025 0.0197434 0.0561713 0.0126535 -0.00504986 -0.00680678 -0.00991822
285 28.45 0.0166667 0.00577313 0.0254178 0.00592331 -0.00441772 -0.00693302 -0.00799004
286 28.55 0.0166667 0.00194195 0.00201232 0.0202565 -0.00311977 -0.00683952 -0.00753111
287 28.65 0.0166667 0.0204769 0.0286494 0.00598201 -0.00239274 -0.00328185 -0.00573182
288 28.75 0.025 0.0345231 0.0050314 0.0269236 -0.00248025 -0.00331905 -0.00752745
289 28.85 0.0166667 0.0214713 0.00405267 0.00190151 -0.00228376 -0.00323428 -0.00786186
290 28.95 0.0166667 0.00944597 0.0429819 0.00542474 -0.00166262 -0.00323693 -0.00688619
291 29.05 0 0 0 0 -0.00153849 -0.0032497 -0.00665531
292 29.15 0.00833333 0.0108315 0.000346729 0.00113271 -0.00152989 -0.00324944 -0.00662803
293 29.25 0.0166667 0.000643656 0.00731664 0.00726707 -0.00153419 -0.00241262 -0.00593352
294 29.35 0.00833333 8.22886e-05 0.000389755 2.44448e-05 -0.00135543 -0.00123338 -0.00504897
295 29.45 0.0166667 0.0105293 0.0158781 0.00631872 -0.00107099 -0.00110529 -0.00484708
296 29.55 0.025 0.0185962 0.00485883 0.00823164 -0.00162638 -0.00120046 -0.00486535
297 29.65 0 0 0 0 -0.00158452 -0.00119921 -0.00478769
298 29.75 0.00833333 0.0227759 0.000210598 0.0106948 -0.00157931 -0.00119357 -0.00476627
299 29.85 0.0166667 0.00236626 0.00720459 0.0246941 -0.00402406 -0.00120832 -0.00405719
300 29.95 0.00833333 0.000976228 6.27512e-06 0.00166551 -0.00754096 -0.00105072 -0.00277812
301 30.05 0.0333333 0.0155978 0.0436994 0.0143679 -0.0251052 -0.00447026 -0.00286118
302 30.15 0.00833333 0.00822948 0.000106668 0.0147211 -0.000807554 -0.0040243 -0.0034289
303 30.25 0.0166667 0.0192682 0.0105457 0.0106934 -0.000890619 -0.00492276 -0.00378869
304 30.35 0.00833333 0.00425206 0.0117931 0.0010219 -0.000800084 -0.00459704 -0.0034456
305 30.45 0 0 0 0 -0.000823002 -0.00487304 -0.00347457
306 30.55 0.0166667 0.0459209 0.00568846 0.0534595 -0.000631226 -0.00337455 -0.00333777
307 30.65 0.0166667 0.0196879 0.00262717 0.028894 -0.000795122 -0.00338043 -0.00324216
308 30.75 0.0166667 0.0240968 0.00229387 0.0055572 -0.000983987 -0.00342644 -0.0030985
309 30.85 0.025 0.0145081 0.0590439 0.00726164 0.00684663 -0.00184528 -0.0030532
310 30.95 0.0333333 0.0172912 0.0465788 0.0195165 -0.00101267 -0.00408265 -0.00344594
311 31.05 0.0416667 0.0279988 0.0455971 0.0292826 -0.0228104 -0.00507198 -0.00389529
312 31.15 0.00833333 0.0049086 0.00253701 0.00366728 -0.00495019 -0.00270626 -0.00360846
313 31.25 0.0166667 0.0201846 0.00308554 0.00266178 -0.000745646 -0.00343965 -0.00397253
314 31.35 0.0166667 0.00256443 0.0227843 0.0145941 -0.00522846 -0.00679599 -0.00540813
315 31.45 0.0416667 0.0722402 0.0121107 0.00851317 -0.0173235 -0.0114286 -0.00469324
316 31.55 0.025 0.0301563 0.0260537 0.0186977 -0.00410732 -0.00714284 -0.00445579
317 31.65 0.0333333 0.00461033 0.0251496 0.0215274 -0.00396951 -0.006364 -0.0043927
318 31.75 0.00833333 1.39808e-06 0.00541531 0.00110735 -0.00420356 -0.00617149 -0.005638
319 31.85 0.0166667 0.0026057 0.0126408 0.0139871 -0.00294226 -0.00541524 -0.0057604
320 31.95 0.00833333 0.0104643 0.000516858 0.000617522 -0.00245554 -0.00480691 -0.00562827
321 32.05 0.025 0.0616868 0.00401781 0.00826872 -0.00305992 -0.00201825 -0.00476925
322 32.15 0.00833333 0.000465483 0.00311887 0.00220975 -0.00257072 -0.00130333 -0.0044431
323 32.25 0.025 0.0284156 0.0131032 0.00338817 -0.00262067 -0.00146464 -0.00452515
324 32.35 0.00833333 0.00845343 0.00751859 0.00034398 -0.0026193 -0.00129438 -0.00449946
325 32.45 0 0 0 0 -0.00256419 -0.00127928 -0.00447679
326 32.55 0.0333333 0.0313391 0.0140547 0.0390563 -0.00258417 -0.00137345 -0.00445197
327 32.65 0.00833333 0.00466189 0.00268101 0.00108707 -0.00264806 -0.00142395 -0.00406452
328 32.75 0.0666667 0.057111 0.0708916 0.0244774 -0.00197451 -0.00127177 -0.00228749
329 32.85 0.0166667 0.00176223 0.0295376 0.0160433 -0.00149386 -0.00167278 -0.0026069
330 32.95 0.00833333 0.0196815 0.00113281 5.64231e-05 -0.00151092 -0.0020176 -0.00266409
331 33.05 0.0166667 0.000143082 0.00342472 0.00635429 -0.0012096 -0.00237945 -0.00268346
332 33.15 0.00833333 1.6717e-05 0.00374452 0.00113517 -0.000938614 -0.00183666 -0.00256057
333 33.25 0.025 0.0287412 0.0124904 0.0335553 -0.000826077 -0.00181488 -0.00273642
334 33.35 0.00833333 5.56347e-05 0.00828848 0.00197116 -0.00245517 -0.00192332 -0.0038796
335 33.45 0 0 0 0 -0.00245196 -0.00191863 -0.00387488
336 33.55 0.025 0.0214113 0.0196619 0.0125291 -0.00313232 -0.0014603 -0.00350416
337 33.65 0.00833333 0.000274144 0.00215175 0.000128535 -0.00425751 -0.00179764 -0.00352276
338 33.75 0.0166667 0.0242856 0.00153588 0.00345503 -0.00454581 -0.00211902 -0.00359524
339 33.85 0.00833333 0.00015371 0.0008921 0.00272735 -0.00492827 -0.00347047 -0.00371573
340 33.95 0.00833333 0.00205266 0.00609418 0.0119878 -0.00498914 -0.00372614 -0.00389315
341 34.05 0.0166667 0.00403494 0.00920258 0.0107968 -0.00433892 -0.00335375 -0.00353373
342 34.15 0.0333333 0.00705327 0.0123817 0.0114571 -0.0105201 -0.00374855 -0.00270732
343 34.25 0.0166667 0.00956248 0.00957468 0.00765987 -0.00875203 -0.00177767 -0.00258105
344 34.35 0.025 0.0107637 0.00431374 0.00622301 -0.0263395 -0.00439919 -0.00246723
345 34.45 0 0 0 0 -0.000830684 -0.00188017 -0.00219603
346 34.55 0.00833333 5.88321e-05 0.0082911 0.00192186 -0.00085228 -0.00195162 -0.00219916
347 34.65 0.0333333 0.0143802 0.0481603 0.0192939 -0.000690022 -0.00170289 -0.00199663
348 34.75 0.0416667 0.0150161 0.0246767 0.0956474 -0.000559377 -0.00158419 -0.00203216
349 34.85 0.00833333 0.00208343 0.00432294 0.00292584 -0.000304234 -0.00115937 -0.0019277
350 34.95 0.025 0.0288534 0.0112959 0.0086906 -0.000538377 -0.00128623 -0.00361244
351 35.05 0.0583333 0.0331294 0.0407195 0.00458458 -0.00409811 -0.00321296 -0.00376871
352 35.15 0.00833333 0.000919269 0.000295907 0.0280205 -0.000751449 -0.00371088 0.000717132
353 35.25 0 0 0 0 -0.00072627 -0.00370512 0.000770638
354 35.35 0.0166667 0.0185459 0.00468115 0.00802305 -0.000469851 -0.00388743 0.000517154
355 35.45 0.025 0.0145222 0.0056358 0.0603861 0.00388941 -0.000818764 0.000680098
356 35.55 0.05 0.0130315 0.0195145 0.0267207 0.00456845 -0.000230153 0.00204316
357 35.65 0.00833333 0.0105889 0.00352324 0.013295 0.00727373 0.000258025 0.00344858
358 35.75 0.0166667 0.00184027 0.0191761 0.00441999 0.00548948 -0.000299376 0.0011115
359 35.85 0 0 0 0 0.00236441 -0.00141723 -0.00302209
360 35.95 0.0416667 0.0142451 0.0346491 8.58477e-06 0.00235623 -0.00329996 -0.00314607
7200 360
1 0.05 0.00769231 0.0110825 0.0014074 0.0030507 0.00214327 -0.00351916 -0.00228695
2 0.15 0.0230769 0.0121386 0.0103655 0.00597366 0.00146787 -0.00370668 -0.00177605
3 0.25 0.0230769 0.0015805 0.00419657 0.00394045 -0.00172196 -0.00564526 -0.00302754
4 0.35 0.0230769 0.011902 0.00258744 0.000342926 -0.00125355 -0.00474459 -0.0017002
5 0.45 0.0153846 0.000482188 0.00132485 0.00812475 -0.00125497 -0.00446706 -0.00168426
6 0.55 0.00769231 0.0194734 0.000693919 0.0730823 -0.00120624 -0.00461052 -0.00173118
7 0.65 0.0153846 0.00675095 0.021614 0.00852123 -0.00202671 -0.00617559 -0.00208262
8 0.75 0.0307692 0.015977 0.0206401 0.0162588 -0.00162757 -0.00682256 -0.00213703
9 0.85 0 0 0 0 -0.00160649 -0.00699476 -0.00228574
10 0.95 0.0153846 0.0153907 0.0106855 0.00469173 -0.00416669 -0.00476095 -0.00205585
11 1.05 0.00769231 0.000592907 0.000691533 1.23925e-06 -0.00456193 -0.00234423 -0.0017439
12 1.15 0 0 0 0 -0.000235438 -0.00170774 -0.00157021
13 1.25 0.0230769 0.0104374 0.00885198 0.00733786 -0.000222596 -0.00168737 -0.00153326
14 1.35 0.0153846 0.000170788 0.00635227 0.0177579 -0.000195902 -0.00163235 -0.00143554
15 1.45 0.0153846 0.000608438 0.0109212 0.00396851 -0.000123778 -0.00162032 -0.00139953
16 1.55 0.0153846 0.0145276 0.00800808 0.00645822 -0.000230088 -0.00225449 -0.00119678
17 1.65 0.00769231 0.00173767 0.00994595 2.45478e-05 -0.000269231 -0.000307008 -0.000186575
18 1.75 0.0153846 0.0151517 0.00302185 0.00147034 -0.00175676 -0.000494288 -0.00219029
19 1.85 0 0 0 0 -0.00177492 -0.000501074 -0.00232562
20 1.95 0.00769231 8.05888e-05 0.00528891 0.000257335 -0.00176909 -0.000475382 -0.00230662
21 2.05 0.00769231 3.02586e-05 0.00545335 0.000169477 -0.00172374 -0.00028934 -0.00226341
22 2.15 0 0 0 0 -0.00172335 -0.000287762 -0.00226312
23 2.25 0.0153846 0.0154107 0.00367873 0.0370671 -0.0017154 -0.00028613 -0.00226234
24 2.35 0.00769231 0.00293583 0.013652 0.00638293 -0.00170606 -0.000287959 -0.00226053
25 2.45 0.0230769 0.00458254 0.0178602 0.0114943 -0.000975094 -0.000300662 -0.00190016
26 2.55 0 0 0 0 -0.000603711 -0.000535461 -0.00179925
27 2.65 0.0153846 7.83492e-06 0.00560699 0.0117917 -0.000639711 -0.000535145 -0.00179727
28 2.75 0.0153846 0.0122348 0.00484041 0.0256471 -0.00075145 -0.000536307 -0.0017927
29 2.85 0.0384615 0.0124317 0.0231741 0.0323306 -0.00240467 -0.000587472 -0.000733941
30 2.95 0.00769231 0.000111865 0.00341099 0.0188349 -0.000395168 -0.000588806 -0.000139137
31 3.05 0.0153846 0.00399233 0.00576809 0.00584219 -0.00165893 -0.000418158 -0.000643492
32 3.15 0 0 0 0 -0.00238902 -0.000269569 -0.000953805
33 3.25 0 0 0 0 -0.00238902 -0.000269569 -0.000953805
34 3.35 0.00769231 0.00181865 0.000474135 0.0196117 -0.00237617 -0.000265376 -0.000969878
35 3.45 0.00769231 0.00158575 0.00084756 0.00300342 -0.000742647 0.000408441 0.00442721
36 3.55 0.00769231 0.00610362 0.00622174 0.00531292 0.00434119 0.00250742 0.0213091
37 3.65 0 0 0 0 0.00434033 0.00250793 0.0213085
38 3.75 0.00769231 0.00288234 0.00125438 0.00319893 0.00598621 0.00259979 0.0219562
39 3.85 0 0 0 0 0.00657354 0.00263257 0.0221873
40 3.95 0 0 0 0 0.00657354 0.00263257 0.0221873
41 4.05 0 0 0 0 0.00657354 0.00263257 0.0221873
42 4.15 0.0153846 0.0107203 0.0125748 0.0343753 0.0371109 0.0052782 0.0222417
43 4.25 0.0153846 0.00922799 0.0084385 0.0191986 0.00651574 0.00262535 0.0220572
44 4.35 0 0 0 0 -5.80012e-05 -3.80963e-05 -0.000143918
45 4.45 0 0 0 0 -5.80012e-05 -3.80963e-05 -0.000143918
46 4.55 0 0 0 0 -5.80012e-05 -3.80963e-05 -0.000143918
47 4.65 0 0 0 0 -5.80012e-05 -3.80963e-05 -0.000143918
48 4.75 0.0153846 0.0058667 0.0170883 0.00888322 0.00394045 0.0119475 0.00862809
49 4.85 0 0 0 0 0.00668343 0.0201556 0.0146392
50 4.95 0.00769231 7.30329e-05 0.00294845 0.0229032 0.0064192 0.0200047 0.01435
51 5.05 0.00769231 2.99854e-08 2.58785e-07 0.00729565 0.00560412 0.0194915 0.0134691
52 5.15 0.00769231 1.4608e-05 0.0049528 0.0065781 0.00551253 0.0194591 0.0134556
53 5.25 0.0153846 0.00306988 0.0117423 0.00485928 0.00548389 0.0194074 0.0134314
54 5.35 0.00769231 0.000601673 0.0163718 0.00874563 0.000439344 0.00438012 0.00246347
55 5.45 0.00769231 0.000939435 0.00354177 0.000561272 -0.0013561 -0.00101893 -0.00149614
56 5.55 0.0153846 0.008922 0.0107224 0.00671812 -0.00136723 -0.00121652 -0.00165792
57 5.65 0 0 0 0 -0.00137164 -0.0012241 -0.00168208
58 5.75 0.00769231 0.00115734 0.000687153 0.00158869 -0.00135441 -0.00123759 -0.0016638
59 5.85 0.0230769 0.0185967 0.0230056 0.0284964 -0.00122455 -0.00216926 -0.000882144
60 5.95 0.0153846 0.0147221 0.00440224 0.0288328 -0.0013889 -0.00213851 -0.00112042
61 6.05 0 0 0 0 -0.0013601 -0.00210571 -0.00115233
62 6.15 0 0 0 0 -0.0013601 -0.00210571 -0.00115233
63 6.25 0.0153846 0.00563604 0.0017817 0.079433 -0.00139061 -0.00215547 -0.00145164
64 6.35 0.0230769 0.0128024 0.00255045 0.0120479 -0.000890701 -0.000909636 -0.00320051
65 6.45 0 0 0 0 -0.00294583 -0.000794703 -0.00384636
66 6.55 0.00769231 0.00804519 0.000345951 0.000859727 -0.00136427 0.00232202 -0.00261185
67 6.65 0 0 0 0 0.00570129 0.0162459 0.00290329
68 6.75 0.0307692 0.0176572 0.0190898 0.0220889 0.0056216 0.0158801 0.00210011
69 6.85 0.0153846 0.00341287 0.00031974 0.00353684 0.00511546 0.0154714 0.00113849
70 6.95 0.00769231 0.0048057 0.000491257 0.000345335 0.00221785 0.0153636 0.000488235
71 7.05 0.0384615 0.0211847 0.0206419 0.0368982 0.0011316 0.0113058 -0.00296159
72 7.15 0.0153846 0.00075033 0.0121089 0.00602762 -0.00472192 0.00298008 -0.00695814
73 7.25 0.0153846 0.00495116 0.0094325 0.0121754 -0.00504732 0.00273951 -0.00767658
74 7.35 0.0153846 0.00284399 0.0236844 0.028554 -0.00835909 0.00190929 -0.0101487
75 7.45 0.0307692 0.0105562 0.0092654 0.0248157 0.00360223 -0.00180281 -0.00913872
76 7.55 0.0153846 0.0131737 0.00890884 0.00588224 0.00865476 -0.00422049 -0.00991721
77 7.65 0.0307692 0.0102867 0.0230283 0.0636007 -0.0136849 -0.0155943 -0.014315
78 7.75 0.0615385 0.0447443 0.0543201 0.0349808 -0.00554988 -0.0317217 -0.0279369
79 7.85 0.0307692 0.0262081 0.0115949 0.0211266 -0.0361248 -0.0392998 -0.0369374
80 7.95 0.0846154 0.103792 0.0381279 0.0902114 -0.0244445 -0.0256326 -0.0384804
81 8.05 0.0923077 0.0792467 0.071505 0.0595493 -0.025246 -0.0566215 -0.0332112
82 8.15 0.107692 0.0864435 0.0735135 0.0677752 -0.0561822 -0.0684177 -0.0465747
83 8.25 0.0307692 0.0415045 0.0146971 0.0261049 -0.0822306 -0.087394 -0.0603847
84 8.35 0.0461538 0.0424316 0.0428278 0.0316145 -0.0865771 -0.0902523 -0.0655434
85 8.45 0.115385 0.108628 0.0845843 0.0677677 -0.0792454 -0.108406 -0.0734762
86 8.55 0.146154 0.123844 0.0856934 0.0765034 -0.122528 -0.125431 -0.0824517
87 8.65 0.115385 0.0267894 0.112464 0.15967 -0.221886 -0.151649 -0.109565
88 8.75 0.138462 0.0995752 0.139268 0.132883 -0.031304 -0.0564601 -0.117523
89 8.85 0.146154 0.0588489 0.124865 0.112796 -0.0921723 -0.104833 -0.131452
90 8.95 0.192308 0.163232 0.28106 0.139669 -0.116165 -0.0925092 -0.148657
91 9.05 0.176923 0.169313 0.11859 0.153359 -0.112327 -0.0225898 -0.162473
92 9.15 0.207692 0.120886 0.150451 0.174479 -0.00905653 -0.138911 -0.169678
93 9.25 0.238462 0.231055 0.212406 0.15033 -0.277586 -0.319017 -0.201849
94 9.35 0.269231 0.189438 0.171986 0.267677 -0.1796 -0.41195 -0.243906
95 9.45 0.330769 0.301983 0.27083 0.419651 -0.358954 -0.40937 -0.274687
96 9.55 0.323077 0.270967 0.326447 0.229955 -0.5289 -0.437127 -0.287789
97 9.65 0.3 0.266414 0.216041 0.200061 -0.44444 -0.473542 -0.334977
98 9.75 0.307692 0.206708 0.247406 0.280851 -0.25605 -0.492169 -0.331331
99 9.85 0.438462 0.412389 0.305856 0.345927 -0.435226 -0.65351 -0.34402
100 9.95 0.546154 0.562402 0.40977 0.503317 -0.532515 -0.636973 -0.328809
101 10.05 0.492308 0.515517 0.493527 0.496053 -0.611717 -0.482637 -0.333969
102 10.15 0.446154 0.386948 0.401402 0.404002 -0.543639 -0.800605 -0.36432
103 10.25 0.530769 0.51896 0.426404 0.607307 -0.86655 -0.804396 -0.399464
104 10.35 0.569231 0.423491 0.444176 0.554774 -0.861191 -0.31155 -0.408884
105 10.45 0.653846 0.68448 0.634398 0.63344 -0.624704 -0.757699 -0.315431
106 10.55 0.653846 0.750734 0.505768 0.62198 -0.602599 -0.836545 -0.434146
107 10.65 0.623077 0.541113 0.489661 0.456529 -1.33315 -0.79128 -0.539614
108 10.75 0.638462 0.492998 0.639379 0.398794 -1.09189 -0.736711 -0.572769
109 10.85 0.615385 0.401844 0.522164 0.441054 -0.877152 -1.11023 -0.594304
110 10.95 0.707692 0.599831 0.5722 0.511362 -0.61703 -1.03809 -0.529438
111 11.05 0.630769 0.524468 0.428793 0.453921 -1.02835 -1.33607 -0.570069
112 11.15 0.584615 0.602372 0.519684 0.472613 -1.47496 -1.37091 -0.657808
113 11.25 0.6 0.59736 0.532823 0.435971 -1.28037 -1.44952 -0.673675
114 11.35 0.761538 0.813257 0.65131 0.574123 -0.9516 -1.2299 -0.796695
115 11.45 0.776923 0.522193 0.566518 0.581222 -1.02248 -1.22505 -0.794807
116 11.55 0.653846 0.568707 0.465736 0.669571 -0.532457 -0.917886 -0.841235
117 11.65 0.730769 0.683474 0.580747 0.561798 -0.744884 -0.562131 -0.770806
118 11.75 0.753846 0.697524 0.671828 0.532912 -0.577481 -0.695524 -0.747028
119 11.85 0.646154 0.593938 0.691399 0.503974 -0.294856 -1.00892 -0.713434
120 11.95 0.692308 0.58295 0.576738 0.548455 -0.799514 -0.989535 -0.76715
121 12.05 0.7 0.489261 0.479652 0.579081 -0.916652 -1.39734 -0.775335
122 12.15 0.746154 0.674257 0.708568 0.620483 -1.00639 -1.30324 -0.769649
123 12.25 0.746154 0.627588 0.613708 0.550243 -1.07439 -1.31916 -0.789386
124 12.35 0.630769 0.459058 0.448049 0.592632 -0.259268 -0.239677 -0.763499
125 12.45 0.838462 0.513606 0.725429 0.68636 -0.637753 -0.600208 -1.00419
126 12.55 0.784615 0.529118 0.710885 0.490152 -0.764961 -1.46819 -1.07045
127 12.65 0.723077 0.635173 0.610087 0.593553 -0.90505 -1.06733 -0.937434
128 12.75 0.815385 0.548337 0.514656 0.724334 -0.932933 -0.994933 -0.855133
129 12.85 0.723077 0.836303 0.582376 0.580426 -0.894439 -0.702619 -0.804699
130 12.95 0.676923 0.610226 0.556236 0.581798 -1.3451 -1.14203 -0.846169
131 13.05 0.738462 0.804192 0.532789 0.544515 -1.51021 -1.40939 -0.762781
132 13.15 0.623077 0.471915 0.692028 0.521943 -0.487934 -1.03301 -0.694965
133 13.25 0.738462 0.627403 0.767609 0.619849 -0.286395 -0.653342 -0.619178
134 13.35 0.838462 0.607451 0.768843 0.607542 -0.881255 -0.0807953 -0.621933
135 13.45 0.892308 0.672093 0.758994 0.979903 -0.721498 -0.130372 -0.655683
136 13.55 0.769231 0.65151 0.700823 0.62178 -0.565249 -0.367055 -0.66899
137 13.65 0.784615 0.751365 0.600164 0.504508 -0.910837 -0.785101 -0.758324
138 13.75 0.692308 0.471708 0.637125 0.409412 -0.272319 -0.613946 -0.89165
139 13.85 0.730769 0.700979 0.672398 0.632711 -0.422197 -0.931421 -0.853126
140 13.95 0.761538 0.667748 0.573927 0.825181 -0.0925234 -0.499704 -0.653981
141 14.05 0.676923 0.673829 0.713787 0.627321 -0.315426 -0.184506 -0.668605
142 14.15 0.8 0.765475 0.725227 0.547322 -0.678844 -0.615729 -0.613422
143 14.25 0.823077 0.767151 0.830589 0.741099 -0.787839 -0.750692 -0.596771
144 14.35 0.761538 0.660226 0.653551 0.478659 -0.91958 -0.564583 -0.61627
145 14.45 0.769231 0.512375 0.8536 0.663807 -0.657642 -0.143588 -0.612867
146 14.55 0.8 0.65214 0.570888 0.6467 -0.58471 -0.304451 -0.592152
147 14.65 0.861538 0.754072 0.669306 0.795666 -0.226535 -0.321711 -0.454092
148 14.75 0.738462 0.687567 0.620982 0.576968 -1.02439 -0.843268 -0.51187
149 14.85 0.715385 0.514176 0.907744 0.588435 -1.27745 -1.02137 -0.709714
150 14.95 0.6 0.471762 0.455094 0.483913 -1.40336 -1.53118 -0.703175
151 15.05 0.830769 0.76938 0.824358 0.879043 -0.942074 -0.947658 -0.74771
152 15.15 0.761538 0.618024 0.746335 0.746757 -1.3045 -1.15106 -0.804845
153 15.25 0.784615 0.745559 0.694062 0.514044 -1.07141 -1.33761 -0.911513
154 15.35 0.692308 0.676158 0.450582 0.45645 -0.70573 -0.784296 -0.937174
155 15.45 0.838462 0.731951 0.828996 0.780097 -0.772043 -0.766007 -1.00561
156 15.55 0.753846 0.88207 0.689599 0.616001 -1.23939 -0.638248 -1.06697
157 15.65 0.638462 0.596723 0.497415 0.376526 -1.02799 -0.911794 -1.06733
158 15.75 0.776923 0.5366 0.684141 0.743488 -0.563613 -0.380655 -0.771511
159 15.85 0.776923 0.690959 0.663644 0.7177 -0.145141 -0.631412 -0.725463
160 15.95 0.707692 0.776074 0.549725 0.670264 -0.952727 -1.02666 -0.819942
161 16.05 0.792308 0.700276 0.771792 0.695512 -1.03615 -1.15169 -0.785116
162 16.15 0.707692 0.728395 0.634146 0.571878 -1.49263 -1.39709 -0.633603
163 16.25 0.753846 0.693392 0.917433 0.682654 -0.867586 -1.47622 -0.628505
164 16.35 0.715385 0.64294 0.555591 0.586462 -0.715482 -0.84882 -0.675353
165 16.45 0.823077 0.756859 0.761954 0.667197 -0.462744 -0.818323 -0.733863
166 16.55 0.784615 0.633441 0.716259 0.645311 -1.00051 -0.912324 -0.619009
167 16.65 0.684615 0.618001 0.674281 0.489711 -0.703286 -1.03273 -0.465805
168 16.75 0.684615 0.551653 0.664794 0.546322 -1.26665 -0.735 -0.623523
169 16.85 0.730769 0.471272 0.628995 0.506917 -0.471004 -0.734709 -0.688151
170 16.95 0.669231 0.518023 0.588899 0.551603 -0.0596069 -0.7505 -0.555354
171 17.05 0.784615 0.626094 0.643602 0.631232 -0.93868 -0.320205 -0.656465
172 17.15 0.723077 0.479986 0.511559 0.706984 -0.888611 -0.578025 -0.680316
173 17.25 0.815385 0.706795 0.599811 0.702373 -1.09111 -0.764584 -0.697688
174 17.35 0.776923 0.602207 0.806929 0.786955 -0.594052 -0.410641 -0.76117
175 17.45 0.823077 0.558249 0.642303 0.638604 -1.27711 -0.424062 -0.75916
176 17.55 0.861538 0.671614 0.812084 0.706194 -0.634276 -0.584872 -0.690177
177 17.65 0.653846 0.464016 0.585803 0.569109 -1.05496 -0.407531 -0.681887
178 17.75 0.730769 0.561821 0.708051 0.504625 -0.573341 -0.766441 -0.602769
179 17.85 0.823077 0.676373 0.510799 0.729248 -0.780269 -0.98123 -0.616911
180 17.95 0.630769 0.603511 0.497252 0.4451 -0.356363 -1.07553 -0.625406
181 18.05 0.8 0.633094 0.626128 0.588606 -0.849034 -1.3539 -0.718897
182 18.15 0.669231 0.619872 0.709028 0.491618 -0.620392 -1.28885 -0.748953
183 18.25 0.830769 0.772715 0.720813 0.642903 -1.4384 -1.64837 -0.957028
184 18.35 0.784615 0.488839 0.748245 0.609994 -1.5638 -1.40339 -1.06861
185 18.45 0.638462 0.680127 0.593248 0.559364 -1.2588 -0.793158 -1.05699
186 18.55 0.807692 0.555935 0.68482 0.492684 -1.16073 -1.08637 -1.0108
187 18.65 0.715385 0.726103 0.556598 0.644908 -1.18333 -0.643542 -0.808035
188 18.75 0.746154 0.658143 0.655559 0.47703 -0.91077 -0.642678 -0.697364
189 18.85 0.8 0.823896 0.543737 0.813047 -1.49401 -0.750784 -0.612517
190 18.95 0.823077 0.737008 0.794563 0.57246 -1.30956 -0.880887 -0.635932
191 19.05 0.730769 0.482264 0.594505 0.75321 -0.866434 -0.798593 -0.650236
192 19.15 0.607692 0.49578 0.716839 0.579426 -1.12424 -0.672107 -0.654576
193 19.25 0.884615 0.762637 0.670157 0.56693 -0.945111 -0.878509 -0.625345
194 19.35 0.769231 0.691136 0.70379 0.496092 -0.20191 -1.49322 -0.727606
195 19.45 0.692308 0.570417 0.462571 0.609229 -0.395785 -0.602032 -0.801748
196 19.55 0.661538 0.595733 0.706425 0.49874 -1.02885 -1.13604 -0.988704
197 19.65 0.792308 0.752667 0.610001 0.806412 -1.25117 -1.08854 -1.0778
198 19.75 0.784615 0.666975 0.645944 0.629664 -1.26799 -1.27342 -1.09075
199 19.85 0.684615 0.341191 0.565909 0.711123 -1.51056 -1.26773 -1.1737
200 19.95 0.723077 0.604029 0.527584 0.680227 -0.656942 -0.867801 -1.12406
201 20.05 0.792308 0.575036 0.479603 0.646713 -0.17617 -0.722131 -1.06483
202 20.15 0.861538 0.65215 0.77215 0.805232 -0.731388 -1.39877 -0.990723
203 20.25 0.730769 0.554651 0.789861 0.51531 -0.665234 -1.11836 -0.909297
204 20.35 0.730769 0.444564 0.5768 0.597373 -0.840188 -0.51645 -0.836683
205 20.45 0.7 0.664844 0.425835 0.748726 -0.806855 -0.480366 -0.70734
206 20.55 0.8 0.6447 0.722227 0.728564 -0.907851 -0.551925 -0.629495
207 20.65 0.761538 0.914915 0.743419 0.820863 -0.707357 -0.758818 -0.720655
208 20.75 0.738462 0.547596 0.695996 0.594693 -0.848944 -0.743972 -0.686315
209 20.85 0.738462 0.680449 0.708057 0.629091 -0.974681 -1.0193 -0.650476
210 20.95 0.692308 0.718575 0.665857 0.656224 -0.958541 -0.613206 -0.610933
211 21.05 0.769231 0.610007 0.701928 0.658943 -0.834477 -0.440008 -0.646703
212 21.15 0.784615 0.838053 0.531625 0.75918 -0.316359 -0.330398 -0.530133
213 21.25 0.723077 0.628421 0.549442 0.515629 -0.505124 -0.374053 -0.499657
214 21.35 0.838462 0.661634 0.73492 0.674841 0.0802029 -0.330857 -0.538646
215 21.45 0.761538 0.731449 0.681272 0.666803 -0.58415 -0.603529 -0.592201
216 21.55 0.8 0.715465 0.79078 0.629326 -0.860388 -0.385253 -0.69471
217 21.65 0.746154 0.660942 0.543184 0.486247 -1.15408 -1.04542 -0.765796
218 21.75 0.738462 0.637032 0.520999 0.624478 -0.674497 -1.06979 -0.755797
219 21.85 0.630769 0.696632 0.454469 0.485482 -0.488986 -0.851393 -0.825487
220 21.95 0.753846 0.637964 0.604143 0.605707 -1.00251 -1.41304 -0.872306
221 22.05 0.761538 0.546039 0.642598 0.795987 -0.914458 -0.79263 -0.992469
222 22.15 0.815385 0.731087 0.67848 0.787617 -0.707147 -0.427484 -1.03296
223 22.25 0.730769 0.563831 0.558878 0.642299 0.102086 -0.604617 -1.00746
224 22.35 0.684615 0.755758 0.578911 0.634204 -0.975985 -0.580749 -0.942835
225 22.45 0.846154 0.657692 0.65192 0.797903 -1.09583 -0.820444 -0.970676
226 22.55 0.684615 0.498793 0.679384 0.596752 -0.423954 -0.952567 -1.08286
227 22.65 0.784615 0.673937 0.758003 0.668752 -1.09023 -1.53716 -1.0682
228 22.75 0.730769 0.598082 0.666699 0.645848 -1.20967 -1.61208 -1.07812
229 22.85 0.769231 0.743708 0.872417 0.686288 -0.679583 -0.916691 -0.989897
230 22.95 0.638462 0.521052 0.626145 0.6991 -0.274408 -1.25114 -0.98708
231 23.05 0.792308 0.805046 0.60807 0.624225 -0.144492 -0.828746 -1.03912
232 23.15 0.723077 0.609079 0.666522 0.636272 -1.49356 -0.84667 -1.17871
233 23.25 0.746154 0.760364 0.798812 0.547904 -0.89664 -0.662536 -1.07494
234 23.35 0.815385 0.829141 0.535265 0.850641 -0.742154 -1.56716 -1.09941
235 23.45 0.707692 0.544324 0.511655 0.666998 -0.45703 -1.31649 -1.09265
236 23.55 0.776923 0.559346 0.778382 0.754785 -1.07038 -1.44267 -1.07924
237 23.65 0.638462 0.583274 0.571691 0.586889 -1.27276 -1.1386 -1.12381
238 23.75 0.676923 0.645301 0.689629 0.509233 -1.65595 -1.37847 -1.10244
239 23.85 0.769231 0.490625 0.532381 0.549303 -1.56798 -1.47135 -1.00791
240 23.95 0.730769 0.534906 0.669523 0.519373 -1.11019 -0.674825 -0.915062
241 24.05 0.807692 0.779429 0.790941 0.710582 -0.842083 -1.01321 -0.808268
242 24.15 0.738462 0.653987 0.677075 0.799689 -0.460684 -0.685128 -0.79296
243 24.25 0.684615 0.668254 0.752847 0.907045 -1.15967 -0.662389 -0.73038
244 24.35 0.838462 0.770694 0.788412 0.679697 -0.484097 0.00919543 -0.715665
245 24.45 0.623077 0.388986 0.538918 0.769339 -0.992222 -0.228165 -0.663002
246 24.55 0.653846 0.469596 0.515233 0.511921 -1.0665 -1.16132 -0.642923
247 24.65 0.730769 0.660153 0.553971 0.638034 -0.798158 -1.10449 -0.617235
248 24.75 0.715385 0.610069 0.62212 0.547495 -1.26583 -1.13255 -0.647778
249 24.85 0.738462 0.604015 0.493746 0.881946 -1.63786 -1.28364 -0.657805
250 24.95 0.661538 0.445713 0.475875 0.615218 -1.36266 -1.54268 -0.57229
251 25.05 0.769231 0.612597 0.808829 0.630307 -1.25931 -0.912196 -0.545624
252 25.15 0.692308 0.536543 0.630107 0.667912 -1.43437 -0.785851 -0.48731
253 25.25 0.569231 0.624035 0.425865 0.442326 -1.1868 -0.891818 -0.496508
254 25.35 0.707692 0.656733 0.68877 0.575268 -1.19438 -1.24662 -0.511452
255 25.45 0.6 0.565977 0.422321 0.428764 -0.916425 -1.1008 -0.442489
256 25.55 0.507692 0.356952 0.376511 0.488769 -1.19454 -1.03301 -0.339075
257 25.65 0.623077 0.321502 0.594731 0.429993 -1.02276 -0.778065 -0.31592
258 25.75 0.6 0.490794 0.424561 0.568507 -0.634184 -0.803349 -0.337502
259 25.85 0.515385 0.476184 0.374889 0.422972 -0.417879 -0.714621 -0.327722
260 25.95 0.530769 0.436727 0.484539 0.418606 -0.784688 -0.872246 -0.319593
261 26.05 0.430769 0.339301 0.281515 0.33612 -0.829777 -0.49853 -0.400072
262 26.15 0.523077 0.473018 0.440381 0.431868 -0.733724 -0.596518 -0.323817
263 26.25 0.353846 0.332888 0.272341 0.359626 -0.41169 -0.613609 -0.21549
264 26.35 0.292308 0.210123 0.265157 0.280038 -0.25695 -0.490479 -0.201848
265 26.45 0.376923 0.444342 0.441103 0.23606 -0.219185 -0.53657 -0.107678
266 26.55 0.307692 0.235601 0.222848 0.221439 -0.283173 -0.46977 -0.0968351
267 26.65 0.192308 0.166753 0.170894 0.119015 -0.286812 -0.397704 -0.100957
268 26.75 0.161538 0.19576 0.163803 0.158955 -0.305859 -0.294467 -0.0613661
269 26.85 0.138462 0.0909336 0.118647 0.152601 -0.262476 -0.123045 -0.0721556
270 26.95 0.238462 0.0971893 0.193813 0.295643 -0.238261 -0.0512564 -0.0734287
271 27.05 0.146154 0.137333 0.0631172 0.157445 -0.198109 -0.0732519 -0.0684868
272 27.15 0.2 0.142963 0.142944 0.200957 -0.169758 -0.117793 -0.036159
273 27.25 0.130769 0.155783 0.111795 0.108214 -0.131517 -0.121615 0.00981222
274 27.35 0.115385 0.0432774 0.0873596 0.129585 -0.0743632 -0.0404787 -0.00641526
275 27.45 0.0692308 0.0485319 0.054197 0.0832738 -0.0610695 -0.00739967 -0.0137735
276 27.55 0.0538462 0.06659 0.0200434 0.0403706 -0.0412258 0.0282395 -0.00797501
277 27.65 0.0692308 0.0708523 0.0630749 0.0375575 -0.0258798 0.0224217 0.000614951
278 27.75 0.0461538 0.0370539 0.0450028 0.0218855 -0.0375361 -0.00786599 -0.00281389
279 27.85 0.0307692 0.0240307 0.0291831 0.00602333 -0.0341454 -0.0126713 0.00245527
280 27.95 0.0615385 0.0195902 0.0244801 0.0929522 -0.0293053 -0.0246817 -0.00776735
281 28.05 0.0461538 0.0516878 0.0314061 0.0482205 -0.015541 -0.0277951 -0.0238215
282 28.15 0.0230769 0.0110465 0.022627 0.00973631 -0.0350567 -0.0291499 -0.0194318
283 28.25 0.0153846 0.0156857 0.00242383 0.0100241 -0.00737036 -0.010985 -0.0143305
284 28.35 0.0384615 0.0379425 0.0639171 0.0268773 -0.00511601 -0.00699524 -0.0107438
285 28.45 0.0153846 0.00532905 0.0234626 0.00546767 -0.00426806 -0.00696354 -0.00842488
286 28.55 0.0153846 0.00179257 0.00185753 0.0186983 -0.00306995 -0.00687724 -0.00800125
287 28.65 0.0153846 0.0189018 0.0264456 0.00552185 -0.00239884 -0.00359323 -0.00634037
288 28.75 0.0230769 0.0318675 0.00464437 0.0248525 -0.00247962 -0.00362757 -0.00799787
289 28.85 0.0153846 0.0198197 0.00374092 0.00175524 -0.00229825 -0.00354932 -0.00830656
290 28.95 0.0153846 0.00871936 0.0396756 0.00500745 -0.00172489 -0.00355177 -0.00740594
291 29.05 0 0 0 0 -0.00161031 -0.00356356 -0.00719282
292 29.15 0.0153846 0.0167606 0.00908702 0.0222216 -0.00155148 -0.00338187 -0.0068456
293 29.25 0.0153846 0.000594144 0.00675382 0.00670806 -0.00145884 -0.00226493 -0.00559311
294 29.35 0.00769231 7.59587e-05 0.000359773 2.25644e-05 -0.00129383 -0.0011764 -0.00477661
295 29.45 0.0153846 0.00971931 0.0146567 0.00583267 -0.00103127 -0.00105816 -0.00459025
296 29.55 0.0230769 0.0171657 0.00448507 0.00759844 -0.00154394 -0.00114601 -0.00460711
297 29.65 0 0 0 0 -0.0015053 -0.00114486 -0.00453542
298 29.75 0.00769231 0.0210239 0.000194398 0.00987209 -0.00150049 -0.00113965 -0.00451565
299 29.85 0.0153846 0.00218424 0.00665039 0.0227946 -0.00375719 -0.00115327 -0.00386112
300 29.95 0.0153846 0.0249288 0.00236753 0.00279935 -0.00702832 -0.00104168 -0.00267693
301 30.05 0.0307692 0.014398 0.0403379 0.0132627 -0.0233491 -0.00434549 -0.00273836
302 30.15 0.00769231 0.00759644 9.84631e-05 0.0135887 -0.000920571 -0.00393384 -0.00326242
303 30.25 0.0230769 0.0179219 0.00980295 0.0104666 -0.00101984 -0.00479209 -0.00359891
304 30.35 0.00769231 0.00392498 0.0108859 0.000943293 -0.000997053 -0.0045692 -0.00329402
305 30.45 0 0 0 0 -0.00101821 -0.00482397 -0.00332076
306 30.55 0.0230769 0.0493894 0.00751062 0.0976718 -0.000690447 -0.00324579 -0.00315562
307 30.65 0.0153846 0.0181734 0.00242508 0.0266714 -0.000818612 -0.00322131 -0.0030614
308 30.75 0.0153846 0.0222432 0.00211742 0.00512972 -0.000992949 -0.00326377 -0.00292878
309 30.85 0.0230769 0.0133921 0.0545021 0.00670305 0.00623531 -0.00180424 -0.00288697
310 30.95 0.0307692 0.0159611 0.0429958 0.0180153 -0.00101943 -0.0038695 -0.0032495
311 31.05 0.0384615 0.025845 0.0420896 0.0270301 -0.0211404 -0.00478273 -0.00366428
312 31.15 0.00769231 0.00453101 0.00234186 0.00338518 -0.00465406 -0.002599 -0.00339952
313 31.25 0.0230769 0.0246248 0.00305641 0.00425426 -0.000764226 -0.00326609 -0.00372629
314 31.35 0.0230769 0.0110839 0.0257838 0.0135105 -0.00485563 -0.00629437 -0.00501071
315 31.45 0.0384615 0.0666833 0.0111791 0.00785831 -0.0160171 -0.0105637 -0.00434913
316 31.55 0.0230769 0.0278366 0.0240495 0.0172594 -0.00381755 -0.00660765 -0.00412995
317 31.65 0.0307692 0.00425569 0.023215 0.0198714 -0.00369035 -0.00588873 -0.0040717
318 31.75 0.0153846 0.000981805 0.0327566 0.00105971 -0.00404872 -0.0061909 -0.00558515
319 31.85 0.0153846 0.00240526 0.0116685 0.0129112 -0.00300521 -0.00589997 -0.0060069
320 31.95 0.00769231 0.0096594 0.000477099 0.00057002 -0.00255593 -0.00533843 -0.00588493
321 32.05 0.0230769 0.0569416 0.00370875 0.00763267 -0.00311382 -0.00276429 -0.00509199
322 32.15 0.00769231 0.000429677 0.00287896 0.00203977 -0.00266225 -0.00210436 -0.00479093
323 32.25 0.0230769 0.0262298 0.0120953 0.00312754 -0.00270836 -0.00225327 -0.00486667
324 32.35 0.00769231 0.00780317 0.00694023 0.00031752 -0.0027071 -0.0020961 -0.00484296
325 32.45 0 0 0 0 -0.00265623 -0.00208216 -0.00482202
326 32.55 0.0307692 0.0289284 0.0129736 0.036052 -0.00267467 -0.00216909 -0.00479912
327 32.65 0.0153846 0.0128585 0.00800119 0.00165019 -0.00249017 -0.00145066 -0.00386157
328 32.75 0.0615385 0.0527178 0.0654384 0.0225945 -0.0018258 -0.00117623 -0.0021197
329 32.85 0.0153846 0.00162668 0.0272655 0.0148092 -0.00138213 -0.00154639 -0.00241454
330 32.95 0.00769231 0.0181676 0.00104567 5.20829e-05 -0.00139788 -0.00186469 -0.00246733
331 33.05 0.0153846 0.000132076 0.00316128 0.00586549 -0.00111974 -0.00219871 -0.00248521
332 33.15 0.00769231 1.54311e-05 0.00345648 0.00104785 -0.000869592 -0.00169767 -0.00237177
333 33.25 0.0230769 0.0265303 0.0115296 0.0309741 -0.000765711 -0.00167756 -0.00253409
334 33.35 0.00769231 5.13551e-05 0.0076509 0.00181953 -0.00226949 -0.00177766 -0.00358934
335 33.45 0 0 0 0 -0.00226652 -0.00177333 -0.00358498
336 33.55 0.0230769 0.0197643 0.0181494 0.0115653 -0.00289455 -0.00135026 -0.00324277
337 33.65 0.00769231 0.000253056 0.00198623 0.000118647 -0.00393319 -0.00166165 -0.00325995
338 33.75 0.0153846 0.0224175 0.00141773 0.00318926 -0.00419931 -0.00195831 -0.00332685
339 33.85 0.00769231 0.000141886 0.000823477 0.00251756 -0.00455235 -0.0032058 -0.00343807
340 33.95 0.00769231 0.00189476 0.0056254 0.0110657 -0.00460854 -0.0034418 -0.00360185
341 34.05 0.0153846 0.00372456 0.00849468 0.00996623 -0.00400833 -0.00309806 -0.00327007
342 34.15 0.0307692 0.00651071 0.0114293 0.0105758 -0.00971406 -0.00346249 -0.00250723
343 34.25 0.0153846 0.00882691 0.00883817 0.00707065 -0.00808198 -0.00164322 -0.00239067
344 34.35 0.0230769 0.00993576 0.00398192 0.00574431 -0.0243165 -0.00406308 -0.00228561
345 34.45 0 0 0 0 -0.000769964 -0.00173783 -0.00203527
346 34.55 0.00769231 5.43065e-05 0.00765333 0.00177402 -0.000789899 -0.00180379 -0.00203816
347 34.65 0.0307692 0.013274 0.0444556 0.0178098 -0.000640122 -0.00157419 -0.00185121
348 34.75 0.0538462 0.0211496 0.0374108 0.0933424 0.00537654 0.000205365 -0.000800664
349 34.85 0.00769231 0.00192316 0.00399041 0.00270078 0.0115399 0.00396307 0.000275783
350 34.95 0.0230769 0.0266339 0.010427 0.00802209 0.0113238 0.00384597 -0.00127936
351 35.05 0.0615385 0.0312296 0.046127 0.00674632 0.00750265 0.00183903 -0.0015186
352 35.15 0.00769231 0.000848556 0.000273145 0.025865 -0.000766654 -0.003468 0.000606251
353 35.25 0 0 0 0 -0.000743411 -0.00346268 0.000655641
354 35.35 0.0230769 0.0189968 0.00485659 0.0300682 -0.000497999 -0.00362785 0.000421261
355 35.45 0.0307692 0.0135696 0.0147167 0.0560401 0.00355071 -0.000781971 0.000570458
356 35.55 0.0461538 0.012029 0.0180134 0.0246653 0.00418447 -0.000229377 0.00182822
357 35.65 0.00769231 0.00977438 0.00325222 0.0122723 0.00668165 0.000221249 0.00312553
358 35.75 0.0153846 0.00169871 0.017701 0.00407999 0.00503465 -0.000293275 0.000968228
359 35.85 0 0 0 0 0.00214997 -0.00132514 -0.0028474
360 35.95 0.0384615 0.0131494 0.0319838 7.9244e-06 0.00214242 -0.00306304 -0.00296184
7800 360
1 0.05 0.0142857 0.0112009 0.00225187 0.00283901 0.00225067 -0.00271175 -0.00168081
2 0.15 0.0214286 0.0112716 0.0096251 0.00554697 0.00134977 -0.00345299 -0.00165223
3 0.25 0.0214286 0.0014676 0.00389682 0.00365899 -0.00161222 -0.00525311 -0.00281433
4 0.35 0.0214286 0.0110519 0.00240263 0.000318432 -0.00117727 -0.00441676 -0.0015818
5 0.45 0.0214286 0.00733869 0.00332702 0.0516581 -0.00118435 -0.00421949 -0.00156733
6 0.55 0.00714286 0.0180824 0.000644354 0.0678621 -0.00114028 -0.00436506 -0.00161096
7 0.65 0.0214286 0.0101054 0.020118 0.0174072 -0.00189765 -0.00579915 -0.00193702
8 0.75 0.0285714 0.0148358 0.0191658 0.0150974 -0.00151196 -0.00633566 -0.00198663
9 0.85 0 0 0 0 -0.00149238 -0.00649556 -0.00212472
10 0.95 0.0142857 0.0142914 0.00992229 0.00435661 -0.00386971 -0.00442131 -0.00191125
11 1.05 0.00714286 0.000550556 0.000642137 1.15073e-06 -0.00423673 -0.00217721 -0.00162158
12 1.15 0 0 0 0 -0.000219264 -0.00158618 -0.0014603
13 1.25 0.0214286 0.00969186 0.0082197 0.00681373 -0.000207339 -0.00156727 -0.00142599
14 1.35 0.0142857 0.000158589 0.00589854 0.0164895 -0.000182553 -0.00151618 -0.00133525
15 1.45 0.0142857 0.000564978 0.0101411 0.00368504 -0.00011558 -0.00150501 -0.00130181
16 1.55 0.0142857 0.0134899 0.00743608 0.00599692 -0.000214296 -0.00209388 -0.00111354
17 1.65 0.00714286 0.00161356 0.00923553 2.27944e-05 -0.000250644 -0.000285505 -0.000175494
18 1.75 0.0142857 0.0140694 0.00280601 0.00136531 -0.00163192 -0.000459408 -0.00203608
19 1.85 0 0 0 0 -0.00164878 -0.000465709 -0.00216175
20 1.95 0.00714286 7.48325e-05 0.00491113 0.000238954 -0.00164337 -0.000441852 -0.00214411
21 2.05 0.00714286 2.80973e-05 0.00506382 0.000157372 -0.00160126 -0.000269099 -0.00210398
22 2.15 0 0 0 0 -0.0016009 -0.000267634 -0.00210371
23 2.25 0.0142857 0.01431 0.00341597 0.0344194 -0.00159351 -0.000266118 -0.00210299
24 2.35 0.00714286 0.00272613 0.0126768 0.00592701 -0.00158485 -0.000267817 -0.00210131
25 2.45 0.0214286 0.00425522 0.0165845 0.0106733 -0.000906087 -0.000279613 -0.00176668
26 2.55 0 0 0 0 -0.000561232 -0.00049764 -0.00167298
27 2.65 0.0142857 7.27528e-06 0.00520649 0.0109494 -0.00059466 -0.000497346 -0.00167114
28 2.75 0.0142857 0.0113609 0.00449466 0.0238152 -0.000698418 -0.000498426 -0.00166689
29 2.85 0.0357143 0.0115437 0.0215188 0.0300212 -0.00223355 -0.000545936 -0.000683762
30 2.95 0.00714286 0.000103875 0.00316734 0.0174895 -0.000367585 -0.000547175 -0.000131444
31 3.05 0.0142857 0.00370717 0.00535608 0.00542489 -0.00154108 -0.000388716 -0.000599773
32 3.15 0 0 0 0 -0.00221902 -0.00025074 -0.000887921
33 3.25 0 0 0 0 -0.00221902 -0.00025074 -0.000887921
34 3.35 0.00714286 0.00168875 0.000440268 0.0182108 -0.00220708 -0.000246847 -0.000902846
35 3.45 0.00714286 0.00147248 0.00078702 0.00278889 -0.000690244 0.000378841 0.00410874
36 3.55 0.00714286 0.00566765 0.00577733 0.00493342 0.00403046 0.00232789 0.0197847
37 3.65 0 0 0 0 0.00402967 0.00232837 0.0197842
38 3.75 0.00714286 0.00267646 0.00116478 0.00297044 0.00555798 0.00241366 0.0203857
39 3.85 0 0 0 0 0.00610336 0.0024441 0.0206003
40 3.95 0 0 0 0 0.00610336 0.0024441 0.0206003
41 4.05 0 0 0 0 0.00610336 0.0024441 0.0206003
42 4.15 0.0214286 0.0106613 0.0151082 0.0356613 0.0344418 0.00488992 0.0206454
43 4.25 0.0142857 0.00856885 0.00783575 0.0178272 0.00602935 0.00242489 0.0204734
44 4.35 0 0 0 0 -7.48323e-05 -4.83146e-05 -0.000141996
45 4.45 0 0 0 0 -7.48323e-05 -4.83146e-05 -0.000141996
46 4.55 0.00714286 0.00283514 0.0132068 0.00655376 -0.000118573 -6.55364e-05 -0.000186968
47 4.65 0 0 0 0 -0.000201361 -9.81319e-05 -0.000272085
48 4.75 0.0214286 0.0100706 0.016683 0.00846842 0.00359018 0.0110371 0.00786686
49 4.85 0 0 0 0 0.00618061 0.0186621 0.013445
50 4.95 0.00714286 6.78163e-05 0.00273785 0.0212673 0.00593526 0.018522 0.0131764
51 5.05 0.00714286 2.78436e-08 2.40301e-07 0.00677453 0.00517839 0.0180454 0.0123585
52 5.15 0.00714286 1.35646e-05 0.00459902 0.00610824 0.00509334 0.0180153 0.012346
53 5.25 0.0142857 0.0028506 0.0109035 0.00451219 0.00506675 0.0179673 0.0123235
54 5.35 0.00714286 0.000558697 0.0152024 0.00812094 0.000382531 0.00401342 0.00213899
55 5.45 0.00714286 0.000872332 0.00328879 0.000521181 -0.00128467 -0.000999979 -0.00153779
56 5.55 0.0142857 0.00828471 0.00995652 0.00623825 -0.001295 -0.00118345 -0.00168801
57 5.65 0 0 0 0 -0.00129909 -0.00119049 -0.00171045
58 5.75 0.00714286 0.00107467 0.00063807 0.00147522 -0.0012831 -0.00120302 -0.00169348
59 5.85 0.0214286 0.0172684 0.0213623 0.0264609 -0.00116251 -0.00206814 -0.000967652
60 5.95 0.0142857 0.0136705 0.00408779 0.0267733 -0.00131512 -0.00203959 -0.00118891
61 6.05 0 0 0 0 -0.00128838 -0.00200913 -0.00121854
62 6.15 0.00714286 0.00468329 0.000619384 2.24761e-05 -0.00131161 -0.0020195 -0.00118303
63 6.25 0.0142857 0.00523347 0.00165444 0.0737592 -0.00137051 -0.00207934 -0.00141425
64 6.35 0.0214286 0.0118879 0.00236828 0.0111874 -0.000906309 -0.000922502 -0.0030382
65 6.45 0 0 0 0 -0.00281465 -0.000815778 -0.00363792
66 6.55 0.00714286 0.00747053 0.000321241 0.000798318 -0.00134606 0.00207833 -0.00249159
67 6.65 0 0 0 0 0.00521482 0.0150076 0.00262961
68 6.75 0.0357143 0.0165293 0.0206945 0.0395979 0.00512844 0.0146567 0.00182544
69 6.85 0.0142857 0.00316909 0.000296902 0.0032842 0.0046519 0.0142712 0.000901615
70 6.95 0.00714286 0.00446244 0.000456167 0.000320668 0.00196126 0.0141711 0.000297803
71 7.05 0.0357143 0.0196715 0.0191675 0.0342626 0.000952603 0.0104032 -0.0029056
72 7.15 0.0142857 0.000696735 0.011244 0.00559707 -0.00448281 0.00267215 -0.00661669
73 7.25 0.0214286 0.00648278 0.0131951 0.0143886 -0.00480473 0.00243312 -0.00730967
74 7.35 0.0142857 0.00264085 0.0219927 0.0265144 -0.00895841 0.000809298 -0.0110155
75 7.45 0.0285714 0.00980214 0.00860358 0.0230431 0.00214853 -0.00263765 -0.0100778
76 7.55 0.0142857 0.0122327 0.00827249 0.00546208 0.00684016 -0.00488264 -0.0108006
77 7.65 0.0285714 0.00955191 0.0213835 0.0590578 -0.0139038 -0.015444 -0.0148843
78 7.75 0.0571429 0.0415483 0.0504401 0.0324822 -0.00634986 -0.0304194 -0.0275332
79 7.85 0.0357143 0.0269375 0.0109176 0.0266628 -0.0375007 -0.0382664 -0.0360844
80 7.95 0.1 0.11002 0.0445197 0.0880179 -0.050135 -0.0559161 -0.0446573
81 8.05 0.0857143 0.0735863 0.0663975 0.0552958 -0.0333296 -0.0645845 -0.043089
82 8.15 0.121429 0.0973996 0.0747874 0.0789177 -0.0645053 -0.0862963 -0.0388236
83 8.25 0.0285714 0.0385399 0.0136473 0.0242402 -0.087145 -0.0835777 -0.0497423
84 8.35 0.05 0.0642967 0.0413815 0.0354313 -0.0967619 -0.0900952 -0.0542979
85 8.45 0.128571 0.113006 0.0965686 0.0675466 -0.0904237 -0.108195 -0.0645914
86 8.55 0.15 0.128343 0.0939875 0.0751208 -0.136959 -0.13456 -0.0785441
87 8.65 0.128571 0.055381 0.126052 0.164325 -0.241025 -0.157114 -0.106094
88 8.75 0.142857 0.104776 0.134573 0.126672 -0.0493415 -0.0605789 -0.0977366
89 8.85 0.164286 0.0668663 0.133572 0.114708 -0.117764 -0.114417 -0.110472
90 8.95 0.185714 0.156608 0.26121 0.129706 -0.136439 -0.114039 -0.154867
91 9.05 0.178571 0.159533 0.13003 0.147238 -0.0888792 -0.0354366 -0.166444
92 9.15 0.221429 0.165355 0.157132 0.183441 0.00239429 -0.145022 -0.172948
93 9.25 0.242857 0.218173 0.252881 0.15052 -0.307124 -0.352517 -0.210977
94 9.35 0.257143 0.197326 0.177865 0.273111 -0.199997 -0.418961 -0.252762
95 9.45 0.335714 0.304465 0.262693 0.41445 -0.369446 -0.401085 -0.273138
96 9.55 0.307143 0.258193 0.311325 0.221291 -0.540187 -0.425759 -0.298494
97 9.65 0.328571 0.317544 0.217129 0.245582 -0.367647 -0.462239 -0.342785
98 9.75 0.314286 0.272616 0.264267 0.310415 -0.311942 -0.478209 -0.343316
99 9.85 0.428571 0.409026 0.302441 0.326167 -0.476518 -0.638351 -0.361685
100 9.95 0.535714 0.526431 0.392382 0.497525 -0.601272 -0.61625 -0.367287
101 10.05 0.492857 0.520227 0.499876 0.475268 -0.666653 -0.506073 -0.375232
102 10.15 0.442857 0.376396 0.383151 0.387625 -0.505775 -0.686228 -0.369944
103 10.25 0.542857 0.54697 0.410681 0.601021 -0.756928 -0.407571 -0.408248
104 10.35 0.571429 0.398573 0.432614 0.565781 -0.766307 -0.135519 -0.458839
105 10.45 0.614286 0.651089 0.589087 0.588199 -0.687422 -0.767473 -0.385896
106 10.55 0.664286 0.720802 0.530219 0.598207 -0.664631 -0.864319 -0.498948
107 10.65 0.628571 0.62572 0.484132 0.491022 -1.34441 -0.732757 -0.589326
108 10.75 0.607143 0.462265 0.627051 0.374651 -1.12155 -0.790354 -0.625992
109 10.85 0.614286 0.42775 0.54404 0.436067 -0.927357 -1.14729 -0.629431
110 10.95 0.707143 0.617503 0.620031 0.570107 -0.681189 -0.889725 -0.547527
111 11.05 0.607143 0.497043 0.406573 0.433662 -1.10786 -1.27575 -0.592839
112 11.15 0.621429 0.616645 0.508389 0.466387 -1.44606 -1.25788 -0.669196
113 11.25 0.585714 0.566591 0.501873 0.41221 -1.33328 -1.38098 -0.693128
114 11.35 0.75 0.817164 0.662969 0.538042 -1.02684 -1.13499 -0.801955
115 11.45 0.778571 0.519093 0.557787 0.587893 -0.987964 -1.15792 -0.779037
116 11.55 0.65 0.570283 0.461181 0.631614 -0.43196 -0.837772 -0.797963
117 11.65 0.728571 0.68495 0.571005 0.599027 -0.677886 -0.449824 -0.713874
118 11.75 0.771429 0.690583 0.661488 0.600221 -0.627705 -0.763456 -0.685828
119 11.85 0.671429 0.576841 0.699645 0.50999 -0.354513 -0.86823 -0.68987
120 11.95 0.657143 0.541755 0.538453 0.509897 -0.820178 -0.996958 -0.76003
121 12.05 0.707143 0.511693 0.484741 0.60176 -0.937193 -1.41303 -0.779397
122 12.15 0.75 0.663848 0.734564 0.629251 -1.08149 -1.28268 -0.751049
123 12.25 0.742857 0.653812 0.60765 0.55105 -1.16679 -1.26834 -0.765278
124 12.35 0.635714 0.475449 0.458896 0.588684 -0.299892 -0.151956 -0.731573
125 12.45 0.828571 0.495906 0.694387 0.733832 -0.647386 -0.541282 -0.966922
126 12.55 0.771429 0.546543 0.683994 0.510563 -0.915614 -1.53852 -1.05824
127 12.65 0.75 0.664151 0.663543 0.610623 -0.951053 -1.08457 -0.943869
128 12.75 0.814286 0.544947 0.516148 0.707751 -0.928259 -0.895166 -0.847688
129 12.85 0.707143 0.82523 0.556905 0.583935 -0.952203 -0.619742 -0.810873
130 12.95 0.678571 0.669693 0.574792 0.608252 -1.43881 -1.17797 -0.830874
131 13.05 0.742857 0.789783 0.561888 0.528145 -1.51611 -1.44871 -0.738688
132 13.15 0.628571 0.444001 0.675489 0.54283 -0.381209 -1.13109 -0.659719
133 13.25 0.721429 0.588486 0.764278 0.588812 -0.211823 -0.701525 -0.568284
134 13.35 0.85 0.624535 0.786872 0.60266 -0.719474 -0.217494 -0.577532
135 13.45 0.878571 0.651837 0.750773 0.927447 -0.617987 -0.142225 -0.628044
136 13.55 0.778571 0.654374 0.688762 0.63949 -0.541733 -0.596926 -0.661944
137 13.65 0.778571 0.717195 0.587626 0.542128 -0.778716 -0.93104 -0.764527
138 13.75 0.707143 0.502685 0.633142 0.474498 -0.0384303 -0.507456 -0.887643
139 13.85 0.721429 0.680604 0.670706 0.621756 -0.471726 -0.822046 -0.870864
140 13.95 0.757143 0.656646 0.582247 0.802592 -0.188278 -0.541482 -0.668086
141 14.05 0.685714 0.670368 0.700809 0.657881 -0.268202 -0.194509 -0.682932
142 14.15 0.785714 0.750324 0.739148 0.530307 -0.700876 -0.537203 -0.665603
143 14.25 0.8 0.735404 0.772503 0.701103 -0.77332 -0.594979 -0.61865
144 14.35 0.764286 0.673633 0.663189 0.478645 -0.93199 -0.536758 -0.647346
145 14.45 0.75 0.547572 0.806822 0.651036 -0.743113 -0.294257 -0.680615
146 14.55 0.814286 0.6662 0.581693 0.67205 -0.708169 -0.439317 -0.630638
147 14.65 0.85 0.726979 0.631585 0.762392 -0.326281 -0.470328 -0.479263
148 14.75 0.764286 0.671883 0.625802 0.655985 -1.04869 -0.933876 -0.516916
149 14.85 0.721429 0.503456 0.905864 0.582976 -1.1881 -0.974645 -0.67234
150 14.95 0.592857 0.451395 0.4706 0.469668 -1.3311 -1.47878 -0.676121
151 15.05 0.8 0.76446 0.768412 0.826034 -0.958504 -0.988957 -0.76034
152 15.15 0.785714 0.596307 0.760115 0.742624 -1.31839 -1.11605 -0.831301
153 15.25 0.792857 0.742473 0.72439 0.561128 -1.12767 -1.40924 -0.942896
154 15.35 0.671429 0.678807 0.480755 0.434032 -0.710123 -0.864863 -0.967706
155 15.45 0.835714 0.751724 0.785498 0.753803 -0.72019 -0.822524 -1.0412
156 15.55 0.764286 0.870997 0.671786 0.601933 -1.22931 -0.613301 -1.09913
157 15.65 0.621429 0.630137 0.499745 0.354969 -1 -0.891448 -1.09842
158 15.75 0.764286 0.502843 0.64957 0.720504 -0.591609 -0.425097 -0.844634
159 15.85 0.8 0.706535 0.681186 0.815203 -0.217035 -0.665784 -0.794512
160 15.95 0.735714 0.823286 0.571383 0.68842 -0.938824 -0.917683 -0.832846
161 16.05 0.828571 0.715752 0.744632 0.711098 -0.998957 -0.991483 -0.781389
162 16.15 0.692857 0.699261 0.597134 0.557883 -1.4762 -1.34772 -0.647934
163 16.25 0.721429 0.648028 0.868401 0.668414 -0.933645 -1.4205 -0.646176
164 16.35 0.714286 0.627421 0.592269 0.572187 -0.652097 -0.810456 -0.696029
165 16.45 0.828571 0.738626 0.777668 0.661388 -0.44896 -0.840707 -0.769192
166 16.55 0.792857 0.619276 0.69469 0.650993 -0.884552 -0.928718 -0.659517
167 16.65 0.678571 0.600907 0.640732 0.487311 -0.721364 -1.032 -0.538295
168 16.75 0.678571 0.579465 0.704052 0.574655 -1.23538 -0.761476 -0.692322
169 16.85 0.721429 0.524195 0.61689 0.518737 -0.484549 -0.775008 -0.768194
170 16.95 0.692857 0.529729 0.637236 0.585757 -0.060712 -0.809426 -0.632942
171 17.05 0.778571 0.652984 0.635281 0.605497 -0.87871 -0.364606 -0.733846
172 17.15 0.728571 0.501491 0.521351 0.745786 -0.776443 -0.616269 -0.73506
173 17.25 0.828571 0.713619 0.58005 0.698722 -0.978055 -0.778584 -0.754632
174 17.35 0.764286 0.57139 0.794727 0.778182 -0.613492 -0.512238 -0.802393
175 17.45 0.814286 0.542617 0.612583 0.65054 -1.22711 -0.450033 -0.772901
176 17.55 0.828571 0.64017 0.781979 0.682362 -0.574922 -0.606235 -0.726792
177 17.65 0.678571 0.486017 0.575977 0.655814 -0.982304 -0.327729 -0.751216
178 17.75 0.757143 0.560518 0.686858 0.514811 -0.677754 -0.517139 -0.708818
179 17.85 0.8 0.651232 0.494619 0.695077 -0.885539 -1.03377 -0.720846
180 17.95 0.628571 0.610903 0.558944 0.430677 -0.387934 -1.08096 -0.72347
181 18.05 0.807143 0.649232 0.656827 0.579971 -0.902017 -1.30082 -0.826926
182 18.15 0.671429 0.629384 0.719752 0.51636 -0.729655 -1.33062 -0.865248
183 18.25 0.807143 0.740137 0.685746 0.618379 -1.4923 -1.65859 -1.01389
184 18.35 0.771429 0.521637 0.735746 0.590815 -1.59498 -1.42505 -1.10152
185 18.45 0.664286 0.658744 0.692204 0.594193 -1.22433 -0.736605 -1.05649
186 18.55 0.792857 0.548479 0.702953 0.467119 -1.1797 -1.10102 -0.945682
187 18.65 0.714286 0.713381 0.543318 0.644007 -1.18081 -0.657736 -0.756014
188 18.75 0.735714 0.633777 0.651013 0.484263 -0.975285 -0.71592 -0.656496
189 18.85 0.8 0.826838 0.542073 0.778485 -1.48766 -0.802482 -0.55019
190 18.95 0.835714 0.81379 0.795835 0.596328 -1.27674 -0.885908 -0.554838
191 19.05 0.714286 0.468025 0.618843 0.721871 -0.906039 -0.855685 -0.616846
192 19.15 0.65 0.546537 0.719995 0.640184 -1.26266 -0.660347 -0.64866
193 19.25 0.842857 0.732282 0.629241 0.54451 -1.05429 -0.966123 -0.625313
194 19.35 0.792857 0.690348 0.712567 0.536164 -0.384366 -1.57199 -0.726609
195 19.45 0.671429 0.581531 0.433023 0.58146 -0.521689 -0.724072 -0.840908
196 19.55 0.664286 0.565311 0.71463 0.498629 -0.975096 -1.15366 -1.0434
197 19.65 0.792857 0.73521 0.64488 0.796743 -1.24723 -1.14658 -1.1468
198 19.75 0.792857 0.687119 0.685647 0.616114 -1.25772 -1.23724 -1.11148
199 19.85 0.7 0.352387 0.604925 0.726842 -1.52151 -1.29562 -1.18797
200 19.95 0.721429 0.647394 0.549454 0.677275 -0.622164 -0.898507 -1.1602
201 20.05 0.792857 0.594137 0.4855 0.656602 -0.308677 -0.818264 -1.12413
202 20.15 0.828571 0.615859 0.724474 0.749892 -0.825809 -1.43633 -1.03867
203 20.25 0.721429 0.576644 0.751514 0.512635 -0.699645 -1.17995 -0.941841
204 20.35 0.75 0.454559 0.617166 0.65213 -0.851502 -0.587318 -0.856717
205 20.45 0.692857 0.659569 0.42258 0.728078 -0.721619 -0.570351 -0.729623
206 20.55 0.778571 0.609204 0.690776 0.697409 -0.775242 -0.578389 -0.6485
207 20.65 0.792857 0.915126 0.788233 0.865557 -0.591044 -0.862433 -0.739594
208 20.75 0.771429 0.532926 0.828567 0.598169 -0.849794 -0.778696 -0.724852
209 20.85 0.7 0.647833 0.664222 0.597808 -0.995174 -1.1736 -0.699428
210 20.95 0.714286 0.750065 0.663333 0.670952 -0.95316 -0.779826 -0.649722
211 21.05 0.75 0.591631 0.712707 0.630206 -0.770872 -0.293479 -0.656175
212 21.15 0.785714 0.804531 0.528731 0.790576 -0.337715 -0.376844 -0.580631
213 21.25 0.7 0.596651 0.559284 0.481152 -0.651412 -0.472228 -0.551965
214 21.35 0.835714 0.659711 0.700853 0.65115 -0.13233 -0.431072 -0.587576
215 21.45 0.778571 0.777605 0.6741 0.693533 -0.760434 -0.652709 -0.592778
216 21.55 0.785714 0.719776 0.758184 0.642202 -1.03094 -0.41721 -0.684472
217 21.65 0.721429 0.640159 0.52072 0.456904 -1.27529 -0.891261 -0.765815
218 21.75 0.764286 0.67832 0.588422 0.661279 -0.704877 -0.930516 -0.741261
219 21.85 0.65 0.718263 0.479388 0.496579 -0.528529 -0.650594 -0.772038
220 21.95 0.728571 0.624632 0.620931 0.586034 -1.0278 -1.33836 -0.827012
221 22.05 0.764286 0.559953 0.658796 0.765433 -1.06271 -0.780926 -0.9359
222 22.15 0.807143 0.715012 0.660092 0.751489 -0.833167 -0.478778 -0.987953
223 22.25 0.728571 0.587639 0.574578 0.611919 -0.0947731 -0.645217 -0.988648
224 22.35 0.707143 0.735792 0.565099 0.643125 -0.977753 -0.544495 -0.939373
225 22.45 0.8 0.610793 0.608492 0.745006 -1.02708 -0.849374 -0.988244
226 22.55 0.7 0.573227 0.680443 0.627198 -0.444591 -0.956219 -1.07007
227 22.65 0.8 0.700817 0.784983 0.656436 -1.12526 -1.49198 -1.0995
228 22.75 0.728571 0.603966 0.652983 0.663058 -1.23867 -1.63118 -1.11245
229 22.85 0.771429 0.749298 0.842931 0.6504 -0.740799 -0.99729 -1.02573
230 22.95 0.657143 0.53489 0.619414 0.734957 -0.319228 -1.28103 -0.986551
231 23.05 0.75 0.757403 0.570668 0.605901 -0.151043 -0.876286 -1.01195
232 23.15 0.721429 0.606023 0.65617 0.608738 -1.38536 -0.93246 -1.12945
233 23.25 0.742857 0.832267 0.805161 0.58401 -0.848641 -0.809115 -1.02572
234 23.35 0.857143 0.830639 0.605192 0.865448 -0.831253 -1.66763 -1.08606
235 23.45 0.7 0.572185 0.518915 0.668192 -0.596633 -1.29746 -1.06157
236 23.55 0.778571 0.550613 0.766213 0.741773 -1.18016 -1.38184 -1.02965
237 23.65 0.635714 0.579633 0.577245 0.61411 -1.30564 -1.11641 -1.06798
238 23.75 0.671429 0.632658 0.67731 0.487949 -1.67225 -1.3915 -1.0477
239 23.85 0.757143 0.50682 0.534887 0.536016 -1.63816 -1.54124 -0.967985
240 23.95 0.735714 0.546835 0.660058 0.524131 -1.22139 -0.762454 -0.881232
241 24.05 0.807143 0.787117 0.785607 0.690648 -0.842371 -0.928799 -0.754952
242 24.15 0.728571 0.634713 0.652504 0.765338 -0.412244 -0.647617 -0.695435
243 24.25 0.678571 0.655457 0.747946 0.881017 -1.08642 -0.675563 -0.625264
244 24.35 0.835714 0.757197 0.79324 0.666289 -0.427471 -0.0848565 -0.595977
245 24.45 0.621429 0.393356 0.599472 0.775287 -0.760892 -0.314065 -0.540308
246 24.55 0.692857 0.496981 0.521477 0.569874 -1.0367 -1.30675 -0.557101
247 24.65 0.721429 0.660148 0.56331 0.624805 -0.752497 -0.997351 -0.551428
248 24.75 0.685714 0.586234 0.589786 0.509939 -1.16606 -0.969834 -0.589844
249 24.85 0.771429 0.666988 0.549591 0.871283 -1.61854 -1.20282 -0.639721
250 24.95 0.664286 0.437457 0.471142 0.618997 -1.31424 -1.47664 -0.565408
251 25.05 0.771429 0.65899 0.781657 0.612843 -1.15446 -0.860105 -0.52142
252 25.15 0.692857 0.524407 0.593908 0.637389 -1.34985 -0.785908 -0.491519
253 25.25 0.535714 0.580341 0.405249 0.410768 -1.11541 -0.892488 -0.498561
254 25.35 0.685714 0.623075 0.660007 0.544875 -1.09945 -1.23969 -0.508058
255 25.45 0.642857 0.582191 0.465018 0.46225 -0.853092 -1.11996 -0.465394
256 25.55 0.485714 0.357574 0.365384 0.506209 -1.16523 -1.04573 -0.366951
257 25.65 0.6 0.302195 0.565877 0.420418 -1.04266 -0.812984 -0.339745
258 25.75 0.585714 0.477089 0.39845 0.530675 -0.659147 -0.784402 -0.352452
259 25.85 0.571429 0.502866 0.403049 0.452176 -0.513844 -0.655178 -0.343703
260 25.95 0.514286 0.425277 0.451222 0.403219 -0.782179 -0.927509 -0.344001
261 26.05 0.428571 0.329829 0.271408 0.328782 -0.821566 -0.561471 -0.417707
262 26.15 0.492857 0.45373 0.435063 0.411595 -0.749273 -0.624245 -0.347811
263 26.25 0.385714 0.349472 0.317387 0.352982 -0.467174 -0.685183 -0.229841
264 26.35 0.292857 0.268809 0.298948 0.264227 -0.271101 -0.534022 -0.206372
265 26.45 0.4 0.449792 0.502544 0.255172 -0.130306 -0.556781 -0.126581
266 26.55 0.3 0.231189 0.215044 0.230537 -0.334592 -0.494452 -0.11478
267 26.65 0.207143 0.160428 0.18209 0.134672 -0.337915 -0.442611 -0.123362
268 26.75 0.164286 0.190595 0.152935 0.160913 -0.343146 -0.315276 -0.0797946
269 26.85 0.157143 0.11659 0.142295 0.15489 -0.297645 -0.155005 -0.0907628
270 26.95 0.228571 0.0978355 0.18344 0.282296 -0.250742 -0.077751 -0.0830649
271 27.05 0.157143 0.13824 0.0867866 0.161665 -0.207391 -0.0968417 -0.0748201
272 27.15 0.214286 0.158187 0.137811 0.232974 -0.187277 -0.142706 -0.0425177
273 27.25 0.135714 0.156876 0.106331 0.128707 -0.140536 -0.130997 0.00203992
274 27.35 0.121429 0.0678719 0.0871003 0.18089 -0.0856316 -0.0522668 -0.0146248
275 27.45 0.0642857 0.0450653 0.0503258 0.0773257 -0.0695422 -0.0168456 -0.0268118
276 27.55 0.0714286 0.067405 0.0522274 0.0558153 -0.04916 0.0179662 -0.0184815
277 27.65 0.0642857 0.0657914 0.0585696 0.0348748 -0.0268899 0.0177034 -0.00642144
278 27.75 0.0428571 0.0344072 0.0417883 0.0203223 -0.0377136 -0.0104209 -0.00960537
279 27.85 0.0285714 0.0223142 0.0270986 0.00559309 -0.034565 -0.014883 -0.00471257
280 27.95 0.0571429 0.0181909 0.0227315 0.0863128 -0.0300706 -0.0260355 -0.014205
281 28.05 0.0428571 0.0479958 0.0291628 0.0447761 -0.0172895 -0.0289265 -0.0291124
282 28.15 0.0214286 0.0102575 0.0210108 0.00904086 -0.0354112 -0.0301846 -0.0250363
283 28.25 0.0214286 0.0148652 0.00256872 0.0154728 -0.00956097 -0.0128097 -0.0194088
284 28.35 0.0428571 0.0362205 0.0672128 0.0509265 -0.00705557 -0.0076494 -0.0134307
285 28.45 0.0214286 0.0232645 0.0349025 0.0122642 -0.00474922 -0.00684444 -0.00885491
286 28.55 0.0142857 0.00166453 0.00172484 0.0173627 -0.0030127 -0.0065483 -0.00765963
287 28.65 0.0142857 0.0175516 0.0245566 0.00512743 -0.00238953 -0.00349886 -0.00611738
288 28.75 0.0214286 0.0295913 0.00431263 0.0230774 -0.00246454 -0.00353075 -0.00765649
289 28.85 0.0214286 0.0262811 0.00637418 0.0127792 -0.00217656 -0.00333914 -0.00780087
290 28.95 0.0142857 0.00809655 0.0368416 0.00464977 -0.00161141 -0.00330882 -0.00692561
291 29.05 0 0 0 0 -0.00150501 -0.00331977 -0.00672772
292 29.15 0.0142857 0.0155634 0.00843795 0.0206343 -0.00145039 -0.00315106 -0.0064053
293 29.25 0.0142857 0.000551705 0.0062714 0.00622891 -0.00136436 -0.0021139 -0.00524228
294 29.35 0.00714286 7.05331e-05 0.000334075 2.09526e-05 -0.00121114 -0.00110313 -0.0044841
295 29.45 0.0142857 0.00902508 0.0136098 0.00541605 -0.000967332 -0.000993334 -0.00431105
296 29.55 0.0214286 0.0159396 0.00416471 0.00705569 -0.00144338 -0.0010749 -0.00432671
297 29.65 0 0 0 0 -0.0014075 -0.00107384 -0.00426014
298 29.75 0.00714286 0.0195222 0.000180513 0.00916694 -0.00140304 -0.00106901 -0.00424178
299 29.85 0.0142857 0.00202822 0.00617536 0.0211664 -0.00349854 -0.00108165 -0.003634
300 29.95 0.0142857 0.0231482 0.00219842 0.0025994 -0.00653603 -0.000978028 -0.00253439
301 30.05 0.0285714 0.0133696 0.0374566 0.0123154 -0.0216911 -0.00404585 -0.00259144
302 30.15 0.00714286 0.00705384 9.14301e-05 0.0126181 -0.000864539 -0.00366361 -0.00307806
303 30.25 0.0214286 0.0166418 0.00910274 0.00971901 -0.000956719 -0.00446055 -0.00339052
304 30.35 0.00714286 0.00364462 0.0101084 0.000875915 -0.000935558 -0.00425358 -0.0031074
305 30.45 0 0 0 0 -0.000955202 -0.00449016 -0.00313223
306 30.55 0.0214286 0.0458616 0.00697414 0.0906952 -0.000650853 -0.0030247 -0.00297889
307 30.65 0.0142857 0.0168753 0.00225186 0.0247663 -0.000769863 -0.00300197 -0.0028914
308 30.75 0.0142857 0.0206544 0.00196618 0.00476331 -0.000931747 -0.0030414 -0.00276826
309 30.85 0.0285714 0.0354372 0.0525524 0.00710898 0.0057803 -0.00168765 -0.00272864
310 30.95 0.0285714 0.0148211 0.0399247 0.0167285 -0.00095516 -0.00362425 -0.00305553
311 31.05 0.0357143 0.0239989 0.0390832 0.0250994 -0.0196389 -0.00447225 -0.00344068
312 31.15 0.00714286 0.00420737 0.00217458 0.00314338 -0.00433017 -0.0024445 -0.00319483
313 31.25 0.0285714 0.0247098 0.00330045 0.0252431 -0.000723878 -0.00306379 -0.00349555
314 31.35 0.0285714 0.010464 0.0387897 0.0145703 -0.00621166 -0.00650869 -0.00507018
315 31.45 0.0357143 0.0619202 0.0103806 0.007297 -0.0177847 -0.0109338 -0.0047426
316 31.55 0.0285714 0.0321991 0.0226563 0.0167285 -0.00648694 -0.00711893 -0.00453679
317 31.65 0.0285714 0.00395171 0.0215568 0.018452 -0.00646762 -0.00599121 -0.00447527
318 31.75 0.0142857 0.000911676 0.0304168 0.000984021 -0.0068004 -0.0062718 -0.00588061
319 31.85 0.0214286 0.00606014 0.0134352 0.0119945 -0.00542708 -0.00593421 -0.00618152
320 31.95 0.00714286 0.00896944 0.000443021 0.000529305 -0.00239676 -0.00497701 -0.00548197
321 32.05 0.0214286 0.0528744 0.00344384 0.00708747 -0.00291479 -0.00258673 -0.00474567
322 32.15 0.00714286 0.000398986 0.00267332 0.00189407 -0.00249548 -0.00197394 -0.00446611
323 32.25 0.0214286 0.0243562 0.0112313 0.00290415 -0.0025383 -0.00211221 -0.00453644
324 32.35 0.00714286 0.0072458 0.0064445 0.00029484 -0.00253712 -0.00196627 -0.00451442
325 32.45 0 0 0 0 -0.00248989 -0.00195332 -0.00449498
326 32.55 0.0285714 0.0268621 0.0120469 0.0334769 -0.00250701 -0.00203405 -0.00447371
327 32.65 0.0142857 0.0119401 0.00742967 0.00153232 -0.00233569 -0.00136693 -0.00360313
328 32.75 0.0571429 0.0489523 0.0607642 0.0209806 -0.00171878 -0.00111211 -0.00198568
329 32.85 0.0214286 0.00649958 0.0382994 0.018968 -0.00128657 -0.00143858 -0.00224805
330 32.95 0.00714286 0.0168699 0.000970977 4.83627e-05 -0.00130069 -0.00173371 -0.00229679
331 33.05 0.0142857 0.000122642 0.00293547 0.00544653 -0.00104242 -0.00204387 -0.0023134
332 33.15 0.00714286 1.43288e-05 0.00320959 0.000973 -0.000810145 -0.00157862 -0.00220806
333 33.25 0.0214286 0.0246353 0.0107061 0.0287617 -0.000713685 -0.00155995 -0.00235879
334 33.35 0.00714286 4.76869e-05 0.00710441 0.00168957 -0.00211005 -0.0016529 -0.00333866
335 33.45 0 0 0 0 -0.0021073 -0.00164888 -0.00333461
336 33.55 0.0214286 0.0183525 0.0168531 0.0107392 -0.00269047 -0.00125603 -0.00301685
337 33.65 0.00714286 0.00023498 0.00184436 0.000110172 -0.00365491 -0.00154518 -0.0030328
338 33.75 0.0142857 0.0208162 0.00131647 0.00296146 -0.00390203 -0.00182064 -0.00309492
339 33.85 0.00714286 0.000131751 0.000764657 0.00233773 -0.00422985 -0.00297903 -0.0031982
340 33.95 0.00714286 0.00175942 0.00522359 0.0102753 -0.00428203 -0.00319818 -0.00335028
341 34.05 0.0142857 0.00345852 0.00788792 0.00925436 -0.00372469 -0.00287898 -0.0030422
342 34.15 0.0285714 0.00604566 0.0106129 0.00982038 -0.00902286 -0.00321739 -0.00233385
343 34.25 0.0142857 0.00819642 0.00820687 0.0065656 -0.00750736 -0.00152806 -0.00222561
344 34.35 0.0214286 0.00922606 0.00369749 0.005334 -0.0225823 -0.00377508 -0.00212806
345 34.45 0.00714286 0.00387531 0.0105089 0.00673348 -0.000721218 -0.00161867 -0.00189595
346 34.55 0.00714286 5.04275e-05 0.00710666 0.00164731 -0.000743132 -0.00168251 -0.00189898
347 34.65 0.0285714 0.0123259 0.0412802 0.0165376 -0.000604053 -0.00146931 -0.00172538
348 34.75 0.05 0.0196389 0.0347386 0.086675 0.00498285 0.000183127 -0.000749872
349 34.85 0.00714286 0.00178579 0.00370538 0.00250787 0.010706 0.00367242 0.000249686
350 34.95 0.0214286 0.0247315 0.0096822 0.00744908 0.0105053 0.00356369 -0.00119438
351 35.05 0.0571429 0.0289989 0.0428322 0.00626444 0.00695709 0.0017001 -0.00141653
352 35.15 0.00714286 0.000787945 0.000253635 0.0240175 -0.000721547 -0.00322785 0.000556549
353 35.25 0 0 0 0 -0.000699965 -0.00322292 0.000602411
354 35.35 0.0285714 0.0200973 0.00466359 0.0403055 -0.00106194 -0.00340936 0.000301429
355 35.45 0.0357143 0.0139713 0.022903 0.0549047 0.00267468 0.000632438 0.00145291
356 35.55 0.0428571 0.0111698 0.0167267 0.0229035 0.00326872 0.00115717 0.00262982
357 35.65 0.00714286 0.00907621 0.00301992 0.0113957 0.00558753 0.00157561 0.00383446
358 35.75 0.0142857 0.00157737 0.0164366 0.00378856 0.00405817 0.00109783 0.00183125
359 35.85 0 0 0 0 0.00137955 0.00013967 -0.00171183
360 35.95 0.0428571 0.0122102 0.0394746 0.000121214 0.00250372 -0.00143599 -0.00165621
8400 360
1 0.05 0.02 0.0106287 0.00987256 0.00567482 0.00209799 -0.00297649 -0.00209039
2 0.15 0.02 0.0105201 0.00898343 0.00517717 0.00125606 -0.00420453 -0.00268521
3 0.25 0.0266667 0.00138418 0.0107175 0.00367103 -0.00150763 -0.00588303 -0.00377014
4 0.35 0.02 0.0103151 0.00224245 0.000297203 -0.00110127 -0.00510168 -0.00261993
5 0.45 0.02 0.00684945 0.00310522 0.0482143 -0.00110788 -0.00491756 -0.00260642
6 0.55 0.00666667 0.0168769 0.000601397 0.063338 -0.00106675 -0.00505342 -0.00264715
7 0.65 0.02 0.00943175 0.0187768 0.0162467 -0.00177363 -0.00639191 -0.00295147
8 0.75 0.0266667 0.0138467 0.0178881 0.0140909 -0.00141365 -0.00689265 -0.00299778
9 0.85 0 0 0 0 -0.00139538 -0.00704189 -0.00312666
10 0.95 0.02 0.0133862 0.0100835 0.00407978 -0.00361479 -0.00459539 -0.00233047
11 1.05 0.00666667 0.000513852 0.000599328 1.07401e-06 -0.00395786 -0.00203606 -0.00151661
12 1.15 0 0 0 0 -0.000208229 -0.00148444 -0.00136608
13 1.25 0.02 0.00904573 0.00767172 0.00635948 -0.0001971 -0.00146678 -0.00133406
14 1.35 0.0133333 0.000148016 0.0055053 0.0153902 -0.000173966 -0.0014191 -0.00124937
15 1.45 0.0133333 0.000527313 0.00946507 0.00343937 -0.000111458 -0.00140868 -0.00121816
16 1.55 0.0133333 0.0125906 0.00694034 0.00559713 -0.000203593 -0.00195829 -0.00104244
17 1.65 0.00666667 0.00150598 0.00861982 2.12747e-05 -0.000237517 -0.000270474 -0.000166932
18 1.75 0.0133333 0.0131314 0.00261894 0.00127429 -0.00152671 -0.000432783 -0.00190348
19 1.85 0 0 0 0 -0.00154245 -0.000438665 -0.00202077
20 1.95 0.00666667 6.98436e-05 0.00458372 0.000223023 -0.0015374 -0.000416398 -0.00200431
21 2.05 0.00666667 2.62242e-05 0.00472624 0.00014688 -0.00149809 -0.000255161 -0.00196685
22 2.15 0 0 0 0 -0.00149775 -0.000253795 -0.0019666
23 2.25 0.0133333 0.013356 0.00318824 0.0321248 -0.00149086 -0.00025238 -0.00196593
24 2.35 0.00666667 0.00254439 0.0118317 0.00553187 -0.00148277 -0.000253965 -0.00196436
25 2.45 0.0266667 0.00574581 0.0154992 0.0192408 -0.000847364 -0.000263 -0.00165112
26 2.55 0 0 0 0 -0.000524158 -0.000465099 -0.00156301
27 2.65 0.0133333 6.79026e-06 0.00485939 0.0102194 -0.000555358 -0.000464825 -0.00156129
28 2.75 0.0133333 0.0106035 0.00419502 0.0222275 -0.000652198 -0.000465833 -0.00155733
29 2.85 0.0333333 0.0107741 0.0200842 0.0280198 -0.00208499 -0.000510176 -0.00063974
30 2.95 0.00666667 9.69495e-05 0.00295619 0.0163236 -0.000343421 -0.000511332 -0.000124243
31 3.05 0.0133333 0.00346002 0.00499901 0.00506323 -0.00143868 -0.000363437 -0.00056135
32 3.15 0 0 0 0 -0.00207143 -0.000234659 -0.000830288
33 3.25 0 0 0 0 -0.00207143 -0.000234659 -0.000830288
34 3.35 0.00666667 0.00157616 0.000410917 0.0169968 -0.00206029 -0.000231026 -0.000844218
35 3.45 0.00666667 0.00137432 0.000734552 0.00260297 -0.000644569 0.000352949 0.00383326
36 3.55 0.00666667 0.00528981 0.00539218 0.00460453 0.00376142 0.00217206 0.0184642
37 3.65 0 0 0 0 0.00376068 0.00217251 0.0184637
38 3.75 0.00666667 0.00249803 0.00108713 0.00277241 0.00518711 0.00225212 0.0190251
39 3.85 0 0 0 0 0.00569613 0.00228052 0.0192254
40 3.95 0 0 0 0 0.00569613 0.00228052 0.0192254
41 4.05 0 0 0 0 0.00569613 0.00228052 0.0192254
42 4.15 0.02 0.00995052 0.014101 0.0332839 0.0321454 0.00456329 0.0192675
43 4.25 0.0133333 0.00799759 0.00731337 0.0166388 0.00562705 0.00226259 0.0191069
44 4.35 0 0 0 0 -7.01849e-05 -4.57292e-05 -0.000134091
45 4.45 0 0 0 0 -7.01849e-05 -4.57292e-05 -0.000134091
46 4.55 0.00666667 0.00264613 0.0123263 0.00611684 -0.00011101 -6.18029e-05 -0.000176065
47 4.65 0 0 0 0 -0.000188278 -9.22253e-05 -0.000255507
48 4.75 0.02 0.00939922 0.0155708 0.00790386 0.00335049 0.0103006 0.00734084
49 4.85 0 0 0 0 0.00576823 0.0174173 0.0125472
50 4.95 0.00666667 6.32952e-05 0.00255532 0.0198495 0.00553923 0.0172865 0.0122965
51 5.05 0.00666667 2.59873e-08 2.24281e-07 0.0063229 0.00483282 0.0168417 0.011533
52 5.15 0.0133333 0.00393424 0.00498401 0.00598213 0.00475266 0.0168129 0.0115208
53 5.25 0.0133333 0.00266056 0.0101766 0.00421138 0.00470333 0.0167439 0.0114838
54 5.35 0.00666667 0.00052145 0.0141889 0.00757954 0.000331391 0.00372029 0.00197835
55 5.45 0.00666667 0.000814177 0.00306953 0.000486436 -0.00122466 -0.000958888 -0.00145331
56 5.55 0.0133333 0.0077324 0.00929275 0.00582237 -0.00123431 -0.00113013 -0.00159352
57 5.65 0 0 0 0 -0.00123813 -0.0011367 -0.00161446
58 5.75 0.00666667 0.00100303 0.000595532 0.00137687 -0.0012232 -0.00114839 -0.00159862
59 5.85 0.02 0.0161172 0.0199382 0.0246969 -0.00111065 -0.00195584 -0.000921185
60 5.95 0.02 0.0142699 0.00603028 0.0301608 -0.000927059 -0.00191077 0.000248628
61 6.05 0.00666667 0.00501494 0.00270882 0.00546411 0.00108097 -0.00177556 0.00854449
62 6.15 0.0133333 0.0046095 0.0121278 0.00297633 0.000979272 -0.00179619 0.00845772
63 6.25 0.02 0.0183604 0.00299518 0.0790422 -0.00366378 -0.00389646 0.00803476
64 6.35 0.0266667 0.0208838 0.00271244 0.0535152 -0.0013668 -0.00190401 0.0064871
65 6.45 0 0 0 0 -0.000360533 -0.000452497 0.00590176
66 6.55 0.00666667 0.0069725 0.000299825 0.000745097 0.00101015 0.00224867 0.00697167
67 6.65 0 0 0 0 0.00713364 0.014316 0.0117515
68 6.75 0.0333333 0.0154273 0.0193149 0.036958 0.00705302 0.0139885 0.0110009
69 6.85 0.02 0.0139463 0.000634594 0.0042262 0.0059494 0.0134914 0.00760299
70 6.95 0.00666667 0.00416494 0.000425756 0.00029929 0.00155613 0.0130056 -0.000203794
71 7.05 0.0333333 0.01836 0.0178896 0.0319784 0.000614715 0.00948886 -0.00319364
72 7.15 0.0133333 0.000650286 0.0104944 0.00522393 -0.00445834 0.00227324 -0.00665732
73 7.25 0.02 0.0060506 0.0123154 0.0134294 -0.0047588 0.00205015 -0.0073041
74 7.35 0.02 0.00683789 0.0212085 0.0256037 -0.0102675 -0.00183421 -0.0111654
75 7.45 0.0333333 0.0122204 0.0102856 0.0243907 -0.00207866 -0.00847763 -0.0111489
76 7.55 0.0133333 0.0114172 0.00772099 0.00509794 0.00465269 -0.00924628 -0.0137742
77 7.65 0.0266667 0.00891512 0.0199579 0.0551206 -0.0147084 -0.0191036 -0.0175856
78 7.75 0.06 0.0391044 0.0494781 0.0517655 -0.00898513 -0.0333959 -0.0305439
79 7.85 0.0333333 0.0251417 0.0101898 0.0248853 -0.0381568 -0.0407429 -0.0386097
80 7.95 0.106667 0.114735 0.0596209 0.0859949 -0.0480047 -0.0580151 -0.046398
81 8.05 0.08 0.0686805 0.061971 0.0516094 -0.0306506 -0.0668935 -0.0448981
82 8.15 0.12 0.09198 0.0731249 0.0765835 -0.0591583 -0.0872597 -0.0407644
83 8.25 0.0266667 0.0359706 0.0127375 0.0226242 -0.0800707 -0.0847599 -0.0508987
84 8.35 0.0533333 0.0621599 0.0444394 0.0357426 -0.0890093 -0.0917403 -0.0561404
85 8.45 0.133333 0.105669 0.0943997 0.0658954 -0.0986361 -0.126106 -0.0702573
86 8.55 0.146667 0.124633 0.0879257 0.102318 -0.146571 -0.138705 -0.0860018
87 8.65 0.126667 0.0550203 0.118174 0.156622 -0.235953 -0.162654 -0.115818
88 8.75 0.133333 0.0977912 0.125601 0.118227 -0.0577285 -0.0746318 -0.109647
89 8.85 0.16 0.0638982 0.125939 0.110554 -0.121915 -0.12495 -0.121789
90 8.95 0.186667 0.153521 0.269666 0.128938 -0.143258 -0.127476 -0.166619
91 9.05 0.166667 0.148897 0.121361 0.137422 -0.102496 -0.050935 -0.180028
92 9.15 0.206667 0.154331 0.146656 0.171211 -0.0173072 -0.153215 -0.186099
93 9.25 0.226667 0.203628 0.236023 0.140485 -0.306191 -0.346877 -0.221592
94 9.35 0.253333 0.184359 0.171296 0.28629 -0.216691 -0.411315 -0.262002
95 9.45 0.366667 0.31604 0.285597 0.446749 -0.440992 -0.392406 -0.277549
96 9.55 0.326667 0.292052 0.315627 0.219656 -0.530471 -0.438113 -0.301561
97 9.65 0.32 0.296873 0.219479 0.240658 -0.272789 -0.355032 -0.319926
98 9.75 0.32 0.284011 0.255637 0.303745 -0.253096 -0.394986 -0.314239
99 9.85 0.42 0.408628 0.286964 0.33702 -0.502428 -0.633171 -0.33828
100 9.95 0.546667 0.533797 0.409878 0.487698 -0.632653 -0.53044 -0.353661
101 10.05 0.48 0.494579 0.472959 0.448461 -0.715531 -0.546191 -0.373352
102 10.15 0.446667 0.371305 0.416244 0.38754 -0.53964 -0.728108 -0.372564
103 10.25 0.526667 0.534658 0.389068 0.599288 -0.78428 -0.391229 -0.412322
104 10.35 0.58 0.449564 0.437777 0.557092 -0.740071 -0.0787616 -0.455548
105 10.45 0.606667 0.65439 0.57322 0.572433 -0.622127 -0.642884 -0.377639
106 10.55 0.666667 0.710907 0.525815 0.595993 -0.74365 -0.709567 -0.523457
107 10.65 0.633333 0.623895 0.486075 0.539065 -1.37933 -0.819037 -0.623636
108 10.75 0.606667 0.458396 0.630236 0.477374 -1.17966 -0.885483 -0.676518
109 10.85 0.593333 0.399926 0.517318 0.415269 -0.971661 -1.1864 -0.679334
110 10.95 0.713333 0.609248 0.696066 0.547127 -0.807908 -0.954451 -0.57594
111 11.05 0.626667 0.502649 0.392361 0.478202 -1.15021 -1.27568 -0.574863
112 11.15 0.62 0.644797 0.48349 0.479438 -1.39758 -1.23286 -0.620044
113 11.25 0.6 0.625128 0.535373 0.442057 -1.25164 -1.32101 -0.641492
114 11.35 0.72 0.773157 0.629671 0.546393 -0.997178 -1.16334 -0.737195
115 11.45 0.78 0.497814 0.544989 0.604729 -0.979538 -1.15275 -0.714332
116 11.55 0.646667 0.561676 0.44195 0.63469 -0.378313 -0.767737 -0.735713
117 11.65 0.733333 0.65484 0.547422 0.624786 -0.716309 -0.508433 -0.674536
118 11.75 0.753333 0.685452 0.645689 0.585231 -0.722687 -0.834586 -0.660567
119 11.85 0.713333 0.596207 0.744265 0.532318 -0.372399 -0.986829 -0.671299
120 11.95 0.646667 0.554859 0.530059 0.483027 -0.88889 -1.11024 -0.760998
121 12.05 0.74 0.548231 0.532268 0.619328 -0.895875 -1.39969 -0.776555
122 12.15 0.74 0.636535 0.711784 0.630249 -1.15748 -1.08787 -0.761029
123 12.25 0.733333 0.61944 0.599918 0.544458 -1.25715 -1.20104 -0.774569
124 12.35 0.613333 0.456352 0.429975 0.569697 -0.443533 -0.24536 -0.75517
125 12.45 0.813333 0.510123 0.662856 0.720004 -0.73337 -0.588894 -0.97325
126 12.55 0.78 0.558433 0.689043 0.618519 -0.967213 -1.53673 -1.06322
127 12.65 0.766667 0.643904 0.696688 0.62869 -0.966956 -1.15707 -0.954879
128 12.75 0.793333 0.51468 0.520938 0.706071 -0.908391 -0.924595 -0.8257
129 12.85 0.706667 0.79412 0.556208 0.567055 -0.984423 -0.694185 -0.811096
130 12.95 0.706667 0.667917 0.610035 0.61924 -1.45988 -1.21289 -0.834534
131 13.05 0.746667 0.762882 0.569309 0.521675 -1.55597 -1.45165 -0.725631
132 13.15 0.633333 0.440903 0.709804 0.531829 -0.422573 -1.11973 -0.643582
133 13.25 0.706667 0.599874 0.721374 0.564227 -0.0945808 -0.64206 -0.508943
134 13.35 0.853333 0.658848 0.76845 0.589854 -0.565482 -0.233808 -0.524734
135 13.45 0.873333 0.653157 0.725494 0.893177 -0.568892 -0.221952 -0.569334
136 13.55 0.766667 0.64401 0.687721 0.646759 -0.472102 -0.696766 -0.641647
137 13.65 0.786667 0.687134 0.605314 0.561496 -0.822142 -1.03192 -0.768762
138 13.75 0.686667 0.489288 0.60965 0.464686 -0.0830242 -0.560636 -0.895378
139 13.85 0.726667 0.713774 0.652896 0.606014 -0.490708 -0.852514 -0.854586
140 13.95 0.76 0.693757 0.607537 0.78637 -0.121851 -0.665423 -0.671982
141 14.05 0.686667 0.657893 0.691878 0.70023 0.0662167 -0.289612 -0.663605
142 14.15 0.793333 0.751828 0.707372 0.536363 -0.602861 -0.647903 -0.69786
143 14.25 0.813333 0.721649 0.759751 0.675959 -0.669891 -0.715577 -0.658275
144 14.35 0.746667 0.679366 0.639957 0.47442 -0.867937 -0.604903 -0.671516
145 14.45 0.733333 0.522623 0.774331 0.612649 -0.662384 -0.333175 -0.716725
146 14.55 0.84 0.650947 0.630614 0.691203 -0.649433 -0.566912 -0.69096
147 14.65 0.846667 0.698389 0.625434 0.784288 -0.401728 -0.650597 -0.567198
148 14.75 0.766667 0.669403 0.618434 0.668504 -1.20612 -1.07171 -0.585457
149 14.85 0.713333 0.498357 0.895796 0.575313 -1.17117 -0.961457 -0.692284
150 14.95 0.613333 0.438629 0.478168 0.532338 -1.34212 -1.44844 -0.701066
151 15.05 0.78 0.736136 0.75807 0.809351 -0.875814 -0.833 -0.766854
152 15.15 0.76 0.564556 0.718378 0.71561 -0.987743 -0.966707 -0.816732
153 15.25 0.806667 0.756113 0.71247 0.623659 -1.05504 -1.34305 -0.904531
154 15.35 0.68 0.66376 0.470138 0.434839 -0.735306 -0.906283 -0.937656
155 15.45 0.846667 0.747802 0.778508 0.785577 -0.619534 -0.846047 -1.02241
156 15.55 0.753333 0.904706 0.65642 0.587941 -1.20788 -0.608108 -1.06706
157 15.65 0.633333 0.607213 0.527452 0.407577 -0.904773 -0.877948 -1.06882
158 15.75 0.766667 0.513866 0.637294 0.695662 -0.409251 -0.264835 -0.830561
159 15.85 0.8 0.68128 0.697698 0.788355 -0.30931 -0.580532 -0.815057
160 15.95 0.753333 0.801216 0.621475 0.72831 -0.909525 -0.870536 -0.848101
161 16.05 0.806667 0.680931 0.717936 0.690097 -1.07762 -0.987351 -0.835917
162 16.15 0.706667 0.686835 0.590543 0.549953 -1.52743 -1.32972 -0.743203
163 16.25 0.72 0.635375 0.851189 0.732056 -0.907029 -1.46611 -0.71299
164 16.35 0.713333 0.634249 0.572071 0.557827 -0.667881 -0.766366 -0.723661
165 16.45 0.813333 0.71569 0.752079 0.646 -0.499073 -0.862489 -0.800889
166 16.55 0.766667 0.590566 0.71801 0.66008 -0.925614 -0.981528 -0.680319
167 16.65 0.733333 0.648996 0.702679 0.530642 -0.767308 -1.09747 -0.562966
168 16.75 0.693333 0.614355 0.685813 0.556975 -0.996969 -0.670762 -0.685264
169 16.85 0.7 0.521304 0.590595 0.505283 -0.374189 -0.678048 -0.758794
170 16.95 0.706667 0.532122 0.649805 0.619468 -0.0845969 -0.770708 -0.657064
171 17.05 0.786667 0.673591 0.69842 0.604393 -0.887252 -0.333434 -0.763797
172 17.15 0.733333 0.48614 0.542515 0.725751 -0.797907 -0.540606 -0.79002
173 17.25 0.826667 0.723978 0.641068 0.662265 -1.02564 -0.830816 -0.796716
174 17.35 0.746667 0.558681 0.880102 0.758104 -0.717459 -0.586903 -0.840605
175 17.45 0.793333 0.530076 0.616951 0.638308 -1.23943 -0.553129 -0.810744
176 17.55 0.826667 0.626357 0.777732 0.663543 -0.589254 -0.722503 -0.752697
177 17.65 0.66 0.498714 0.549533 0.614913 -0.957543 -0.460237 -0.770337
178 17.75 0.78 0.573724 0.670341 0.532289 -0.454973 -0.378024 -0.7286
179 17.85 0.806667 0.66836 0.504432 0.736745 -0.809945 -0.94837 -0.737333
180 17.95 0.666667 0.637512 0.623947 0.421757 -0.413755 -1.13305 -0.791124
181 18.05 0.78 0.638828 0.696591 0.605882 -1.04747 -1.42178 -0.883985
182 18.15 0.7 0.66673 0.730911 0.521867 -0.746813 -1.28993 -0.915027
183 18.25 0.786667 0.741786 0.653697 0.641212 -1.40706 -1.71124 -1.05441
184 18.35 0.76 0.524391 0.710004 0.570702 -1.59464 -1.50907 -1.13488
185 18.45 0.653333 0.679282 0.665923 0.591661 -1.30539 -0.877427 -1.106
186 18.55 0.78 0.532272 0.714374 0.475537 -1.24022 -1.22268 -0.978809
187 18.65 0.72 0.709184 0.54435 0.62692 -1.23785 -0.764677 -0.792455
188 18.75 0.753333 0.682442 0.645289 0.479871 -1.09747 -0.783092 -0.683639
189 18.85 0.813333 0.82069 0.537263 0.800247 -1.43825 -0.791678 -0.564095
190 18.95 0.826667 0.767249 0.772867 0.590139 -1.29868 -0.859821 -0.573846
191 19.05 0.72 0.467168 0.655916 0.734875 -0.946785 -0.710811 -0.608998
192 19.15 0.653333 0.552694 0.75407 0.634736 -1.29576 -0.561401 -0.644328
193 19.25 0.84 0.706356 0.622169 0.621413 -1.16182 -0.909053 -0.629393
194 19.35 0.786667 0.701394 0.719405 0.549102 -0.406681 -1.35142 -0.730539
195 19.45 0.686667 0.561897 0.501771 0.589995 -0.41698 -0.781806 -0.834841
196 19.55 0.673333 0.574703 0.713975 0.494518 -0.878722 -1.24114 -1.03192
197 19.65 0.773333 0.719844 0.621788 0.755714 -1.06812 -1.16692 -1.14554
198 19.75 0.786667 0.676345 0.66516 0.60783 -1.14741 -1.3106 -1.10832
199 19.85 0.693333 0.390629 0.584667 0.697364 -1.42273 -1.26654 -1.18211
200 19.95 0.706667 0.645191 0.520825 0.635575 -0.683227 -0.943227 -1.16426
201 20.05 0.8 0.621526 0.50657 0.641247 -0.270079 -0.655888 -1.10558
202 20.15 0.833333 0.705003 0.722591 0.743724 -0.752883 -1.44656 -0.998146
203 20.25 0.706667 0.547815 0.729996 0.49555 -0.512464 -1.14399 -0.904549
204 20.35 0.773333 0.501352 0.672331 0.695305 -0.567135 -0.623104 -0.816724
205 20.45 0.72 0.6432 0.474719 0.705893 -0.47685 -0.60082 -0.670003
206 20.55 0.76 0.594537 0.671254 0.66556 -0.757185 -0.586153 -0.580954
207 20.65 0.806667 0.887896 0.752927 0.855673 -0.539467 -0.878632 -0.692629
208 20.75 0.733333 0.501335 0.784003 0.568122 -0.754702 -0.832217 -0.696441
209 20.85 0.726667 0.706412 0.716055 0.608452 -1.02292 -1.18664 -0.688123
210 20.95 0.733333 0.811769 0.654444 0.657413 -1.05537 -0.73597 -0.660726
211 21.05 0.766667 0.59305 0.703349 0.617295 -0.792111 -0.428155 -0.656582
212 21.15 0.76 0.754011 0.510255 0.781589 -0.44572 -0.522544 -0.599478
213 21.25 0.68 0.558739 0.5399 0.458752 -0.78167 -0.607144 -0.587859
214 21.35 0.84 0.683333 0.764038 0.653326 0.013178 -0.408412 -0.615397
215 21.45 0.773333 0.782035 0.645525 0.666833 -0.860475 -0.633738 -0.614298
216 21.55 0.786667 0.707381 0.749849 0.624344 -0.977353 -0.377054 -0.665422
217 21.65 0.746667 0.635415 0.584553 0.516157 -1.37006 -0.938816 -0.742825
218 21.75 0.753333 0.691461 0.584387 0.644866 -0.837024 -0.996138 -0.706184
219 21.85 0.64 0.718045 0.468205 0.487033 -0.634147 -0.728167 -0.725677
220 21.95 0.726667 0.646608 0.604192 0.600072 -1.00272 -1.3515 -0.766932
221 22.05 0.76 0.531204 0.658853 0.726144 -1.1761 -0.855463 -0.871904
222 22.15 0.833333 0.765991 0.653516 0.765004 -0.751633 -0.576404 -0.923052
223 22.25 0.706667 0.59054 0.541223 0.609691 -0.169584 -0.622183 -0.925762
224 22.35 0.726667 0.746437 0.602002 0.643502 -0.966363 -0.473972 -0.906986
225 22.45 0.8 0.631907 0.621715 0.714193 -1.08453 -0.811143 -0.956384
226 22.55 0.7 0.599697 0.649253 0.618998 -0.554331 -1.0154 -1.04149
227 22.65 0.793333 0.703247 0.768639 0.655855 -1.19291 -1.53418 -1.08706
228 22.75 0.72 0.577346 0.629969 0.639727 -1.3243 -1.6621 -1.11011
229 22.85 0.766667 0.736226 0.841824 0.640164 -0.912085 -1.06639 -1.0334
230 22.95 0.653333 0.534946 0.610638 0.75809 -0.454732 -1.35886 -1.02254
231 23.05 0.753333 0.736852 0.55686 0.579987 -0.24601 -0.938858 -1.02779
232 23.15 0.746667 0.624718 0.661758 0.629401 -1.45284 -1.01706 -1.12426
233 23.25 0.733333 0.810271 0.792848 0.552476 -0.870916 -0.82295 -1.01773
234 23.35 0.846667 0.826326 0.593079 0.818865 -0.80512 -1.56961 -1.07372
235 23.45 0.7 0.586902 0.528346 0.634921 -0.411906 -1.24192 -1.03272
236 23.55 0.78 0.545191 0.763608 0.774543 -1.12454 -1.34961 -1.01637
237 23.65 0.64 0.58977 0.579975 0.627288 -1.27768 -1.05291 -1.02711
238 23.75 0.666667 0.650327 0.712727 0.486952 -1.67633 -1.33569 -0.995477
239 23.85 0.76 0.508202 0.575934 0.532157 -1.37755 -1.45217 -0.930906
240 23.95 0.733333 0.54131 0.643437 0.518998 -1.04942 -0.619778 -0.850742
241 24.05 0.8 0.788992 0.767441 0.678681 -0.610102 -0.877417 -0.716044
242 24.15 0.733333 0.615694 0.65336 0.731924 -0.386345 -0.650028 -0.673161
243 24.25 0.7 0.667045 0.719769 0.847939 -1.14771 -0.73259 -0.634072
244 24.35 0.826667 0.739628 0.750836 0.632715 -0.472973 -0.201156 -0.602183
245 24.45 0.62 0.407012 0.591842 0.760699 -0.800665 -0.440279 -0.563728
246 24.55 0.686667 0.51929 0.540568 0.575097 -1.07793 -1.26065 -0.612373
247 24.65 0.706667 0.642588 0.537609 0.648461 -0.755037 -0.872966 -0.618158
248 24.75 0.66 0.565869 0.557185 0.482701 -1.10769 -0.749497 -0.643292
249 24.85 0.806667 0.654021 0.5674 0.933342 -1.63597 -1.00399 -0.733116
250 24.95 0.653333 0.453545 0.443816 0.598285 -1.50047 -1.37367 -0.622591
251 25.05 0.8 0.64614 0.770954 0.616676 -1.2311 -1.00084 -0.538427
252 25.15 0.686667 0.499364 0.567078 0.596276 -1.27541 -0.82714 -0.47849
253 25.25 0.54 0.561684 0.407303 0.433113 -0.989061 -0.915787 -0.489681
254 25.35 0.66 0.590623 0.62686 0.558471 -1.06886 -1.22798 -0.488492
255 25.45 0.62 0.56193 0.442067 0.433638 -0.86356 -1.10805 -0.431597
256 25.55 0.486667 0.413064 0.380977 0.505443 -1.13287 -1.04392 -0.337825
257 25.65 0.6 0.324708 0.542441 0.423141 -1.01221 -0.799286 -0.311007
258 25.75 0.593333 0.479898 0.466203 0.514376 -0.724396 -0.728153 -0.320642
259 25.85 0.58 0.502605 0.416687 0.484396 -0.562538 -0.488034 -0.301245
260 25.95 0.513333 0.432551 0.425651 0.386548 -0.755662 -0.759542 -0.283159
261 26.05 0.446667 0.389034 0.267252 0.349741 -0.801811 -0.508285 -0.343479
262 26.15 0.486667 0.437262 0.433196 0.390385 -0.697305 -0.592426 -0.293249
263 26.25 0.386667 0.347253 0.321307 0.355112 -0.434532 -0.661235 -0.178891
264 26.35 0.286667 0.272266 0.280129 0.270307 -0.243844 -0.543994 -0.158422
265 26.45 0.393333 0.442717 0.470819 0.24742 -0.101684 -0.562192 -0.083091
266 26.55 0.286667 0.217034 0.200708 0.21668 -0.322248 -0.502025 -0.0720182
267 26.65 0.22 0.192797 0.180209 0.183501 -0.341341 -0.460751 -0.078208
268 26.75 0.173333 0.183912 0.179196 0.153554 -0.330368 -0.295802 -0.0682398
269 26.85 0.166667 0.112359 0.150631 0.150645 -0.294497 -0.13577 -0.0801893
270 26.95 0.226667 0.0955125 0.178245 0.29056 -0.262662 -0.0951759 -0.0773684
271 27.05 0.153333 0.131965 0.0881126 0.156286 -0.209894 -0.104177 -0.0720176
272 27.15 0.22 0.171572 0.150197 0.235047 -0.1881 -0.142511 -0.0431099
273 27.25 0.126667 0.146418 0.0992424 0.120127 -0.142499 -0.129443 -0.00269246
274 27.35 0.113333 0.0633471 0.0812936 0.16883 -0.0912546 -0.0559609 -0.0182462
275 27.45 0.0733333 0.0500843 0.056987 0.0749846 -0.0731621 -0.021187 -0.0278693
276 27.55 0.0666667 0.0629114 0.0487455 0.0520943 -0.0508526 0.0130198 -0.0173796
277 27.65 0.06 0.0614053 0.0546649 0.0325498 -0.0300672 0.0127746 -0.00612362
278 27.75 0.0466667 0.032255 0.0457464 0.0192391 -0.0392895 -0.0112146 -0.0134267
279 27.85 0.0266667 0.0208266 0.025292 0.00522022 -0.0363437 -0.015361 -0.00889507
280 27.95 0.06 0.0172522 0.0213422 0.0857059 -0.0310996 -0.0273907 -0.0172673
281 28.05 0.04 0.0447961 0.0272186 0.0417911 -0.0186349 -0.0309164 -0.0309321
282 28.15 0.0266667 0.0236412 0.0382277 0.0176468 -0.0335143 -0.0314358 -0.024747
283 28.25 0.02 0.0138742 0.00239747 0.0144413 -0.00918134 -0.0151529 -0.0192534
284 28.35 0.04 0.0338058 0.0627319 0.0475314 -0.00684297 -0.0103366 -0.0136739
285 28.45 0.0266667 0.0254766 0.0407983 0.0117538 -0.00452641 -0.00734611 -0.0086562
286 28.55 0.0133333 0.00155356 0.00160986 0.0162052 -0.00283737 -0.00613725 -0.00722954
287 28.65 0.0133333 0.0163815 0.0229195 0.0047856 -0.00225575 -0.00329111 -0.00579011
288 28.75 0.02 0.0276185 0.00402512 0.0215389 -0.00232575 -0.00332087 -0.00722661
289 28.85 0.02 0.024529 0.00594924 0.0119272 -0.00205698 -0.00314203 -0.00736137
290 28.95 0.0133333 0.00755678 0.0343855 0.00433979 -0.0015295 -0.00311374 -0.00654446
291 29.05 0 0 0 0 -0.0014302 -0.00312395 -0.00635976
292 29.15 0.0133333 0.0145258 0.00787542 0.0192587 -0.00137922 -0.00296649 -0.00605884
293 29.25 0.0133333 0.000514925 0.00585331 0.00581365 -0.00129892 -0.00199848 -0.00497335
294 29.35 0.00666667 6.58309e-05 0.000311804 1.95558e-05 -0.00115592 -0.00105508 -0.00426571
295 29.45 0.0133333 0.0084234 0.0127025 0.00505498 -0.000928365 -0.000952611 -0.0041042
296 29.55 0.0266667 0.014884 0.00395927 0.00937312 -0.00137152 -0.00102493 -0.00410765
297 29.65 0 0 0 0 -0.001336 -0.00101718 -0.00402576
298 29.75 0.00666667 0.0182207 0.000168479 0.00855581 -0.00133183 -0.00101267 -0.00400862
299 29.85 0.0133333 0.00189301 0.00576367 0.0197553 -0.00328763 -0.00102447 -0.00344136
300 29.95 0.0133333 0.021605 0.00205186 0.00242611 -0.00612262 -0.000927756 -0.00241507
301 30.05 0.0266667 0.0124783 0.0349595 0.0114944 -0.0202673 -0.00379106 -0.00246831
302 30.15 0.0133333 0.0157455 0.00890952 0.0136283 -0.000826968 -0.00344706 -0.00291743
303 30.25 0.02 0.0155323 0.00849589 0.00907108 -0.000912011 -0.00419649 -0.00320684
304 30.35 0.00666667 0.00340165 0.00943448 0.000817521 -0.00089226 -0.00400331 -0.0029426
305 30.45 0 0 0 0 -0.000910595 -0.00422411 -0.00296578
306 30.55 0.02 0.0428041 0.0065092 0.0846489 -0.000626535 -0.00285636 -0.00282265
307 30.65 0.0133333 0.0157503 0.00210174 0.0231152 -0.000737612 -0.00283514 -0.002741
308 30.75 0.02 0.0242355 0.00326948 0.00804045 -0.000907938 -0.002939 -0.00265036
309 30.85 0.0266667 0.0330747 0.0490489 0.00663504 0.00534165 -0.00172777 -0.00263233
310 30.95 0.0266667 0.013833 0.0372631 0.0156132 -0.00094478 -0.00353526 -0.00293742
311 31.05 0.04 0.0318021 0.0423028 0.023576 -0.0183812 -0.00427442 -0.00330799
312 31.15 0.00666667 0.00392688 0.00202961 0.00293382 -0.004093 -0.00238116 -0.00307868
313 31.25 0.0266667 0.0230625 0.00308042 0.0235602 -0.000727126 -0.00295917 -0.00335936
314 31.35 0.0266667 0.0097664 0.0362037 0.0135989 -0.00584906 -0.0061744 -0.004829
315 31.45 0.04 0.0580037 0.0102002 0.00706131 -0.0166507 -0.0103045 -0.0045188
316 31.55 0.0266667 0.0300525 0.0211459 0.0156132 -0.00610615 -0.00674402 -0.00432239
317 31.65 0.0266667 0.00368826 0.0201197 0.0172219 -0.00608812 -0.00569148 -0.00426497
318 31.75 0.0133333 0.000850897 0.028389 0.00091842 -0.00639871 -0.00595337 -0.00557662
319 31.85 0.02 0.00565613 0.0125395 0.0111948 -0.00511695 -0.00563829 -0.00585747
320 31.95 0.00666667 0.00837148 0.000413486 0.000494018 -0.00228864 -0.00474489 -0.00520456
321 32.05 0.02 0.0493494 0.00321425 0.00661498 -0.00277215 -0.00251396 -0.00451734
322 32.15 0.00666667 0.000372387 0.0024951 0.0017678 -0.00238078 -0.00194203 -0.00425643
323 32.25 0.04 0.0534715 0.0197287 0.0145256 -0.0024448 -0.00238805 -0.00439296
324 32.35 0.00666667 0.00676274 0.00601487 0.000275184 -0.0024228 -0.00186975 -0.00446992
325 32.45 0 0 0 0 -0.00237871 -0.00185767 -0.00445178
326 32.55 0.0266667 0.0250713 0.0112438 0.0312451 -0.0023947 -0.00193301 -0.00443193
327 32.65 0.0133333 0.011144 0.00693436 0.00143016 -0.0022348 -0.00131037 -0.00361939
328 32.75 0.0533333 0.0456888 0.0567133 0.0195819 -0.00165901 -0.00107254 -0.00210977
329 32.85 0.02 0.00606627 0.0357461 0.0177035 -0.00125562 -0.00137724 -0.00235465
330 32.95 0.0133333 0.0164409 0.00804512 0.00285713 -0.00126844 -0.00165097 -0.00240139
331 33.05 0.0133333 0.000114465 0.00273977 0.00508343 -0.0010271 -0.00193912 -0.00241786
332 33.15 0.00666667 1.33736e-05 0.00299562 0.000908134 -0.000810308 -0.00150489 -0.00231955
333 33.25 0.02 0.022993 0.00999232 0.0268443 -0.000720278 -0.00148746 -0.00246023
334 33.35 0.00666667 4.45078e-05 0.00663078 0.00157693 -0.00202355 -0.00157421 -0.00337478
335 33.45 0 0 0 0 -0.00202098 -0.00157046 -0.003371
336 33.55 0.02 0.017129 0.0157295 0.0100233 -0.00256528 -0.0012038 -0.00307442
337 33.65 0.00666667 0.000219315 0.0017214 0.000102828 -0.00346543 -0.00147367 -0.00308931
338 33.75 0.0133333 0.0194285 0.0012287 0.00276403 -0.00369606 -0.00173077 -0.00314729
339 33.85 0.0133333 0.00322756 0.000759814 0.0150841 -0.00396559 -0.00279072 -0.00306833
340 33.95 0.00666667 0.00164212 0.00487535 0.00959024 -0.00399829 -0.00298594 -0.00313332
341 34.05 0.0133333 0.00322795 0.00736206 0.0086374 -0.00347811 -0.00268803 -0.00284578
342 34.15 0.0266667 0.00564262 0.00990538 0.00916569 -0.00842307 -0.00300387 -0.00218465
343 34.25 0.0133333 0.00764999 0.00765974 0.00612789 -0.0070086 -0.00142717 -0.00208363
344 34.35 0.02 0.00861099 0.003451 0.0049784 -0.0210785 -0.00352438 -0.00199258
345 34.45 0.00666667 0.00361695 0.00980832 0.00628458 -0.000674867 -0.00151173 -0.00177595
346 34.55 0.00666667 4.70657e-05 0.00663288 0.00153749 -0.000695319 -0.00157132 -0.00177877
347 34.65 0.0266667 0.0115042 0.0385282 0.0154351 -0.000565513 -0.00137234 -0.00161675
348 34.75 0.0466667 0.0183297 0.0324227 0.0808967 0.00464893 0.000169942 -0.000706272
349 34.85 0.00666667 0.00166674 0.00345835 0.00234068 0.00999051 0.00342662 0.000226648
350 34.95 0.02 0.0230827 0.00903672 0.00695248 0.00980319 0.00332513 -0.00112115
351 35.05 0.0533333 0.0270657 0.0399768 0.00584681 0.00649155 0.00158578 -0.00132849
352 35.15 0.00666667 0.000735416 0.000236726 0.0224164 -0.000675174 -0.00301364 0.000513054
353 35.25 0 0 0 0 -0.00065503 -0.00300903 0.000555859
354 35.35 0.0266667 0.0187575 0.00435268 0.0376185 -0.000992877 -0.00318304 0.000274942
355 35.45 0.0333333 0.0130398 0.0213761 0.0512443 0.00249463 0.000589298 0.00134966
356 35.55 0.04 0.0104252 0.0156116 0.0213766 0.00304908 0.00107905 0.0024481
357 35.65 0.00666667 0.00847113 0.00281859 0.010636 0.0052133 0.00146959 0.00357244
358 35.75 0.0133333 0.00147221 0.0153408 0.00353599 0.0037859 0.00102367 0.00170278
359 35.85 0 0 0 0 0.00128585 0.000129381 -0.0016041
360 35.95 0.04 0.0113962 0.0368429 0.000113133 0.00233507 -0.00134123 -0.00155218
9000 360
1 0.05 0.01875 0.00996439 0.00925553 0.00532014 0.00194039 -0.00280535 -0.00203916
2 0.15 0.01875 0.00986261 0.00842197 0.0048536 0.00115109 -0.00395663 -0.00259681
3 0.25 0.025 0.00129767 0.0100477 0.00344159 -0.00143987 -0.00553023 -0.00361393
4 0.35 0.01875 0.00967041 0.0021023 0.000278628 -0.00105892 -0.00479771 -0.00253561
5 0.45 0.01875 0.00642136 0.00291114 0.0452009 -0.00106511 -0.0046251 -0.00252294
6 0.55 0.00625 0.0158221 0.00056381 0.0593794 -0.00102655 -0.00475247 -0.00256112
7 0.65 0.025 0.00885474 0.023733 0.0154526 -0.00168987 -0.0060101 -0.00284646
8 0.75 0.03125 0.0129884 0.0221627 0.014945 -0.00149519 -0.00678639 -0.00342454
9 0.85 0 0 0 0 -0.00160501 -0.00718281 -0.00404587
10 0.95 0.01875 0.0125495 0.00945326 0.0038248 -0.00368571 -0.00488922 -0.00329944
11 1.05 0.00625 0.000481737 0.00056187 1.00689e-06 -0.00400733 -0.00248985 -0.00253645
12 1.15 0 0 0 0 -0.000492055 -0.0019727 -0.00239533
13 1.25 0.01875 0.00848038 0.00719224 0.00596201 -0.000481621 -0.00195615 -0.00236531
14 1.35 0.0125 0.000138765 0.00516122 0.0144283 -0.000459933 -0.00191145 -0.00228592
15 1.45 0.0125 0.000494356 0.00887351 0.00322441 -0.000401331 -0.00190168 -0.00225665
16 1.55 0.0125 0.0118037 0.00650657 0.00524731 -0.000487708 -0.00241694 -0.00209192
17 1.65 0.0125 0.00145508 0.00932488 2.04804e-05 -0.00051024 -0.000816585 -0.00123645
18 1.75 0.0125 0.0123107 0.00245526 0.00119465 -0.00143282 -0.000412841 -0.00179489
19 1.85 0 0 0 0 -0.00144758 -0.000418355 -0.00190484
20 1.95 0.00625 6.54784e-05 0.00429724 0.000209084 -0.00144284 -0.00039748 -0.00188941
21 2.05 0.00625 2.45851e-05 0.00443085 0.0001377 -0.00140599 -0.000246321 -0.0018543
22 2.15 0 0 0 0 -0.00140568 -0.00024504 -0.00185406
23 2.25 0.0125 0.0125212 0.00298897 0.030117 -0.00139922 -0.000243713 -0.00185343
24 2.35 0.00625 0.00238536 0.0110922 0.00518613 -0.00139163 -0.000245199 -0.00185196
25 2.45 0.025 0.0053867 0.0145305 0.0180382 -0.000795937 -0.00025367 -0.00155829
26 2.55 0 0 0 0 -0.000492932 -0.000443138 -0.00147569
27 2.65 0.0125 6.36587e-06 0.00455568 0.00958072 -0.000522181 -0.000442881 -0.00147408
28 2.75 0.0125 0.00994078 0.00393283 0.0208383 -0.000612969 -0.000443826 -0.00147037
29 2.85 0.03125 0.0101007 0.018829 0.0262686 -0.00195621 -0.000485397 -0.000610128
30 2.95 0.00625 9.08902e-05 0.00277143 0.0153034 -0.00032349 -0.000486481 -0.00012685
31 3.05 0.0125 0.00324377 0.00468657 0.00474678 -0.0013503 -0.000347829 -0.000536638
32 3.15 0 0 0 0 -0.0019435 -0.0002271 -0.000788767
33 3.25 0 0 0 0 -0.0019435 -0.0002271 -0.000788767
34 3.35 0.00625 0.00147765 0.000385234 0.0159345 -0.00193305 -0.000223694 -0.000801826
35 3.45 0.00625 0.00128842 0.000688643 0.00244028 -0.000605817 0.000323783 0.00358331
36 3.55 0.00625 0.00495919 0.00505517 0.00431674 0.0035248 0.0020292 0.0172998
37 3.65 0 0 0 0 0.0035241 0.00202962 0.0172994
38 3.75 0.0125 0.0111904 0.00326046 0.00844443 0.00485715 0.00210538 0.0178273
39 3.85 0 0 0 0 0.00533208 0.00213262 0.018016
40 3.95 0 0 0 0 0.00533208 0.00213262 0.018016
41 4.05 0 0 0 0 0.00533208 0.00213262 0.018016
42 4.15 0.025 0.0093672 0.0146833 0.0433937 0.0301268 0.00426321 0.0180543
43 4.25 0.0125 0.00749774 0.00685628 0.0155988 0.00526082 0.00207318 0.0178996
44 4.35 0.00625 0.0100281 0.00118601 0.000317453 -8.31271e-05 -0.000140898 -0.000318344
45 4.45 0 0 0 0 -8.67966e-05 -0.000206835 -0.000555008
46 4.55 0.00625 0.00248075 0.0115559 0.00573454 -0.00012507 -0.000221904 -0.000594358
47 4.65 0 0 0 0 -0.000197509 -0.000250425 -0.000668835
48 4.75 0.01875 0.00881177 0.0145976 0.00740986 0.00312009 0.00949287 0.00645274
49 4.85 0 0 0 0 0.00538672 0.0161648 0.0113337
50 4.95 0.00625 5.93393e-05 0.00239562 0.0186089 0.00517203 0.0160422 0.0110986
51 5.05 0.00625 2.43631e-08 2.10263e-07 0.00592772 0.00450977 0.0156251 0.0103829
52 5.15 0.0125 0.00368835 0.00467251 0.00560825 0.00443462 0.0155981 0.0103715
53 5.25 0.01875 0.00408343 0.00955121 0.012221 0.00439301 0.0155335 0.0103337
54 5.35 0.00625 0.00048886 0.0133021 0.00710582 0.000297327 0.00332396 0.00142019
55 5.45 0.00625 0.000763291 0.00287769 0.000456033 -0.00116147 -0.00106276 -0.00179699
56 5.55 0.0125 0.00724913 0.00871196 0.00545847 -0.00117052 -0.0012233 -0.00192844
57 5.65 0 0 0 0 -0.0011741 -0.00122946 -0.00194807
58 5.75 0.01875 0.0053405 0.00149719 0.0031078 -0.00121767 -0.00115925 -0.00165576
59 5.85 0.01875 0.0151098 0.018692 0.0231533 -0.00105326 -0.00184396 -0.000907366
60 5.95 0.01875 0.013378 0.00565338 0.0282757 -0.000881146 -0.0018017 0.000189333
61 6.05 0.00625 0.0047015 0.00253952 0.00512261 0.00100138 -0.00167494 0.0079667
62 6.15 0.0125 0.00432141 0.0113698 0.00279031 0.000906039 -0.00169429 0.00788535
63 6.25 0.01875 0.0172129 0.00280798 0.0741021 -0.00344682 -0.00366328 0.00748883
64 6.35 0.025 0.0195786 0.00254291 0.0501705 -0.0012934 -0.00179536 0.0060379
65 6.45 0 0 0 0 -0.000350028 -0.000434571 0.00548914
66 6.55 0.00625 0.00653671 0.000281086 0.000698528 0.000934988 0.00209777 0.00649218
67 6.65 0 0 0 0 0.00667576 0.0134109 0.0109732
68 6.75 0.03125 0.0144631 0.0181077 0.0346482 0.00660018 0.0131038 0.0102696
69 6.85 0.01875 0.0130746 0.000594931 0.00396207 0.00556553 0.0126378 0.00708405
70 6.95 0.00625 0.00390464 0.000399146 0.000280585 0.00144684 0.0121824 -0.000234812
71 7.05 0.03125 0.0172125 0.0167715 0.0299798 0.000564268 0.00888546 -0.00303779
72 7.15 0.0125 0.000609643 0.00983851 0.00489744 -0.00419172 0.00212081 -0.00628499
73 7.25 0.01875 0.00567244 0.0115457 0.0125901 -0.0044734 0.00191166 -0.00689135
74 7.35 0.01875 0.00641052 0.019883 0.0240035 -0.00963783 -0.00172993 -0.0105113
75 7.45 0.03125 0.0114566 0.00964277 0.0228663 -0.00196077 -0.00795813 -0.0104959
76 7.55 0.0125 0.0107037 0.00723843 0.00477932 0.00434987 -0.00867874 -0.012957
77 7.65 0.025 0.00835793 0.0187105 0.0516755 -0.0138011 -0.0179199 -0.0165302
78 7.75 0.05625 0.0366603 0.0463857 0.0485302 -0.00843558 -0.031319 -0.0286786
79 7.85 0.03125 0.0235703 0.00955292 0.02333 -0.0357841 -0.0382068 -0.0362403
80 7.95 0.1 0.107564 0.0558946 0.0806202 -0.0450165 -0.0543996 -0.0435419
81 8.05 0.075 0.064388 0.0580978 0.0483838 -0.028747 -0.0627231 -0.0421358
82 8.15 0.11875 0.0865216 0.0732851 0.0720322 -0.0437034 -0.0821374 -0.0326692
83 8.25 0.025 0.0337224 0.0119414 0.0212102 -0.0599484 -0.0798855 -0.0405738
84 8.35 0.0625 0.0602637 0.058929 0.0599396 -0.0438064 -0.0118099 -0.0476574
85 8.45 0.125 0.0990649 0.0884997 0.061777 -0.0797877 -0.120667 -0.0640715
86 8.55 0.15 0.155243 0.0842159 0.0979098 -0.127002 -0.135671 -0.0795486
87 8.65 0.13125 0.0630698 0.115987 0.17193 -0.233747 -0.175654 -0.115821
88 8.75 0.13125 0.0918962 0.120797 0.111596 -0.0685267 -0.0852182 -0.121861
89 8.85 0.15 0.0599046 0.118068 0.103644 -0.132967 -0.132724 -0.136459
90 8.95 0.18125 0.144982 0.256126 0.121205 -0.141544 -0.133265 -0.170639
91 9.05 0.16875 0.167626 0.12446 0.151569 -0.100767 -0.0616238 -0.182293
92 9.15 0.20625 0.150118 0.143209 0.160797 -0.0243192 -0.161776 -0.19035
93 9.25 0.21875 0.191205 0.235968 0.133003 -0.295889 -0.361588 -0.221017
94 9.35 0.2625 0.18236 0.169904 0.275456 -0.182808 -0.392966 -0.254633
95 9.45 0.3625 0.316194 0.271291 0.424783 -0.431311 -0.380794 -0.251725
96 9.55 0.31875 0.283128 0.303408 0.220255 -0.460429 -0.372746 -0.28166
97 9.65 0.325 0.281614 0.230943 0.23714 -0.220559 -0.306775 -0.29984
98 9.75 0.34375 0.30608 0.256184 0.361916 -0.161618 -0.43393 -0.305662
99 9.85 0.425 0.405371 0.293606 0.34785 -0.501153 -0.643811 -0.331835
100 9.95 0.54375 0.516075 0.415132 0.465399 -0.668165 -0.563602 -0.338005
101 10.05 0.48125 0.492269 0.460194 0.438371 -0.732152 -0.5606 -0.368366
102 10.15 0.4375 0.37698 0.391609 0.366164 -0.573583 -0.743854 -0.368052
103 10.25 0.525 0.53997 0.40157 0.598584 -0.795755 -0.40565 -0.403149
104 10.35 0.58125 0.456651 0.435646 0.570499 -0.719146 -0.144512 -0.457382
105 10.45 0.5875 0.614645 0.55538 0.541895 -0.671992 -0.682999 -0.398824
106 10.55 0.66875 0.697737 0.53057 0.630744 -0.770504 -0.820942 -0.528731
107 10.65 0.63125 0.605768 0.508661 0.516172 -1.33083 -0.904357 -0.631759
108 10.75 0.60625 0.440869 0.634884 0.568773 -1.1352 -0.976783 -0.681565
109 10.85 0.61875 0.419268 0.504095 0.428479 -0.859356 -1.18127 -0.672376
110 10.95 0.70625 0.617258 0.66751 0.519841 -0.807567 -1.02847 -0.567443
111 11.05 0.6375 0.52541 0.393695 0.517825 -1.08528 -1.32197 -0.558725
112 11.15 0.61875 0.668259 0.46536 0.468692 -1.34938 -1.24076 -0.621464
113 11.25 0.575 0.600778 0.505095 0.437842 -1.28741 -1.37943 -0.653143
114 11.35 0.70625 0.727611 0.604928 0.532032 -1.05842 -1.19134 -0.745601
115 11.45 0.76875 0.492465 0.531216 0.602626 -1.06927 -1.16953 -0.725512
116 11.55 0.69375 0.625164 0.503 0.665737 -0.456076 -0.730618 -0.715782
117 11.65 0.70625 0.61815 0.515729 0.596703 -0.698747 -0.419476 -0.650004
118 11.75 0.76875 0.707485 0.690076 0.587319 -0.787322 -0.709255 -0.638071
119 11.85 0.725 0.6088 0.770767 0.531449 -0.377537 -0.947582 -0.645928
120 11.95 0.65 0.549258 0.589103 0.467508 -0.855788 -1.10692 -0.729057
121 12.05 0.71875 0.5341 0.516944 0.599632 -0.747385 -1.40883 -0.761655
122 12.15 0.75 0.630849 0.709464 0.663004 -1.1726 -1.18069 -0.771849
123 12.25 0.7375 0.666623 0.591084 0.566187 -1.31344 -1.20223 -0.807761
124 12.35 0.60625 0.438849 0.440302 0.58185 -0.480784 -0.286374 -0.788732
125 12.45 0.80625 0.524664 0.642443 0.70211 -0.813603 -0.633866 -0.98816
126 12.55 0.8 0.564554 0.744053 0.674076 -0.957429 -1.5318 -1.07125
127 12.65 0.76875 0.687556 0.684859 0.613919 -1.02233 -1.33484 -0.979731
128 12.75 0.79375 0.528151 0.537295 0.699344 -0.992196 -1.04431 -0.836624
129 12.85 0.6875 0.768135 0.529153 0.539783 -1.04113 -0.7835 -0.827008
130 12.95 0.7125 0.669251 0.620742 0.60386 -1.47478 -1.25508 -0.842552
131 13.05 0.7375 0.73293 0.566382 0.515994 -1.54401 -1.47219 -0.711947
132 13.15 0.65625 0.455695 0.713872 0.55792 -0.48692 -1.14617 -0.627081
133 13.25 0.68125 0.589411 0.685327 0.536497 -0.142496 -0.67256 -0.484753
134 13.35 0.85625 0.657114 0.779383 0.607982 -0.462262 -0.195872 -0.524334
135 13.45 0.88125 0.645834 0.730284 0.863594 -0.487964 -0.172029 -0.586121
136 13.55 0.79375 0.652846 0.684368 0.670926 -0.444683 -0.648177 -0.650159
137 13.65 0.7625 0.647949 0.606738 0.535711 -0.845057 -1.03912 -0.75884
138 13.75 0.7 0.479038 0.606444 0.498986 -0.151753 -0.602222 -0.886239
139 13.85 0.74375 0.710335 0.728136 0.639331 -0.49883 -0.809474 -0.845918
140 13.95 0.725 0.70574 0.589735 0.738106 -0.149783 -0.560514 -0.658997
141 14.05 0.7125 0.717617 0.680401 0.697924 -0.0333012 -0.15746 -0.640406
142 14.15 0.81875 0.803293 0.688257 0.563406 -0.657666 -0.552554 -0.679589
143 14.25 0.79375 0.755291 0.732104 0.662208 -0.710203 -0.659781 -0.644598
144 14.35 0.75 0.656405 0.650765 0.473563 -0.830876 -0.591352 -0.655324
145 14.45 0.725 0.51412 0.733965 0.604014 -0.62549 -0.383544 -0.699556
146 14.55 0.84375 0.682508 0.613107 0.681306 -0.743087 -0.594782 -0.682908
147 14.65 0.825 0.679988 0.618241 0.759376 -0.52309 -0.674981 -0.556408
148 14.75 0.7625 0.666686 0.592839 0.656278 -1.16103 -0.929116 -0.575511
149 14.85 0.73125 0.541022 0.908507 0.579621 -1.08556 -0.946282 -0.705003
150 14.95 0.6125 0.456522 0.488902 0.523359 -1.27287 -1.43641 -0.748001
151 15.05 0.78125 0.728776 0.764888 0.817135 -0.677021 -0.826662 -0.821897
152 15.15 0.7625 0.562258 0.730552 0.731281 -1.01013 -0.928835 -0.876576
153 15.25 0.81875 0.741851 0.728327 0.614739 -1.12456 -1.43224 -0.969389
154 15.35 0.68125 0.672753 0.452803 0.445914 -0.717135 -1.01407 -1.00528
155 15.45 0.83125 0.70588 0.741823 0.762859 -0.590882 -0.913931 -1.0873
156 15.55 0.7375 0.87228 0.641355 0.593618 -1.22117 -0.698257 -1.12514
157 15.65 0.63125 0.594966 0.522274 0.397768 -0.9603 -0.971493 -1.1044
158 15.75 0.76875 0.514257 0.626551 0.691878 -0.505734 -0.444601 -0.862492
159 15.85 0.80625 0.670989 0.718957 0.801783 -0.401625 -0.714547 -0.831783
160 15.95 0.76875 0.795725 0.65992 0.701622 -0.968139 -0.949076 -0.868312
161 16.05 0.7875 0.647566 0.686611 0.66655 -1.05113 -1.00909 -0.845426
162 16.15 0.7 0.667519 0.582321 0.530396 -1.47323 -1.31237 -0.764889
163 16.25 0.725 0.658303 0.839063 0.767788 -0.9832 -1.50114 -0.70641
164 16.35 0.7125 0.659593 0.551621 0.532781 -0.720104 -0.807737 -0.718159
165 16.45 0.8125 0.705347 0.749956 0.63499 -0.468563 -1.01113 -0.814137
166 16.55 0.75625 0.569318 0.692937 0.653364 -0.665197 -1.0907 -0.718437
167 16.65 0.725 0.648576 0.684168 0.511378 -0.77951 -1.16018 -0.616424
168 16.75 0.71875 0.637345 0.669566 0.633693 -1.01358 -0.724927 -0.730703
169 16.85 0.71875 0.528341 0.647945 0.513293 -0.462803 -0.751675 -0.81052
170 16.95 0.70625 0.526246 0.658817 0.651494 -0.209854 -0.881417 -0.715523
171 17.05 0.76875 0.675737 0.704565 0.606299 -0.858502 -0.325636 -0.791238
172 17.15 0.73125 0.501331 0.537138 0.711866 -0.800895 -0.591266 -0.793138
173 17.25 0.83125 0.710841 0.665641 0.648723 -1.03777 -0.863165 -0.811554
174 17.35 0.75 0.552746 0.902065 0.745872 -0.753217 -0.58993 -0.825569
175 17.45 0.79375 0.541173 0.644254 0.659419 -1.24435 -0.577876 -0.821703
176 17.55 0.8125 0.60729 0.740588 0.677279 -0.605056 -0.643761 -0.76898
177 17.65 0.675 0.590451 0.537793 0.631556 -1.02439 -0.51337 -0.795337
178 17.75 0.78125 0.597276 0.668696 0.545655 -0.536995 -0.355085 -0.772193
179 17.85 0.83125 0.681465 0.566539 0.738043 -0.859614 -1.05692 -0.763306
180 17.95 0.675 0.641908 0.630632 0.449151 -0.194975 -0.950047 -0.795899
181 18.05 0.76875 0.633104 0.671898 0.603358 -1.05485 -1.46565 -0.869214
182 18.15 0.66875 0.630554 0.691218 0.492461 -0.757918 -1.33939 -0.893093
183 18.25 0.7875 0.765178 0.647894 0.668576 -1.31802 -1.71567 -1.00094
184 18.35 0.76875 0.55065 0.747119 0.582988 -1.57813 -1.53711 -1.08374
185 18.45 0.66875 0.667876 0.660171 0.616 -1.2155 -0.991345 -1.07943
186 18.55 0.7875 0.577186 0.682878 0.476315 -1.26034 -1.33121 -0.950436
187 18.65 0.75 0.745353 0.562044 0.630478 -1.21778 -0.885927 -0.751502
188 18.75 0.7375 0.675218 0.625331 0.474014 -1.15012 -0.90533 -0.681388
189 18.85 0.80625 0.818624 0.560995 0.79012 -1.48853 -0.883164 -0.554934
190 18.95 0.85 0.776669 0.815336 0.627655 -1.28563 -0.85573 -0.583123
191 19.05 0.725 0.510236 0.677928 0.735895 -0.956422 -0.713673 -0.595312
192 19.15 0.6375 0.566633 0.747316 0.626502 -1.33409 -0.672368 -0.650819
193 19.25 0.8125 0.675794 0.591845 0.588484 -1.21071 -0.962109 -0.660062
194 19.35 0.775 0.677705 0.7066 0.550199 -0.516975 -1.36732 -0.765546
195 19.45 0.69375 0.578651 0.52667 0.614215 -0.39913 -0.75012 -0.882285
196 19.55 0.66875 0.568189 0.708819 0.499383 -1.02888 -1.31843 -1.09122
197 19.65 0.79375 0.743762 0.641394 0.733667 -1.09556 -1.25404 -1.18877
198 19.75 0.80625 0.729779 0.697658 0.626416 -1.10404 -1.42219 -1.15378
199 19.85 0.71875 0.472333 0.593831 0.69991 -1.30922 -1.23471 -1.23228
200 19.95 0.70625 0.62822 0.517729 0.620842 -0.796722 -1.03165 -1.21835
201 20.05 0.7625 0.585378 0.490639 0.601876 -0.406272 -0.783587 -1.17081
202 20.15 0.84375 0.681154 0.764923 0.793454 -0.679843 -1.38057 -1.04731
203 20.25 0.68125 0.516935 0.70659 0.505943 -0.563907 -1.16775 -0.933687
204 20.35 0.7625 0.493139 0.657607 0.713681 -0.635422 -0.739543 -0.8269
205 20.45 0.7375 0.641691 0.493632 0.702659 -0.53781 -0.69587 -0.680756
206 20.55 0.75625 0.56923 0.654706 0.650644 -0.809324 -0.677441 -0.634638
207 20.65 0.8125 0.903621 0.756678 0.87622 -0.528531 -0.975046 -0.765127
208 20.75 0.74375 0.519129 0.803705 0.566598 -0.924205 -1.02594 -0.758535
209 20.85 0.7375 0.689914 0.718916 0.618652 -0.94265 -1.11389 -0.76044
210 20.95 0.725 0.774544 0.639057 0.630312 -1.00362 -0.803326 -0.72911
211 21.05 0.7625 0.608517 0.686491 0.59534 -0.788197 -0.514019 -0.727702
212 21.15 0.775 0.7397 0.533343 0.775302 -0.546554 -0.699703 -0.672108
213 21.25 0.66875 0.54916 0.521572 0.459809 -0.852496 -0.711244 -0.673803
214 21.35 0.81875 0.693325 0.725753 0.629709 -0.108674 -0.503046 -0.693293
215 21.45 0.75625 0.757942 0.641244 0.649014 -0.859979 -0.745085 -0.672594
216 21.55 0.79375 0.703663 0.731583 0.631581 -0.941562 -0.385027 -0.688384
217 21.65 0.775 0.648148 0.571032 0.513182 -1.25295 -0.882371 -0.742038
218 21.75 0.75625 0.668197 0.600828 0.629539 -0.741861 -1.05714 -0.701401
219 21.85 0.65625 0.709056 0.477625 0.485731 -0.557963 -0.703811 -0.729176
220 21.95 0.71875 0.630405 0.581103 0.577682 -0.939602 -1.34194 -0.766896
221 22.05 0.7625 0.525331 0.63408 0.712495 -1.09772 -0.919432 -0.845781
222 22.15 0.8375 0.743089 0.632148 0.765522 -0.714498 -0.460558 -0.923515
223 22.25 0.71875 0.581402 0.523752 0.601673 -0.280293 -0.672331 -0.943594
224 22.35 0.7125 0.715701 0.610663 0.620298 -1.01457 -0.569659 -0.957581
225 22.45 0.79375 0.602481 0.651237 0.732831 -1.1294 -0.716802 -0.980489
226 22.55 0.69375 0.576414 0.683188 0.61906 -0.627828 -0.85936 -1.05764
227 22.65 0.79375 0.696604 0.760679 0.653216 -1.20273 -1.49206 -1.11038
228 22.75 0.7 0.622683 0.641706 0.605758 -1.27864 -1.48022 -1.12298
229 22.85 0.8 0.785864 0.862872 0.641178 -0.977144 -0.88976 -1.03588
230 22.95 0.6875 0.528833 0.632795 0.758157 -0.329732 -1.31757 -1.02161
231 23.05 0.75625 0.707201 0.549877 0.571088 -0.218429 -0.797373 -1.0125
232 23.15 0.725 0.595754 0.627274 0.632737 -1.39841 -0.913688 -1.11201
233 23.25 0.7375 0.806172 0.75348 0.555902 -0.902748 -0.761757 -1.01992
234 23.35 0.825 0.810914 0.575148 0.773035 -0.657323 -1.55661 -0.995511
235 23.45 0.7 0.568218 0.529036 0.667044 -0.464946 -1.18868 -0.974265
236 23.55 0.7875 0.538137 0.784458 0.799454 -1.09889 -1.22053 -0.973713
237 23.65 0.64375 0.595411 0.627976 0.619416 -1.2045 -0.893714 -0.980855
238 23.75 0.6625 0.633353 0.727035 0.492823 -1.58603 -1.16259 -0.951545
239 23.85 0.78125 0.53651 0.575649 0.577245 -1.338 -1.46666 -0.901341
240 23.95 0.7625 0.565036 0.689165 0.593839 -1.0502 -0.722704 -0.842486
241 24.05 0.78125 0.760278 0.749429 0.653097 -0.585955 -0.989792 -0.743333
242 24.15 0.7125 0.582598 0.627349 0.698139 -0.394826 -0.576951 -0.724679
243 24.25 0.7125 0.677791 0.697172 0.857592 -1.15114 -0.818346 -0.696932
244 24.35 0.83125 0.731961 0.728945 0.624886 -0.526099 -0.338551 -0.609347
245 24.45 0.6125 0.409919 0.604542 0.74769 -0.816368 -0.529568 -0.571848
246 24.55 0.66875 0.520797 0.539004 0.543663 -1.07758 -1.28488 -0.589373
247 24.65 0.7 0.638083 0.523847 0.645404 -0.783554 -0.866857 -0.614646
248 24.75 0.675 0.566757 0.561795 0.539886 -1.09933 -0.779806 -0.663014
249 24.85 0.79375 0.641124 0.591439 0.920258 -1.53794 -1.04035 -0.722901
250 24.95 0.6375 0.441402 0.448891 0.586064 -1.41127 -1.37209 -0.615644
251 25.05 0.81875 0.707091 0.797411 0.637458 -1.19579 -0.898037 -0.537597
252 25.15 0.6875 0.499609 0.612948 0.63264 -1.2538 -0.624419 -0.475254
253 25.25 0.55 0.541534 0.404729 0.42934 -1.0324 -0.879835 -0.488441
254 25.35 0.65 0.605456 0.605517 0.550448 -1.04436 -1.08509 -0.479615
255 25.45 0.61875 0.539242 0.493196 0.432166 -0.847149 -1.03839 -0.424246
256 25.55 0.49375 0.420568 0.37093 0.506681 -1.05543 -1.05721 -0.323976
257 25.65 0.60625 0.331309 0.532213 0.419005 -0.959143 -0.781936 -0.270772
258 25.75 0.60625 0.486054 0.470731 0.499827 -0.676875 -0.745798 -0.281068
259 25.85 0.56875 0.48968 0.413592 0.467931 -0.573233 -0.498499 -0.272124
260 25.95 0.5 0.410437 0.422871 0.384036 -0.755813 -0.748008 -0.271976
261 26.05 0.4625 0.398665 0.327388 0.374828 -0.820264 -0.524419 -0.337035
262 26.15 0.4875 0.440441 0.41939 0.380623 -0.725445 -0.587364 -0.295815
263 26.25 0.36875 0.334471 0.310911 0.332993 -0.372082 -0.549065 -0.18429
264 26.35 0.29375 0.278189 0.314502 0.270652 -0.240442 -0.428428 -0.15669
265 26.45 0.38125 0.417331 0.465576 0.239442 -0.118685 -0.55095 -0.0787735
266 26.55 0.28125 0.203706 0.20006 0.206933 -0.321213 -0.486569 -0.076255
267 26.65 0.225 0.194055 0.182321 0.177045 -0.333656 -0.442126 -0.0836656
268 26.75 0.1625 0.172417 0.167996 0.143957 -0.318884 -0.28289 -0.072191
269 26.85 0.1625 0.105671 0.148334 0.150313 -0.285356 -0.132539 -0.0832202
270 26.95 0.21875 0.089543 0.169566 0.278127 -0.256118 -0.0943553 -0.0809084
271 27.05 0.14375 0.123717 0.0826056 0.146518 -0.206726 -0.105929 -0.0783496
272 27.15 0.21875 0.179512 0.157651 0.230768 -0.183143 -0.139734 -0.048695
273 27.25 0.11875 0.137266 0.0930397 0.112619 -0.135392 -0.123913 -0.00717417
274 27.35 0.10625 0.0593879 0.0762128 0.158278 -0.0873508 -0.0550239 -0.0217558
275 27.45 0.06875 0.046954 0.0534254 0.0702981 -0.0703891 -0.0224234 -0.0307774
276 27.55 0.0625 0.0589794 0.0456989 0.0488384 -0.049474 0.00964558 -0.0209434
277 27.65 0.05625 0.0575675 0.0512484 0.0305154 -0.0299876 0.00941565 -0.0103909
278 27.75 0.05 0.0432025 0.0534956 0.0205704 -0.0389454 -0.0133561 -0.0174141
279 27.85 0.03125 0.0199854 0.0400422 0.00761951 -0.0365912 -0.0270164 -0.0118306
280 27.95 0.0625 0.023448 0.0228626 0.0845503 -0.030968 -0.0267957 -0.0182863
281 28.05 0.04375 0.044898 0.0269328 0.0419317 -0.0190231 -0.0299387 -0.0308438
282 28.15 0.025 0.0221636 0.0358385 0.0165439 -0.0325805 -0.0303905 -0.0246755
283 28.25 0.01875 0.0130071 0.00224763 0.0135387 -0.00976834 -0.0151252 -0.0195253
284 28.35 0.04375 0.0396939 0.0610009 0.0448408 -0.00762163 -0.0107044 -0.0141103
285 28.45 0.025 0.0238843 0.0382484 0.0110191 -0.00546438 -0.00793098 -0.00934745
286 28.55 0.01875 0.00483344 0.00602673 0.0157476 -0.00286038 -0.00612008 -0.00703563
287 28.65 0.0125 0.0153577 0.021487 0.0044865 -0.00228028 -0.0034287 -0.00565291
288 28.75 0.01875 0.0258923 0.00377355 0.0201927 -0.00234591 -0.0034566 -0.00699963
289 28.85 0.01875 0.022996 0.00557741 0.0111818 -0.00209393 -0.00328894 -0.00712596
290 28.95 0.01875 0.0109157 0.0330913 0.0088733 -0.00163092 -0.00315979 -0.00628077
291 29.05 0.00625 0.00382662 2.91063e-06 0.000831306 -0.00151243 -0.00310929 -0.00607563
292 29.15 0.0125 0.013618 0.00738321 0.018055 -0.0013187 -0.00281618 -0.00574397
293 29.25 0.0125 0.000482742 0.00548748 0.0054503 -0.00124343 -0.00190867 -0.00472632
294 29.35 0.00625 6.17165e-05 0.000292316 1.83336e-05 -0.00110936 -0.00102424 -0.00406292
295 29.45 0.0125 0.00789694 0.0119086 0.00473904 -0.000896029 -0.00092817 -0.0039115
296 29.55 0.025 0.0139538 0.00371181 0.0087873 -0.00131149 -0.000995967 -0.00391474
297 29.65 0 0 0 0 -0.00127818 -0.000988703 -0.00383797
298 29.75 0.00625 0.0170819 0.000157949 0.00802107 -0.00127427 -0.000984474 -0.0038219
299 29.85 0.0125 0.0017747 0.00540344 0.0185206 -0.00310784 -0.000995534 -0.00329009
300 29.95 0.0125 0.0202547 0.00192362 0.00227447 -0.00576564 -0.000904868 -0.00232794
301 30.05 0.025 0.0116984 0.0327745 0.010776 -0.0190263 -0.00358922 -0.00237785
302 30.15 0.0125 0.0147614 0.00835267 0.0127765 -0.00080097 -0.00326672 -0.0027989
303 30.25 0.025 0.0163874 0.00797593 0.0223379 -0.000878152 -0.00396337 -0.00305986
304 30.35 0.00625 0.00318905 0.00884482 0.000766426 -0.000856263 -0.0037744 -0.00279839
305 30.45 0 0 0 0 -0.000873452 -0.0039814 -0.00282012
306 30.55 0.01875 0.0401289 0.00610238 0.0793583 -0.000607146 -0.00269913 -0.00268594
307 30.65 0.0125 0.0147659 0.00197038 0.0216705 -0.00071128 -0.00267924 -0.00260939
308 30.75 0.025 0.0272527 0.00672152 0.00767516 -0.000960305 -0.00280817 -0.00252179
309 30.85 0.025 0.0310075 0.0459833 0.00622035 0.0048118 -0.00170333 -0.00250232
310 30.95 0.0375 0.0130635 0.0354958 0.0168917 -0.00107333 -0.00341143 -0.00279275
311 31.05 0.04375 0.0317187 0.0474767 0.0231497 -0.0173191 -0.00409959 -0.003197
312 31.15 0.00625 0.00368145 0.00190276 0.00275046 -0.00391903 -0.00232081 -0.00298448
313 31.25 0.025 0.0216211 0.0028879 0.0220877 -0.000763521 -0.0028627 -0.00324761
314 31.35 0.025 0.009156 0.033941 0.012749 -0.00556533 -0.00587698 -0.00462541
315 31.45 0.0375 0.0543785 0.00956269 0.00661998 -0.0156918 -0.00974898 -0.00433459
316 31.55 0.025 0.0281742 0.0198243 0.0146374 -0.00580636 -0.006411 -0.00415046
317 31.65 0.025 0.00345775 0.0188622 0.0161455 -0.00578945 -0.00542424 -0.00409662
318 31.75 0.0125 0.000797716 0.0266147 0.000861018 -0.00608063 -0.00566976 -0.0053263
319 31.85 0.01875 0.00530262 0.0117558 0.0104952 -0.00487898 -0.00537437 -0.00558959
320 31.95 0.0125 0.0207637 0.00608366 0.00411858 -0.00221061 -0.00451307 -0.00496944
321 32.05 0.01875 0.0462651 0.00301336 0.00620154 -0.00262424 -0.00236564 -0.00430622
322 32.15 0.00625 0.000349113 0.00233916 0.00165732 -0.00225734 -0.00182945 -0.00406161
323 32.25 0.0375 0.0501295 0.0184957 0.0136177 -0.00231735 -0.0022476 -0.00418961
324 32.35 0.00625 0.00634007 0.00563894 0.000257985 -0.00229673 -0.00176169 -0.00426176
325 32.45 0 0 0 0 -0.0022554 -0.00175036 -0.00424476
326 32.55 0.025 0.0235043 0.010541 0.0292922 -0.00227039 -0.001821 -0.00422614
327 32.65 0.0125 0.0104475 0.00650096 0.00134078 -0.00212048 -0.00123727 -0.00346439
328 32.75 0.05625 0.0466149 0.0538457 0.0184042 -0.00157853 -0.00101378 -0.0020435
329 32.85 0.01875 0.00568713 0.033512 0.016597 -0.00117837 -0.00129411 -0.00221557
330 32.95 0.0125 0.0154134 0.0075423 0.00267856 -0.00119039 -0.00155073 -0.0022594
331 33.05 0.0125 0.000107311 0.00256854 0.00476571 -0.000964137 -0.00182087 -0.00227484
332 33.15 0.00625 1.25377e-05 0.00280839 0.000851375 -0.000760895 -0.00141378 -0.00218267
333 33.25 0.01875 0.0215559 0.0093678 0.0251665 -0.000676492 -0.00139744 -0.00231456
334 33.35 0.00625 4.1726e-05 0.00621636 0.00147837 -0.00189831 -0.00147877 -0.00317195
335 33.45 0 0 0 0 -0.0018959 -0.00147525 -0.0031684
336 33.55 0.01875 0.0160585 0.0147464 0.00939684 -0.00240618 -0.00113151 -0.00289036
337 33.65 0.00625 0.000205608 0.00161381 9.64009e-05 -0.00325007 -0.00138451 -0.00290431
338 33.75 0.0125 0.0182142 0.00115191 0.00259127 -0.00346629 -0.00162554 -0.00295867
339 33.85 0.0125 0.00302584 0.000712326 0.0141413 -0.00371897 -0.00261925 -0.00288464
340 33.95 0.00625 0.00153949 0.00457064 0.00899085 -0.00374963 -0.00280227 -0.00294557
341 34.05 0.0125 0.0030262 0.00690193 0.00809756 -0.00326196 -0.00252297 -0.00267601
342 34.15 0.025 0.00528996 0.00928629 0.00859283 -0.00789786 -0.00281908 -0.0020562
343 34.25 0.01875 0.014192 0.00826184 0.00641784 -0.00657246 -0.00134289 -0.00196211
344 34.35 0.01875 0.0080728 0.00323531 0.00466725 -0.0197913 -0.00339303 -0.00190319
345 34.45 0.00625 0.00339089 0.0091953 0.0058918 -0.000662874 -0.00150617 -0.0017001
346 34.55 0.00625 4.4124e-05 0.00621833 0.00144139 -0.000682049 -0.00156204 -0.00170274
347 34.65 0.025 0.0107851 0.0361202 0.0144704 -0.000560355 -0.00137549 -0.00155085
348 34.75 0.04375 0.0171841 0.0303963 0.0758407 0.00432819 7.03986e-05 -0.000697277
349 34.85 0.00625 0.00156257 0.00324221 0.00219438 0.00933591 0.00312353 0.000177336
350 34.95 0.01875 0.0216401 0.00847192 0.00651795 0.00916031 0.00302839 -0.00108622
351 35.05 0.05625 0.0264404 0.0513874 0.0181427 0.00605566 0.00139805 -0.00128078
352 35.15 0.00625 0.000689452 0.00022193 0.0210153 -0.00065945 -0.00284017 0.000401568
353 35.25 0 0 0 0 -0.000640565 -0.00283586 0.000441698
354 35.35 0.025 0.0175851 0.00408064 0.0352673 -0.000957297 -0.00299899 0.000178338
355 35.45 0.03125 0.0122248 0.0200401 0.0480416 0.00231225 0.000537578 0.00118589
356 35.55 0.0375 0.00977359 0.0146359 0.0200405 0.00283203 0.000996716 0.00221568
357 35.65 0.00625 0.00794169 0.00264243 0.00997123 0.00486099 0.00136285 0.00326974
358 35.75 0.0125 0.0013802 0.014382 0.00331499 0.0035228 0.000944799 0.00151693
359 35.85 0 0 0 0 0.00117901 0.000106405 -0.00158327
360 35.95 0.0375 0.0106839 0.0345403 0.000106062 0.00216266 -0.00127229 -0.00153459
9600 360
1 0.05 0.0176471 0.00937825 0.00871108 0.00500719 0.00181589 -0.00264917 -0.00199378
2 0.15 0.0176471 0.00928246 0.00792656 0.00456809 0.00107302 -0.00373274 -0.00251862
3 0.25 0.0235294 0.00122134 0.00945664 0.00323915 -0.00136553 -0.00521376 -0.00347591
4 0.35 0.0176471 0.00910157 0.00197863 0.000262238 -0.00100699 -0.00452434 -0.00246102
5 0.45 0.0176471 0.00604363 0.0027399 0.042542 -0.00101282 -0.00436188 -0.0024491
6 0.55 0.00588235 0.0148914 0.000530644 0.0558865 -0.000976528 -0.00448176 -0.00248504
7 0.65 0.0235294 0.00833388 0.022337 0.0145436 -0.00160082 -0.00566541 -0.00275359
8 0.75 0.0294118 0.0122243 0.020859 0.0140659 -0.00141759 -0.00639604 -0.00329767
9 0.85 0.00588235 2.45743e-05 0.00130303 0.0106518 -0.0016495 -0.00678854 -0.00388546
10 0.95 0.0176471 0.0118113 0.00889718 0.00359981 -0.00363429 -0.00463387 -0.00318356
11 1.05 0.0117647 0.000460389 0.0060391 1.92846e-05 -0.0039327 -0.00237144 -0.0024533
12 1.15 0 0 0 0 -0.000603343 -0.00186436 -0.0022615
13 1.25 0.0235294 0.0127156 0.00914692 0.0118848 -0.000534805 -0.00185059 -0.00223167
14 1.35 0.0117647 0.000130603 0.00485762 0.0135796 -0.000459668 -0.0018102 -0.00215547
15 1.45 0.0117647 0.000465276 0.00835153 0.00303474 -0.000404514 -0.001801 -0.00212793
16 1.55 0.0117647 0.0111094 0.00612383 0.00493864 -0.000485809 -0.00228595 -0.00197289
17 1.65 0.0117647 0.00136948 0.00877636 1.92757e-05 -0.000507016 -0.000779738 -0.00116775
18 1.75 0.0176471 0.0120111 0.0253625 0.00919367 -0.00229259 -0.00310861 -0.00251291
19 1.85 0 0 0 0 -0.0025047 -0.00369919 -0.0027935
20 1.95 0.00588235 6.16267e-05 0.00404446 0.000196785 -0.00250025 -0.00367954 -0.00277898
21 2.05 0.00588235 2.3139e-05 0.00417021 0.0001296 -0.00246556 -0.00353727 -0.00274593
22 2.15 0.00588235 0.000382536 0.00238473 1.29994e-05 -0.00268876 -0.00285447 -0.00263622
23 2.25 0.0117647 0.0117847 0.00281315 0.0283454 -0.00336513 -0.00077194 -0.00230128
24 2.35 0.00588235 0.00224505 0.0104397 0.00488106 -0.00335799 -0.000773338 -0.0022999
25 2.45 0.0235294 0.00506983 0.0136758 0.0169772 -0.00279734 -0.000781311 -0.00202351
26 2.55 0.00588235 0.000235647 0.000237249 0.00350844 -0.000863351 -0.000526476 -0.00150077
27 2.65 0.0117647 5.99141e-06 0.0042877 0.00901715 -0.000493006 -0.000421709 -0.00139188
28 2.75 0.0117647 0.00935603 0.00370149 0.0196125 -0.000578453 -0.000422598 -0.00138838
29 2.85 0.0294118 0.00950657 0.0177214 0.0247234 -0.00184268 -0.000461724 -0.000578745
30 2.95 0.00588235 8.55437e-05 0.0026084 0.0144032 -0.000306003 -0.000462744 -0.000123895
31 3.05 0.0117647 0.00305296 0.00441089 0.00446755 -0.00127241 -0.000332248 -0.000509578
32 3.15 0 0 0 0 -0.00183071 -0.000218621 -0.000746876
33 3.25 0 0 0 0 -0.00183071 -0.000218621 -0.000746876
34 3.35 0.00588235 0.00139073 0.000362574 0.0149971 -0.00182088 -0.000215415 -0.000759167
35 3.45 0.00588235 0.00121263 0.000648134 0.00229674 -0.000571722 0.000299857 0.00336802
36 3.55 0.00588235 0.00466748 0.0047578 0.00406282 0.00331592 0.00190496 0.0162777
37 3.65 0 0 0 0 0.00331526 0.00190535 0.0162773
38 3.75 0.0117647 0.0105322 0.00306867 0.0079477 0.00456989 0.00197666 0.0167741
39 3.85 0.00588235 8.1169e-05 9.72549e-05 0.00371506 0.0050133 0.0020018 0.016951
40 3.95 0 0 0 0 0.00500543 0.0020007 0.0169493
41 4.05 0 0 0 0 0.00500543 0.0020007 0.0169493
42 4.15 0.0235294 0.00881619 0.0138195 0.0408411 0.0283416 0.00400596 0.0169854
43 4.25 0.0117647 0.0070567 0.00645297 0.0146813 0.00493836 0.00194476 0.0168398
44 4.35 0.00588235 0.00943826 0.00111624 0.00029878 -9.12315e-05 -0.000139082 -0.00030653
45 4.45 0 0 0 0 -9.46852e-05 -0.00020114 -0.000529272
46 4.55 0.00588235 0.00233482 0.0108762 0.00539721 -0.000130707 -0.000215323 -0.000566307
47 4.65 0.00588235 0.00579594 3.03298e-05 0.000163252 -0.000188541 -0.000238031 -0.000637411
48 4.75 0.0176471 0.00829343 0.013739 0.00697399 0.00293428 0.00893229 0.00606521
49 4.85 0 0 0 0 0.00506758 0.0152117 0.010659
50 4.95 0.00588235 5.58487e-05 0.0022547 0.0175142 0.00486553 0.0150963 0.0104378
51 5.05 0.00588235 2.293e-08 1.97895e-07 0.00557903 0.00424222 0.0147038 0.0097642
52 5.15 0.0117647 0.00347139 0.00439765 0.00527835 0.00417149 0.0146784 0.00975342
53 5.25 0.0176471 0.00384323 0.00898937 0.0115021 0.00413233 0.0146176 0.00971783
54 5.35 0.00588235 0.000460103 0.0125196 0.00668783 0.000277568 0.00312625 0.0013287
55 5.45 0.00588235 0.000718391 0.00270841 0.000429208 -0.00109542 -0.00100243 -0.00169924
56 5.55 0.0117647 0.00682271 0.00819949 0.00513738 -0.00110393 -0.00115353 -0.00182295
57 5.65 0 0 0 0 -0.0011073 -0.00115933 -0.00184143
58 5.75 0.0176471 0.00502635 0.00140912 0.00292498 -0.00114831 -0.00109324 -0.00156632
59 5.85 0.0176471 0.014221 0.0175925 0.0217913 -0.000993574 -0.00173767 -0.000861949
60 5.95 0.0176471 0.0125911 0.00532083 0.0266124 -0.000831583 -0.0016979 0.000170239
61 6.05 0.00588235 0.00442494 0.00239014 0.00482128 0.000940205 -0.0015786 0.00749012
62 6.15 0.0117647 0.00406721 0.010701 0.00262617 0.000850474 -0.00159681 0.00741355
63 6.25 0.0176471 0.0162003 0.00264281 0.0697431 -0.00324634 -0.00344998 0.00704036
64 6.35 0.0235294 0.0184269 0.00239333 0.0472193 -0.00121959 -0.00169194 0.00567478
65 6.45 0.00588235 0.00315631 0.000540053 0.000611479 -0.000333554 -0.000412875 0.0051551
66 6.55 0.00588235 0.0061522 0.000264551 0.000657438 0.000869425 0.00196463 0.00608796
67 6.65 0 0 0 0 0.0062725 0.0126123 0.0103054
68 6.75 0.0294118 0.0136124 0.0170426 0.03261 0.00620137 0.0123233 0.00964316
69 6.85 0.0176471 0.0123056 0.000559935 0.003729 0.00522758 0.0118847 0.006645
70 6.95 0.00588235 0.00367495 0.000375667 0.00026408 0.00135117 0.011456 -0.000243336
71 7.05 0.0294118 0.0162 0.015785 0.0282162 0.000520511 0.00835304 -0.00288144
72 7.15 0.0117647 0.000573782 0.00925977 0.00460935 -0.00395571 0.00198631 -0.00593762
73 7.25 0.0176471 0.00533876 0.0108665 0.0118495 -0.00422082 0.00178946 -0.00650831
74 7.35 0.0176471 0.00603343 0.0187134 0.0225915 -0.00908147 -0.00163791 -0.00991533
75 7.45 0.0294118 0.0107827 0.00907555 0.0215212 -0.001856 -0.00749975 -0.00990079
76 7.55 0.0117647 0.010074 0.00681264 0.00449818 0.00408343 -0.00817797 -0.0122172
77 7.65 0.0235294 0.00786628 0.0176099 0.0486358 -0.0129999 -0.0168756 -0.0155802
78 7.75 0.0529412 0.0345039 0.0436571 0.0456755 -0.00794994 -0.0294865 -0.027014
79 7.85 0.0294118 0.0221839 0.00899099 0.0219576 -0.0336897 -0.0359691 -0.0341309
80 7.95 0.0941176 0.101237 0.0526066 0.0758779 -0.042379 -0.0512093 -0.0410029
81 8.05 0.0705882 0.0606005 0.0546803 0.0455377 -0.0270666 -0.0590432 -0.0396795
82 8.15 0.117647 0.0820729 0.0691912 0.0680654 -0.0414037 -0.0779006 -0.0312774
83 8.25 0.0294118 0.0336484 0.0115146 0.0342304 -0.05774 -0.0776631 -0.04056
84 8.35 0.0647059 0.0579253 0.0576268 0.0659175 -0.042857 -0.0141146 -0.0482843
85 8.45 0.123529 0.0932922 0.0994541 0.0610175 -0.0486374 -0.113079 -0.0640856
86 8.55 0.164706 0.163171 0.114936 0.113675 -0.121545 -0.0964615 -0.0835519
87 8.65 0.135294 0.0607092 0.1119 0.205453 -0.233689 -0.180741 -0.120815
88 8.75 0.123529 0.0864905 0.113691 0.105032 -0.07719 -0.0911411 -0.126475
89 8.85 0.147059 0.0565348 0.111219 0.0975729 -0.137274 -0.135864 -0.140436
90 8.95 0.170588 0.136454 0.24106 0.114075 -0.1372 -0.136549 -0.17579
91 9.05 0.164706 0.161826 0.129345 0.143305 -0.0994456 -0.0700249 -0.187351
92 9.15 0.2 0.142728 0.135004 0.154047 -0.0319673 -0.165436 -0.19918
93 9.25 0.223529 0.189024 0.22921 0.133478 -0.301004 -0.366867 -0.22667
94 9.35 0.276471 0.267294 0.174272 0.29177 -0.161062 -0.408252 -0.253732
95 9.45 0.352941 0.30952 0.259731 0.409244 -0.427093 -0.40496 -0.254134
96 9.55 0.3 0.266474 0.285561 0.207298 -0.469786 -0.395274 -0.280192
97 9.65 0.335294 0.276991 0.230626 0.245217 -0.246289 -0.341287 -0.286349
98 9.75 0.352941 0.315365 0.242927 0.371687 -0.131414 -0.434148 -0.266
99 9.85 0.423529 0.393896 0.315443 0.340162 -0.446741 -0.601756 -0.286301
100 9.95 0.535294 0.490236 0.404694 0.466952 -0.633012 -0.549061 -0.298419
101 10.05 0.452941 0.463312 0.433124 0.412584 -0.724731 -0.569888 -0.334608
102 10.15 0.429412 0.375145 0.379371 0.347604 -0.58149 -0.747418 -0.338653
103 10.25 0.547059 0.556295 0.393015 0.651589 -0.731638 -0.428176 -0.383066
104 10.35 0.605882 0.442635 0.465393 0.579318 -0.659179 -0.19619 -0.428896
105 10.45 0.576471 0.595708 0.550947 0.519295 -0.64637 -0.653936 -0.367036
106 10.55 0.664706 0.700501 0.557832 0.619513 -0.793122 -0.838438 -0.482799
107 10.65 0.617647 0.570686 0.491047 0.492778 -1.32559 -0.89951 -0.583998
108 10.75 0.588235 0.430343 0.601808 0.544142 -1.11393 -0.959383 -0.629561
109 10.85 0.611765 0.404283 0.493889 0.419659 -0.876346 -1.11952 -0.614002
110 10.95 0.705882 0.628594 0.647484 0.50455 -0.883758 -1.00345 -0.51579
111 11.05 0.635294 0.516557 0.401138 0.576918 -1.16417 -1.26212 -0.51888
112 11.15 0.629412 0.682449 0.455766 0.533958 -1.3445 -1.15267 -0.589125
113 11.25 0.611765 0.618029 0.560342 0.428678 -1.20316 -1.21717 -0.644585
114 11.35 0.694118 0.694968 0.589578 0.53946 -1.07455 -1.18348 -0.687929
115 11.45 0.752941 0.49275 0.511476 0.579387 -1.098 -1.14272 -0.674197
116 11.55 0.7 0.616074 0.533906 0.716576 -0.493584 -0.67062 -0.655147
117 11.65 0.682353 0.587108 0.530529 0.565148 -0.728293 -0.406688 -0.597689
118 11.75 0.794118 0.738368 0.684596 0.64756 -0.697058 -0.698793 -0.602056
119 11.85 0.711765 0.584612 0.740843 0.515908 -0.296251 -0.684466 -0.60504
120 11.95 0.652941 0.532699 0.578327 0.463423 -0.884449 -1.07426 -0.683113
121 12.05 0.723529 0.531263 0.502949 0.57647 -0.672585 -1.4692 -0.729017
122 12.15 0.776471 0.674525 0.7197 0.667984 -1.05399 -1.22381 -0.759941
123 12.25 0.741176 0.687793 0.584484 0.587571 -1.24225 -1.13644 -0.761693
124 12.35 0.617647 0.437741 0.425671 0.594813 -0.497988 -0.252881 -0.74441
125 12.45 0.788235 0.508831 0.613809 0.671941 -0.884699 -0.69035 -0.95986
126 12.55 0.794118 0.561898 0.707799 0.64917 -0.72303 -1.42871 -1.04657
127 12.65 0.770588 0.672298 0.667978 0.621546 -0.857918 -1.21818 -0.956082
128 12.75 0.788235 0.534035 0.527228 0.682423 -0.973225 -1.04036 -0.805556
129 12.85 0.676471 0.771498 0.514006 0.514632 -1.08639 -0.815606 -0.804327
130 12.95 0.705882 0.74275 0.603863 0.634738 -1.5499 -1.28314 -0.802593
131 13.05 0.752941 0.714977 0.579768 0.547122 -1.5884 -1.49975 -0.670324
132 13.15 0.694118 0.490386 0.691443 0.59113 -0.367552 -1.102 -0.579253
133 13.25 0.7 0.585432 0.704063 0.572973 -0.220092 -0.694476 -0.417894
134 13.35 0.835294 0.684979 0.757825 0.614494 -0.513093 -0.241382 -0.470318
135 13.45 0.841176 0.608833 0.693102 0.814034 -0.516049 -0.187955 -0.526094
136 13.55 0.811765 0.638539 0.785381 0.676748 -0.478248 -0.624368 -0.621362
137 13.65 0.747059 0.631673 0.601358 0.510723 -0.894952 -1.14305 -0.748877
138 13.75 0.729412 0.505891 0.622669 0.545219 -0.169882 -0.556255 -0.87335
139 13.85 0.735294 0.701251 0.70911 0.610813 -0.573268 -0.877385 -0.847072
140 13.95 0.717647 0.705061 0.58091 0.730425 -0.266794 -0.601842 -0.68922
141 14.05 0.705882 0.719016 0.648248 0.703975 -0.134623 -0.236425 -0.66673
142 14.15 0.852941 0.822301 0.692293 0.571014 -0.600105 -0.598691 -0.72546
143 14.25 0.788235 0.730538 0.713984 0.630117 -0.688929 -0.75004 -0.700648
144 14.35 0.741176 0.668641 0.614985 0.479719 -0.742922 -0.572607 -0.671065
145 14.45 0.717647 0.490021 0.744457 0.581338 -0.606019 -0.388834 -0.729464
146 14.55 0.823529 0.651355 0.609513 0.654121 -0.716901 -0.619948 -0.704474
147 14.65 0.835294 0.651332 0.631682 0.732649 -0.555561 -0.74763 -0.623315
148 14.75 0.782353 0.687353 0.651298 0.691024 -1.18334 -1.00107 -0.661964
149 14.85 0.711765 0.52239 0.858828 0.562383 -1.09603 -0.984353 -0.788187
150 14.95 0.629412 0.443607 0.510921 0.510304 -1.27641 -1.47424 -0.825269
151 15.05 0.782353 0.738637 0.787789 0.806561 -0.716865 -0.843471 -0.910172
152 15.15 0.747059 0.541575 0.706961 0.765322 -0.984724 -0.933273 -0.933701
153 15.25 0.829412 0.738097 0.716847 0.634912 -1.14757 -1.41634 -1.0164
154 15.35 0.688235 0.683774 0.433168 0.462862 -0.718764 -0.882309 -1.06638
155 15.45 0.811765 0.66902 0.756586 0.740317 -0.611463 -0.820489 -1.15147
156 15.55 0.747059 0.856313 0.692726 0.580724 -1.23577 -0.690651 -1.18138
157 15.65 0.635294 0.628278 0.53296 0.397125 -1.03291 -0.885517 -1.16445
158 15.75 0.782353 0.530893 0.633798 0.687197 -0.566183 -0.512584 -0.931545
159 15.85 0.811765 0.704579 0.703905 0.786305 -0.488403 -0.743876 -0.891363
160 15.95 0.752941 0.767388 0.65386 0.724734 -0.944878 -0.958173 -0.904298
161 16.05 0.782353 0.637708 0.673044 0.668835 -1.10484 -1.0898 -0.882053
162 16.15 0.717647 0.688954 0.584371 0.54783 -1.56365 -1.38218 -0.82161
163 16.25 0.729412 0.660152 0.831216 0.771392 -1.03318 -1.51121 -0.756456
164 16.35 0.705882 0.673129 0.544635 0.582022 -0.746129 -0.814571 -0.771139
165 16.45 0.8 0.676164 0.749791 0.641869 -0.4545 -0.991078 -0.849539
166 16.55 0.735294 0.55227 0.66666 0.62858 -0.676087 -1.13696 -0.742785
167 16.65 0.758824 0.678765 0.687565 0.547461 -0.900095 -1.24151 -0.650449
168 16.75 0.717647 0.620789 0.678004 0.642875 -1.05515 -0.869796 -0.755799
169 16.85 0.723529 0.584011 0.627724 0.515315 -0.492086 -0.816086 -0.840347
170 16.95 0.711765 0.574322 0.669532 0.629285 -0.236398 -0.892936 -0.718171
171 17.05 0.782353 0.66699 0.718933 0.600311 -0.785932 -0.309342 -0.739886
172 17.15 0.747059 0.4998 0.536813 0.728965 -0.743038 -0.645926 -0.750439
173 17.25 0.835294 0.689795 0.668442 0.662277 -1.06077 -0.992404 -0.807019
174 17.35 0.741176 0.531736 0.876149 0.740639 -0.79383 -0.710789 -0.828389
175 17.45 0.764706 0.527 0.619503 0.633029 -1.24769 -0.632212 -0.841067
176 17.55 0.8 0.578574 0.717387 0.658965 -0.66562 -0.685145 -0.794814
177 17.65 0.694118 0.593787 0.571165 0.646898 -0.948624 -0.537922 -0.821318
178 17.75 0.8 0.598118 0.695378 0.560693 -0.431502 -0.281601 -0.797048
179 17.85 0.835294 0.663261 0.576411 0.763595 -0.641232 -0.903507 -0.782894
180 17.95 0.670588 0.618221 0.608997 0.437156 -0.248319 -0.923212 -0.8374
181 18.05 0.752941 0.633183 0.654082 0.589165 -1.07984 -1.40614 -0.914408
182 18.15 0.7 0.665741 0.790554 0.541662 -0.820625 -1.31819 -0.915237
183 18.25 0.770588 0.726256 0.617065 0.651286 -1.30939 -1.66671 -0.974098
184 18.35 0.776471 0.567093 0.730769 0.571935 -1.48039 -1.41315 -0.991708
185 18.45 0.664706 0.656062 0.665379 0.640266 -1.19758 -0.951465 -0.99408
186 18.55 0.788235 0.643922 0.6622 0.497593 -1.17298 -1.22833 -0.868826
187 18.65 0.741176 0.77321 0.552504 0.625187 -1.13672 -0.754473 -0.622464
188 18.75 0.764706 0.696715 0.654358 0.554944 -0.975271 -0.793389 -0.539402
189 18.85 0.817647 0.827644 0.601318 0.763124 -1.40317 -0.886514 -0.464414
190 18.95 0.835294 0.74544 0.784615 0.611191 -1.28413 -0.799242 -0.535191
191 19.05 0.735294 0.564003 0.685887 0.709993 -0.955406 -0.671032 -0.546838
192 19.15 0.641176 0.550517 0.786321 0.615665 -1.31354 -0.700894 -0.608773
193 19.25 0.794118 0.646688 0.568088 0.589671 -1.16406 -0.98609 -0.637826
194 19.35 0.788235 0.670493 0.693483 0.583434 -0.484773 -1.38801 -0.742403
195 19.45 0.694118 0.578225 0.540274 0.594278 -0.349787 -0.626452 -0.871592
196 19.55 0.682353 0.577558 0.739906 0.50499 -0.993298 -1.34078 -1.08596
197 19.65 0.794118 0.758381 0.62132 0.707554 -1.09381 -1.27183 -1.21375
198 19.75 0.8 0.727603 0.679217 0.599513 -1.15069 -1.45198 -1.17537
199 19.85 0.711765 0.465061 0.590028 0.694988 -1.31434 -1.23933 -1.25368
200 19.95 0.7 0.643397 0.50451 0.657787 -0.796845 -0.960252 -1.24292
201 20.05 0.758824 0.580414 0.468065 0.595281 -0.420376 -0.769171 -1.1622
202 20.15 0.841176 0.655109 0.763721 0.799147 -0.705702 -1.24946 -1.04348
203 20.25 0.694118 0.537291 0.69693 0.503114 -0.64961 -1.13985 -0.931813
204 20.35 0.770588 0.49558 0.717947 0.732025 -0.65419 -0.771699 -0.836494
205 20.45 0.741176 0.635519 0.50029 0.692342 -0.596919 -0.806115 -0.684572
206 20.55 0.758824 0.583298 0.650566 0.649159 -0.815495 -0.769427 -0.638328
207 20.65 0.811765 0.892167 0.749066 0.864197 -0.438812 -1.0088 -0.725552
208 20.75 0.764706 0.537973 0.811966 0.60903 -0.968412 -1.00806 -0.704741
209 20.85 0.717647 0.674397 0.682324 0.589092 -0.98474 -1.12369 -0.714972
210 20.95 0.717647 0.753004 0.613728 0.61132 -0.992616 -0.792378 -0.679063
211 21.05 0.758824 0.603706 0.67674 0.584547 -0.81165 -0.559745 -0.6624
212 21.15 0.752941 0.697685 0.521054 0.757288 -0.515786 -0.696902 -0.600851
213 21.25 0.694118 0.558233 0.50774 0.472777 -0.848925 -0.682602 -0.617099
214 21.35 0.847059 0.678394 0.70854 0.693671 -0.192983 -0.6199 -0.687486
215 21.45 0.782353 0.789133 0.683299 0.651267 -0.896888 -0.843663 -0.691603
216 21.55 0.782353 0.713271 0.694886 0.609069 -0.886534 -0.471649 -0.71068
217 21.65 0.741176 0.616351 0.578759 0.485115 -1.20677 -0.917145 -0.755328
218 21.75 0.747059 0.692358 0.627724 0.646497 -0.710282 -1.08223 -0.708171
219 21.85 0.670588 0.69627 0.497921 0.485501 -0.564554 -0.816266 -0.743134
220 21.95 0.729412 0.632826 0.61448 0.577515 -0.946492 -1.44331 -0.786085
221 22.05 0.747059 0.511761 0.621746 0.69033 -1.11003 -0.985355 -0.865425
222 22.15 0.841176 0.706153 0.612416 0.764245 -0.752452 -0.482682 -0.932419
223 22.25 0.735294 0.578775 0.537794 0.593942 -0.230315 -0.64019 -0.941957
224 22.35 0.717647 0.728298 0.621554 0.61467 -0.981078 -0.648976 -0.917667
225 22.45 0.776471 0.573974 0.641035 0.717262 -1.06169 -0.783749 -0.939974
226 22.55 0.7 0.562832 0.655284 0.621211 -0.625015 -0.919275 -1.02106
227 22.65 0.8 0.693012 0.740032 0.627764 -1.15109 -1.5411 -1.04583
228 22.75 0.682353 0.593939 0.617391 0.580325 -1.12734 -1.4079 -1.04858
229 22.85 0.805882 0.755117 0.878259 0.638841 -0.937728 -0.77694 -0.991191
230 22.95 0.682353 0.542995 0.646707 0.761843 -0.343682 -1.17319 -1.00327
231 23.05 0.747059 0.706424 0.528273 0.542638 -0.245556 -0.807933 -0.975281
232 23.15 0.741176 0.603078 0.622222 0.646625 -1.42827 -1.00786 -1.07681
233 23.25 0.747059 0.780964 0.749208 0.538104 -0.875335 -0.868083 -1.03251
234 23.35 0.817647 0.788231 0.58425 0.778105 -0.648006 -1.61379 -1.03318
235 23.45 0.682353 0.544279 0.533058 0.656017 -0.514649 -1.22834 -1.0173
236 23.55 0.782353 0.515221 0.781191 0.770768 -1.07966 -1.26682 -1.00017
237 23.65 0.658824 0.602533 0.633432 0.621118 -1.28855 -0.956713 -0.991182
238 23.75 0.647059 0.604789 0.691473 0.473361 -1.61822 -1.14387 -0.98669
239 23.85 0.788235 0.539867 0.594353 0.579535 -1.36287 -1.4678 -0.933448
240 23.95 0.752941 0.635248 0.66637 0.608812 -1.07288 -0.800197 -0.870615
241 24.05 0.752941 0.723993 0.717278 0.627189 -0.545539 -1.04118 -0.751599
242 24.15 0.729412 0.600202 0.640767 0.688659 -0.417959 -0.684855 -0.735863
243 24.25 0.7 0.648237 0.664121 0.837256 -1.22069 -0.842444 -0.682601
244 24.35 0.847059 0.734268 0.727789 0.659792 -0.650933 -0.332601 -0.58374
245 24.45 0.623529 0.394954 0.612109 0.753132 -0.847567 -0.545996 -0.545039
246 24.55 0.676471 0.527694 0.549305 0.520799 -1.16805 -1.13908 -0.554632
247 24.65 0.688235 0.602928 0.506092 0.650381 -0.834938 -0.843926 -0.563569
248 24.75 0.664706 0.541825 0.56845 0.583144 -1.07736 -0.756524 -0.611426
249 24.85 0.794118 0.650091 0.623889 0.900184 -1.33059 -0.99302 -0.666832
250 24.95 0.647059 0.429212 0.436328 0.580355 -1.29289 -1.40848 -0.562152
251 25.05 0.8 0.707021 0.773602 0.617082 -1.01639 -0.900191 -0.473581
252 25.15 0.688235 0.482313 0.590352 0.618894 -1.07115 -0.603183 -0.432368
253 25.25 0.588235 0.553424 0.430026 0.465483 -0.970289 -0.856285 -0.480658
254 25.35 0.635294 0.581978 0.584156 0.526854 -1.00373 -1.03394 -0.476508
255 25.45 0.611765 0.552051 0.477288 0.428392 -0.711554 -0.890008 -0.423193
256 25.55 0.488235 0.411656 0.358308 0.487739 -0.959838 -1.01469 -0.325745
257 25.65 0.576471 0.312379 0.505629 0.395468 -0.921774 -0.773145 -0.264621
258 25.75 0.641176 0.527709 0.503028 0.539183 -0.715422 -0.791054 -0.293171
259 25.85 0.547059 0.471881 0.412644 0.45078 -0.577282 -0.48607 -0.297006
260 25.95 0.511765 0.450911 0.465523 0.373506 -0.765404 -0.784494 -0.292801
261 26.05 0.458824 0.386454 0.316871 0.360745 -0.851713 -0.593671 -0.345268
262 26.15 0.470588 0.418065 0.404765 0.358746 -0.736476 -0.643002 -0.304154
263 26.25 0.382353 0.351118 0.330315 0.354975 -0.404154 -0.593942 -0.191461
264 26.35 0.288235 0.264303 0.306409 0.266666 -0.245009 -0.446408 -0.157167
265 26.45 0.382353 0.409993 0.458054 0.26524 -0.128946 -0.573375 -0.0754577
266 26.55 0.288235 0.197679 0.202179 0.202785 -0.343413 -0.435013 -0.0834782
267 26.65 0.241176 0.206081 0.191745 0.195313 -0.353821 -0.402442 -0.0945225
268 26.75 0.158824 0.172521 0.158773 0.135561 -0.321499 -0.274652 -0.0781609
269 26.85 0.158824 0.100822 0.140359 0.141519 -0.287131 -0.13361 -0.0863907
270 26.95 0.211765 0.0853384 0.161955 0.273455 -0.254089 -0.0976924 -0.0846798
271 27.05 0.141176 0.117116 0.0779469 0.137938 -0.198773 -0.10832 -0.0833906
272 27.15 0.217647 0.176942 0.154105 0.25352 -0.170219 -0.136085 -0.0498897
273 27.25 0.123529 0.134601 0.0937566 0.156788 -0.123823 -0.116129 -0.00689412
274 27.35 0.105882 0.0563244 0.0916645 0.154001 -0.0859332 -0.0544048 -0.0216803
275 27.45 0.0647059 0.044192 0.0502827 0.0661629 -0.0700034 -0.0237395 -0.0301799
276 27.55 0.0647059 0.0872083 0.0513374 0.0498895 -0.0454545 0.00870129 -0.0194614
277 27.65 0.0529412 0.0541812 0.0482338 0.0287204 -0.0270403 0.00851927 -0.00950734
278 27.75 0.0470588 0.0406611 0.0503488 0.0193604 -0.0354711 -0.012913 -0.0161175
279 27.85 0.0294118 0.0188098 0.0376867 0.0071713 -0.0332554 -0.0257697 -0.0108623
280 27.95 0.0647059 0.0291156 0.0234291 0.08036 -0.0287882 -0.0253466 -0.0171855
281 28.05 0.0411765 0.042257 0.0253485 0.0394652 -0.0179219 -0.0282065 -0.029117
282 28.15 0.0235294 0.0208599 0.0337303 0.0155707 -0.0306818 -0.0286317 -0.0233116
283 28.25 0.0176471 0.0122419 0.00211541 0.0127423 -0.00921154 -0.0142644 -0.0184643
284 28.35 0.0411765 0.037359 0.0574126 0.0422031 -0.0071911 -0.0101036 -0.0133678
285 28.45 0.0235294 0.0224793 0.0359985 0.010371 -0.00516075 -0.00749331 -0.00888515
286 28.55 0.0176471 0.00454912 0.00567222 0.0148212 -0.00270992 -0.00578894 -0.00670932
287 28.65 0.0117647 0.0144543 0.0202231 0.00422259 -0.00216395 -0.00325588 -0.00540793
288 28.75 0.0176471 0.0243693 0.00355158 0.0190049 -0.00222572 -0.00328214 -0.00667544
289 28.85 0.0176471 0.0216433 0.00524933 0.010524 -0.00198856 -0.00312434 -0.00679434
290 28.95 0.0176471 0.0102736 0.0311448 0.00835134 -0.00155279 -0.00300279 -0.00599886
291 29.05 0.00588235 0.00360153 2.73942e-06 0.000782406 -0.00144127 -0.00295525 -0.00580579
292 29.15 0.0117647 0.0128169 0.0069489 0.016993 -0.00125893 -0.00267939 -0.00549364
293 29.25 0.0117647 0.000454346 0.00516468 0.00512969 -0.00118809 -0.00182526 -0.00453586
294 29.35 0.0117647 0.00859346 0.00348798 0.00193372 -0.00117645 -0.00111749 -0.00396773
295 29.45 0.0117647 0.00743242 0.0112081 0.00446028 -0.000997008 -0.00105029 -0.0038357
296 29.55 0.0235294 0.0131329 0.00349347 0.0082704 -0.00138803 -0.0011141 -0.00383875
297 29.65 0 0 0 0 -0.00135668 -0.00110726 -0.00376649
298 29.75 0.00588235 0.0160771 0.000148658 0.00754925 -0.001353 -0.00110328 -0.00375137
299 29.85 0.0117647 0.0016703 0.00508559 0.0174311 -0.00307871 -0.00111369 -0.00325085
300 29.95 0.0117647 0.0190632 0.00181046 0.00214068 -0.00558017 -0.00102836 -0.00234529
301 30.05 0.0235294 0.0110102 0.0308466 0.0101421 -0.0180608 -0.00355481 -0.00239227
302 30.15 0.0117647 0.0138931 0.00786134 0.012025 -0.000907541 -0.00325128 -0.00278855
303 30.25 0.0294118 0.0154279 0.00768463 0.0211026 -0.000884974 -0.00378805 -0.00294728
304 30.35 0.0117647 0.00715026 0.0114161 0.000914537 -0.000822444 -0.00357334 -0.0026571
305 30.45 0.00588235 3.54946e-05 0.000489262 0.000235956 -0.000835249 -0.00377912 -0.00266865
306 30.55 0.0176471 0.0377683 0.00574341 0.0746902 -0.000574811 -0.00254477 -0.00253634
307 30.65 0.0117647 0.0138973 0.00185447 0.0203958 -0.000672819 -0.00252605 -0.00246429
308 30.75 0.0235294 0.0256496 0.00632613 0.00722368 -0.000907195 -0.0026474 -0.00238184
309 30.85 0.0235294 0.0291835 0.0432784 0.00585445 0.00452538 -0.00160754 -0.00236352
310 30.95 0.0352941 0.012295 0.0334078 0.0158981 -0.00101357 -0.00321517 -0.00263687
311 31.05 0.0411765 0.0298529 0.0446839 0.0217879 -0.0163037 -0.00386285 -0.00301733
312 31.15 0.00588235 0.00346489 0.00179083 0.00258866 -0.00369188 -0.00218871 -0.00281732
313 31.25 0.0235294 0.0203493 0.00271802 0.0207884 -0.000721987 -0.00269872 -0.00306497
314 31.35 0.0235294 0.00861741 0.0319445 0.011999 -0.00524134 -0.00553569 -0.00436172
315 31.45 0.0352941 0.0511797 0.00900018 0.00623057 -0.0147722 -0.00917992 -0.00408801
316 31.55 0.0235294 0.0265169 0.0186582 0.0137764 -0.00546819 -0.0060383 -0.00391471
317 31.65 0.0235294 0.00325435 0.0177526 0.0151958 -0.00545227 -0.00510958 -0.00386404
318 31.75 0.0117647 0.000750792 0.0250492 0.00081037 -0.00572633 -0.00534066 -0.00502138
319 31.85 0.0176471 0.0049907 0.0110643 0.00987779 -0.00459536 -0.00506265 -0.00526919
320 31.95 0.0117647 0.0195423 0.0057258 0.00387631 -0.00208396 -0.00425201 -0.00468552
321 32.05 0.0176471 0.0435436 0.0028361 0.00583674 -0.00247326 -0.0022309 -0.00406131
322 32.15 0.00588235 0.000328577 0.00220156 0.00155983 -0.00212794 -0.00172625 -0.00383109
323 32.25 0.0352941 0.0471807 0.0174077 0.0128167 -0.00218442 -0.0021198 -0.00395156
324 32.35 0.0117647 0.0059676 0.00540521 0.00197016 -0.00216524 -0.00166194 -0.00401866
325 32.45 0 0 0 0 -0.00212668 -0.00165048 -0.00400142
326 32.55 0.0235294 0.0221217 0.00992096 0.0275692 -0.00214079 -0.00171695 -0.00398391
327 32.65 0.0117647 0.00983298 0.00611855 0.00126191 -0.0019997 -0.00116756 -0.00326696
328 32.75 0.0529412 0.0438729 0.0506783 0.0173216 -0.00148963 -0.000957219 -0.00192965
329 32.85 0.0176471 0.0053526 0.0315407 0.0156207 -0.00111301 -0.00122106 -0.0020916
330 32.95 0.0176471 0.0176706 0.0077065 0.00253497 -0.00112314 -0.00146272 -0.00213042
331 33.05 0.0117647 0.000100999 0.00241745 0.00448538 -0.00090975 -0.00171702 -0.00214405
332 33.15 0.00588235 1.18002e-05 0.00264319 0.000801294 -0.000718463 -0.00133387 -0.0020573
333 33.25 0.0176471 0.0202879 0.00881675 0.0236861 -0.000639025 -0.0013185 -0.00218143
334 33.35 0.00588235 3.92716e-05 0.00585069 0.00139141 -0.00178897 -0.00139504 -0.00298838
335 33.45 0 0 0 0 -0.00178671 -0.00139173 -0.00298505
336 33.55 0.0176471 0.0151139 0.013879 0.00884408 -0.00226696 -0.00106821 -0.00272336
337 33.65 0.00588235 0.000193513 0.00151888 9.07303e-05 -0.00306121 -0.00130633 -0.0027365
338 33.75 0.0176471 0.0286302 0.00595679 0.00522834 -0.00326454 -0.00153142 -0.00278821
339 33.85 0.0117647 0.00284785 0.000670424 0.0133095 -0.00350232 -0.00246632 -0.00271865
340 33.95 0.00588235 0.00144893 0.00430178 0.00846198 -0.00353117 -0.00263858 -0.00277599
341 34.05 0.0117647 0.00284819 0.00649594 0.00762124 -0.00307219 -0.00237571 -0.00252228
342 34.15 0.0235294 0.00497878 0.00874004 0.00808737 -0.00743539 -0.0026544 -0.00193893
343 34.25 0.0176471 0.0133572 0.00777585 0.00604032 -0.00618795 -0.00126505 -0.00185038
344 34.35 0.0176471 0.00759793 0.003045 0.00439271 -0.0186292 -0.00319459 -0.00179492
345 34.45 0.00588235 0.00319143 0.0086544 0.00554522 -0.000625991 -0.00141872 -0.00160378
346 34.55 0.00588235 4.15285e-05 0.00585254 0.0013566 -0.000644038 -0.00147131 -0.00160627
347 34.65 0.0235294 0.0101507 0.0339955 0.0136192 -0.000529503 -0.00129573 -0.00146331
348 34.75 0.0411765 0.0161732 0.0286083 0.0713794 0.00407148 6.5105e-05 -0.000659948
349 34.85 0.00588235 0.00147065 0.00305149 0.0020653 0.00878463 0.00293864 0.000163217
350 34.95 0.0176471 0.0203671 0.00797358 0.00613454 0.00861936 0.00284909 -0.00102601
351 35.05 0.0529412 0.0248851 0.0483646 0.0170755 0.00569734 0.00131466 -0.00120913
352 35.15 0.0117647 0.00667696 0.00114713 0.0210002 -0.000624715 -0.00267607 0.000357531
353 35.25 0 0 0 0 -0.000613244 -0.00267789 0.000341145
354 35.35 0.0235294 0.0165507 0.0038406 0.0331928 -0.000911345 -0.00283143 9.3278e-05
355 35.45 0.0294118 0.0115057 0.0188613 0.0452156 0.00216587 0.00049711 0.00104156
356 35.55 0.0352941 0.00919868 0.013775 0.0188617 0.00265508 0.000929241 0.00201077
357 35.65 0.00588235 0.00747453 0.00248699 0.00938468 0.00456469 0.00127384 0.00300283
358 35.75 0.0117647 0.00129901 0.013536 0.00311999 0.00330522 0.000880377 0.00135313
359 35.85 0 0 0 0 0.00109929 9.13011e-05 -0.0015647
360 35.95 0.0352941 0.0100555 0.0325085 9.98235e-05 0.00202508 -0.0012063 -0.00151889
10200 360
1 0.05 0.0166667 0.00885724 0.00822714 0.00472901 0.00168885 -0.00250522 -0.00190477
2 0.15 0.0166667 0.00876677 0.00748619 0.00431431 0.000987249 -0.00352859 -0.00240045
3 0.25 0.0222222 0.00115349 0.00893127 0.00305919 -0.00131583 -0.00492734 -0.00330456
4 0.35 0.0166667 0.00859592 0.00186871 0.000247669 -0.0009772 -0.00427622 -0.00234605
5 0.45 0.0166667 0.00570787 0.00258768 0.0401785 -0.000982706 -0.00412278 -0.00233479
6 0.55 0.00555556 0.0140641 0.000501164 0.0527816 -0.000948431 -0.004236 -0.00236873
7 0.65 0.0277778 0.012882 0.0229728 0.0200357 -0.00155322 -0.00536837 -0.00269296
8 0.75 0.0277778 0.0115452 0.0197002 0.0132845 -0.00152549 -0.00619701 -0.00388255
9 0.85 0.00555556 2.32091e-05 0.00123064 0.01006 -0.00174452 -0.00656771 -0.00443768
10 0.95 0.0166667 0.0111551 0.0084029 0.00339982 -0.00361904 -0.00453274 -0.00377478
11 1.05 0.0111111 0.000434812 0.00570359 1.82132e-05 -0.00390087 -0.00239601 -0.00308509
12 1.15 0.00555556 3.69547e-07 0.00520708 5.87856e-07 -0.000755265 -0.00191679 -0.00290145
13 1.25 0.0222222 0.0120091 0.00863876 0.0112245 -0.000690238 -0.00190371 -0.00287267
14 1.35 0.0111111 0.000123347 0.00458775 0.0128251 -0.000619275 -0.00186556 -0.00280071
15 1.45 0.0111111 0.000439427 0.00788756 0.00286615 -0.000567185 -0.00185688 -0.0027747
16 1.55 0.0111111 0.0104922 0.00578362 0.00466427 -0.000643964 -0.00231489 -0.00262826
17 1.65 0.0111111 0.0012934 0.00828878 1.82048e-05 -0.000663992 -0.000892353 -0.00186785
18 1.75 0.0166667 0.0113438 0.0239534 0.00868291 -0.00235037 -0.00309184 -0.00313828
19 1.85 0.0111111 0.000313772 0.0193534 0.00617148 -0.00249811 -0.0035905 -0.00311324
20 1.95 0.00555556 5.8203e-05 0.00381977 0.000185853 -0.00236243 -0.00347662 -0.0026308
21 2.05 0.00555556 2.18535e-05 0.00393853 0.0001224 -0.00232967 -0.00334225 -0.00259959
22 2.15 0.00555556 0.000361284 0.00225225 1.22772e-05 -0.00254047 -0.00269738 -0.00249597
23 2.25 0.0111111 0.01113 0.00265686 0.0267707 -0.00317927 -0.000730548 -0.00217964
24 2.35 0.00555556 0.00212032 0.00985976 0.00460989 -0.00317252 -0.000731868 -0.00217834
25 2.45 0.0222222 0.00478818 0.012916 0.016034 -0.00264302 -0.000739398 -0.0019173
26 2.55 0.00555556 0.000222556 0.000224068 0.00331353 -0.000816475 -0.000498721 -0.00142361
27 2.65 0.0111111 5.65855e-06 0.00404949 0.0085162 -0.000466704 -0.000399774 -0.00132076
28 2.75 0.0111111 0.00883625 0.00349585 0.0185229 -0.000547405 -0.000400614 -0.00131746
29 2.85 0.0277778 0.00897842 0.0167368 0.0233498 -0.0017414 -0.000437566 -0.000552801
30 2.95 0.00555556 8.07913e-05 0.00246349 0.013603 -0.00029009 -0.00043853 -0.000123221
31 3.05 0.0111111 0.00288335 0.00416584 0.00421936 -0.00120281 -0.000315284 -0.000487477
32 3.15 0 0 0 0 -0.0017301 -0.000207969 -0.000711591
33 3.25 0 0 0 0 -0.0017301 -0.000207969 -0.000711591
34 3.35 0.00555556 0.00131347 0.000342431 0.014164 -0.00172081 -0.000204941 -0.0007232
35 3.45 0.00555556 0.00114527 0.000612127 0.00216914 -0.000541047 0.000281705 0.0031747
36 3.55 0.00555556 0.00440817 0.00449348 0.00383711 0.00313061 0.00179763 0.0153672
37 3.65 0 0 0 0 0.00312999 0.001798 0.0153668
38 3.75 0.0111111 0.00994706 0.00289818 0.00750616 0.00431492 0.00186535 0.015836
39 3.85 0.00555556 7.66596e-05 9.18518e-05 0.00350867 0.00473369 0.00188909 0.0160031
40 3.95 0 0 0 0 0.00472626 0.00188806 0.0160015
41 4.05 0 0 0 0 0.00472626 0.00188806 0.0160015
42 4.15 0.0222222 0.0083264 0.0130518 0.0385722 0.026766 0.00378191 0.0160356
43 4.25 0.0111111 0.00666466 0.00609447 0.0138656 0.00466292 0.00183522 0.0158981
44 4.35 0.00555556 0.00891391 0.00105423 0.000282181 -8.72509e-05 -0.000132849 -0.000295709
45 4.45 0 0 0 0 -9.05128e-05 -0.000191459 -0.000506077
46 4.55 0.0111111 0.00239555 0.0114529 0.00991681 -0.000908577 -0.00144662 -0.000651963
47 4.65 0.00555556 0.00547395 2.86448e-05 0.000154183 -0.00164575 -0.0025491 -0.000815667
48 4.75 0.0166667 0.00783268 0.0129757 0.00658655 0.00130358 0.00611176 0.00551459
49 4.85 0.00555556 5.60946e-05 0.000678679 0.00498369 0.00322945 0.0127177 0.0099007
50 4.95 0.00555556 5.2746e-05 0.00212944 0.0165412 0.00286633 0.0139174 0.00978387
51 5.05 0.00555556 2.16561e-08 1.869e-07 0.00526908 0.00227766 0.0135467 0.00914768
52 5.15 0.0166667 0.0085892 0.00426911 0.00582575 0.0030672 0.013689 0.0091674
53 5.25 0.0166667 0.00362972 0.00848996 0.0108631 0.00389827 0.0138002 0.00916409
54 5.35 0.00555556 0.000434542 0.0118241 0.00631629 0.000257665 0.00294723 0.00124101
55 5.45 0.00555556 0.00067848 0.00255795 0.000405363 -0.00103904 -0.000952081 -0.00161871
56 5.55 0.0111111 0.00644367 0.00774396 0.00485197 -0.00104708 -0.00109478 -0.00173555
57 5.65 0 0 0 0 -0.00105027 -0.00110026 -0.001753
58 5.75 0.0166667 0.00474711 0.00133084 0.00276248 -0.001089 -0.00103785 -0.00149317
59 5.85 0.0166667 0.013431 0.0166151 0.0205807 -0.000942857 -0.00164647 -0.00082793
60 5.95 0.0166667 0.0118916 0.00502523 0.025134 -0.000789866 -0.00160891 0.000146914
61 6.05 0.00555556 0.00417911 0.00225735 0.00455343 0.000883489 -0.00149624 0.00706013
62 6.15 0.0111111 0.00384125 0.0101065 0.00248028 0.000798743 -0.00151343 0.00698782
63 6.25 0.0166667 0.0153003 0.00249598 0.0658685 -0.00307047 -0.00326366 0.00663536
64 6.35 0.0222222 0.0174032 0.00226037 0.044596 -0.00115632 -0.00160328 0.00534564
65 6.45 0.0111111 0.00305691 0.00232325 0.0120868 -0.000322424 -0.000397764 0.00484209
66 6.55 0.00555556 0.00581041 0.000249854 0.000620914 0.000808888 0.00184353 0.00570201
67 6.65 0 0 0 0 0.0059118 0.0118997 0.00968517
68 6.75 0.0277778 0.0128561 0.0160957 0.0307984 0.00584461 0.0116267 0.0090597
69 6.85 0.0166667 0.0116219 0.000528828 0.00352184 0.00492493 0.0112125 0.00622811
70 6.95 0.00555556 0.00347079 0.000354796 0.000249409 0.00126387 0.0108076 -0.000277542
71 7.05 0.0277778 0.0153 0.014908 0.0266487 0.000479359 0.00787703 -0.00276908
72 7.15 0.0111111 0.000541905 0.00874534 0.00435328 -0.00374818 0.00186401 -0.00565548
73 7.25 0.0166667 0.00504216 0.0102628 0.0111912 -0.00399857 0.0016781 -0.00619446
74 7.35 0.0222222 0.00884479 0.0182116 0.0223938 -0.00858943 -0.00155937 -0.0094129
75 7.45 0.0277778 0.0101836 0.00857136 0.0203256 -0.0017808 -0.00712643 -0.00944143
76 7.55 0.0111111 0.00951436 0.00643416 0.00424828 0.00382865 -0.00776697 -0.0116291
77 7.65 0.0222222 0.00742927 0.0166316 0.0459338 -0.0123056 -0.0159814 -0.0148053
78 7.75 0.05 0.032587 0.0412317 0.0431379 -0.00753619 -0.0278917 -0.0256039
79 7.85 0.0333333 0.0210249 0.0101399 0.0212839 -0.0319044 -0.0348233 -0.0327108
80 7.95 0.0888889 0.0956123 0.0496841 0.0716624 -0.0402298 -0.0508633 -0.0399852
81 8.05 0.0666667 0.0572338 0.0516425 0.0430078 -0.025768 -0.0582619 -0.0387353
82 8.15 0.111111 0.0775133 0.0653473 0.064284 -0.0393086 -0.0760717 -0.0308
83 8.25 0.0333333 0.0318305 0.0241634 0.0335473 -0.0550046 -0.0801249 -0.0396402
84 8.35 0.0666667 0.0599361 0.0570287 0.0623789 -0.0414669 0.00775494 -0.0350384
85 8.45 0.116667 0.0881093 0.0939288 0.0576277 -0.0468518 -0.0831547 -0.0494866
86 8.55 0.161111 0.15907 0.119997 0.1152 -0.115577 -0.072046 -0.0694836
87 8.65 0.127778 0.0573364 0.105684 0.194039 -0.221409 -0.154481 -0.105674
88 8.75 0.122222 0.0900209 0.107658 0.116245 -0.0798335 -0.0660236 -0.113313
89 8.85 0.144444 0.0762491 0.106042 0.0943723 -0.136763 -0.123024 -0.137396
90 8.95 0.166667 0.129544 0.229468 0.109263 -0.137091 -0.140272 -0.18086
91 9.05 0.155556 0.152836 0.12216 0.135343 -0.102749 -0.0809126 -0.19338
92 9.15 0.2 0.139665 0.157635 0.152463 -0.0433799 -0.173254 -0.207358
93 9.25 0.222222 0.186212 0.216948 0.147517 -0.288474 -0.363317 -0.234642
94 9.35 0.266667 0.253638 0.170761 0.298532 -0.150454 -0.403166 -0.260694
95 9.45 0.333333 0.292324 0.245302 0.386508 -0.403496 -0.402578 -0.263255
96 9.55 0.294444 0.2624 0.309775 0.201711 -0.443442 -0.391446 -0.286449
97 9.65 0.35 0.283941 0.233445 0.254245 -0.225951 -0.357717 -0.277237
98 9.75 0.338889 0.301331 0.229614 0.353794 -0.0816603 -0.456837 -0.265948
99 9.85 0.422222 0.384747 0.337474 0.346207 -0.430322 -0.621086 -0.283601
100 9.95 0.55 0.51862 0.435567 0.475186 -0.615904 -0.598994 -0.284882
101 10.05 0.455556 0.463589 0.441782 0.402795 -0.702971 -0.656227 -0.312286
102 10.15 0.438889 0.373479 0.402168 0.352624 -0.594368 -0.815798 -0.31043
103 10.25 0.544444 0.548245 0.41606 0.62976 -0.710137 -0.435285 -0.308834
104 10.35 0.611111 0.465706 0.468409 0.582336 -0.68737 -0.261953 -0.374861
105 10.45 0.583333 0.601492 0.551847 0.523132 -0.678028 -0.692092 -0.325869
106 10.55 0.661111 0.670711 0.553248 0.608584 -0.809914 -0.839907 -0.444145
107 10.65 0.627778 0.551063 0.490376 0.486331 -1.29529 -0.852194 -0.568011
108 10.75 0.588889 0.45323 0.581746 0.54868 -1.04489 -0.876603 -0.624044
109 10.85 0.611111 0.395528 0.47905 0.431669 -0.957297 -1.16012 -0.65442
110 10.95 0.688889 0.616863 0.621832 0.547183 -0.917568 -0.996154 -0.572397
111 11.05 0.638889 0.514676 0.40202 0.586008 -1.23817 -1.26139 -0.580954
112 11.15 0.627778 0.692764 0.494782 0.554034 -1.32199 -1.18798 -0.635595
113 11.25 0.622222 0.601018 0.583589 0.48766 -1.06955 -1.1528 -0.679519
114 11.35 0.694444 0.732812 0.596731 0.527579 -1.1402 -1.21063 -0.721903
115 11.45 0.744444 0.497118 0.509519 0.579321 -1.14083 -1.12999 -0.701869
116 11.55 0.733333 0.622289 0.591791 0.750642 -0.463077 -0.710937 -0.656618
117 11.65 0.694444 0.609892 0.548465 0.567654 -0.677353 -0.488167 -0.559148
118 11.75 0.783333 0.713663 0.663752 0.641043 -0.346484 -0.486884 -0.549235
119 11.85 0.716667 0.584157 0.75359 0.498804 -0.298139 -0.617017 -0.572036
120 11.95 0.655556 0.536102 0.581564 0.494508 -0.893708 -1.06306 -0.646126
121 12.05 0.711111 0.534517 0.497961 0.555643 -0.496032 -1.44316 -0.688248
122 12.15 0.766667 0.672235 0.709218 0.667832 -1.07111 -1.27872 -0.760392
123 12.25 0.733333 0.662509 0.575936 0.593251 -1.19274 -1.14497 -0.761053
124 12.35 0.638889 0.440153 0.420973 0.585181 -0.47872 -0.142521 -0.701439
125 12.45 0.8 0.548253 0.615125 0.687875 -0.893993 -0.556351 -0.929365
126 12.55 0.794444 0.546105 0.756676 0.702425 -0.778903 -1.40264 -1.06411
127 12.65 0.761111 0.678842 0.650692 0.624146 -0.863834 -1.27453 -0.978964
128 12.75 0.805556 0.524809 0.591442 0.682075 -0.81545 -0.752309 -0.839067
129 12.85 0.672222 0.744928 0.509006 0.510033 -0.781159 -0.849087 -0.824668
130 12.95 0.694444 0.732933 0.584129 0.609632 -1.57253 -1.27527 -0.83696
131 13.05 0.744444 0.717637 0.559882 0.549229 -1.57776 -1.50505 -0.681535
132 13.15 0.694444 0.485744 0.736089 0.588018 -0.439764 -1.12895 -0.583664
133 13.25 0.727778 0.632871 0.710488 0.582314 -0.249848 -0.744786 -0.411948
134 13.35 0.816667 0.680474 0.729726 0.59126 -0.526831 -0.255037 -0.450951
135 13.45 0.866667 0.650858 0.693812 0.854467 -0.535121 -0.0857979 -0.478682
136 13.55 0.816667 0.667872 0.789884 0.692392 -0.458984 -0.399618 -0.542939
137 13.65 0.727778 0.600216 0.595045 0.492994 -0.856869 -1.1186 -0.658156
138 13.75 0.744444 0.555044 0.612671 0.594023 -0.187433 -0.530566 -0.804011
139 13.85 0.738889 0.701798 0.696358 0.623588 -0.640174 -0.831307 -0.793664
140 13.95 0.7 0.682308 0.56691 0.718148 -0.248399 -0.646733 -0.628447
141 14.05 0.733333 0.724951 0.705798 0.771082 -0.16569 -0.372442 -0.649392
142 14.15 0.827778 0.793109 0.678052 0.565865 -0.660522 -0.644932 -0.713616
143 14.25 0.811111 0.752639 0.736656 0.663314 -0.692164 -0.667135 -0.691388
144 14.35 0.722222 0.66007 0.615971 0.461569 -0.742696 -0.57156 -0.678405
145 14.45 0.711111 0.475222 0.734426 0.571111 -0.600095 -0.388594 -0.73633
146 14.55 0.811111 0.632844 0.590429 0.649207 -0.762573 -0.614494 -0.725121
147 14.65 0.855556 0.656743 0.668612 0.740135 -0.650215 -0.796672 -0.642344
148 14.75 0.783333 0.665713 0.650421 0.673522 -1.23941 -1.02883 -0.713813
149 14.85 0.722222 0.521834 0.848604 0.583107 -1.12266 -0.963301 -0.839517
150 14.95 0.622222 0.43158 0.488124 0.503349 -1.30208 -1.49028 -0.873322
151 15.05 0.777778 0.72716 0.767805 0.795265 -0.77355 -0.871234 -0.944482
152 15.15 0.733333 0.535853 0.706942 0.73046 -0.891705 -0.955816 -0.96844
153 15.25 0.833333 0.7353 0.69922 0.634956 -1.04407 -1.455 -1.00903
154 15.35 0.688889 0.670108 0.423849 0.446783 -0.645968 -0.896252 -1.04926
155 15.45 0.838889 0.715936 0.789384 0.742797 -0.501733 -0.733313 -1.13105
156 15.55 0.722222 0.820302 0.672498 0.553947 -1.24725 -0.710332 -1.16748
157 15.65 0.65 0.638644 0.522253 0.409157 -1.08115 -0.939384 -1.16016
158 15.75 0.788889 0.504849 0.613255 0.659713 -0.626504 -0.562097 -0.948868
159 15.85 0.811111 0.703966 0.681812 0.789667 -0.474548 -0.795164 -0.897521
160 15.95 0.755556 0.757327 0.630847 0.723058 -0.88597 -0.875806 -0.869135
161 16.05 0.788889 0.700753 0.688078 0.657139 -1.09654 -1.0738 -0.861251
162 16.15 0.711111 0.658887 0.59804 0.5432 -1.46643 -1.13763 -0.805991
163 16.25 0.727778 0.632713 0.799063 0.748548 -0.951677 -1.34013 -0.757305
164 16.35 0.705556 0.657009 0.552499 0.598612 -0.612419 -0.80719 -0.770353
165 16.45 0.805556 0.741258 0.732881 0.632151 -0.449012 -1.0211 -0.866722
166 16.55 0.727778 0.541925 0.651283 0.621661 -0.682974 -1.17682 -0.770148
167 16.65 0.738889 0.667944 0.663845 0.534046 -0.872613 -1.2312 -0.686765
168 16.75 0.738889 0.672448 0.689158 0.656616 -1.04314 -0.878599 -0.795388
169 16.85 0.722222 0.591597 0.600926 0.52809 -0.463143 -0.886552 -0.876446
170 16.95 0.716667 0.555377 0.669816 0.614154 -0.218924 -0.939464 -0.748421
171 17.05 0.805556 0.682149 0.720764 0.615836 -0.855104 -0.205128 -0.757495
172 17.15 0.75 0.501008 0.541174 0.740093 -0.724843 -0.668226 -0.717719
173 17.25 0.805556 0.671236 0.6345 0.626253 -1.01217 -0.947659 -0.747529
174 17.35 0.75 0.529142 0.90325 0.767748 -0.791825 -0.657767 -0.75991
175 17.45 0.766667 0.509602 0.608159 0.625618 -1.0858 -0.607229 -0.759607
176 17.55 0.783333 0.560254 0.735841 0.70307 -0.601692 -0.692264 -0.716578
177 17.65 0.688889 0.590979 0.571063 0.647618 -0.962889 -0.589072 -0.778054
178 17.75 0.811111 0.636531 0.713148 0.58725 -0.532381 0.00690898 -0.797737
179 17.85 0.85 0.684253 0.598528 0.766658 -0.696152 -0.917746 -0.808425
180 17.95 0.666667 0.609003 0.5929 0.436419 -0.342695 -0.964915 -0.90162
181 18.05 0.727778 0.607472 0.619568 0.573743 -1.11645 -1.46195 -0.974009
182 18.15 0.733333 0.656597 0.803973 0.576536 -0.867546 -1.31941 -0.951275
183 18.25 0.761111 0.70361 0.614305 0.623269 -1.38294 -1.65381 -0.993806
184 18.35 0.772222 0.57028 0.708451 0.565459 -1.51261 -1.44547 -0.996763
185 18.45 0.683333 0.657692 0.654647 0.656458 -1.14345 -0.930192 -1.0092
186 18.55 0.761111 0.613237 0.653783 0.501743 -1.10929 -1.07189 -0.891617
187 18.65 0.727778 0.769734 0.565517 0.609496 -1.09674 -0.686016 -0.647829
188 18.75 0.783333 0.709099 0.693201 0.570532 -0.96391 -0.793354 -0.563531
189 18.85 0.833333 0.826385 0.631932 0.744311 -1.24057 -0.84308 -0.472117
190 18.95 0.822222 0.716696 0.813107 0.591501 -1.22995 -0.522962 -0.526316
191 19.05 0.744444 0.576221 0.671032 0.695195 -0.899407 -0.539026 -0.513647
192 19.15 0.655556 0.559466 0.784103 0.622793 -1.26671 -0.611037 -0.579933
193 19.25 0.777778 0.667166 0.549801 0.570931 -1.19767 -0.986869 -0.62489
194 19.35 0.783333 0.665032 0.720533 0.565063 -0.538888 -1.35269 -0.715845
195 19.45 0.705556 0.565974 0.570914 0.632541 -0.365705 -0.640285 -0.857905
196 19.55 0.672222 0.554198 0.728507 0.504042 -1.0123 -1.36537 -1.08229
197 19.65 0.794444 0.741643 0.605692 0.683883 -1.07609 -1.25554 -1.21955
198 19.75 0.794444 0.728036 0.663944 0.595531 -1.21174 -1.45283 -1.19997
199 19.85 0.755556 0.523116 0.619299 0.709695 -1.0348 -1.24436 -1.27924
200 19.95 0.677778 0.637966 0.480515 0.626428 -0.841437 -0.868457 -1.27101
201 20.05 0.75 0.563943 0.45474 0.585021 -0.455577 -0.695828 -1.17221
202 20.15 0.816667 0.62849 0.744954 0.791468 -0.700941 -1.2541 -1.04951
203 20.25 0.727778 0.555365 0.716639 0.50438 -0.685729 -1.14306 -0.93756
204 20.35 0.75 0.481057 0.685321 0.704762 -0.569102 -0.749572 -0.847857
205 20.45 0.766667 0.702097 0.523931 0.675906 -0.406128 -0.688907 -0.689461
206 20.55 0.727778 0.558569 0.614912 0.615284 -0.821837 -0.811477 -0.652463
207 20.65 0.811111 0.898217 0.734375 0.836539 -0.195362 -0.989323 -0.744424
208 20.75 0.772222 0.551196 0.795561 0.62497 -0.936471 -0.976168 -0.718606
209 20.85 0.716667 0.667022 0.706391 0.577767 -0.983956 -1.1015 -0.767042
210 20.95 0.744444 0.73085 0.617979 0.605757 -0.969708 -0.880386 -0.71423
211 21.05 0.744444 0.604711 0.656981 0.562426 -0.695079 -0.575405 -0.667315
212 21.15 0.766667 0.691492 0.518576 0.733674 -0.526028 -0.567911 -0.604143
213 21.25 0.688889 0.554457 0.494039 0.467594 -0.885802 -0.538604 -0.586416
214 21.35 0.827778 0.647146 0.706712 0.669797 -0.235017 -0.60469 -0.641665
215 21.45 0.772222 0.757703 0.667607 0.653291 -0.874641 -0.796315 -0.64537
216 21.55 0.788889 0.714316 0.729078 0.59099 -0.957156 -0.510097 -0.687712
217 21.65 0.755556 0.643856 0.582815 0.479348 -1.33771 -0.984392 -0.751807
218 21.75 0.738889 0.676348 0.601427 0.645141 -0.810073 -1.06927 -0.697424
219 21.85 0.672222 0.724236 0.482135 0.517714 -0.597202 -0.787282 -0.733558
220 21.95 0.75 0.642636 0.636169 0.63788 -0.939757 -1.48248 -0.786789
221 22.05 0.738889 0.500659 0.625471 0.703652 -1.04174 -1.03915 -0.866356
222 22.15 0.827778 0.707546 0.658926 0.748411 -0.67899 -0.539773 -0.923626
223 22.25 0.738889 0.571155 0.546009 0.592845 -0.227072 -0.720683 -0.916956
224 22.35 0.727778 0.759919 0.652721 0.597258 -1.01822 -0.745333 -0.891083
225 22.45 0.761111 0.55453 0.610879 0.693991 -1.04964 -0.816987 -0.908801
226 22.55 0.688889 0.546909 0.643157 0.597331 -0.6526 -0.975744 -0.985916
227 22.65 0.811111 0.67334 0.748949 0.626535 -1.2597 -1.60722 -1.02947
228 22.75 0.7 0.622392 0.611474 0.605322 -1.13273 -1.46977 -1.02917
229 22.85 0.783333 0.715402 0.838495 0.609663 -0.905752 -0.890958 -0.989767
230 22.95 0.688889 0.547909 0.637679 0.74138 -0.319171 -1.18071 -0.99853
231 23.05 0.75 0.69571 0.510137 0.570365 -0.247694 -0.673211 -0.958646
232 23.15 0.755556 0.604375 0.654038 0.664632 -1.40908 -1.02552 -1.04167
233 23.25 0.744444 0.776185 0.724545 0.561764 -0.934438 -0.723693 -1.01872
234 23.35 0.827778 0.795821 0.600357 0.80019 -0.679488 -1.54974 -1.01862
235 23.45 0.655556 0.520139 0.506461 0.623459 -0.501835 -1.16517 -0.988323
236 23.55 0.772222 0.533362 0.797602 0.796196 -1.08099 -1.13379 -0.975029
237 23.65 0.677778 0.639424 0.68733 0.644138 -1.30042 -0.858107 -0.962719
238 23.75 0.655556 0.602931 0.691195 0.466768 -1.37797 -0.999926 -0.947826
239 23.85 0.805556 0.548442 0.606483 0.590657 -1.38817 -1.33564 -0.903892
240 23.95 0.766667 0.646541 0.684585 0.611169 -1.13676 -0.805888 -0.862509
241 24.05 0.738889 0.695146 0.725007 0.613915 -0.655303 -1.12992 -0.751075
242 24.15 0.711111 0.578055 0.611957 0.662873 -0.520991 -0.751791 -0.740669
243 24.25 0.688889 0.634743 0.640096 0.809373 -1.26642 -0.870845 -0.688756
244 24.35 0.844444 0.7392 0.70575 0.655313 -0.749717 -0.4012 -0.582699
245 24.45 0.633333 0.404287 0.618549 0.74783 -0.868069 -0.63812 -0.553598
246 24.55 0.677778 0.521276 0.535413 0.508254 -1.23265 -1.24497 -0.575753
247 24.65 0.677778 0.581266 0.497866 0.621252 -0.912771 -0.864938 -0.577229
248 24.75 0.683333 0.568556 0.576401 0.60811 -1.16216 -0.805332 -0.614572
249 24.85 0.788889 0.661203 0.614427 0.901993 -1.3158 -0.999993 -0.634845
250 24.95 0.644444 0.416453 0.451739 0.580365 -1.2297 -1.38499 -0.521498
251 25.05 0.766667 0.678901 0.732115 0.587002 -1.03421 -0.934141 -0.45115
252 25.15 0.683333 0.484823 0.586628 0.606236 -1.08189 -0.653341 -0.409769
253 25.25 0.616667 0.577214 0.495021 0.483493 -1.02416 -0.785797 -0.468613
254 25.35 0.65 0.584622 0.586489 0.520887 -0.991384 -0.937091 -0.467011
255 25.45 0.605556 0.531026 0.46477 0.414959 -0.688994 -0.873565 -0.402681
256 25.55 0.494444 0.398284 0.360964 0.479635 -0.956112 -0.72199 -0.303808
257 25.65 0.583333 0.317165 0.498315 0.379022 -0.940401 -0.6362 -0.259819
258 25.75 0.644444 0.515733 0.538518 0.540894 -0.737986 -0.791475 -0.291764
259 25.85 0.527778 0.446349 0.395463 0.426328 -0.623766 -0.523253 -0.317168
260 25.95 0.527778 0.447612 0.463557 0.422534 -0.772597 -0.766776 -0.298245
261 26.05 0.461111 0.375918 0.322317 0.360616 -0.839501 -0.583527 -0.338358
262 26.15 0.455556 0.400062 0.384057 0.340701 -0.730696 -0.655486 -0.289585
263 26.25 0.377778 0.336288 0.313221 0.338013 -0.39459 -0.603517 -0.186178
264 26.35 0.294444 0.273883 0.30049 0.264528 -0.248813 -0.470491 -0.150828
265 26.45 0.394444 0.409597 0.466581 0.281721 -0.16488 -0.583378 -0.0805289
266 26.55 0.272222 0.186696 0.190947 0.191519 -0.342803 -0.414138 -0.0910111
267 26.65 0.25 0.199761 0.194526 0.210023 -0.354757 -0.410454 -0.103276
268 26.75 0.166667 0.193677 0.153215 0.128635 -0.318285 -0.279449 -0.0878363
269 26.85 0.155556 0.0954461 0.133944 0.138843 -0.28512 -0.146082 -0.0984868
270 26.95 0.2 0.0805974 0.152957 0.258263 -0.254854 -0.112465 -0.0945388
271 27.05 0.144444 0.150462 0.0736337 0.131971 -0.19609 -0.114877 -0.0900771
272 27.15 0.205556 0.167112 0.145544 0.239436 -0.166109 -0.134118 -0.0547888
273 27.25 0.116667 0.127123 0.0885479 0.148078 -0.122291 -0.115271 -0.0141818
274 27.35 0.105556 0.055706 0.0866004 0.145765 -0.0849665 -0.053705 -0.0256348
275 27.45 0.0722222 0.0533307 0.054728 0.0887643 -0.0681938 -0.0231462 -0.0315537
276 27.55 0.0611111 0.0823634 0.0484853 0.0471179 -0.0431834 0.00767929 -0.0200258
277 27.65 0.05 0.0511711 0.0455541 0.0271248 -0.0257922 0.00750739 -0.0106248
278 27.75 0.0444444 0.0384022 0.0475516 0.0182848 -0.0337546 -0.0127342 -0.0168676
279 27.85 0.0277778 0.0177648 0.035593 0.0067729 -0.031662 -0.0248766 -0.0119045
280 27.95 0.0666667 0.0275866 0.0224575 0.0794302 -0.0273372 -0.0242234 -0.0171117
281 28.05 0.0388889 0.0399094 0.0239402 0.0372727 -0.0169705 -0.0266749 -0.0276278
282 28.15 0.0222222 0.019701 0.0318564 0.0147057 -0.0290216 -0.0270765 -0.022145
283 28.25 0.0166667 0.0115618 0.00199789 0.0120344 -0.0087441 -0.0135074 -0.017567
284 28.35 0.0388889 0.0352835 0.054223 0.0398585 -0.00683591 -0.00957777 -0.0127536
285 28.45 0.0222222 0.0212305 0.0339986 0.00979479 -0.00491836 -0.00711249 -0.00852
286 28.55 0.0166667 0.00429639 0.0053571 0.0139978 -0.00260368 -0.0055028 -0.00646505
287 28.65 0.0111111 0.0136513 0.0190996 0.003988 -0.00208804 -0.00311047 -0.00523597
288 28.75 0.0166667 0.0230154 0.00335427 0.0179491 -0.00214638 -0.00313527 -0.00643305
289 28.85 0.0166667 0.0204409 0.0049577 0.00993934 -0.0019224 -0.00298623 -0.00654535
290 28.95 0.0222222 0.00999997 0.0294689 0.00815469 -0.00151388 -0.00288276 -0.00581372
291 29.05 0.00555556 0.00340144 2.58723e-06 0.000738939 -0.00154369 -0.00334122 -0.00650541
292 29.15 0.0111111 0.0121049 0.00656285 0.0160489 -0.00137149 -0.00308068 -0.00621061
293 29.25 0.0111111 0.000429104 0.00487776 0.00484471 -0.00130458 -0.00227401 -0.00530603
294 29.35 0.0111111 0.00811604 0.0032942 0.00182629 -0.00129359 -0.00160556 -0.00476947
295 29.45 0.0111111 0.0070195 0.0105854 0.00421248 -0.00112412 -0.00154209 -0.00464477
296 29.55 0.0222222 0.0124033 0.00329939 0.00781093 -0.00149341 -0.00160236 -0.00464765
297 29.65 0 0 0 0 -0.00146381 -0.0015959 -0.00457941
298 29.75 0.00555556 0.0151839 0.000140399 0.00712984 -0.00146033 -0.00159214 -0.00456513
299 29.85 0.0166667 0.0056159 0.0078838 0.01685 -0.00309033 -0.00162423 -0.00406896
300 29.95 0.0222222 0.0229806 0.0040287 0.0123197 -0.00544048 -0.00148391 -0.00310091
301 30.05 0.0222222 0.0103986 0.0291329 0.00957863 -0.0170668 -0.00346219 -0.00227732
302 30.15 0.0111111 0.0131212 0.0074246 0.0113569 -0.000866506 -0.00317553 -0.00265159
303 30.25 0.0277778 0.0145708 0.0072577 0.0199302 -0.000845194 -0.00368248 -0.0028015
304 30.35 0.0166667 0.00678747 0.0110788 0.000867678 -0.000783006 -0.00343989 -0.00252255
305 30.45 0.00555556 3.35227e-05 0.000462081 0.000222847 -0.000790055 -0.00357012 -0.00252557
306 30.55 0.0166667 0.0356701 0.00542433 0.0705407 -0.000544086 -0.00240433 -0.00240062
307 30.65 0.0111111 0.0131252 0.00175145 0.0192627 -0.000636649 -0.00238665 -0.00233257
308 30.75 0.0222222 0.0242246 0.00597468 0.00682236 -0.000858004 -0.00250126 -0.0022547
309 30.85 0.0222222 0.0275622 0.0408741 0.0055292 0.00427276 -0.00151918 -0.0022374
310 30.95 0.0333333 0.011612 0.0315518 0.0150149 -0.000958468 -0.00303749 -0.00249556
311 31.05 0.0388889 0.0281944 0.0422015 0.0205775 -0.0153991 -0.00364919 -0.00285489
312 31.15 0.00555556 0.0032724 0.00169134 0.00244485 -0.00348798 -0.00206806 -0.00266598
313 31.25 0.0222222 0.0192188 0.00256702 0.0196335 -0.000683085 -0.00254973 -0.00289988
314 31.35 0.0222222 0.00813867 0.0301698 0.0113324 -0.00495136 -0.0052291 -0.00412458
315 31.45 0.0333333 0.0483364 0.00850017 0.00588443 -0.0139527 -0.00867087 -0.00386608
316 31.55 0.0222222 0.0250437 0.0176216 0.013011 -0.00516561 -0.00570378 -0.00370241
317 31.65 0.0222222 0.00307355 0.0167664 0.0143516 -0.00515058 -0.00482666 -0.00365456
318 31.75 0.0111111 0.000709081 0.0236575 0.00076535 -0.00540941 -0.0050449 -0.0047476
319 31.85 0.0166667 0.00471344 0.0104496 0.00932903 -0.00434127 -0.00478233 -0.00498164
320 31.95 0.0111111 0.0184566 0.0054077 0.00366096 -0.00196939 -0.00401673 -0.00443039
321 32.05 0.0166667 0.0411245 0.00267854 0.00551248 -0.00233706 -0.0021079 -0.00384086
322 32.15 0.00555556 0.000310322 0.00207925 0.00147317 -0.00201093 -0.00163129 -0.00362343
323 32.25 0.0333333 0.0445595 0.0164406 0.0121046 -0.00206427 -0.00200298 -0.00373721
324 32.35 0.0111111 0.00563607 0.00510492 0.0018607 -0.00204615 -0.00157056 -0.00380059
325 32.45 0 0 0 0 -0.00200974 -0.00155972 -0.00378431
326 32.55 0.0222222 0.0208927 0.00936979 0.0260376 -0.00202306 -0.00162251 -0.00376776
327 32.65 0.0111111 0.00928671 0.00577863 0.0011918 -0.00188981 -0.00110364 -0.00309064
328 32.75 0.05 0.0414355 0.0478628 0.0163593 -0.00140808 -0.000904983 -0.00182763
329 32.85 0.0166667 0.00505523 0.0297884 0.0147529 -0.00105238 -0.00115416 -0.00198058
330 32.95 0.0166667 0.0166889 0.00727836 0.00239414 -0.00106195 -0.0013824 -0.00201725
331 33.05 0.0166667 0.0032507 0.00288936 0.00424708 -0.000861051 -0.00162347 -0.00202984
332 33.15 0.00555556 1.11446e-05 0.00249635 0.000756778 -0.000680856 -0.00126227 -0.0019477
333 33.25 0.0166667 0.0191608 0.00832693 0.0223702 -0.000605831 -0.00124774 -0.00206494
334 33.35 0.00555556 3.70898e-05 0.00552565 0.00131411 -0.00169189 -0.00132004 -0.00282706
335 33.45 0 0 0 0 -0.00168975 -0.00131691 -0.00282391
336 33.55 0.0166667 0.0142742 0.0131079 0.00835274 -0.00214333 -0.00101136 -0.00257676
337 33.65 0.0166667 0.000455359 0.00164019 0.00928713 -0.00292734 -0.00124889 -0.00258963
338 33.75 0.0166667 0.0270397 0.00562586 0.00493788 -0.00311534 -0.00160129 -0.00266156
339 33.85 0.0111111 0.00268963 0.000633179 0.01257 -0.00333991 -0.00248426 -0.00259586
340 33.95 0.00555556 0.00136844 0.00406279 0.00799187 -0.00336716 -0.00264694 -0.00265002
341 34.05 0.0111111 0.00268996 0.00613505 0.00719783 -0.00293368 -0.00239868 -0.0024104
342 34.15 0.0222222 0.00470218 0.00825448 0.00763807 -0.00705448 -0.00266189 -0.00185946
343 34.25 0.0166667 0.0126151 0.00734386 0.00570474 -0.00587635 -0.00134972 -0.00177583
344 34.35 0.0166667 0.00717583 0.00287583 0.00414867 -0.0176265 -0.00317207 -0.00172346
345 34.45 0.0111111 0.0112867 0.0088808 0.014478 -0.000611127 -0.00143827 -0.00153344
346 34.55 0.00555556 3.92214e-05 0.0055274 0.00128124 -0.000613664 -0.00142097 -0.00152457
347 34.65 0.0222222 0.0095868 0.0321068 0.0128626 -0.000505492 -0.00125515 -0.00138955
348 34.75 0.0388889 0.0152747 0.0270189 0.0674139 0.00383988 3.00839e-05 -0.00063082
349 34.85 0.00555556 0.00138895 0.00288196 0.00195056 0.00829119 0.00274398 0.000146614
350 34.95 0.0166667 0.0192356 0.0075306 0.00579373 0.0081351 0.00265941 -0.000976548
351 35.05 0.05 0.0235026 0.0456777 0.0161269 0.00537541 0.00121022 -0.00114949
352 35.15 0.0166667 0.0177635 0.00454079 0.0207685 -0.000595601 -0.00255855 0.000330004
353 35.25 0 0 0 0 -0.00060533 -0.00253234 0.000300441
354 35.35 0.0222222 0.0156312 0.00362723 0.0313487 -0.000886869 -0.00267735 6.63435e-05
355 35.45 0.0277778 0.0108665 0.0178134 0.0427036 0.00201939 0.000466267 0.000961941
356 35.55 0.0333333 0.00868764 0.0130097 0.0178138 0.00248142 0.00087439 0.00187731
357 35.65 0.00555556 0.00705928 0.00234883 0.00886331 0.00428494 0.00119984 0.00281426
358 35.75 0.0111111 0.00122685 0.012784 0.00294666 0.00309544 0.000828241 0.0012562
359 35.85 0 0 0 0 0.00101207 8.30027e-05 -0.00149953
360 35.95 0.0333333 0.00949682 0.0307024 9.42777e-05 0.00188642 -0.00114251 -0.00145626
10800 360
1 0.05 0.0157895 0.00839107 0.00779413 0.00448012 0.0015986 -0.00237614 -0.00180904
2 0.15 0.0157895 0.00830536 0.00709218 0.00408724 0.000933927 -0.00334564 -0.00227864
3 0.25 0.0263158 0.0127582 0.0119732 0.00386335 -0.00127143 -0.00468036 -0.0031493
4 0.35 0.0210526 0.00835956 0.00225091 0.00197091 -0.000950578 -0.00406438 -0.00224171
5 0.45 0.0157895 0.00540746 0.00245149 0.0380639 -0.00095011 -0.00392328 -0.00223131
6 0.55 0.00526316 0.0133239 0.000474787 0.0500037 -0.000917638 -0.00403054 -0.00226347
7 0.65 0.0263158 0.012204 0.0217638 0.0189812 -0.0014906 -0.00510331 -0.00257063
8 0.75 0.0263158 0.0109376 0.0186633 0.0125853 -0.00146433 -0.00588834 -0.00369761
9 0.85 0.00526316 2.19875e-05 0.00116587 0.00953053 -0.00167182 -0.00623953 -0.00422353
10 0.95 0.0157895 0.010568 0.00796064 0.00322088 -0.00344769 -0.00431166 -0.00359552
11 1.05 0.0105263 0.000411927 0.0054034 1.72546e-05 -0.00371468 -0.00228739 -0.00294212
12 1.15 0.0105263 7.28428e-07 0.0102639 1.2456e-06 -0.000730746 -0.00182798 -0.00276694
13 1.25 0.0210526 0.0113771 0.00818409 0.0106337 -0.000665936 -0.00181113 -0.00273868
14 1.35 0.0105263 0.000116855 0.00434629 0.0121501 -0.000598708 -0.00177499 -0.0026705
15 1.45 0.0105263 0.0004163 0.00747243 0.0027153 -0.00054936 -0.00176677 -0.00264586
16 1.55 0.0105263 0.00993996 0.00547922 0.00441878 -0.000622098 -0.00220067 -0.00250714
17 1.65 0.0105263 0.00122533 0.00785253 1.72467e-05 -0.000641072 -0.000853006 -0.00178675
18 1.75 0.0157895 0.0107468 0.0226927 0.00822591 -0.00223869 -0.00293673 -0.00299031
19 1.85 0.0105263 0.000297258 0.0183348 0.00584667 -0.00237865 -0.00340915 -0.00296659
20 1.95 0.0105263 0.000462184 0.0219417 0.000548886 -0.00240332 -0.00356847 -0.00295503
21 2.05 0.00526316 2.07033e-05 0.00373124 0.000115958 -0.002377 -0.00344938 -0.00293915
22 2.15 0.0105263 0.0104611 0.00273468 0.00174373 -0.00257479 -0.00283694 -0.00283727
23 2.25 0.0105263 0.0105442 0.00251703 0.0253617 -0.0031743 -0.000969142 -0.00252659
24 2.35 0.00526316 0.00200873 0.00934083 0.00436727 -0.00316792 -0.000970393 -0.00252535
25 2.45 0.0210526 0.00453617 0.0122362 0.0151901 -0.00266628 -0.000977526 -0.00227805
26 2.55 0.00526316 0.000210842 0.000212275 0.00313913 -0.000935868 -0.000749517 -0.00181034
27 2.65 0.0105263 5.36073e-06 0.00383636 0.00806798 -0.000604507 -0.000655778 -0.00171291
28 2.75 0.0105263 0.00837119 0.00331186 0.017548 -0.00068096 -0.000656573 -0.00170978
29 2.85 0.0263158 0.00850588 0.015856 0.0221209 -0.00181211 -0.000691581 -0.000985371
30 2.95 0.0105263 0.000426827 0.00375584 0.0286351 -0.000387257 -0.000607258 -0.000436704
31 3.05 0.0105263 0.0027316 0.00394658 0.00399729 -0.00113975 -0.000298996 -0.000463434
32 3.15 0 0 0 0 -0.00163929 -0.00019733 -0.000675753
33 3.25 0 0 0 0 -0.00163929 -0.00019733 -0.000675753
34 3.35 0.00526316 0.00124434 0.000324408 0.0134185 -0.0016305 -0.000194461 -0.000686751
35 3.45 0.00526316 0.00108499 0.00057991 0.00205497 -0.000512824 0.000266572 0.00300599
36 3.55 0.00526316 0.00417616 0.00425698 0.00363515 0.00296559 0.00170271 0.0145567
37 3.65 0 0 0 0 0.002965 0.00170307 0.0145564
38 3.75 0.0105263 0.00942353 0.00274565 0.0071111 0.00408757 0.00176687 0.0150009
39 3.85 0.00526316 7.26249e-05 8.70175e-05 0.003324 0.0044843 0.00178936 0.0151592
40 3.95 0 0 0 0 0.00447726 0.00178838 0.0151577
41 4.05 0 0 0 0 0.00447726 0.00178838 0.0151577
42 4.15 0.0210526 0.00788817 0.0123649 0.0365421 0.025357 0.00358256 0.01519
43 4.25 0.0105263 0.00631389 0.00577371 0.0131359 0.00441725 0.00173832 0.0150597
44 4.35 0.00526316 0.00844476 0.000998744 0.000267329 -8.29119e-05 -0.000126163 -0.00028176
45 4.45 0 0 0 0 -8.60021e-05 -0.000181688 -0.000481056
46 4.55 0.0105263 0.00226947 0.0108502 0.00939487 -0.00086101 -0.00137079 -0.000619263
47 4.65 0.00526316 0.00518584 2.71372e-05 0.000146068 -0.00155939 -0.00241524 -0.000774352
48 4.75 0.0157895 0.00742044 0.0122927 0.00623989 0.00123472 0.00578978 0.00522273
49 4.85 0.00526316 5.31423e-05 0.000642959 0.00472139 0.00305923 0.012048 0.009378
50 4.95 0.00526316 4.99699e-05 0.00201736 0.0156706 0.00271522 0.0131846 0.00926731
51 5.05 0.00526316 2.05163e-08 1.77064e-07 0.00499176 0.00215753 0.0128334 0.00866461
52 5.15 0.0157895 0.00813714 0.00404442 0.00551913 0.00290551 0.0129682 0.00868329
53 5.25 0.0157895 0.00343868 0.00804312 0.0102914 0.00369285 0.0130736 0.00868015
54 5.35 0.00526316 0.000411671 0.0112017 0.00598385 0.000243851 0.00279181 0.00117408
55 5.45 0.00526316 0.000642771 0.00242332 0.000384028 -0.000984611 -0.000902277 -0.00153513
56 5.55 0.0105263 0.00610453 0.00733638 0.00459661 -0.000992227 -0.00103747 -0.00164582
57 5.65 0 0 0 0 -0.000995242 -0.00104266 -0.00166235
58 5.75 0.0157895 0.00449726 0.00126079 0.00261709 -0.00103194 -0.000983528 -0.0014162
59 5.85 0.0157895 0.0127241 0.0157407 0.0194975 -0.000893486 -0.00156012 -0.000785969
60 5.95 0.0157895 0.0112657 0.00476074 0.0238111 -0.000748547 -0.00152454 0.000137568
61 6.05 0.00526316 0.00395916 0.00213854 0.00431377 0.000836736 -0.0014178 0.00668693
62 6.15 0.0157895 0.00705158 0.00960753 0.00339021 0.000746071 -0.00143834 0.00659833
63 6.25 0.0157895 0.014495 0.00236462 0.0624017 -0.00292141 -0.00309723 0.00626071
64 6.35 0.0210526 0.0164872 0.0021414 0.0422489 -0.001108 -0.00152425 0.00503887
65 6.45 0.0105263 0.00289602 0.00220098 0.0114506 -0.000318 -0.000382179 0.00456182
66 6.55 0.00526316 0.0055046 0.000236704 0.000588234 0.00075377 0.00174116 0.00537648
67 6.65 0 0 0 0 0.0055881 0.011268 0.00915
68 6.75 0.0263158 0.0121795 0.0152486 0.0291774 0.00552445 0.0110094 0.00855745
69 6.85 0.0157895 0.0110102 0.000500995 0.00333648 0.00465317 0.010617 0.0058749
70 6.95 0.0105263 0.00425858 0.00402708 0.00783583 0.00759816 0.0114151 5.48288e-05
71 7.05 0.0263158 0.0144948 0.0141234 0.0252461 0.0134057 0.00984563 -0.00195504
72 7.15 0.0157895 0.00188798 0.00832179 0.00871029 0.00674951 0.00364124 -0.00486625
73 7.25 0.0157895 0.00477679 0.00972269 0.0106022 -0.00384518 0.00148106 -0.00606731
74 7.35 0.0210526 0.00837928 0.0172531 0.0212152 -0.00819442 -0.00158602 -0.00911636
75 7.45 0.0263158 0.00964765 0.00812023 0.0192558 -0.00174414 -0.00686007 -0.00914339
76 7.55 0.0105263 0.0090136 0.00609552 0.00402469 0.00357009 -0.0074669 -0.011216
77 7.65 0.0210526 0.00703825 0.0157562 0.0435162 -0.011715 -0.015249 -0.014225
78 7.75 0.0473684 0.0308719 0.0390616 0.0408675 -0.00719661 -0.0265324 -0.0244552
79 7.85 0.0315789 0.0199184 0.00960623 0.0201637 -0.0302822 -0.0330992 -0.031188
80 7.95 0.0894737 0.0952682 0.0473302 0.0678988 -0.0382897 -0.0483321 -0.0382783
81 8.05 0.0631579 0.0542215 0.0489245 0.0407443 -0.0248586 -0.0554245 -0.0375395
82 8.15 0.105263 0.0734337 0.0619079 0.0609006 -0.0376865 -0.0722969 -0.0300218
83 8.25 0.0315789 0.0301552 0.0228917 0.0317816 -0.0525564 -0.0761368 -0.0383967
84 8.35 0.0631579 0.0567816 0.0540272 0.0590958 -0.0397312 0.0071178 -0.0340371
85 8.45 0.110526 0.083472 0.0889852 0.0545946 -0.0448327 -0.0790072 -0.0477249
86 8.55 0.157895 0.1661 0.11389 0.112272 -0.112198 -0.0707487 -0.0682749
87 8.65 0.121053 0.0543187 0.100121 0.183827 -0.213531 -0.149921 -0.103323
88 8.75 0.126316 0.107693 0.113134 0.111914 -0.0812473 -0.0680977 -0.113326
89 8.85 0.142105 0.0741656 0.10122 0.0914625 -0.138533 -0.125592 -0.140716
90 8.95 0.163158 0.133638 0.219374 0.118319 -0.141119 -0.142045 -0.182952
91 9.05 0.157895 0.160305 0.14533 0.130427 -0.114748 -0.0901408 -0.197909
92 9.15 0.2 0.135719 0.170825 0.154418 -0.0313924 -0.181707 -0.213971
93 9.25 0.221053 0.183571 0.221058 0.142875 -0.270374 -0.351499 -0.241634
94 9.35 0.257895 0.247208 0.1675 0.284003 -0.156929 -0.363808 -0.263564
95 9.45 0.347368 0.289681 0.247683 0.381886 -0.429241 -0.40784 -0.268593
96 9.55 0.3 0.255009 0.313168 0.208797 -0.421502 -0.398508 -0.302046
97 9.65 0.347368 0.291562 0.245968 0.258347 -0.239459 -0.38057 -0.289419
98 9.75 0.347368 0.347025 0.246877 0.366851 -0.113988 -0.460485 -0.275635
99 9.85 0.447368 0.44619 0.349462 0.410692 -0.494677 -0.6483 -0.306035
100 9.95 0.552632 0.526853 0.43896 0.462107 -0.629131 -0.64071 -0.319372
101 10.05 0.442105 0.441433 0.423324 0.393263 -0.670293 -0.711131 -0.351909
102 10.15 0.447368 0.402256 0.384997 0.348634 -0.577335 -0.858298 -0.344717
103 10.25 0.542105 0.525846 0.405376 0.621164 -0.724232 -0.497487 -0.342431
104 10.35 0.610526 0.512511 0.485695 0.58773 -0.753438 -0.342343 -0.40505
105 10.45 0.589474 0.602307 0.548141 0.530282 -0.745569 -0.765753 -0.37737
106 10.55 0.647368 0.675107 0.538408 0.586958 -0.865266 -0.90926 -0.505307
107 10.65 0.621053 0.549631 0.489942 0.487075 -1.35833 -0.940625 -0.639836
108 10.75 0.594737 0.445406 0.571108 0.55404 -1.06535 -0.978564 -0.69883
109 10.85 0.631579 0.40859 0.494162 0.460452 -0.906035 -1.10118 -0.712645
110 10.95 0.684211 0.637663 0.603033 0.528222 -0.947564 -0.986164 -0.607724
111 11.05 0.642105 0.507771 0.405015 0.569079 -1.28794 -1.26255 -0.617545
112 11.15 0.626316 0.711459 0.489939 0.532532 -1.34561 -1.19334 -0.6639
113 11.25 0.626316 0.593393 0.577233 0.501748 -1.02488 -1.1476 -0.691418
114 11.35 0.689474 0.716999 0.582665 0.528132 -1.18422 -1.23048 -0.716517
115 11.45 0.752632 0.529715 0.508335 0.601837 -1.16725 -1.14926 -0.69694
116 11.55 0.715789 0.598607 0.575921 0.717603 -0.492167 -0.723023 -0.664978
117 11.65 0.684211 0.612089 0.534204 0.554015 -0.639361 -0.53325 -0.569218
118 11.75 0.784211 0.714392 0.652477 0.664878 -0.283998 -0.435591 -0.569598
119 11.85 0.715789 0.594542 0.7234 0.516839 -0.39162 -0.68004 -0.624145
120 11.95 0.689474 0.587441 0.604678 0.545205 -1.01888 -1.08192 -0.70421
121 12.05 0.694737 0.513145 0.495984 0.549957 -0.575181 -1.46737 -0.740221
122 12.15 0.773684 0.707496 0.708113 0.657831 -1.08065 -1.30192 -0.826896
123 12.25 0.726316 0.673017 0.565937 0.593811 -1.27794 -1.26191 -0.842944
124 12.35 0.642105 0.455725 0.478267 0.578363 -0.494997 -0.300783 -0.781249
125 12.45 0.784211 0.542228 0.612309 0.673433 -0.95462 -0.577475 -0.97417
126 12.55 0.794737 0.551256 0.757415 0.698914 -0.850187 -1.32856 -1.09295
127 12.65 0.778947 0.670353 0.684174 0.612529 -0.873511 -1.28769 -0.982653
128 12.75 0.789474 0.523595 0.620144 0.661155 -0.818194 -0.793147 -0.829802
129 12.85 0.663158 0.7508 0.503159 0.552513 -0.787668 -0.777697 -0.81644
130 12.95 0.710526 0.746854 0.585486 0.604037 -1.54004 -1.27645 -0.817329
131 13.05 0.763158 0.718523 0.577183 0.574883 -1.55857 -1.43534 -0.66469
132 13.15 0.673684 0.464981 0.707416 0.571689 -0.452536 -0.93528 -0.56322
133 13.25 0.747368 0.661017 0.720128 0.582681 -0.201022 -0.493083 -0.408171
134 13.35 0.805263 0.654074 0.707766 0.589663 -0.569252 -0.213481 -0.467429
135 13.45 0.852632 0.669246 0.684716 0.821666 -0.509059 -0.0103031 -0.488587
136 13.55 0.852632 0.696204 0.841613 0.750452 -0.475922 -0.363015 -0.603912
137 13.65 0.715789 0.584245 0.586115 0.473165 -0.959685 -1.08598 -0.72063
138 13.75 0.726316 0.547351 0.588886 0.565512 -0.29497 -0.556841 -0.8462
139 13.85 0.752632 0.711062 0.707514 0.642252 -0.694039 -0.859603 -0.824496
140 13.95 0.689474 0.665619 0.592421 0.684211 -0.365354 -0.674163 -0.674969
141 14.05 0.715789 0.695173 0.703544 0.743944 -0.256956 -0.447582 -0.686636
142 14.15 0.836842 0.793349 0.675589 0.56643 -0.691176 -0.683631 -0.743296
143 14.25 0.815789 0.778336 0.722781 0.661342 -0.35785 -0.677325 -0.700775
144 14.35 0.726316 0.645778 0.598709 0.444204 -0.562149 -0.520653 -0.685251
145 14.45 0.721053 0.479708 0.737813 0.568924 -0.56957 -0.380339 -0.754557
146 14.55 0.794737 0.622101 0.606418 0.64511 -0.791445 -0.634421 -0.740503
147 14.65 0.847368 0.641304 0.664896 0.726585 -0.711294 -0.867631 -0.664865
148 14.75 0.773684 0.733703 0.631583 0.647242 -1.29692 -1.09578 -0.76758
149 14.85 0.694737 0.508022 0.819279 0.569657 -1.21169 -1.05505 -0.888905
150 14.95 0.678947 0.47737 0.526045 0.522394 -1.3017 -1.40905 -0.900943
151 15.05 0.768421 0.704476 0.762398 0.784784 -0.868255 -0.804777 -0.923237
152 15.15 0.715789 0.519684 0.687642 0.722906 -0.940177 -0.889237 -0.939572
153 15.25 0.826316 0.719969 0.675892 0.625658 -0.938215 -1.24665 -0.971832
154 15.35 0.731579 0.710439 0.470149 0.470286 -0.618999 -0.670452 -0.993305
155 15.45 0.831579 0.706421 0.761338 0.742587 -0.396424 -0.779252 -1.09369
156 15.55 0.721053 0.810806 0.676312 0.546342 -1.10268 -0.720869 -1.11523
157 15.65 0.652632 0.623609 0.509514 0.404089 -1.06659 -0.959671 -1.12966
158 15.75 0.784211 0.493338 0.618751 0.666853 -0.601394 -0.673839 -0.926786
159 15.85 0.8 0.698502 0.661926 0.813253 -0.484032 -0.857827 -0.879803
160 15.95 0.752632 0.749018 0.638117 0.736448 -0.864111 -0.933171 -0.833641
161 16.05 0.794737 0.741729 0.751412 0.658027 -1.04304 -1.10147 -0.80577
162 16.15 0.7 0.639783 0.59939 0.552194 -1.41325 -1.13534 -0.764834
163 16.25 0.715789 0.647675 0.765035 0.722939 -0.911279 -1.33658 -0.713497
164 16.35 0.731579 0.657623 0.583643 0.60941 -0.540321 -0.724622 -0.712645
165 16.45 0.842105 0.767519 0.788451 0.728509 -0.329314 -1.00301 -0.762579
166 16.55 0.726316 0.539951 0.666461 0.63011 -0.455708 -1.10754 -0.636194
167 16.65 0.742105 0.663799 0.680136 0.532269 -0.802162 -1.23406 -0.600875
168 16.75 0.721053 0.646963 0.668625 0.629733 -1.03942 -0.90798 -0.715248
169 16.85 0.705263 0.581014 0.584517 0.512211 -0.396421 -0.89796 -0.791393
170 16.95 0.742105 0.582846 0.670938 0.696435 -0.208158 -0.922493 -0.664865
171 17.05 0.826316 0.679333 0.713465 0.639107 -0.9015 -0.166702 -0.67151
172 17.15 0.726316 0.475276 0.526932 0.702923 -0.730914 -0.656026 -0.630428
173 17.25 0.805263 0.693074 0.633935 0.631989 -1.04755 -1.0222 -0.687348
174 17.35 0.752632 0.516143 0.878002 0.749691 -0.865803 -0.692896 -0.708113
175 17.45 0.773684 0.534155 0.626145 0.643531 -1.09521 -0.674969 -0.686928
176 17.55 0.757895 0.547184 0.712294 0.675875 -0.55545 -0.748207 -0.633591
177 17.65 0.689474 0.585371 0.612041 0.639661 -0.784396 -0.639219 -0.688392
178 17.75 0.815789 0.686879 0.734139 0.598139 -0.468784 -0.00938809 -0.728487
179 17.85 0.836842 0.684701 0.596765 0.737683 -0.778975 -0.971238 -0.752535
180 17.95 0.7 0.66334 0.621546 0.486306 -0.293214 -0.925471 -0.857442
181 18.05 0.726316 0.586037 0.602315 0.580381 -1.16378 -1.5112 -0.950614
182 18.15 0.726316 0.655402 0.802251 0.557943 -0.826831 -1.29878 -0.941642
183 18.25 0.778947 0.710388 0.616826 0.649017 -1.27048 -1.604 -0.997497
184 18.35 0.763158 0.57122 0.685511 0.574592 -1.40734 -1.44382 -1.0213
185 18.45 0.678947 0.640955 0.661379 0.67683 -1.10662 -0.952571 -1.03134
186 18.55 0.757895 0.630003 0.672848 0.487273 -1.00482 -0.989259 -0.930858
187 18.65 0.715789 0.746566 0.565605 0.603714 -1.0978 -0.677533 -0.714843
188 18.75 0.773684 0.705808 0.684159 0.582434 -0.979949 -0.702975 -0.623366
189 18.85 0.852632 0.848278 0.634389 0.79355 -1.27234 -0.896294 -0.517322
190 18.95 0.8 0.688547 0.806863 0.579793 -1.12956 -0.53988 -0.580052
191 19.05 0.763158 0.575696 0.665939 0.749184 -0.853099 -0.507107 -0.552472
192 19.15 0.657895 0.569067 0.751512 0.629732 -1.1553 -0.6235 -0.605805
193 19.25 0.784211 0.649385 0.558089 0.559151 -1.07662 -1.04466 -0.663134
194 19.35 0.789474 0.691507 0.702612 0.584132 -0.521787 -1.39557 -0.75913
195 19.45 0.694737 0.551018 0.584401 0.626844 -0.370222 -0.642945 -0.870464
196 19.55 0.684211 0.595376 0.740477 0.493185 -0.974929 -1.35716 -1.10925
197 19.65 0.778947 0.750259 0.581479 0.668926 -1.06111 -1.30109 -1.25772
198 19.75 0.805263 0.72909 0.656031 0.592715 -1.05703 -1.42473 -1.232
199 19.85 0.768421 0.524474 0.629736 0.717675 -1.07374 -1.33924 -1.32951
200 19.95 0.657895 0.666244 0.46285 0.599387 -0.876285 -0.936396 -1.32172
201 20.05 0.757895 0.593132 0.496019 0.595112 -0.46532 -0.726613 -1.23252
202 20.15 0.8 0.610174 0.717045 0.770765 -0.789675 -1.27295 -1.11819
203 20.25 0.726316 0.546563 0.710538 0.493529 -0.759348 -1.17113 -0.99683
204 20.35 0.784211 0.514892 0.749253 0.760931 -0.63156 -0.82946 -0.892595
205 20.45 0.747368 0.711203 0.509624 0.665648 -0.491328 -0.750788 -0.746158
206 20.55 0.710526 0.539571 0.604121 0.614575 -0.902976 -0.853413 -0.691265
207 20.65 0.805263 0.908951 0.730948 0.848981 -0.330719 -1.02629 -0.766616
208 20.75 0.763158 0.541043 0.76795 0.618667 -1.0289 -1.06534 -0.742627
209 20.85 0.726316 0.675604 0.704082 0.610011 -1.0548 -1.0252 -0.783502
210 20.95 0.757895 0.718592 0.657141 0.600754 -0.951542 -0.695747 -0.723149
211 21.05 0.742105 0.592656 0.673819 0.581691 -0.667781 -0.543371 -0.645348
212 21.15 0.752632 0.66909 0.509526 0.704834 -0.443566 -0.365352 -0.574775
213 21.25 0.684211 0.559685 0.491789 0.459453 -0.841548 -0.436078 -0.553534
214 21.35 0.857895 0.733364 0.718637 0.673391 -0.18444 -0.520422 -0.616446
215 21.45 0.768421 0.758132 0.647768 0.650674 -0.910272 -0.780069 -0.64319
216 21.55 0.794737 0.689578 0.727666 0.578022 -1.01016 -0.572427 -0.687258
217 21.65 0.742105 0.633753 0.575751 0.499847 -1.3612 -0.984612 -0.749371
218 21.75 0.747368 0.684174 0.606053 0.657879 -0.854751 -1.10866 -0.712216
219 21.85 0.678947 0.698649 0.514003 0.510773 -0.673322 -0.847576 -0.744016
220 21.95 0.778947 0.657313 0.6945 0.626929 -1.02669 -1.52118 -0.787593
221 22.05 0.726316 0.476225 0.628859 0.670948 -0.951437 -0.975058 -0.828739
222 22.15 0.794737 0.682525 0.64372 0.719966 -0.651439 -0.584041 -0.88704
223 22.25 0.752632 0.571114 0.568903 0.584832 -0.0837912 -0.748366 -0.890327
224 22.35 0.731579 0.772462 0.649778 0.583283 -0.997382 -0.867476 -0.885175
225 22.45 0.752632 0.54526 0.587812 0.712781 -0.973076 -0.832957 -0.893729
226 22.55 0.7 0.580607 0.656513 0.582413 -0.627856 -0.989361 -0.978848
227 22.65 0.805263 0.674452 0.721392 0.603638 -1.1765 -1.62274 -1.03748
228 22.75 0.705263 0.625974 0.609446 0.631675 -1.08116 -1.47503 -1.04158
229 22.85 0.784211 0.700833 0.808032 0.652234 -0.836492 -0.955046 -1.00014
230 22.95 0.7 0.587444 0.632394 0.71359 -0.363647 -1.24678 -1.00334
231 23.05 0.742105 0.674567 0.499797 0.562056 -0.265953 -0.667086 -0.906003
232 23.15 0.752632 0.597692 0.650768 0.660128 -1.34137 -0.991297 -0.976826
233 23.25 0.731579 0.745416 0.701844 0.550818 -0.913686 -0.70501 -0.952026
234 23.35 0.826316 0.771473 0.606488 0.797629 -0.651627 -1.38219 -0.960275
235 23.45 0.657895 0.537426 0.514927 0.640926 -0.493233 -1.11547 -0.906352
236 23.55 0.794737 0.544941 0.802898 0.826227 -1.0473 -1.14104 -0.874502
237 23.65 0.673684 0.625886 0.683559 0.627132 -1.26708 -0.873039 -0.873117
238 23.75 0.668421 0.62482 0.72334 0.473572 -1.39512 -1.02658 -0.894169
239 23.85 0.784211 0.522847 0.624061 0.571598 -1.40296 -1.36306 -0.866966
240 23.95 0.747368 0.647202 0.672558 0.613838 -1.1621 -0.848179 -0.814123
241 24.05 0.747368 0.72467 0.754607 0.615927 -0.678808 -1.14012 -0.700517
242 24.15 0.710526 0.570836 0.609551 0.655358 -0.514761 -0.77437 -0.696114
243 24.25 0.710526 0.640777 0.65463 0.84212 -1.07034 -0.79515 -0.667951
244 24.35 0.852632 0.73924 0.725396 0.642186 -0.572494 -0.242262 -0.58614
245 24.45 0.647368 0.401008 0.600607 0.757771 -0.910487 -0.576359 -0.577996
246 24.55 0.657895 0.495321 0.534762 0.50106 -1.27446 -1.26797 -0.604072
247 24.65 0.673684 0.567731 0.488363 0.602821 -0.979422 -0.923223 -0.609509
248 24.75 0.694737 0.560939 0.569711 0.586385 -1.18697 -0.713005 -0.629182
249 24.85 0.778947 0.64042 0.597881 0.866283 -1.2725 -0.97079 -0.638863
250 24.95 0.647368 0.454635 0.469168 0.573612 -1.28428 -1.37145 -0.522556
251 25.05 0.757895 0.678104 0.750849 0.563174 -1.07193 -0.905934 -0.459247
252 25.15 0.657895 0.473332 0.565886 0.578422 -1.10698 -0.641136 -0.423368
253 25.25 0.626316 0.599312 0.474978 0.492893 -1.06614 -0.749702 -0.466589
254 25.35 0.657895 0.597244 0.575102 0.546673 -1.03343 -0.832837 -0.462441
255 25.45 0.610526 0.524022 0.465594 0.417667 -0.716084 -0.612244 -0.413281
256 25.55 0.484211 0.381194 0.374602 0.459897 -0.988485 -0.743447 -0.31863
257 25.65 0.584211 0.311238 0.508979 0.396052 -0.948175 -0.673191 -0.271348
258 25.75 0.657895 0.523697 0.566046 0.532345 -0.749258 -0.811235 -0.295975
259 25.85 0.536842 0.464569 0.424972 0.426111 -0.516096 -0.496925 -0.302229
260 25.95 0.510526 0.438234 0.443578 0.412403 -0.744356 -0.747856 -0.291213
261 26.05 0.457895 0.365276 0.351754 0.358512 -0.859478 -0.609478 -0.324551
262 26.15 0.463158 0.453653 0.410211 0.335637 -0.744215 -0.674163 -0.28254
263 26.25 0.368421 0.318975 0.31781 0.322856 -0.412872 -0.618099 -0.196738
264 26.35 0.289474 0.260889 0.29026 0.262482 -0.274026 -0.490758 -0.160055
265 26.45 0.410526 0.406146 0.473832 0.286109 -0.0421791 -0.6052 -0.0952077
266 26.55 0.268421 0.18564 0.18529 0.201695 -0.359262 -0.435209 -0.099638
267 26.65 0.247368 0.204557 0.190636 0.204058 -0.361665 -0.422417 -0.112186
268 26.75 0.157895 0.183483 0.145151 0.121865 -0.326288 -0.297508 -0.0976617
269 26.85 0.168421 0.102719 0.144475 0.171022 -0.29348 -0.169837 -0.101224
270 26.95 0.205263 0.0816757 0.148463 0.254659 -0.258589 -0.127305 -0.0934524
271 27.05 0.136842 0.142543 0.0697582 0.125025 -0.191507 -0.112519 -0.0865791
272 27.15 0.194737 0.158316 0.137884 0.226834 -0.163104 -0.130747 -0.0531481
273 27.25 0.110526 0.120432 0.0838875 0.140284 -0.121592 -0.112892 -0.0146783
274 27.35 0.105263 0.0561268 0.0822538 0.141641 -0.0836737 -0.0522018 -0.0271723
275 27.45 0.0736842 0.0508708 0.0519666 0.0846957 -0.0659259 -0.0224635 -0.0318117
276 27.55 0.0578947 0.0780285 0.0459335 0.044638 -0.0411245 0.00710373 -0.0200684
277 27.65 0.0473684 0.0484779 0.0431565 0.0256972 -0.0246487 0.00694087 -0.0111622
278 27.75 0.0421053 0.036381 0.0450489 0.0173225 -0.032192 -0.0122354 -0.0170765
279 27.85 0.0263158 0.0168298 0.0337197 0.00641643 -0.0302096 -0.0237387 -0.0123745
280 27.95 0.0631579 0.0261347 0.0212755 0.0752497 -0.0261124 -0.0231199 -0.0173077
281 28.05 0.0368421 0.0378089 0.0226802 0.0353109 -0.0162913 -0.0254424 -0.0272704
282 28.15 0.0210526 0.0186641 0.0301798 0.0139317 -0.0277081 -0.0258228 -0.022076
283 28.25 0.0157895 0.0109533 0.00189274 0.011401 -0.00849784 -0.0129679 -0.017739
284 28.35 0.0421053 0.038538 0.0645813 0.0379563 -0.00665659 -0.00922557 -0.0129566
285 28.45 0.0263158 0.0203448 0.053172 0.0170194 -0.00475618 -0.00693499 -0.00830838
286 28.55 0.0157895 0.00407026 0.00507514 0.0132611 -0.002579 -0.00548508 -0.00640875
287 28.65 0.0105263 0.0129328 0.0180943 0.00377811 -0.00209049 -0.00321866 -0.00524435
288 28.75 0.0157895 0.0218041 0.00317773 0.0170044 -0.00214576 -0.00324215 -0.00637844
289 28.85 0.0157895 0.019365 0.00469677 0.00941622 -0.00193357 -0.00310096 -0.00648482
290 28.95 0.0210526 0.00947366 0.0279179 0.0077255 -0.00154655 -0.00300293 -0.0057917
291 29.05 0.00526316 0.00322242 2.45106e-06 0.000700047 -0.0015748 -0.00343727 -0.00644699
292 29.15 0.0210526 0.0169206 0.00980708 0.016131 -0.00149625 -0.00319724 -0.00621504
293 29.25 0.0105263 0.00040652 0.00462103 0.00458973 -0.00147664 -0.00241493 -0.00538182
294 29.35 0.0105263 0.00768888 0.00312082 0.00173017 -0.00146623 -0.00178167 -0.0048735
295 29.45 0.0105263 0.00665006 0.0100283 0.00399077 -0.00130567 -0.00172154 -0.00475536
296 29.55 0.0263158 0.0121192 0.00999385 0.00960291 -0.0015043 -0.00156685 -0.00457592
297 29.65 0 0 0 0 -0.00146929 -0.00155098 -0.00450288
298 29.75 0.00526316 0.0143848 0.000133009 0.00675459 -0.001466 -0.00154742 -0.00448935
299 29.85 0.0157895 0.00532033 0.00746886 0.0159632 -0.00301021 -0.00157782 -0.0040193
300 29.95 0.0210526 0.0217711 0.00381666 0.0116713 -0.00523666 -0.00144489 -0.0031022
301 30.05 0.0210526 0.00985127 0.0275996 0.00907449 -0.0162511 -0.00331905 -0.00232196
302 30.15 0.0105263 0.0124307 0.00703383 0.0107592 -0.000903425 -0.00304747 -0.00267653
303 30.25 0.0263158 0.0138039 0.00687572 0.0188812 -0.000883234 -0.00352775 -0.00281854
304 30.35 0.0157895 0.00643023 0.0104957 0.000822011 -0.000824319 -0.00329792 -0.00255428
305 30.45 0.0105263 0.000183447 0.00350047 0.000371491 -0.00114779 -0.00383564 -0.00289574
306 30.55 0.0157895 0.0337927 0.00513884 0.0668281 -0.000991503 -0.00283158 -0.00285938
307 30.65 0.0105263 0.0124344 0.00165927 0.0182488 -0.00107919 -0.00281483 -0.00279492
308 30.75 0.0210526 0.0229496 0.00566022 0.00646329 -0.0012889 -0.00292341 -0.00272115
309 30.85 0.0263158 0.026255 0.0387406 0.0133418 0.00359696 -0.00203569 -0.00270116
310 30.95 0.0315789 0.0110008 0.0298912 0.0142246 -0.00131266 -0.00355265 -0.00293913
311 31.05 0.0368421 0.0267105 0.0399804 0.0194945 -0.0149933 -0.00413215 -0.00327954
312 31.15 0.0105263 0.00624261 0.00162816 0.00231735 -0.00845676 -0.00341155 -0.00312763
313 31.25 0.0263158 0.0186735 0.0097668 0.0249688 -0.00867489 -0.00432186 -0.00335153
314 31.35 0.0263158 0.0166794 0.0290105 0.0203081 -0.00491287 -0.00497563 -0.00391472
315 31.45 0.0315789 0.0457924 0.0080528 0.00557472 -0.0132192 -0.00821893 -0.00366687
316 31.55 0.0210526 0.0237256 0.0166941 0.0123262 -0.00489461 -0.005408 -0.00351181
317 31.65 0.0210526 0.00291179 0.0158839 0.0135962 -0.00488037 -0.00457704 -0.00346648
318 31.75 0.0105263 0.000671761 0.0224124 0.000725068 -0.00512558 -0.00478379 -0.00450199
319 31.85 0.0157895 0.00446537 0.00989963 0.00883802 -0.00411366 -0.00453505 -0.00472372
320 31.95 0.0105263 0.0174852 0.00512308 0.00346828 -0.00186661 -0.00380974 -0.00420148
321 32.05 0.0157895 0.0389601 0.00253757 0.00522235 -0.00221493 -0.00200138 -0.00364298
322 32.15 0.00526316 0.00029399 0.00196982 0.00139563 -0.00190596 -0.00154985 -0.00343699
323 32.25 0.0315789 0.0422143 0.0155753 0.0114676 -0.0019565 -0.00190197 -0.00354479
324 32.35 0.0105263 0.00533943 0.00483624 0.00176277 -0.00193934 -0.00149231 -0.00360482
325 32.45 0 0 0 0 -0.00190484 -0.00148205 -0.0035894
326 32.55 0.0210526 0.0197931 0.00887665 0.0246672 -0.00191746 -0.00154153 -0.00357373
327 32.65 0.0105263 0.00879793 0.0054745 0.00112908 -0.00179122 -0.00104997 -0.00293225
328 32.75 0.0473684 0.0392547 0.0453437 0.0154983 -0.00133485 -0.00086177 -0.00173571
329 32.85 0.0157895 0.00478916 0.0282206 0.0139764 -0.000997871 -0.00109784 -0.00188061
330 32.95 0.0157895 0.0158106 0.00689529 0.00226814 -0.00100693 -0.00131406 -0.00191535
331 33.05 0.0157895 0.00307961 0.00273728 0.00402355 -0.000816608 -0.00154244 -0.00192727
332 33.15 0.0105263 0.0032582 0.00298314 0.000729673 -0.000645887 -0.00119873 -0.00184976
333 33.25 0.0157895 0.0181523 0.00788867 0.0211928 -0.000574802 -0.00118359 -0.0019611
334 33.35 0.00526316 3.51377e-05 0.00523483 0.00124494 -0.0016037 -0.00125208 -0.00268311
335 33.45 0 0 0 0 -0.00160167 -0.00124911 -0.00268013
336 33.55 0.0157895 0.0135229 0.012418 0.00791313 -0.00203138 -0.000959644 -0.00244599
337 33.65 0.0157895 0.000431393 0.00155386 0.00879833 -0.00277412 -0.00118467 -0.00245818
338 33.75 0.0157895 0.0256165 0.00532976 0.00467799 -0.00295224 -0.00151853 -0.00252632
339 33.85 0.0105263 0.00254807 0.000599853 0.0119085 -0.00316499 -0.00235502 -0.00246408
340 33.95 0.00526316 0.00129641 0.00384896 0.00757124 -0.0031908 -0.00250915 -0.00251539
341 34.05 0.0105263 0.00254838 0.00581215 0.006819 -0.00278013 -0.00227395 -0.00228838
342 34.15 0.0210526 0.0044547 0.00782004 0.00723607 -0.00668405 -0.0025233 -0.00176644
343 34.25 0.0157895 0.0119511 0.00695734 0.0054045 -0.00556792 -0.0012802 -0.00168721
344 34.35 0.0157895 0.00679815 0.00272447 0.00393032 -0.0166996 -0.00300663 -0.00163759
345 34.45 0.0105263 0.0106926 0.00841339 0.013716 -0.000579819 -0.00136409 -0.00145758
346 34.55 0.00526316 3.71571e-05 0.00523649 0.0012138 -0.000582223 -0.0013477 -0.00144917
347 34.65 0.0210526 0.00908223 0.030417 0.0121856 -0.000479744 -0.0011906 -0.00132126
348 34.75 0.0368421 0.0144708 0.0255969 0.0638658 0.00363692 2.69854e-05 -0.000602465
349 34.85 0.00526316 0.00131585 0.00273028 0.0018479 0.00785396 0.00259805 0.000134051
350 34.95 0.0210526 0.0183054 0.00718726 0.00677867 0.00770579 0.00251721 -0.000929815
351 35.05 0.0473684 0.0222656 0.0432736 0.0152781 0.00509113 0.00114375 -0.00109352
352 35.15 0.0157895 0.0168286 0.0043018 0.0196754 -0.000565615 -0.00242666 0.000308109
353 35.25 0 0 0 0 -0.000574832 -0.00240183 0.000280101
354 35.35 0.0210526 0.0148085 0.00343633 0.0296988 -0.000841553 -0.00253921 5.83251e-05
355 35.45 0.0263158 0.0102946 0.0168759 0.0404561 0.00191175 0.000438957 0.000906786
356 35.55 0.0315789 0.00823039 0.012325 0.0168762 0.00234946 0.0008256 0.00177398
357 35.65 0.00526316 0.00668774 0.0022252 0.00839682 0.00405806 0.00113392 0.00266161
358 35.75 0.0105263 0.00116227 0.0121112 0.00279157 0.00293116 0.00078188 0.00118556
359 35.85 0 0 0 0 0.00095744 7.58649e-05 -0.00142513
360 35.95 0.0315789 0.00899699 0.0290865 8.93157e-05 0.00178578 -0.00108515 -0.00138414
11400 360
1 0.05 0.015 0.00797151 0.00740442 0.00425611 0.00150443 -0.00226016 -0.00173232
2 0.15 0.02 0.00792926 0.00678081 0.00510577 0.000880332 -0.00318101 -0.00217382
3 0.25 0.025 0.0121203 0.0113746 0.00367018 -0.0012134 -0.00444895 -0.00300009
4 0.35 0.02 0.00794158 0.00213836 0.00187236 -0.000908587 -0.00386377 -0.00213789
5 0.45 0.015 0.00513709 0.00232891 0.0361607 -0.000908142 -0.00372973 -0.00212801
6 0.55 0.005 0.0126577 0.000451048 0.0475035 -0.000877294 -0.00383162 -0.00215856
7 0.65 0.025 0.0115938 0.0206756 0.0180321 -0.00142161 -0.00485075 -0.00245036
8 0.75 0.025 0.0103907 0.0177301 0.011956 -0.00139665 -0.00559653 -0.00352099
9 0.85 0.005 2.08882e-05 0.00110758 0.009054 -0.00159377 -0.00593016 -0.00402061
10 0.95 0.015 0.0100396 0.00756261 0.00305984 -0.00328084 -0.00409869 -0.003424
11 1.05 0.01 0.000391331 0.00513323 1.63919e-05 -0.00353449 -0.00217563 -0.00280328
12 1.15 0.015 9.00961e-07 0.015126 1.98971e-05 -0.000699877 -0.00173921 -0.00264082
13 1.25 0.02 0.0108082 0.00777488 0.0101021 -0.000639202 -0.00172335 -0.00264102
14 1.35 0.015 0.0102567 0.00760011 0.0132606 -0.00057741 -0.00169015 -0.00257877
15 1.45 0.01 0.000395485 0.0070988 0.00257953 -0.000535911 -0.00168526 -0.00256189
16 1.55 0.01 0.00944296 0.00520525 0.00419785 -0.000605012 -0.00209747 -0.0024301
17 1.65 0.01 0.00116406 0.0074599 1.63843e-05 -0.000623038 -0.000817183 -0.00174573
18 1.75 0.015 0.0102094 0.0215581 0.00781462 -0.00214078 -0.00279672 -0.00288912
19 1.85 0.01 0.000282395 0.017418 0.00555434 -0.00227374 -0.00324552 -0.00286658
20 1.95 0.01 0.000439075 0.0208446 0.000521441 -0.00229718 -0.00339687 -0.0028556
21 2.05 0.005 1.96681e-05 0.00354468 0.00011016 -0.00227216 -0.00328374 -0.00284051
22 2.15 0.01 0.00993804 0.00259795 0.00165655 -0.00246007 -0.00270192 -0.00274373
23 2.25 0.01 0.010017 0.00239118 0.0240936 -0.00302961 -0.000927512 -0.00244858
24 2.35 0.005 0.00190829 0.00887378 0.0041489 -0.00302354 -0.0009287 -0.0024474
25 2.45 0.02 0.00430936 0.0116244 0.0144306 -0.00254698 -0.000935477 -0.00221247
26 2.55 0.005 0.0002003 0.000201661 0.00298217 -0.000903094 -0.000718868 -0.00176815
27 2.65 0.01 5.0927e-06 0.00364455 0.00766458 -0.000588301 -0.000629816 -0.00167559
28 2.75 0.01 0.00795263 0.00314626 0.0166706 -0.000660931 -0.000630571 -0.00167262
29 2.85 0.03 0.00940904 0.0259186 0.0215959 -0.00173342 -0.000662376 -0.000982039
30 2.95 0.01 0.000405486 0.00356805 0.0272034 -0.000373973 -0.000578243 -0.000454191
31 3.05 0.01 0.00259502 0.00374926 0.00379742 -0.00108885 -0.000285394 -0.000479585
32 3.15 0 0 0 0 -0.0015634 -0.000188811 -0.000681288
33 3.25 0 0 0 0 -0.0015634 -0.000188811 -0.000681288
34 3.35 0.005 0.00118212 0.000308187 0.0127476 -0.00155505 -0.000186086 -0.000691736
35 3.45 0.01 0.0112288 0.00125674 0.00304172 -0.000489069 0.000252742 0.00284359
36 3.55 0.005 0.00396736 0.00404413 0.0034534 0.00281702 0.0016174 0.0138272
37 3.65 0 0 0 0 0.00281646 0.00161773 0.0138268
38 3.75 0.01 0.00895236 0.00260837 0.00675554 0.0038829 0.00167834 0.0142491
39 3.85 0.005 6.89937e-05 8.26667e-05 0.0031578 0.00425979 0.00169971 0.0143995
40 3.95 0 0 0 0 0.00425311 0.00169878 0.0143981
41 4.05 0 0 0 0 0.00425311 0.00169878 0.0143981
42 4.15 0.02 0.00749376 0.0117466 0.034715 0.0240889 0.00340325 0.0144287
43 4.25 0.01 0.00599819 0.00548502 0.0124791 0.0041961 0.00165123 0.014305
44 4.35 0.005 0.00802252 0.000948806 0.000253963 -7.90563e-05 -0.000120034 -0.000269418
45 4.45 0 0 0 0 -8.1992e-05 -0.000172783 -0.000458749
46 4.55 0.01 0.002156 0.0103076 0.00892512 -0.00081825 -0.00130243 -0.000590046
47 4.65 0.005 0.00492655 2.57803e-05 0.000138764 -0.00148171 -0.00229466 -0.00073738
48 4.75 0.015 0.00704942 0.0116781 0.00592789 0.00117269 0.00550011 0.00495985
49 4.85 0.005 5.04852e-05 0.000610811 0.00448532 0.00290598 0.0114455 0.00890735
50 4.95 0.005 4.74714e-05 0.00191649 0.0148871 0.00257917 0.0125252 0.0088022
51 5.05 0.005 1.94905e-08 1.6821e-07 0.00474217 0.00204936 0.0121916 0.00822964
52 5.15 0.015 0.00773028 0.0038422 0.00524318 0.00275995 0.0123196 0.00824738
53 5.25 0.015 0.00326675 0.00764097 0.00977678 0.00350792 0.0124197 0.0082444
54 5.35 0.005 0.000391088 0.0106417 0.00568466 0.000231368 0.00265204 0.00111363
55 5.45 0.005 0.000610632 0.00230215 0.000364827 -0.000935671 -0.000857342 -0.00146012
56 5.55 0.01 0.0057993 0.00696956 0.00436678 -0.000942905 -0.000985775 -0.00156527
57 5.65 0 0 0 0 -0.00094577 -0.000990702 -0.00158098
58 5.75 0.015 0.0042724 0.00119775 0.00248624 -0.000980629 -0.00093453 -0.00134714
59 5.85 0.015 0.0120879 0.0149536 0.0185226 -0.000849102 -0.0014823 -0.000748417
60 5.95 0.015 0.0107024 0.00452271 0.0226206 -0.00071141 -0.00144849 0.000128943
61 6.05 0.005 0.0037612 0.00203162 0.00409808 0.000794609 -0.00134709 0.00635084
62 6.15 0.015 0.006699 0.00912716 0.0032207 0.000708477 -0.00136661 0.00626666
63 6.25 0.015 0.0137703 0.00224639 0.0592817 -0.00277563 -0.00294255 0.00594593
64 6.35 0.02 0.0156629 0.00203433 0.0401364 -0.00105289 -0.00144821 0.00478518
65 6.45 0.01 0.00275122 0.00209093 0.0108781 -0.00030239 -0.000363249 0.00433198
66 6.55 0.005 0.00522937 0.000224868 0.000558823 0.000715791 0.00165392 0.00510591
67 6.65 0 0 0 0 0.00530841 0.0107044 0.00869075
68 6.75 0.025 0.0115705 0.0144862 0.0277185 0.00524794 0.0104588 0.00812783
69 6.85 0.015 0.0104597 0.000475945 0.00316965 0.00442023 0.0100859 0.00557941
70 6.95 0.01 0.00404565 0.00382573 0.00744404 0.00721796 0.0108441 5.0341e-05
71 7.05 0.025 0.01377 0.0134172 0.0239838 0.0127351 0.00935317 -0.00185903
72 7.15 0.015 0.00179359 0.0079057 0.00827477 0.00641175 0.003459 -0.00462469
73 7.25 0.015 0.00453795 0.00923656 0.0100721 -0.00365321 0.00140683 -0.00576569
74 7.35 0.02 0.00796031 0.0163904 0.0201545 -0.00778499 -0.0015069 -0.00866229
75 7.45 0.025 0.00916526 0.00771422 0.018293 -0.00165722 -0.00651725 -0.00868796
76 7.55 0.01 0.00856292 0.00579075 0.00382345 0.00339129 -0.00709373 -0.0106569
77 7.65 0.025 0.0092519 0.0230206 0.0421082 -0.011716 -0.0155383 -0.0135512
78 7.75 0.05 0.0433398 0.0513712 0.038865 -0.00962902 -0.0275575 -0.0245159
79 7.85 0.04 0.0224251 0.00982368 0.0276513 -0.03074 -0.0325665 -0.0318933
80 7.95 0.085 0.0905048 0.0449637 0.0645039 -0.0392464 -0.0472818 -0.0391113
81 8.05 0.06 0.0515104 0.0464783 0.0387071 -0.0264868 -0.0540196 -0.0384094
82 8.15 0.1 0.069762 0.0588125 0.0578556 -0.0386733 -0.0700483 -0.0312677
83 8.25 0.035 0.0300361 0.0278639 0.034616 -0.0527592 -0.0737692 -0.0394653
84 8.35 0.06 0.0539425 0.0513258 0.056141 -0.040299 0.00482616 -0.0369673
85 8.45 0.105 0.0792984 0.084536 0.0518649 -0.0451454 -0.0769926 -0.0499707
86 8.55 0.155 0.163495 0.125774 0.118364 -0.109516 -0.0689235 -0.0694753
87 8.65 0.12 0.0517012 0.0951281 0.175545 -0.207084 -0.1444 -0.103351
88 8.75 0.125 0.102432 0.108195 0.110043 -0.0830994 -0.0697224 -0.115392
89 8.85 0.145 0.0821275 0.110056 0.0905671 -0.135251 -0.124624 -0.142663
90 8.95 0.155 0.126956 0.208405 0.112403 -0.133563 -0.140972 -0.185155
91 9.05 0.155 0.161471 0.139952 0.123969 -0.109277 -0.0928792 -0.199755
92 9.15 0.205 0.137508 0.180418 0.16609 -0.0447646 -0.180033 -0.216807
93 9.25 0.225 0.197746 0.252801 0.14556 -0.285179 -0.335958 -0.24548
94 9.35 0.255 0.242172 0.167074 0.271963 -0.174315 -0.35772 -0.265807
95 9.45 0.355 0.305943 0.254363 0.37572 -0.434226 -0.386317 -0.269381
96 9.55 0.3 0.246466 0.30953 0.214953 -0.449848 -0.379349 -0.299842
97 9.65 0.36 0.288468 0.261199 0.260337 -0.289189 -0.356958 -0.294692
98 9.75 0.35 0.332568 0.276386 0.35925 -0.186764 -0.485068 -0.286735
99 9.85 0.45 0.440597 0.35974 0.408758 -0.46421 -0.547219 -0.312424
100 9.95 0.545 0.50938 0.426024 0.454613 -0.655028 -0.662757 -0.326134
101 10.05 0.44 0.460065 0.41578 0.381984 -0.671025 -0.690637 -0.358682
102 10.15 0.455 0.393352 0.390618 0.388129 -0.55706 -0.820432 -0.357305
103 10.25 0.545 0.546179 0.396065 0.663462 -0.744852 -0.548474 -0.365386
104 10.35 0.61 0.530073 0.473669 0.58047 -0.769477 -0.424712 -0.427422
105 10.45 0.605 0.591127 0.543457 0.565496 -0.596875 -0.71248 -0.414371
106 10.55 0.655 0.731221 0.585125 0.596474 -0.895613 -0.917382 -0.542665
107 10.65 0.62 0.539025 0.508607 0.499834 -1.36352 -0.967279 -0.667592
108 10.75 0.6 0.45087 0.56989 0.55591 -0.996332 -0.980886 -0.717126
109 10.85 0.605 0.406689 0.469524 0.439311 -0.926727 -1.10619 -0.719126
110 10.95 0.675 0.625104 0.600153 0.553692 -0.987216 -1.02247 -0.607232
111 11.05 0.64 0.527728 0.414962 0.566244 -1.23886 -1.21922 -0.595983
112 11.15 0.655 0.703329 0.494632 0.537745 -1.39455 -1.20153 -0.615728
113 11.25 0.635 0.593591 0.584075 0.488975 -1.03348 -1.0555 -0.648067
114 11.35 0.685 0.701575 0.561674 0.524027 -1.15921 -1.06995 -0.668951
115 11.45 0.745 0.52205 0.531684 0.59564 -1.2334 -1.15527 -0.655962
116 11.55 0.74 0.620093 0.568315 0.730503 -0.635336 -0.779335 -0.609105
117 11.65 0.66 0.590295 0.517246 0.52847 -0.719093 -0.538575 -0.519925
118 11.75 0.785 0.701013 0.668541 0.656419 -0.370186 -0.448821 -0.512546
119 11.85 0.71 0.57028 0.692443 0.528833 -0.474707 -0.73878 -0.573009
120 11.95 0.7 0.60824 0.613542 0.536021 -1.06691 -1.12216 -0.675782
121 12.05 0.68 0.499172 0.495124 0.551495 -0.626825 -1.49153 -0.747195
122 12.15 0.79 0.719108 0.701878 0.648331 -1.03114 -1.06707 -0.819607
123 12.25 0.725 0.696436 0.545488 0.585845 -1.20177 -1.0484 -0.850352
124 12.35 0.645 0.461969 0.512619 0.601136 -0.552969 -0.296168 -0.812614
125 12.45 0.77 0.516908 0.614259 0.650113 -0.951346 -0.652059 -1.01993
126 12.55 0.795 0.558423 0.765858 0.711018 -0.965921 -1.40163 -1.13461
127 12.65 0.775 0.653043 0.67992 0.614114 -0.858183 -1.33602 -1.00722
128 12.75 0.795 0.508853 0.64996 0.6503 -0.776932 -0.851635 -0.856174
129 12.85 0.665 0.736259 0.514806 0.556358 -0.824737 -0.786179 -0.835242
130 12.95 0.695 0.712588 0.572607 0.59425 -1.4978 -1.3116 -0.831388
131 13.05 0.805 0.757359 0.569239 0.588423 -1.50571 -1.46166 -0.658286
132 13.15 0.665 0.450401 0.702709 0.557305 -0.500796 -0.989458 -0.536658
133 13.25 0.74 0.630616 0.702131 0.584716 -0.270289 -0.579337 -0.383404
134 13.35 0.815 0.682295 0.703977 0.646774 -0.667619 -0.3298 -0.440532
135 13.45 0.835 0.649907 0.676295 0.799319 -0.512304 -0.0911426 -0.468249
136 13.55 0.82 0.667747 0.802888 0.713627 -0.556877 -0.397431 -0.57712
137 13.65 0.725 0.647312 0.579076 0.471222 -1.03397 -1.06995 -0.683663
138 13.75 0.75 0.599269 0.625796 0.620256 -0.345243 -0.507456 -0.788201
139 13.85 0.75 0.70873 0.678949 0.637698 -0.643509 -0.799569 -0.779109
140 13.95 0.685 0.664932 0.586057 0.67234 -0.324759 -0.603399 -0.652972
141 14.05 0.715 0.70646 0.701084 0.724104 -0.249954 -0.461738 -0.658201
142 14.15 0.87 0.847361 0.685339 0.616167 -0.767342 -0.559453 -0.745111
143 14.25 0.81 0.761306 0.706322 0.652476 -0.397182 -0.673578 -0.69113
144 14.35 0.7 0.616727 0.571941 0.424181 -0.439728 -0.532565 -0.664279
145 14.45 0.73 0.50739 0.725843 0.594808 -0.580449 -0.433213 -0.734773
146 14.55 0.785 0.603686 0.598188 0.614963 -0.70439 -0.609446 -0.720124
147 14.65 0.83 0.661732 0.664267 0.738396 -0.660427 -0.810456 -0.648648
148 14.75 0.77 0.719253 0.624581 0.618999 -1.22155 -1.01394 -0.761689
149 14.85 0.705 0.512472 0.796876 0.55882 -1.17065 -1.00658 -0.882397
150 14.95 0.72 0.525954 0.55164 0.569336 -1.08294 -1.17259 -0.835434
151 15.05 0.75 0.68928 0.740927 0.751724 -0.887575 -0.812028 -0.878217
152 15.15 0.705 0.513703 0.684734 0.73308 -0.919433 -0.774172 -0.875902
153 15.25 0.81 0.695493 0.669395 0.637027 -0.841226 -1.13068 -0.885762
154 15.35 0.74 0.709512 0.473588 0.478279 -0.563485 -0.696011 -0.886417
155 15.45 0.83 0.737093 0.737717 0.720248 -0.406937 -0.81007 -0.991367
156 15.55 0.725 0.802929 0.674948 0.54902 -1.1301 -0.817535 -1.042
157 15.65 0.665 0.610915 0.518729 0.387406 -0.951371 -0.991209 -1.05278
158 15.75 0.78 0.535788 0.628774 0.663015 -0.496222 -0.623901 -0.855448
159 15.85 0.8 0.710703 0.646685 0.83531 -0.350528 -0.855766 -0.814035
160 15.95 0.76 0.735964 0.644951 0.732099 -0.767913 -0.932547 -0.791003
161 16.05 0.8 0.742825 0.753337 0.685446 -0.968285 -1.16987 -0.758781
162 16.15 0.71 0.665919 0.59476 0.544419 -1.32945 -1.15435 -0.728882
163 16.25 0.705 0.632334 0.750694 0.702233 -0.903021 -1.36717 -0.699068
164 16.35 0.715 0.636428 0.59362 0.623421 -0.611775 -0.825618 -0.724718
165 16.45 0.825 0.754464 0.767236 0.717255 -0.391972 -1.0917 -0.772068
166 16.55 0.725 0.54304 0.656642 0.611068 -0.508784 -1.16239 -0.650826
167 16.65 0.785 0.664082 0.70188 0.627307 -0.803736 -1.23714 -0.623708
168 16.75 0.715 0.644124 0.652928 0.619225 -1.08567 -0.9132 -0.729067
169 16.85 0.71 0.559131 0.649739 0.509046 -0.415138 -0.889727 -0.796597
170 16.95 0.74 0.593538 0.664706 0.683268 -0.326599 -0.983709 -0.688164
171 17.05 0.81 0.658314 0.701516 0.660366 -0.97002 -0.241388 -0.668104
172 17.15 0.73 0.49873 0.525909 0.696983 -0.76003 -0.685983 -0.605606
173 17.25 0.79 0.68811 0.657821 0.610416 -1.0744 -1.08057 -0.655744
174 17.35 0.745 0.525568 0.860357 0.722573 -0.870562 -0.75097 -0.665913
175 17.45 0.775 0.525764 0.626091 0.646848 -1.10357 -0.785297 -0.648897
176 17.55 0.795 0.612982 0.725371 0.710193 -0.639392 -0.885134 -0.590159
177 17.65 0.7 0.600094 0.613884 0.666445 -0.829042 -0.575618 -0.658707
178 17.75 0.805 0.672303 0.770907 0.585342 -0.424548 -0.0160006 -0.686556
179 17.85 0.81 0.658018 0.591213 0.711889 -0.636933 -0.883679 -0.694345
180 17.95 0.715 0.672409 0.694194 0.515099 -0.150148 -0.865592 -0.831527
181 18.05 0.73 0.585208 0.604894 0.618998 -1.14374 -1.51122 -0.930625
182 18.15 0.72 0.644283 0.784281 0.558936 -0.838239 -1.32965 -0.926923
183 18.25 0.795 0.734441 0.664505 0.655637 -1.26477 -1.56944 -0.978355
184 18.35 0.75 0.553648 0.656016 0.562155 -1.3787 -1.37199 -0.995663
185 18.45 0.68 0.63698 0.637686 0.669515 -1.13805 -0.941366 -1.02753
186 18.55 0.76 0.635263 0.684505 0.531957 -1.04401 -0.920082 -0.932344
187 18.65 0.73 0.758637 0.587955 0.618893 -1.11614 -0.640469 -0.688428
188 18.75 0.765 0.673177 0.663019 0.557573 -0.789388 -0.533051 -0.605877
189 18.85 0.85 0.819981 0.677094 0.798159 -1.15441 -0.741547 -0.511212
190 18.95 0.795 0.703364 0.795411 0.579176 -1.11869 -0.525481 -0.584285
191 19.05 0.775 0.608777 0.648194 0.764219 -0.82034 -0.484413 -0.569282
192 19.15 0.665 0.572027 0.752289 0.654816 -1.03054 -0.590228 -0.63975
193 19.25 0.785 0.633367 0.558892 0.538169 -1.09146 -0.970171 -0.700824
194 19.35 0.8 0.697013 0.719637 0.568476 -0.559929 -1.35998 -0.794871
195 19.45 0.69 0.557781 0.571582 0.604001 -0.310283 -0.680843 -0.909982
196 19.55 0.67 0.598281 0.720306 0.47198 -0.9992 -1.37798 -1.14387
197 19.65 0.775 0.754748 0.593759 0.657213 -0.975907 -1.11923 -1.27919
198 19.75 0.82 0.72851 0.680326 0.612152 -1.12728 -1.44867 -1.26373
199 19.85 0.75 0.534465 0.601901 0.689468 -1.11549 -1.22072 -1.35342
200 19.95 0.68 0.703832 0.523095 0.60178 -0.937831 -0.97975 -1.31522
201 20.05 0.745 0.570184 0.476645 0.571082 -0.502762 -0.71891 -1.23041
202 20.15 0.795 0.600655 0.698874 0.750341 -0.636802 -1.09439 -1.11794
203 20.25 0.75 0.577532 0.733574 0.498236 -0.691426 -1.16319 -1.00038
204 20.35 0.77 0.515452 0.720308 0.770769 -0.698935 -0.94079 -0.896978
205 20.45 0.745 0.698415 0.513399 0.673351 -0.57502 -0.887088 -0.759166
206 20.55 0.71 0.524984 0.635867 0.634504 -0.947768 -0.943339 -0.67788
207 20.65 0.805 0.906001 0.743739 0.817059 -0.294994 -1.06642 -0.739206
208 20.75 0.775 0.569111 0.759895 0.659751 -0.957564 -1.15698 -0.693824
209 20.85 0.72 0.649448 0.700988 0.603301 -1.06325 -1.08653 -0.726701
210 20.95 0.76 0.701014 0.653452 0.621688 -0.971837 -0.768788 -0.701178
211 21.05 0.735 0.575121 0.680669 0.572401 -0.690517 -0.531679 -0.620022
212 21.15 0.75 0.668629 0.514694 0.683809 -0.461199 -0.358402 -0.561971
213 21.25 0.685 0.557068 0.480612 0.459024 -0.86349 -0.528077 -0.516304
214 21.35 0.855 0.707815 0.757344 0.692136 -0.258596 -0.633857 -0.587434
215 21.45 0.77 0.777778 0.691667 0.67493 -0.965281 -0.866663 -0.627139
216 21.55 0.79 0.681733 0.735641 0.569599 -0.954138 -0.576308 -0.644254
217 21.65 0.75 0.689593 0.598639 0.544195 -1.27258 -0.907083 -0.710807
218 21.75 0.76 0.677554 0.6576 0.661776 -0.73341 -0.939647 -0.674538
219 21.85 0.68 0.69132 0.503723 0.510688 -0.660161 -0.788722 -0.737666
220 21.95 0.76 0.627396 0.670663 0.60662 -1.07078 -1.45981 -0.775494
221 22.05 0.71 0.457084 0.636178 0.651847 -1.05557 -1.02106 -0.856694
222 22.15 0.785 0.699211 0.633849 0.7139 -0.782133 -0.584896 -0.925478
223 22.25 0.76 0.571824 0.576275 0.599048 -0.192085 -0.841501 -0.936891
224 22.35 0.735 0.760893 0.63327 0.615627 -0.971659 -0.909779 -0.93612
225 22.45 0.745 0.536731 0.574553 0.690907 -0.949018 -0.805391 -0.943345
226 22.55 0.72 0.617052 0.667127 0.6271 -0.600328 -1.02163 -1.02253
227 22.65 0.795 0.653299 0.701664 0.59791 -1.13933 -1.65179 -1.06534
228 22.75 0.715 0.651687 0.623756 0.637201 -1.10049 -1.532 -1.07467
229 22.85 0.78 0.685983 0.806558 0.622027 -0.864481 -0.965325 -1.04649
230 22.95 0.7 0.597578 0.634299 0.702647 -0.412029 -1.14723 -1.04921
231 23.05 0.725 0.64264 0.489615 0.543499 -0.368771 -0.697382 -0.958901
232 23.15 0.745 0.587534 0.64418 0.656629 -1.28828 -0.91936 -1.01342
233 23.25 0.755 0.772405 0.721096 0.5719 -0.935652 -0.698786 -0.998597
234 23.35 0.83 0.761875 0.629465 0.786587 -0.538121 -1.23244 -0.999255
235 23.45 0.655 0.532913 0.503683 0.644075 -0.505874 -1.09488 -0.9595
236 23.55 0.79 0.591279 0.788223 0.791955 -1.13568 -1.23251 -0.930173
237 23.65 0.66 0.639223 0.666974 0.607165 -1.33957 -0.921732 -0.917288
238 23.75 0.685 0.615256 0.739556 0.486706 -1.4868 -1.0391 -0.931053
239 23.85 0.815 0.536903 0.647524 0.581517 -1.55033 -1.27676 -0.899968
240 23.95 0.745 0.66403 0.653864 0.600421 -1.21446 -0.851088 -0.85079
241 24.05 0.745 0.718897 0.75099 0.614354 -0.732371 -1.15405 -0.734566
242 24.15 0.695 0.567739 0.588378 0.633047 -0.616888 -0.828452 -0.696826
243 24.25 0.695 0.637315 0.627224 0.818614 -1.13971 -0.818667 -0.67932
244 24.35 0.83 0.714562 0.701963 0.622793 -0.668274 -0.276945 -0.58625
245 24.45 0.665 0.430625 0.587976 0.755252 -0.854954 -0.521121 -0.559636
246 24.55 0.665 0.504578 0.558084 0.497154 -1.25136 -1.21579 -0.574087
247 24.65 0.685 0.56796 0.492053 0.601173 -0.986714 -0.863923 -0.59077
248 24.75 0.725 0.603625 0.599801 0.610047 -1.19061 -0.674551 -0.623259
249 24.85 0.76 0.616102 0.618685 0.841566 -1.26835 -1.04476 -0.633652
250 24.95 0.655 0.454335 0.479783 0.595904 -1.27243 -1.37959 -0.534218
251 25.05 0.75 0.655488 0.731433 0.557261 -1.08142 -0.924543 -0.489279
252 25.15 0.64 0.455501 0.540154 0.552116 -1.08937 -0.629522 -0.447727
253 25.25 0.61 0.579028 0.459981 0.470489 -1.02525 -0.722157 -0.481459
254 25.35 0.655 0.577754 0.564878 0.528596 -0.986399 -0.819693 -0.472976
255 25.45 0.605 0.509206 0.466677 0.400367 -0.724314 -0.623309 -0.418921
256 25.55 0.505 0.3824 0.397489 0.45447 -0.98822 -0.734879 -0.338211
257 25.65 0.585 0.314133 0.493548 0.394867 -0.957777 -0.661549 -0.296147
258 25.75 0.65 0.512781 0.609245 0.5164 -0.806183 -0.839649 -0.313589
259 25.85 0.54 0.453646 0.424268 0.429406 -0.570137 -0.543442 -0.306559
260 25.95 0.5 0.429607 0.441372 0.400239 -0.738462 -0.72961 -0.278995
261 26.05 0.475 0.373661 0.431906 0.392307 -0.838139 -0.561176 -0.303986
262 26.15 0.465 0.46671 0.394074 0.33991 -0.74875 -0.64933 -0.262534
263 26.25 0.365 0.316118 0.318752 0.312561 -0.427655 -0.582127 -0.190382
264 26.35 0.29 0.254164 0.27782 0.32331 -0.29808 -0.504581 -0.155852
265 26.45 0.395 0.387007 0.472042 0.273564 -0.0690941 -0.599871 -0.0925023
266 26.55 0.27 0.187689 0.184704 0.203805 -0.362174 -0.432179 -0.104328
267 26.65 0.25 0.203907 0.191353 0.198218 -0.366292 -0.424683 -0.12068
268 26.75 0.17 0.198076 0.138446 0.148924 -0.34718 -0.322448 -0.107715
269 26.85 0.175 0.101019 0.157786 0.19467 -0.269717 -0.176272 -0.102782
270 26.95 0.2 0.090894 0.142217 0.244673 -0.257241 -0.133339 -0.0922546
271 27.05 0.135 0.165702 0.0745724 0.119216 -0.194451 -0.118491 -0.0841823
272 27.15 0.195 0.153516 0.140417 0.223687 -0.163484 -0.132416 -0.0557127
273 27.25 0.11 0.118228 0.0801823 0.135715 -0.120176 -0.112254 -0.0211195
274 27.35 0.1 0.0533204 0.0781411 0.134559 -0.0822439 -0.0529438 -0.0309509
275 27.45 0.07 0.0483273 0.0493682 0.0804609 -0.0653834 -0.0246925 -0.0353584
276 27.55 0.06 0.0741516 0.0488692 0.0470113 -0.0417396 0.00359325 -0.0239821
277 27.65 0.05 0.0513797 0.0638558 0.0251744 -0.0252269 0.00550798 -0.0134221
278 27.75 0.045 0.034562 0.0524209 0.0192051 -0.0312827 -0.00733657 -0.0177518
279 27.85 0.025 0.0159883 0.0320337 0.00609561 -0.0293347 -0.0179521 -0.01321
280 27.95 0.065 0.0265914 0.0204262 0.0731226 -0.0253747 -0.018212 -0.0178304
281 28.05 0.035 0.0359184 0.0215462 0.0335454 -0.0157211 -0.0244707 -0.026979
282 28.15 0.02 0.0177309 0.0286708 0.0132351 -0.0265671 -0.0248321 -0.0220445
283 28.25 0.02 0.0128942 0.00642071 0.0159593 -0.00819143 -0.0124372 -0.0172456
284 28.35 0.04 0.0366111 0.0613522 0.0360585 -0.00638852 -0.00880407 -0.0124128
285 28.45 0.025 0.0193276 0.0505134 0.0161684 -0.00458313 -0.00662802 -0.00799706
286 28.55 0.015 0.00386675 0.00482139 0.012598 -0.00251481 -0.0052506 -0.00619242
287 28.65 0.01 0.0122862 0.0171896 0.0035892 -0.00205073 -0.0030975 -0.00508624
288 28.75 0.015 0.0207139 0.00301884 0.0161542 -0.00210323 -0.00311982 -0.00616362
289 28.85 0.015 0.0183968 0.00446193 0.00894541 -0.00190165 -0.00298569 -0.00626468
290 28.95 0.02 0.00899997 0.026522 0.00733922 -0.00153398 -0.00289256 -0.00560622
291 29.05 0.005 0.0030613 2.3285e-06 0.000665045 -0.00156082 -0.00330518 -0.00622874
292 29.15 0.02 0.0160746 0.00931672 0.0153244 -0.0014862 -0.00307716 -0.00600839
293 29.25 0.015 0.00541955 0.00795328 0.00437065 -0.00145226 -0.00231855 -0.00517412
294 29.35 0.015 0.0105116 0.0336965 0.00289591 -0.00143656 -0.00171413 -0.00468478
295 29.45 0.01 0.00631755 0.00952686 0.00379123 -0.00125978 -0.00166279 -0.00460262
296 29.55 0.025 0.0115133 0.00949415 0.00912277 -0.00144847 -0.00151583 -0.00443215
297 29.65 0 0 0 0 -0.00141522 -0.00150076 -0.00436277
298 29.75 0.005 0.0136655 0.000126359 0.00641686 -0.00141209 -0.00149738 -0.00434991
299 29.85 0.015 0.00505431 0.00709542 0.015165 -0.00287909 -0.00152626 -0.00390336
300 29.95 0.02 0.0206825 0.00362583 0.0110877 -0.00499422 -0.00139998 -0.00303212
301 30.05 0.02 0.0093587 0.0262196 0.00862077 -0.0154579 -0.00318043 -0.00229089
302 30.15 0.01 0.0118091 0.00668214 0.0102212 -0.000877645 -0.00292243 -0.00262773
303 30.25 0.025 0.0131137 0.00653193 0.0179372 -0.000858464 -0.00337869 -0.00276264
304 30.35 0.015 0.00610872 0.00997096 0.000780911 -0.000802495 -0.00316036 -0.00251159
305 30.45 0.015 0.000466802 0.0256191 0.0015533 -0.00119463 -0.00368182 -0.0029908
306 30.55 0.015 0.0321031 0.0048819 0.0634866 -0.00114299 -0.00274011 -0.00313295
307 30.65 0.01 0.0118127 0.0015763 0.0173364 -0.0012263 -0.0027242 -0.00307171
308 30.75 0.02 0.0218021 0.00537721 0.00614013 -0.00142552 -0.00282735 -0.00300163
309 30.85 0.025 0.0249422 0.0368036 0.0126747 0.00321605 -0.00198401 -0.00298265
310 30.95 0.03 0.0104508 0.0283966 0.0135134 -0.00144808 -0.00342513 -0.00320871
311 31.05 0.035 0.0253749 0.0379813 0.0185197 -0.0144447 -0.00397565 -0.00353211
312 31.15 0.015 0.006484 0.00522549 0.00220149 -0.00845161 -0.00351908 -0.00339349
313 31.25 0.025 0.0177399 0.00927846 0.0237204 -0.00945446 -0.00522127 -0.00362714
314 31.35 0.03 0.0171239 0.032336 0.0211852 -0.00526933 -0.00526419 -0.00464699
315 31.45 0.03 0.0435028 0.00765016 0.00529598 -0.0127857 -0.00799096 -0.00470868
316 31.55 0.02 0.0225393 0.0158594 0.0117099 -0.00487736 -0.00532057 -0.00456137
317 31.65 0.025 0.00292938 0.0204771 0.0206187 -0.00485125 -0.00452943 -0.00449439
318 31.75 0.01 0.000638173 0.0212918 0.000688815 -0.0049195 -0.00470311 -0.00516523
319 31.85 0.015 0.0042421 0.00940465 0.00839612 -0.00395818 -0.0044668 -0.00537586
320 31.95 0.01 0.0166109 0.00486693 0.00329486 -0.00182348 -0.00377776 -0.00487974
321 32.05 0.015 0.0370121 0.00241069 0.00496123 -0.00215439 -0.00205982 -0.00434916
322 32.15 0.005 0.00027929 0.00187132 0.00132585 -0.00186086 -0.00163087 -0.00415348
323 32.25 0.03 0.0401036 0.0147966 0.0108942 -0.00190887 -0.00196538 -0.00425588
324 32.35 0.01 0.00507246 0.00459443 0.00167463 -0.00189257 -0.00157621 -0.00431291
325 32.45 0 0 0 0 -0.0018598 -0.00156646 -0.00429826
326 32.55 0.02 0.0188035 0.00843281 0.0234338 -0.00187179 -0.00162296 -0.00428337
327 32.65 0.015 0.00969318 0.00766793 0.00111887 -0.00172001 -0.00103315 -0.00294395
328 32.75 0.045 0.0372919 0.0430765 0.0147234 -0.00127989 -0.000829018 -0.00165666
329 32.85 0.015 0.00454971 0.0268096 0.0132776 -0.000959758 -0.00105328 -0.00179431
330 32.95 0.015 0.01502 0.00655052 0.00215473 -0.000968367 -0.0012587 -0.00182731
331 33.05 0.015 0.00292563 0.00260042 0.00382237 -0.000787558 -0.00147566 -0.00183864
332 33.15 0.01 0.00309529 0.00283398 0.000693189 -0.000625373 -0.00114913 -0.001765
333 33.25 0.02 0.0203739 0.00807331 0.0201432 -0.000554367 -0.00113365 -0.00187056
334 33.35 0.005 3.33808e-05 0.00497309 0.0011827 -0.00152712 -0.00119723 -0.00255618
335 33.45 0 0 0 0 -0.00152519 -0.00119442 -0.00255335
336 33.55 0.015 0.0128468 0.0117971 0.00751747 -0.00193341 -0.000919422 -0.00233091
337 33.65 0.015 0.000409823 0.00147617 0.00835841 -0.00263902 -0.0011332 -0.00234249
338 33.75 0.015 0.0243357 0.00506327 0.00444409 -0.00280823 -0.00145037 -0.00240723
339 33.85 0.01 0.00242067 0.000569861 0.011313 -0.00301034 -0.00224503 -0.0023481
340 33.95 0.005 0.00123159 0.00365651 0.00719268 -0.00303486 -0.00239145 -0.00239684
341 34.05 0.01 0.00242096 0.00552155 0.00647805 -0.00264473 -0.00216801 -0.00218119
342 34.15 0.02 0.00423196 0.00742903 0.00687427 -0.00635345 -0.0024049 -0.00168534
343 34.25 0.015 0.0113536 0.00660947 0.00513427 -0.00529313 -0.00122395 -0.00161008
344 34.35 0.015 0.00645824 0.00258825 0.0037338 -0.0158682 -0.00286406 -0.00156294
345 34.45 0.015 0.0111988 0.00802268 0.0315606 -0.000557796 -0.00130387 -0.00139396
346 34.55 0.005 3.52992e-05 0.00497466 0.00115311 -0.000564243 -0.00128857 -0.00138848
347 34.65 0.02 0.00862812 0.0288962 0.0115763 -0.000466889 -0.00113933 -0.00126697
348 34.75 0.035 0.0137472 0.024317 0.0606725 0.00344394 1.73802e-05 -0.000584113
349 34.85 0.005 0.00125006 0.00259376 0.00175551 0.00745013 0.00245989 0.000115578
350 34.95 0.02 0.0173901 0.0068279 0.00643974 0.00730937 0.00238309 -0.000895095
351 35.05 0.05 0.021437 0.0415916 0.0160576 0.00482379 0.00108119 -0.00105165
352 35.15 0.015 0.0159872 0.00408671 0.0186917 -0.000551574 -0.00230816 0.00027898
353 35.25 0 0 0 0 -0.00056033 -0.00228457 0.000252373
354 35.35 0.02 0.0140681 0.00326451 0.0282139 -0.000813715 -0.00241508 4.16855e-05
355 35.45 0.025 0.00977988 0.0160321 0.0384333 0.00180192 0.000414176 0.000847724
356 35.55 0.03 0.00781887 0.0117087 0.0160324 0.00221775 0.000781487 0.00167156
357 35.65 0.005 0.00635335 0.00211394 0.00797698 0.00384092 0.00107439 0.00251481
358 35.75 0.01 0.00110416 0.0115056 0.00265199 0.00277037 0.000739953 0.00111256
359 35.85 0 0 0 0 0.000895328 6.92383e-05 -0.0013676
360 35.95 0.03 0.00854714 0.0276322 8.485e-05 0.00168225 -0.00103372 -0.00132866
12000 360
1 0.05 0.0142857 0.00759192 0.00705183 0.00405344 0.0014323 -0.00215297 -0.00165213
2 0.15 0.0190476 0.00755168 0.00645792 0.00486264 0.000837921 -0.00302996 -0.00207262
3 0.25 0.0238095 0.0115432 0.0108329 0.00349541 -0.00115611 -0.00423753 -0.00285954
4 0.35 0.0190476 0.00756341 0.00203654 0.0017832 -0.000865811 -0.00368022 -0.00203839
5 0.45 0.0142857 0.00489246 0.00221801 0.0344388 -0.000865387 -0.00355255 -0.00202899
6 0.55 0.0047619 0.0120549 0.000429569 0.0452414 -0.000836008 -0.0036496 -0.00205808
7 0.65 0.0238095 0.0110418 0.019691 0.0171735 -0.0013544 -0.0046202 -0.00233599
8 0.75 0.0238095 0.0098959 0.0168858 0.0113867 -0.00133063 -0.00533046 -0.00335563
9 0.85 0.0047619 1.98935e-05 0.00105483 0.00862286 -0.00151837 -0.0056482 -0.00383147
10 0.95 0.0142857 0.00956154 0.00720248 0.00291413 -0.0031251 -0.00390394 -0.00326326
11 1.05 0.00952381 0.000372696 0.00488879 1.56113e-05 -0.00336667 -0.00207246 -0.0026721
12 1.15 0.0142857 8.58058e-07 0.0144057 1.89496e-05 -0.00066704 -0.00165683 -0.00251737
13 1.25 0.0238095 0.0103602 0.00745492 0.0109584 -0.000613709 -0.00169517 -0.00252533
14 1.35 0.0190476 0.00976833 0.0125078 0.0126628 -0.000591045 -0.00200405 -0.00252908
15 1.45 0.00952381 0.000376652 0.00676077 0.0024567 -0.000550917 -0.00162437 -0.00251188
16 1.55 0.00952381 0.0089933 0.00495739 0.00399795 -0.000616727 -0.00201695 -0.00238637
17 1.65 0.00952381 0.00110863 0.00710467 1.56041e-05 -0.000633894 -0.000797636 -0.00173459
18 1.75 0.0142857 0.00972326 0.0205315 0.00744249 -0.00207936 -0.00268291 -0.00282352
19 1.85 0.00952381 0.000268947 0.0165886 0.00528984 -0.00220599 -0.00311033 -0.00280206
20 1.95 0.00952381 0.000418167 0.019852 0.000496611 -0.00222831 -0.00325448 -0.0027916
21 2.05 0.0047619 1.87315e-05 0.00337588 0.000104915 -0.00220449 -0.00314674 -0.00277723
22 2.15 0.00952381 0.0094648 0.00247423 0.00157766 -0.00238345 -0.00259262 -0.00268506
23 2.25 0.00952381 0.00953997 0.00227731 0.0229463 -0.00292587 -0.000902711 -0.00240396
24 2.35 0.0047619 0.00181742 0.00845122 0.00395134 -0.00292009 -0.000903843 -0.00240284
25 2.45 0.0190476 0.00410415 0.0110709 0.0137434 -0.00246622 -0.000910297 -0.0021791
26 2.55 0.0047619 0.000190762 0.000192059 0.00284017 -0.000900615 -0.000704002 -0.00175593
27 2.65 0.00952381 4.85019e-06 0.003471 0.0072996 -0.000600812 -0.000619191 -0.00166778
28 2.75 0.0142857 0.0178565 0.00652132 0.0174149 -0.000655488 -0.000613182 -0.0016387
29 2.85 0.0285714 0.00896099 0.0246844 0.0205675 -0.00165219 -0.000632001 -0.000936267
30 2.95 0.00952381 0.000386177 0.00339814 0.025908 -0.000357482 -0.000551874 -0.000433555
31 3.05 0.00952381 0.00247144 0.00357072 0.00361659 -0.00103831 -0.000272971 -0.000457739
32 3.15 0 0 0 0 -0.00149027 -0.000180987 -0.000649838
33 3.25 0 0 0 0 -0.00149027 -0.000180987 -0.000649838
34 3.35 0.0047619 0.00112583 0.000293512 0.0121405 -0.00148232 -0.000178392 -0.000659788
35 3.45 0.00952381 0.0106941 0.00119689 0.00289688 -0.000467098 0.00023954 0.00270719
36 3.55 0.0047619 0.00377843 0.00385156 0.00328895 0.00268156 0.00153921 0.0131677
37 3.65 0.0047619 0.00131671 0.0105769 0.000588625 0.00268102 0.00153902 0.013167
38 3.75 0.00952381 0.00852605 0.00248416 0.00643385 0.00369662 0.0015941 0.0135673
39 3.85 0.0047619 6.57082e-05 7.87301e-05 0.00300743 0.00405557 0.00161445 0.0137105
40 3.95 0 0 0 0 0.0040492 0.00161356 0.0137092
41 4.05 0 0 0 0 0.0040492 0.00161356 0.0137092
42 4.15 0.0190476 0.00713692 0.0111872 0.0330619 0.0229404 0.00323686 0.0137384
43 4.25 0.00952381 0.00571256 0.00522383 0.0118848 0.00399491 0.00156827 0.0136205
44 4.35 0.0047619 0.00764049 0.000903625 0.000241869 -7.66681e-05 -0.000118645 -0.00025986
45 4.45 0.0047619 0.00993486 0.000663251 0.00101549 -7.94348e-05 -0.000168682 -0.000440412
46 4.55 0.00952381 0.00205333 0.00981681 0.00850012 -0.000780229 -0.00124176 -0.000568733
47 4.65 0.0047619 0.00469195 2.45527e-05 0.000132157 -0.00141209 -0.00218674 -0.000709052
48 4.75 0.0142857 0.00671373 0.011122 0.00564561 0.00111591 0.00523685 0.00471688
49 4.85 0.0047619 4.80811e-05 0.000581724 0.00427174 0.00276665 0.0108991 0.00847641
50 4.95 0.0047619 4.52109e-05 0.00182523 0.0141782 0.00245541 0.0119274 0.00837626
51 5.05 0.0047619 1.85624e-08 1.602e-07 0.00451635 0.00195083 0.0116097 0.00783096
52 5.15 0.0142857 0.00736217 0.00365923 0.0049935 0.00262758 0.0117316 0.00784786
53 5.25 0.0142857 0.00311119 0.00727711 0.00931122 0.00333993 0.0118269 0.00784502
54 5.35 0.0047619 0.000372465 0.0101349 0.00541396 0.000219407 0.0025244 0.00105382
55 5.45 0.0047619 0.000581555 0.00219252 0.000347454 -0.000892059 -0.000817872 -0.00139737
56 5.55 0.00952381 0.00552314 0.00663768 0.00415884 -0.000898949 -0.000940188 -0.00149752
57 5.65 0 0 0 0 -0.000901677 -0.000944881 -0.00151248
58 5.75 0.0142857 0.00406895 0.00114072 0.00236784 -0.000934876 -0.000891384 -0.00128977
59 5.85 0.0142857 0.0115123 0.0142415 0.0176406 -0.000809612 -0.00141307 -0.000719562
60 5.95 0.0142857 0.0101928 0.00430734 0.0215434 -0.000678477 -0.00138087 0.000116018
61 6.05 0.0047619 0.0035821 0.00193487 0.00390294 0.000755827 -0.00128429 0.00604163
62 6.15 0.0142857 0.00638 0.00869253 0.00306733 0.000673796 -0.00130289 0.00596147
63 6.25 0.0142857 0.0131146 0.00213942 0.0564587 -0.0026444 -0.00280378 0.005656
64 6.35 0.0190476 0.014917 0.00193746 0.0382252 -0.0010037 -0.00138061 0.00455053
65 6.45 0.00952381 0.00262021 0.00199136 0.0103601 -0.000288934 -0.000347306 0.00411891
66 6.55 0.0047619 0.00498035 0.00021416 0.000532212 0.000680762 0.00157381 0.00485599
67 6.65 0 0 0 0 0.00505468 0.0101934 0.00827012
68 6.75 0.0238095 0.0110195 0.0137964 0.0263986 0.00499709 0.00995937 0.00773401
69 6.85 0.0142857 0.00996164 0.000453281 0.00301872 0.00420879 0.00960431 0.00530693
70 6.95 0.00952381 0.003853 0.00364355 0.00708956 0.0068733 0.0103264 4.11593e-05
71 7.05 0.0238095 0.0131143 0.0127783 0.0228417 0.0121278 0.00890643 -0.00177729
72 7.15 0.0142857 0.00170818 0.00752924 0.00788074 0.00610548 0.00329293 -0.00441125
73 7.25 0.0190476 0.00835578 0.00992124 0.0111887 -0.00348935 0.00132833 -0.00550973
74 7.35 0.0190476 0.00758125 0.0156099 0.0191947 -0.00748255 -0.00151116 -0.00834344
75 7.45 0.0238095 0.00872882 0.00734688 0.0174219 -0.00164658 -0.00628292 -0.00836789
76 7.55 0.00952381 0.00815517 0.005515 0.00364138 0.00316152 -0.00683196 -0.0102431
77 7.65 0.0238095 0.00881133 0.0219244 0.0401031 -0.0112264 -0.0148744 -0.0129995
78 7.75 0.047619 0.041276 0.0489249 0.0370142 -0.00923877 -0.0263213 -0.0234421
79 7.85 0.0380952 0.0213572 0.00935588 0.0263346 -0.0293444 -0.0310917 -0.0304682
80 7.95 0.0809524 0.0861951 0.0428225 0.0614323 -0.0374458 -0.0451063 -0.0373425
81 8.05 0.0666667 0.0566954 0.0497628 0.0468744 -0.0290749 -0.0531156 -0.0390667
82 8.15 0.1 0.0728056 0.0591322 0.0585081 -0.0408251 -0.0683136 -0.032432
83 8.25 0.0428571 0.0292359 0.0511734 0.0371956 -0.067646 -0.0754691 -0.0424558
84 8.35 0.0619048 0.0547299 0.0521017 0.0607374 -0.0432281 -0.00148414 -0.0417637
85 8.45 0.1 0.0755223 0.0805104 0.0493952 -0.0515713 -0.0815662 -0.0541796
86 8.55 0.157143 0.156153 0.123269 0.116165 -0.113497 -0.0711093 -0.0731485
87 8.65 0.114286 0.0492393 0.0905982 0.167186 -0.207618 -0.135886 -0.106445
88 8.75 0.133333 0.111288 0.121363 0.127286 -0.0466994 -0.0687804 -0.117422
89 8.85 0.152381 0.0816778 0.111273 0.0979442 -0.127977 -0.131097 -0.145845
90 8.95 0.157143 0.125487 0.201945 0.107247 -0.141219 -0.152735 -0.188232
91 9.05 0.157143 0.174527 0.167117 0.120744 -0.119875 -0.102893 -0.201334
92 9.15 0.204762 0.131752 0.187165 0.171388 -0.0588199 -0.188487 -0.220999
93 9.25 0.219048 0.189061 0.262977 0.153663 -0.285901 -0.33992 -0.246123
94 9.35 0.261905 0.233283 0.17433 0.267521 -0.185063 -0.355532 -0.268833
95 9.45 0.352381 0.29782 0.248689 0.359212 -0.456603 -0.352128 -0.278058
96 9.55 0.314286 0.273828 0.325285 0.218242 -0.489418 -0.374482 -0.305117
97 9.65 0.366667 0.300525 0.257446 0.263956 -0.328455 -0.391511 -0.300755
98 9.75 0.352381 0.318694 0.28182 0.355038 -0.2167 -0.464943 -0.285588
99 9.85 0.452381 0.432837 0.355843 0.413246 -0.489827 -0.490901 -0.297506
100 9.95 0.538095 0.505805 0.419475 0.439454 -0.660227 -0.603956 -0.300758
101 10.05 0.442857 0.46483 0.456083 0.376777 -0.669145 -0.691602 -0.327041
102 10.15 0.466667 0.398 0.39008 0.404034 -0.546049 -0.819784 -0.316732
103 10.25 0.538095 0.544741 0.394956 0.665558 -0.640706 -0.549273 -0.327738
104 10.35 0.62381 0.51545 0.49339 0.596511 -0.769195 -0.475346 -0.388708
105 10.45 0.604762 0.613007 0.555018 0.548702 -0.580161 -0.742546 -0.388918
106 10.55 0.666667 0.731363 0.585207 0.599172 -0.926939 -0.901808 -0.513174
107 10.65 0.619048 0.526163 0.50313 0.499741 -1.3688 -0.858809 -0.641307
108 10.75 0.604762 0.446991 0.596409 0.562292 -0.992757 -0.998407 -0.706067
109 10.85 0.604762 0.426402 0.510124 0.435596 -0.914907 -1.11887 -0.738581
110 10.95 0.657143 0.602149 0.583152 0.535807 -0.985483 -1.03875 -0.63752
111 11.05 0.633333 0.513792 0.4085 0.546602 -1.22565 -1.21057 -0.631486
112 11.15 0.647619 0.69549 0.488351 0.520925 -1.38898 -1.15944 -0.644151
113 11.25 0.638095 0.586055 0.577542 0.48844 -1.049 -1.03235 -0.660962
114 11.35 0.695238 0.708684 0.548115 0.550631 -1.14285 -1.06574 -0.665347
115 11.45 0.757143 0.539769 0.564271 0.587026 -1.22133 -1.12662 -0.654321
116 11.55 0.728571 0.608066 0.579173 0.706466 -0.626729 -0.781712 -0.621483
117 11.65 0.638095 0.601404 0.493244 0.511352 -0.721271 -0.578499 -0.53465
118 11.75 0.780952 0.694123 0.650776 0.67276 -0.385892 -0.517782 -0.516991
119 11.85 0.714286 0.557861 0.670663 0.540071 -0.445582 -0.703726 -0.562114
120 11.95 0.728571 0.66778 0.611793 0.575127 -0.915881 -1.11428 -0.658752
121 12.05 0.680952 0.520682 0.523088 0.549129 -0.585686 -1.46859 -0.73056
122 12.15 0.785714 0.717264 0.706286 0.6888 -0.997871 -1.00761 -0.821431
123 12.25 0.719048 0.670205 0.546428 0.577125 -1.20702 -1.00662 -0.862671
124 12.35 0.638095 0.451433 0.519594 0.602562 -0.584091 -0.262756 -0.837352
125 12.45 0.761905 0.533919 0.619783 0.643085 -0.921956 -0.644617 -1.02907
126 12.55 0.77619 0.596746 0.744198 0.697052 -0.897242 -1.39844 -1.14315
127 12.65 0.780952 0.65949 0.680683 0.638957 -0.778713 -1.32745 -1.01456
128 12.75 0.771429 0.485469 0.62683 0.632307 -0.761318 -0.876 -0.877915
129 12.85 0.67619 0.718266 0.512429 0.558378 -0.815902 -0.714135 -0.872446
130 12.95 0.695238 0.705252 0.564124 0.603864 -1.41805 -1.18933 -0.842711
131 13.05 0.82381 0.767259 0.576566 0.591073 -1.32741 -1.20974 -0.66081
132 13.15 0.671429 0.455992 0.711473 0.544479 -0.4581 -0.930302 -0.542665
133 13.25 0.733333 0.614723 0.677835 0.59028 -0.289368 -0.52668 -0.394235
134 13.35 0.8 0.666175 0.694811 0.644917 -0.65001 -0.250642 -0.439391
135 13.45 0.828571 0.675586 0.675155 0.764169 -0.412217 -0.0226616 -0.467514
136 13.55 0.790476 0.648549 0.781382 0.68373 -0.587514 -0.302073 -0.576466
137 13.65 0.780952 0.667904 0.664886 0.545394 -1.10238 -1.11654 -0.719656
138 13.75 0.733333 0.583077 0.608591 0.612289 -0.396426 -0.581023 -0.848994
139 13.85 0.757143 0.693609 0.70124 0.625408 -0.665718 -0.831765 -0.840275
140 13.95 0.680952 0.649538 0.581496 0.667553 -0.400334 -0.619106 -0.709948
141 14.05 0.7 0.689024 0.699861 0.69914 -0.203775 -0.457057 -0.694343
142 14.15 0.87619 0.901322 0.719185 0.603752 -0.737629 -0.455655 -0.758862
143 14.25 0.828571 0.743885 0.697596 0.656155 -0.391081 -0.619192 -0.685201
144 14.35 0.7 0.625723 0.583231 0.422085 -0.445469 -0.466941 -0.625303
145 14.45 0.72381 0.488733 0.712832 0.603339 -0.582161 -0.342939 -0.680693
146 14.55 0.785714 0.590605 0.581972 0.605383 -0.637432 -0.602784 -0.677637
147 14.65 0.828571 0.665678 0.642234 0.720935 -0.645992 -0.833934 -0.596024
148 14.75 0.780952 0.704981 0.678396 0.627606 -1.25409 -0.959187 -0.694404
149 14.85 0.690476 0.501396 0.781332 0.544862 -1.20106 -0.985811 -0.815713
150 14.95 0.738095 0.573982 0.547543 0.572796 -1.12837 -1.21986 -0.791473
151 15.05 0.742857 0.680026 0.707995 0.72148 -0.847725 -0.860095 -0.868196
152 15.15 0.695238 0.508973 0.668121 0.733052 -0.85258 -0.803648 -0.862567
153 15.25 0.809524 0.679088 0.677683 0.650498 -0.758123 -1.12737 -0.869722
154 15.35 0.738095 0.718706 0.469571 0.478736 -0.552153 -0.649744 -0.868043
155 15.45 0.866667 0.776174 0.740575 0.781743 -0.467072 -0.606249 -0.971899
156 15.55 0.709524 0.775232 0.64865 0.524143 -1.16099 -0.816004 -1.03042
157 15.65 0.666667 0.607857 0.517436 0.37849 -1.00044 -0.963197 -1.0716
158 15.75 0.771429 0.531593 0.616312 0.640555 -0.556575 -0.717046 -0.902152
159 15.85 0.804762 0.719473 0.666034 0.841352 -0.390518 -0.929331 -0.855965
160 15.95 0.747619 0.721689 0.625658 0.712777 -0.825327 -0.986311 -0.82993
161 16.05 0.809524 0.729676 0.776254 0.670457 -1.02054 -1.19043 -0.786229
162 16.15 0.709524 0.642551 0.596026 0.570677 -1.36966 -1.19067 -0.742147
163 16.25 0.690476 0.606414 0.750941 0.694538 -0.957444 -1.39924 -0.709778
164 16.35 0.72381 0.645954 0.57925 0.602059 -0.568865 -0.56267 -0.704038
165 16.45 0.842857 0.787203 0.769091 0.715322 -0.408836 -0.943448 -0.770381
166 16.55 0.709524 0.539597 0.6355 0.596947 -0.4804 -1.18447 -0.665589
167 16.65 0.780952 0.665697 0.68845 0.640742 -0.772683 -1.26603 -0.636492
168 16.75 0.709524 0.627684 0.680502 0.613191 -1.06506 -0.951038 -0.734081
169 16.85 0.690476 0.555635 0.627815 0.48889 -0.414016 -0.925146 -0.787685
170 16.95 0.738095 0.579326 0.66289 0.676882 -0.132776 -0.976947 -0.685603
171 17.05 0.809524 0.644835 0.700234 0.664686 -0.92055 -0.369707 -0.694145
172 17.15 0.742857 0.519593 0.546883 0.710693 -0.804701 -0.759242 -0.623075
173 17.25 0.795238 0.712279 0.64971 0.592208 -1.10571 -1.11701 -0.665962
174 17.35 0.728571 0.504609 0.842307 0.704924 -0.93195 -0.782036 -0.689989
175 17.45 0.766667 0.529502 0.639689 0.636085 -1.1502 -0.825241 -0.671921
176 17.55 0.780952 0.604455 0.732061 0.67987 -0.63451 -0.848307 -0.609012
177 17.65 0.719048 0.582466 0.652583 0.698211 -0.845368 -0.439373 -0.659157
178 17.75 0.8 0.660482 0.75692 0.596951 -0.440079 0.0599395 -0.671936
179 17.85 0.82381 0.690172 0.617147 0.713227 -0.688498 -0.922992 -0.696162
180 17.95 0.72381 0.663779 0.689415 0.517698 -0.180203 -0.790751 -0.809041
181 18.05 0.728571 0.596854 0.615768 0.617367 -1.12372 -1.42809 -0.913432
182 18.15 0.709524 0.633212 0.77556 0.574472 -0.859592 -1.36265 -0.886934
183 18.25 0.790476 0.734464 0.664328 0.658195 -1.25049 -1.57193 -0.926556
184 18.35 0.742857 0.54115 0.662112 0.568955 -1.33898 -1.29716 -0.936581
185 18.45 0.685714 0.641506 0.623715 0.664325 -1.08488 -0.897529 -0.973686
186 18.55 0.747619 0.615166 0.658774 0.522121 -1.02926 -0.929857 -0.915179
187 18.65 0.738095 0.78451 0.611595 0.636879 -1.04758 -0.614595 -0.684876
188 18.75 0.766667 0.658624 0.654081 0.588023 -0.763286 -0.487665 -0.603444
189 18.85 0.852381 0.815505 0.708209 0.798518 -1.1902 -0.578217 -0.528852
190 18.95 0.82381 0.737274 0.819929 0.645322 -1.23174 -0.540127 -0.609597
191 19.05 0.77619 0.603969 0.633794 0.748456 -0.827819 -0.521225 -0.586163
192 19.15 0.652381 0.566584 0.723106 0.649278 -0.980741 -0.587281 -0.643913
193 19.25 0.771429 0.646147 0.564375 0.551118 -1.02374 -0.961548 -0.698342
194 19.35 0.790476 0.684764 0.69928 0.583887 -0.46928 -1.34406 -0.790695
195 19.45 0.695238 0.59088 0.569207 0.593706 -0.336232 -0.724906 -0.93501
196 19.55 0.680952 0.634734 0.697536 0.517698 -1.04603 -1.46981 -1.18925
197 19.65 0.752381 0.721845 0.569151 0.626586 -1.01733 -1.22946 -1.31081
198 19.75 0.828571 0.74527 0.677634 0.625519 -1.07425 -1.51229 -1.27856
199 19.85 0.752381 0.536787 0.593258 0.704035 -1.07123 -1.2411 -1.35004
200 19.95 0.685714 0.697087 0.550572 0.613506 -0.937633 -0.98343 -1.29956
201 20.05 0.752381 0.602934 0.483775 0.602488 -0.527787 -0.725275 -1.22499
202 20.15 0.790476 0.597219 0.723686 0.73309 -0.623192 -1.03524 -1.11928
203 20.25 0.771429 0.581567 0.738175 0.498368 -0.704566 -1.1418 -0.992453
204 20.35 0.761905 0.527093 0.699571 0.776495 -0.687085 -0.910583 -0.866626
205 20.45 0.742857 0.687386 0.495532 0.658399 -0.520172 -0.739595 -0.727018
206 20.55 0.719048 0.553308 0.642118 0.624729 -0.823835 -0.940628 -0.624815
207 20.65 0.809524 0.891032 0.740414 0.860274 -0.33427 -1.11113 -0.698836
208 20.75 0.761905 0.554049 0.731118 0.688119 -0.926252 -1.17496 -0.668606
209 20.85 0.7 0.648564 0.669845 0.583933 -1.00678 -1.08665 -0.694888
210 20.95 0.752381 0.692279 0.628308 0.627582 -0.876209 -0.726704 -0.666055
211 21.05 0.742857 0.585409 0.677389 0.564181 -0.519194 -0.48938 -0.582782
212 21.15 0.771429 0.709715 0.519141 0.684484 -0.304356 -0.217227 -0.52949
213 21.25 0.72381 0.612927 0.54951 0.468464 -0.914136 -0.408666 -0.512009
214 21.35 0.857143 0.687338 0.758801 0.722389 -0.357849 -0.635414 -0.595115
215 21.45 0.757143 0.776083 0.696863 0.676091 -0.950029 -0.803856 -0.604656
216 21.55 0.761905 0.658045 0.704867 0.572249 -0.973589 -0.395573 -0.615314
217 21.65 0.738095 0.67788 0.619606 0.54805 -1.28318 -0.756904 -0.679542
218 21.75 0.766667 0.693469 0.644273 0.670733 -0.769193 -0.802111 -0.664221
219 21.85 0.67619 0.755347 0.506066 0.495569 -0.694773 -0.731649 -0.731416
220 21.95 0.757143 0.63499 0.678585 0.598142 -1.01906 -1.41362 -0.770294
221 22.05 0.72381 0.479153 0.640877 0.667388 -1.02649 -1.09123 -0.87418
222 22.15 0.819048 0.771734 0.676373 0.715068 -0.712667 -0.666609 -0.962964
223 22.25 0.766667 0.583702 0.615627 0.620818 -0.204402 -0.892129 -0.997973
224 22.35 0.72381 0.739061 0.620232 0.597257 -0.960511 -0.927983 -0.984915
225 22.45 0.742857 0.526306 0.583246 0.68938 -0.91309 -0.811294 -0.964636
226 22.55 0.704762 0.59934 0.662433 0.621695 -0.515039 -1.06966 -1.02637
227 22.65 0.766667 0.627933 0.694723 0.575266 -1.18133 -1.67156 -1.07306
228 22.75 0.733333 0.682842 0.673086 0.636833 -1.148 -1.57314 -1.08431
229 22.85 0.780952 0.697137 0.800219 0.623172 -0.913628 -1.04823 -1.03825
230 22.95 0.680952 0.574103 0.619577 0.670661 -0.460323 -1.17652 -1.04307
231 23.05 0.733333 0.655183 0.519906 0.538418 -0.371024 -0.80099 -0.963602
232 23.15 0.785714 0.626201 0.693413 0.673899 -1.19674 -1.04583 -1.00813
233 23.25 0.761905 0.771798 0.733794 0.573993 -0.88433 -0.761837 -0.99232
234 23.35 0.82381 0.759536 0.626822 0.790886 -0.609836 -1.26069 -1.01725
235 23.45 0.652381 0.517299 0.490309 0.63795 -0.568807 -1.10029 -0.972508
236 23.55 0.780952 0.591047 0.761172 0.79192 -1.14586 -1.19442 -0.917034
237 23.65 0.638095 0.622053 0.646343 0.580147 -1.33941 -0.899122 -0.90138
238 23.75 0.685714 0.627581 0.75609 0.488259 -1.46495 -1.00084 -0.921573
239 23.85 0.8 0.523681 0.621093 0.558445 -1.48311 -1.17199 -0.89739
240 23.95 0.747619 0.66777 0.645993 0.605317 -1.16223 -0.685227 -0.868695
241 24.05 0.809524 0.755927 0.822424 0.686293 -0.719669 -1.06715 -0.789923
242 24.15 0.690476 0.575223 0.571488 0.620019 -0.589492 -0.828282 -0.740783
243 24.25 0.67619 0.622013 0.621772 0.784113 -1.15786 -0.817506 -0.713449
244 24.35 0.842857 0.712539 0.687239 0.623781 -0.691737 -0.314336 -0.628221
245 24.45 0.642857 0.411458 0.584356 0.730407 -0.904061 -0.561256 -0.603398
246 24.55 0.652381 0.5235 0.54203 0.487198 -1.28045 -1.24552 -0.617286
247 24.65 0.67619 0.569871 0.492514 0.59487 -0.99783 -0.892553 -0.631233
248 24.75 0.728571 0.602337 0.589518 0.595375 -1.26495 -0.707848 -0.668452
249 24.85 0.742857 0.59225 0.598719 0.81358 -1.35834 -1.08172 -0.679913
250 24.95 0.690476 0.458165 0.490332 0.600394 -1.3066 -1.35991 -0.576058
251 25.05 0.761905 0.66083 0.7524 0.564058 -1.06156 -0.887147 -0.512464
252 25.15 0.652381 0.461682 0.52509 0.54644 -1.0281 -0.67045 -0.474101
253 25.25 0.585714 0.554078 0.441248 0.448161 -0.963157 -0.768292 -0.506794
254 25.35 0.661905 0.581919 0.563955 0.541578 -0.92545 -0.870714 -0.491346
255 25.45 0.595238 0.488803 0.447375 0.395821 -0.785235 -0.666793 -0.434371
256 25.55 0.504762 0.390674 0.38909 0.451594 -1.01019 -0.754139 -0.348141
257 25.65 0.57619 0.33685 0.485367 0.382407 -0.991283 -0.700625 -0.30773
258 25.75 0.652381 0.506868 0.594583 0.510762 -0.835699 -0.864467 -0.312211
259 25.85 0.533333 0.444171 0.424668 0.41986 -0.552923 -0.558041 -0.30136
260 25.95 0.485714 0.411423 0.441353 0.395285 -0.725413 -0.732028 -0.288281
261 26.05 0.480952 0.383074 0.448257 0.392325 -0.836619 -0.587159 -0.308881
262 26.15 0.466667 0.445507 0.389354 0.348521 -0.757099 -0.681679 -0.264891
263 26.25 0.37619 0.329015 0.348501 0.326703 -0.428992 -0.596869 -0.188505
264 26.35 0.295238 0.255204 0.269017 0.335058 -0.319129 -0.498989 -0.152079
265 26.45 0.390476 0.373955 0.460585 0.266032 -0.0868265 -0.577366 -0.0906935
266 26.55 0.266667 0.182742 0.18277 0.19803 -0.373185 -0.4391 -0.116321
267 26.65 0.252381 0.218564 0.184163 0.195897 -0.365529 -0.446425 -0.129961
268 26.75 0.171429 0.19943 0.132524 0.142921 -0.346835 -0.332669 -0.118265
269 26.85 0.180952 0.133884 0.159722 0.187514 -0.281139 -0.190364 -0.112519
270 26.95 0.2 0.0987078 0.140882 0.245208 -0.226455 -0.131666 -0.0937252
271 27.05 0.128571 0.157811 0.0710213 0.113539 -0.191013 -0.115636 -0.0841556
272 27.15 0.195238 0.165736 0.137571 0.225405 -0.161338 -0.127166 -0.0547585
273 27.25 0.104762 0.112598 0.0763641 0.129253 -0.121121 -0.108108 -0.0208031
274 27.35 0.0952381 0.0507814 0.0744201 0.128152 -0.084995 -0.0516222 -0.0301664
275 27.45 0.0714286 0.047452 0.0521366 0.077039 -0.0638612 -0.0261777 -0.0326103
276 27.55 0.0571429 0.0706206 0.0465421 0.0447727 -0.0412237 0.000726722 -0.0217345
277 27.65 0.047619 0.0489331 0.0608151 0.0239756 -0.0254974 0.00255027 -0.0116774
278 27.75 0.047619 0.0363715 0.0506203 0.0183081 -0.030825 -0.00886225 -0.0162057
279 27.85 0.0238095 0.015227 0.0305083 0.00580534 -0.0279956 -0.0171548 -0.0127769
280 27.95 0.0619048 0.0253251 0.0194535 0.0696406 -0.0242241 -0.0174023 -0.0171774
281 28.05 0.0333333 0.034208 0.0205202 0.031948 -0.0150302 -0.023363 -0.0258904
282 28.15 0.0190476 0.0168866 0.0273055 0.0126049 -0.0253597 -0.0237072 -0.0211907
283 28.25 0.0190476 0.0122802 0.00611497 0.0151993 -0.00785909 -0.0119025 -0.0166204
284 28.35 0.0380952 0.0348677 0.0584307 0.0343414 -0.00614204 -0.00844238 -0.0120178
285 28.45 0.0238095 0.0184072 0.048108 0.0153985 -0.00442261 -0.00636995 -0.00781227
286 28.55 0.0142857 0.00368262 0.0045918 0.0119981 -0.00245278 -0.00505813 -0.00609356
287 28.65 0.0142857 0.0187743 0.0183758 0.00396768 -0.00203853 -0.00300358 -0.00504029
288 28.75 0.0142857 0.0197275 0.00287509 0.0153849 -0.00218743 -0.00301068 -0.0060672
289 28.85 0.0190476 0.022699 0.010284 0.0138773 -0.00199711 -0.00288363 -0.00612413
290 28.95 0.0190476 0.0085714 0.025259 0.00698974 -0.00164763 -0.00279522 -0.00548081
291 29.05 0.0047619 0.00291552 2.21762e-06 0.000633376 -0.00167319 -0.00318818 -0.00607369
292 29.15 0.0190476 0.0153091 0.00887307 0.0145947 -0.00160213 -0.00297102 -0.00586383
293 29.25 0.0142857 0.00516148 0.00757455 0.00416253 -0.0015698 -0.00224854 -0.00506928
294 29.35 0.0142857 0.010011 0.0320919 0.00275801 -0.00155485 -0.0016729 -0.00460325
295 29.45 0.00952381 0.00601672 0.0090732 0.0036107 -0.00138649 -0.001624 -0.004525
296 29.55 0.0238095 0.010965 0.00904205 0.00868835 -0.0015662 -0.00148405 -0.00436264
297 29.65 0 0 0 0 -0.00153452 -0.00146969 -0.00429657
298 29.75 0.00952381 0.0198551 0.00955528 0.0258022 -0.00154036 -0.00147069 -0.00428211
299 29.85 0.0190476 0.00640015 0.0193913 0.0188304 -0.00257414 -0.000295248 -0.00225334
300 29.95 0.0190476 0.0196977 0.00345317 0.0105597 -0.00453128 -8.57961e-06 -0.00120905
301 30.05 0.0190476 0.00891305 0.0249711 0.00821025 -0.0144967 -0.00170425 -0.000503116
302 30.15 0.00952381 0.0112468 0.00636394 0.00973449 -0.000610734 -0.00145854 -0.000823917
303 30.25 0.0238095 0.0124893 0.00622089 0.017083 -0.000592466 -0.00189307 -0.000952408
304 30.35 0.0142857 0.00581783 0.00949615 0.000743724 -0.000539162 -0.00168513 -0.000713312
305 30.45 0.0142857 0.000444573 0.0243991 0.00147933 -0.000912625 -0.00218177 -0.0011697
306 30.55 0.0190476 0.0306281 0.00526448 0.0920568 -0.000905567 -0.00150176 -0.00157971
307 30.65 0.00952381 0.0112502 0.00150124 0.0165109 -0.00120606 -0.00262514 -0.00296314
308 30.75 0.0190476 0.020764 0.00512115 0.00584774 -0.00139579 -0.00272337 -0.00289639
309 30.85 0.0238095 0.0237545 0.035051 0.0120711 0.00302475 -0.00192019 -0.00287831
310 30.95 0.0285714 0.00995312 0.0270444 0.0128699 -0.00141728 -0.00329269 -0.00309361
311 31.05 0.0380952 0.0374345 0.0618175 0.0309669 -0.0137953 -0.00382035 -0.00340616
312 31.15 0.0142857 0.00617524 0.00497665 0.00209666 -0.00808842 -0.00339287 -0.00328408
313 31.25 0.0238095 0.0168951 0.00883662 0.0225908 -0.00904352 -0.005014 -0.0035066
314 31.35 0.0285714 0.0163085 0.0307962 0.0201764 -0.00505768 -0.00505487 -0.00447789
315 31.45 0.0285714 0.0414312 0.00728586 0.00504379 -0.0122162 -0.0076518 -0.00453664
316 31.55 0.0238095 0.0214794 0.0158931 0.0113569 -0.00465889 -0.00516592 -0.00437901
317 31.65 0.0238095 0.00278989 0.019502 0.0196368 -0.00462789 -0.00442625 -0.00431105
318 31.75 0.00952381 0.000607784 0.0202779 0.000656014 -0.00469289 -0.00459166 -0.00494994
319 31.85 0.0190476 0.00619135 0.0108328 0.00880941 -0.00379744 -0.00432196 -0.00540043
320 31.95 0.00952381 0.0158199 0.00463517 0.00313797 -0.00177037 -0.00365247 -0.00500216
321 32.05 0.0142857 0.0352496 0.00229589 0.00472498 -0.00208552 -0.00201634 -0.00449685
322 32.15 0.0047619 0.000265991 0.00178221 0.00126272 -0.00180597 -0.00160781 -0.00431048
323 32.25 0.0285714 0.0381939 0.014092 0.0103754 -0.0018517 -0.0019264 -0.004408
324 32.35 0.0142857 0.00712068 0.00600263 0.00577874 -0.00183629 -0.00155645 -0.00446596
325 32.45 0 0 0 0 -0.00180544 -0.00154928 -0.00446302
326 32.55 0.0190476 0.0179081 0.00803125 0.0223179 -0.00181686 -0.0016031 -0.00444883
327 32.65 0.0142857 0.0092316 0.00730279 0.00106559 -0.00167231 -0.00104137 -0.00317319
328 32.75 0.0428571 0.0355161 0.0410253 0.0140223 -0.00125315 -0.000846961 -0.0019472
329 32.85 0.0142857 0.00433305 0.0255329 0.0126454 -0.000948263 -0.00106054 -0.0020783
330 32.95 0.0142857 0.0143048 0.00623859 0.00205212 -0.000956462 -0.00125618 -0.00210973
331 33.05 0.0142857 0.00278632 0.00247659 0.00364035 -0.000784263 -0.00146281 -0.00212052
332 33.15 0.00952381 0.0029479 0.00269903 0.00066018 -0.000629801 -0.00115183 -0.00205039
333 33.25 0.0190476 0.0194037 0.00768887 0.019184 -0.000562176 -0.00113709 -0.00215092
334 33.35 0.0142857 0.00512875 0.00809518 0.00113125 -0.00156367 -0.00141713 -0.00267583
335 33.45 0 0 0 0 -0.00148089 -0.00115494 -0.00245106
336 33.55 0.0142857 0.012235 0.0112354 0.00715949 -0.00186967 -0.000893043 -0.00223922
337 33.65 0.0142857 0.000390308 0.00140588 0.00796039 -0.00254168 -0.00109664 -0.00225025
338 33.75 0.0190476 0.0234668 0.00523655 0.00580389 -0.00270119 -0.00139199 -0.00231087
339 33.85 0.00952381 0.0023054 0.000542725 0.0107743 -0.00289344 -0.0021478 -0.00225441
340 33.95 0.00952381 0.00120492 0.00954523 0.0103212 -0.00289982 -0.0022812 -0.00229049
341 34.05 0.00952381 0.00230568 0.00525861 0.00616957 -0.00251928 -0.00206521 -0.00207963
342 34.15 0.0190476 0.00403044 0.00707527 0.00654692 -0.0060514 -0.00229081 -0.0016074
343 34.25 0.0142857 0.0108129 0.00629473 0.00488978 -0.00504157 -0.0011661 -0.00153572
344 34.35 0.0142857 0.00615071 0.002465 0.003556 -0.0151131 -0.00272811 -0.00149082
345 34.45 0.0142857 0.0106655 0.00764065 0.0300577 -0.000531724 -0.00124221 -0.00132989
346 34.55 0.0047619 3.36183e-05 0.00473777 0.0010982 -0.000537865 -0.00122764 -0.00132468
347 34.65 0.0190476 0.00821726 0.0275202 0.0110251 -0.000445146 -0.00108551 -0.00120895
348 34.75 0.0333333 0.0130926 0.0231591 0.0577834 0.00327946 1.61216e-05 -0.000558608
349 34.85 0.0047619 0.00119053 0.00247025 0.00167191 0.00709487 0.00234232 0.000107764
350 34.95 0.0190476 0.016562 0.00650276 0.00613309 0.00696081 0.00226918 -0.000854782
351 35.05 0.047619 0.0204161 0.0396111 0.0152929 0.0045936 0.00102928 -0.00100388
352 35.15 0.0142857 0.0152259 0.0038921 0.0178016 -0.000525798 -0.00219868 0.000263385
353 35.25 0 0 0 0 -0.000534137 -0.00217621 0.000238045
354 35.35 0.0190476 0.0133982 0.00310906 0.0268704 -0.000775456 -0.00230051 3.73901e-05
355 35.45 0.0238095 0.00931417 0.0152687 0.0366031 0.00171562 0.000394023 0.000805046
356 35.55 0.0285714 0.00744655 0.0111512 0.015269 0.00211165 0.000743842 0.00158965
357 35.65 0.0047619 0.00605081 0.00201328 0.00759713 0.00365752 0.0010228 0.00239274
358 35.75 0.00952381 0.00105158 0.0109577 0.00252571 0.00263795 0.000704286 0.00105727
359 35.85 0 0 0 0 0.000852204 6.55104e-05 -0.00130478
360 35.95 0.0285714 0.00814013 0.0263164 8.08095e-05 0.00160165 -0.000984927 -0.0012677
12600 360
1 0.05 0.0136364 0.00724683 0.00673129 0.00386919 0.00132281 -0.00207013 -0.0016078
2 0.15 0.0181818 0.00720842 0.00616438 0.00464161 0.000755442 -0.00290726 -0.00200917
3 0.25 0.0227273 0.0110185 0.0103405 0.00333653 -0.00114795 -0.00405993 -0.00276033
4 0.35 0.0181818 0.00721962 0.00194397 0.00170215 -0.000870848 -0.00352795 -0.0019765
5 0.45 0.0136364 0.00467008 0.00211719 0.0328734 -0.000870444 -0.00340609 -0.00196752
6 0.55 0.00454545 0.011507 0.000410043 0.043185 -0.0008424 -0.00349873 -0.00199529
7 0.65 0.0227273 0.0105399 0.018796 0.0163928 -0.00133723 -0.00442521 -0.00226057
8 0.75 0.0227273 0.00944608 0.0161183 0.0108691 -0.00131454 -0.00510319 -0.00323387
9 0.85 0.00454545 1.89892e-05 0.00100689 0.00823091 -0.00149374 -0.00540649 -0.00368807
10 0.95 0.0181818 0.0147222 0.0129604 0.0460768 -0.00299665 -0.00373126 -0.00313388
11 1.05 0.00909091 0.000355755 0.00466657 1.49017e-05 -0.00322402 -0.00198195 -0.00256836
12 1.15 0.0136364 8.19056e-07 0.0137509 1.80883e-05 -0.000647104 -0.00158521 -0.00242066
13 1.25 0.0227273 0.00988926 0.00711606 0.0104603 -0.000596197 -0.00162182 -0.00242826
14 1.35 0.0181818 0.00932432 0.0119393 0.0120872 -0.000574564 -0.00191666 -0.00243184
15 1.45 0.00909091 0.000359531 0.00645346 0.00234503 -0.000536259 -0.00155424 -0.00241542
16 1.55 0.00909091 0.00858451 0.00473205 0.00381622 -0.000599079 -0.00192897 -0.00229561
17 1.65 0.00909091 0.00105824 0.00678173 1.48948e-05 -0.000615465 -0.000765079 -0.00167346
18 1.75 0.0136364 0.0092813 0.0195983 0.0071042 -0.00199523 -0.00256466 -0.0027129
19 1.85 0.00909091 0.000256723 0.0158346 0.0050494 -0.0021161 -0.00297266 -0.00269241
20 1.95 0.00909091 0.000399159 0.0189496 0.000474038 -0.00213741 -0.00311025 -0.00268243
21 2.05 0.00909091 0.000178613 0.0115151 0.00243361 -0.00212158 -0.00304044 -0.00270003
22 2.15 0.00909091 0.00903458 0.00236177 0.00150595 -0.00230156 -0.00255524 -0.00265349
23 2.25 0.00909091 0.00910634 0.0021738 0.0219033 -0.00281932 -0.000942143 -0.00238517
24 2.35 0.00454545 0.00173481 0.00806708 0.00377173 -0.0028138 -0.000943224 -0.0023841
25 2.45 0.0181818 0.0039176 0.0105676 0.0131187 -0.00238057 -0.000949385 -0.00217053
26 2.55 0.00909091 0.00186112 0.00181661 0.0033765 -0.000897281 -0.000749798 -0.00177132
27 2.65 0.00909091 4.62972e-06 0.00331322 0.0069678 -0.000656789 -0.000657915 -0.00170649
28 2.75 0.0136364 0.0170449 0.0062249 0.0166233 -0.000708981 -0.000652179 -0.00167874
29 2.85 0.0272727 0.00855367 0.0235624 0.0196326 -0.00166038 -0.000670143 -0.00100823
30 2.95 0.00909091 0.000368623 0.00324368 0.0247303 -0.00042452 -0.000593659 -0.000528369
31 3.05 0.00909091 0.00235911 0.00340841 0.0034522 -0.0010744 -0.000327432 -0.000551454
32 3.15 0 0 0 0 -0.00150582 -0.000239629 -0.000734821
33 3.25 0 0 0 0 -0.00150582 -0.000239629 -0.000734821
34 3.35 0.00454545 0.00107466 0.00028017 0.0115887 -0.00149823 -0.000237152 -0.000744319
35 3.45 0.00909091 0.010208 0.00114249 0.0027652 -0.000529153 0.000161783 0.00246961
36 3.55 0.00909091 0.00496948 0.00464923 0.00618515 0.00249143 0.00141476 0.0124757
37 3.65 0.00454545 0.00125686 0.0100961 0.00056187 0.0025549 0.00146723 0.0125646
38 3.75 0.00909091 0.00813851 0.00237124 0.0061414 0.00352434 0.0015198 0.0129468
39 3.85 0.00454545 6.27215e-05 7.51515e-05 0.00287073 0.00386697 0.00153923 0.0130834
40 3.95 0 0 0 0 0.00386089 0.00153838 0.0130822
41 4.05 0 0 0 0 0.00386089 0.00153838 0.0130822
42 4.15 0.0181818 0.00681251 0.0106787 0.0315591 0.0218934 0.0030879 0.01311
43 4.25 0.00909091 0.0054529 0.00498639 0.0113446 0.00380907 0.00149515 0.0129975
44 4.35 0.00454545 0.0072932 0.000862551 0.000230875 -7.74364e-05 -0.000115087 -0.000251922
45 4.45 0.00454545 0.00948327 0.000633103 0.000969331 -8.00773e-05 -0.00016285 -0.000424267
46 4.55 0.0136364 0.00301855 0.0192837 0.00893661 -0.000785205 -0.00119432 -0.000593823
47 4.65 0.00454545 0.00447868 2.34366e-05 0.00012615 -0.00142481 -0.00210357 -0.00077519
48 4.75 0.0136364 0.00640856 0.0106165 0.00538899 0.00098828 0.00498258 0.00440411
49 4.85 0.00454545 4.58956e-05 0.000555282 0.00407757 0.00256399 0.0103874 0.00799275
50 4.95 0.00454545 4.31558e-05 0.00174227 0.0135337 0.0022669 0.011369 0.00789716
51 5.05 0.00909091 0.0154289 0.00193518 0.00494383 0.00175218 0.0110094 0.00734272
52 5.15 0.0136364 0.00702753 0.00349291 0.00476652 0.00238852 0.0111094 0.00734896
53 5.25 0.0136364 0.00296977 0.00694633 0.00888799 0.00306849 0.0112004 0.00734625
54 5.35 0.00454545 0.000355534 0.00967423 0.00516787 8.98153e-05 0.0023207 0.000863737
55 5.45 0.00454545 0.00055512 0.00209286 0.000331661 -0.000971129 -0.000869649 -0.00147603
56 5.55 0.00909091 0.00527209 0.00633597 0.0039698 -0.000977706 -0.000986406 -0.00157163
57 5.65 0 0 0 0 -0.00098031 -0.000990885 -0.00158591
58 5.75 0.0136364 0.003884 0.00108887 0.00226021 -0.001012 -0.00093982 -0.00137332
59 5.85 0.0136364 0.010989 0.0135942 0.0168388 -0.00089243 -0.00143779 -0.000829034
60 5.95 0.0181818 0.0149331 0.00413267 0.0328776 -0.000862065 -0.00308223 -0.000129815
61 6.05 0.00909091 0.00717155 0.00591301 0.00417422 0.000125492 -0.00188937 0.00516817
62 6.15 0.0181818 0.0108088 0.0102751 0.00385175 0.000112888 -0.0016943 0.0050957
63 6.25 0.0136364 0.0125184 0.00204217 0.0538924 -0.00289983 -0.00297937 0.00481465
64 6.35 0.0181818 0.014239 0.00184939 0.0364876 -0.0013337 -0.00162088 0.00375943
65 6.45 0.00909091 0.00250111 0.00190084 0.00988919 -0.000651427 -0.000634548 0.00334743
66 6.55 0.00454545 0.00475397 0.000204426 0.000508021 0.000274192 0.00119924 0.004051
67 6.65 0.00454545 0.00760496 0.00377246 0.000527456 0.00443659 0.00939612 0.00725474
68 6.75 0.0227273 0.0105186 0.0131692 0.0251987 0.0043343 0.00905787 0.00653753
69 6.85 0.0136364 0.00950884 0.000432677 0.0028815 0.00358184 0.00871895 0.00422077
70 6.95 0.0136364 0.00835028 0.00348984 0.00886735 0.00634781 0.00956028 -0.00105533
71 7.05 0.0227273 0.0125182 0.0121975 0.0218035 0.011381 0.00821683 -0.00281078
72 7.15 0.0136364 0.00163053 0.007187 0.00752252 0.00563241 0.00285849 -0.00532501
73 7.25 0.0181818 0.00797598 0.00947028 0.0106801 -0.00352629 0.000983196 -0.00637357
74 7.35 0.0227273 0.00842098 0.0164383 0.0183303 -0.00837325 -0.00268908 -0.00957038
75 7.45 0.0227273 0.00833206 0.00701293 0.01663 -0.00366269 -0.00804308 -0.0100024
76 7.55 0.00909091 0.00778448 0.00526431 0.00347587 0.00092687 -0.00856716 -0.0117924
77 7.65 0.0227273 0.00841082 0.0209278 0.0382802 -0.012807 -0.016244 -0.0144235
78 7.75 0.05 0.042847 0.0467017 0.0462749 -0.0115591 -0.0295995 -0.0251616
79 7.85 0.0363636 0.0203864 0.00893062 0.0251376 -0.0310399 -0.0352342 -0.0322111
80 7.95 0.0863636 0.0922662 0.0439627 0.0591786 -0.0379533 -0.0467512 -0.0408899
81 8.05 0.0636364 0.0541184 0.0475008 0.0447437 -0.0297279 -0.0537795 -0.043551
82 8.15 0.0954545 0.0694962 0.0564443 0.0558487 -0.040944 -0.0682867 -0.0372179
83 8.25 0.0454545 0.0336193 0.0513302 0.036914 -0.0667472 -0.0754589 -0.0478932
84 8.35 0.0636364 0.0688337 0.0498254 0.0603765 -0.0435933 -0.00492888 -0.0476275
85 8.45 0.0954545 0.0720894 0.0768509 0.0471499 -0.0519622 -0.0815565 -0.0603683
86 8.55 0.15 0.149055 0.117666 0.110885 -0.111073 -0.071575 -0.078475
87 8.65 0.122727 0.0473506 0.0912217 0.166511 -0.203339 -0.136634 -0.111924
88 8.75 0.136364 0.133557 0.116538 0.124905 -0.0561399 -0.0772617 -0.12578
89 8.85 0.145455 0.0779651 0.106215 0.0934922 -0.13612 -0.138052 -0.154833
90 8.95 0.154545 0.120074 0.193205 0.104621 -0.146586 -0.154817 -0.193205
91 9.05 0.159091 0.168824 0.167488 0.118074 -0.134211 -0.109134 -0.207172
92 9.15 0.2 0.126291 0.179487 0.163624 -0.0724578 -0.195704 -0.22767
93 9.25 0.222727 0.188149 0.253113 0.14734 -0.307355 -0.342035 -0.254224
94 9.35 0.259091 0.224631 0.171924 0.259374 -0.207247 -0.375221 -0.27927
95 9.45 0.345455 0.292488 0.248162 0.349362 -0.471927 -0.366176 -0.292188
96 9.55 0.318182 0.275974 0.321521 0.253168 -0.510589 -0.388055 -0.321329
97 9.65 0.368182 0.320909 0.259746 0.260067 -0.377012 -0.431141 -0.320812
98 9.75 0.359091 0.312896 0.283572 0.365085 -0.278581 -0.492825 -0.301117
99 9.85 0.454545 0.428874 0.359231 0.422309 -0.525873 -0.502027 -0.31237
100 9.95 0.536364 0.506989 0.406533 0.431968 -0.707766 -0.624443 -0.30821
101 10.05 0.459091 0.48599 0.462446 0.45252 -0.616243 -0.723633 -0.33103
102 10.15 0.463636 0.392939 0.416345 0.397284 -0.581107 -0.818698 -0.319026
103 10.25 0.531818 0.535167 0.38814 0.654103 -0.692547 -0.5728 -0.319535
104 10.35 0.613636 0.496691 0.499521 0.581321 -0.829443 -0.516077 -0.377398
105 10.45 0.613636 0.594583 0.555811 0.535266 -0.636202 -0.725577 -0.382404
106 10.55 0.659091 0.726524 0.568889 0.580788 -0.945213 -0.820204 -0.478747
107 10.65 0.631818 0.538134 0.502939 0.531503 -1.27555 -0.860067 -0.59492
108 10.75 0.595455 0.447493 0.571328 0.547667 -0.869761 -0.995934 -0.64969
109 10.85 0.613636 0.425528 0.509839 0.433661 -0.818684 -1.13567 -0.690736
110 10.95 0.668182 0.618996 0.58863 0.542891 -0.953345 -1.08278 -0.602178
111 11.05 0.618182 0.516828 0.394185 0.545492 -1.22562 -1.24249 -0.60236
112 11.15 0.668182 0.681287 0.539005 0.529846 -1.37535 -1.13076 -0.635384
113 11.25 0.622727 0.587145 0.554227 0.478388 -1.04036 -1.03072 -0.671619
114 11.35 0.686364 0.69977 0.566933 0.579749 -1.13514 -1.0411 -0.67888
115 11.45 0.777273 0.607603 0.57424 0.594295 -1.23886 -1.12061 -0.684002
116 11.55 0.713636 0.594779 0.564075 0.684638 -0.611797 -0.745633 -0.642662
117 11.65 0.636364 0.581365 0.510568 0.513092 -0.69129 -0.534684 -0.56468
118 11.75 0.795455 0.708322 0.658855 0.677143 -0.431731 -0.527073 -0.552287
119 11.85 0.736364 0.560563 0.724824 0.58375 -0.487203 -0.727806 -0.596972
120 11.95 0.709091 0.643006 0.610485 0.55041 -0.955684 -1.08967 -0.682513
121 12.05 0.686364 0.518524 0.524084 0.560573 -0.637344 -1.40842 -0.755568
122 12.15 0.781818 0.702648 0.69148 0.672799 -1.05365 -1.00159 -0.844887
123 12.25 0.740909 0.680642 0.557892 0.584433 -1.23194 -0.848809 -0.86722
124 12.35 0.631818 0.453453 0.512327 0.593069 -0.562086 -0.291999 -0.835046
125 12.45 0.759091 0.53987 0.622777 0.633386 -0.930588 -0.604502 -1.0139
126 12.55 0.781818 0.601098 0.74437 0.683212 -0.862932 -1.30254 -1.12053
127 12.65 0.772727 0.64646 0.665595 0.649966 -0.702095 -1.30987 -1.01459
128 12.75 0.777273 0.482627 0.630089 0.636821 -0.766324 -0.898373 -0.869861
129 12.85 0.672727 0.725606 0.496109 0.546479 -0.818242 -0.638701 -0.859898
130 12.95 0.709091 0.699963 0.566753 0.651256 -1.33012 -1.08755 -0.829522
131 13.05 0.813636 0.765308 0.565607 0.593406 -1.30326 -1.16857 -0.660075
132 13.15 0.686364 0.48033 0.705511 0.574424 -0.494378 -0.959058 -0.56558
133 13.25 0.736364 0.611229 0.669305 0.581612 -0.223849 -0.525077 -0.445872
134 13.35 0.777273 0.653067 0.671501 0.625077 -0.486151 -0.317886 -0.492013
135 13.45 0.840909 0.665971 0.680342 0.77328 -0.385668 -0.146669 -0.51444
136 13.55 0.790909 0.661648 0.79453 0.682184 -0.623571 -0.375305 -0.59858
137 13.65 0.768182 0.654713 0.641579 0.558948 -1.07463 -1.14377 -0.732134
138 13.75 0.731818 0.584178 0.638704 0.611072 -0.385313 -0.620747 -0.846164
139 13.85 0.759091 0.676064 0.698175 0.634184 -0.691216 -0.892909 -0.829708
140 13.95 0.668182 0.628363 0.574044 0.651419 -0.423037 -0.680487 -0.700853
141 14.05 0.695455 0.680674 0.681446 0.706844 -0.218497 -0.530452 -0.696519
142 14.15 0.881818 0.891821 0.716994 0.624606 -0.76235 -0.526413 -0.751758
143 14.25 0.822727 0.727133 0.694394 0.643297 -0.34818 -0.660089 -0.654568
144 14.35 0.690909 0.65061 0.572495 0.414176 -0.357669 -0.477173 -0.570613
145 14.45 0.727273 0.475519 0.698551 0.604473 -0.561199 -0.33489 -0.635015
146 14.55 0.790909 0.583717 0.588297 0.608493 -0.655027 -0.602484 -0.634574
147 14.65 0.818182 0.655906 0.630025 0.737036 -0.662951 -0.882376 -0.543202
148 14.75 0.777273 0.707437 0.683198 0.642665 -1.29244 -1.0154 -0.642407
149 14.85 0.686364 0.498284 0.793882 0.542883 -1.14094 -0.909221 -0.752285
150 14.95 0.722727 0.579415 0.53603 0.553826 -1.10477 -1.24637 -0.717645
151 15.05 0.75 0.690968 0.692007 0.735772 -0.783606 -0.877923 -0.818321
152 15.15 0.690909 0.514593 0.666152 0.714789 -0.752032 -0.736504 -0.804541
153 15.25 0.836364 0.755225 0.686768 0.681712 -0.737804 -1.06839 -0.83134
154 15.35 0.740909 0.705025 0.46259 0.487809 -0.579845 -0.535777 -0.827983
155 15.45 0.85 0.7569 0.724729 0.778446 -0.511936 -0.470392 -0.937521
156 15.55 0.731818 0.779815 0.667895 0.549271 -1.1757 -0.707591 -1.00772
157 15.65 0.668182 0.629612 0.525213 0.384988 -0.895165 -0.894136 -1.05323
158 15.75 0.759091 0.520038 0.615751 0.639771 -0.426821 -0.754189 -0.91121
159 15.85 0.786364 0.698596 0.667519 0.814356 -0.438267 -0.923457 -0.86312
160 15.95 0.740909 0.747363 0.628123 0.702152 -0.857587 -0.928534 -0.837063
161 16.05 0.804545 0.750053 0.760091 0.655821 -1.06471 -1.07056 -0.81904
162 16.15 0.722727 0.679283 0.592109 0.57499 -1.11757 -1.06145 -0.790495
163 16.25 0.690909 0.584122 0.724212 0.693475 -0.998906 -1.41562 -0.751819
164 16.35 0.713636 0.638074 0.588626 0.585075 -0.645706 -0.627013 -0.735821
165 16.45 0.85 0.803217 0.76817 0.73303 -0.475511 -0.896316 -0.793779
166 16.55 0.713636 0.532634 0.628364 0.578393 -0.523153 -1.16607 -0.679114
167 16.65 0.786364 0.670238 0.703084 0.637932 -0.66108 -1.25793 -0.638586
168 16.75 0.704545 0.62957 0.654822 0.603522 -0.998584 -0.966554 -0.730926
169 16.85 0.690909 0.549402 0.622364 0.506265 -0.49417 -0.899522 -0.794912
170 16.95 0.740909 0.573442 0.645699 0.660922 -0.239975 -0.978919 -0.704004
171 17.05 0.813636 0.657091 0.705089 0.65683 -0.930965 -0.435096 -0.72033
172 17.15 0.736364 0.528892 0.535331 0.694283 -0.780039 -0.751208 -0.635318
173 17.25 0.795455 0.692875 0.650984 0.578417 -0.99652 -1.06331 -0.674978
174 17.35 0.731818 0.493189 0.85917 0.683291 -0.889647 -0.787186 -0.697174
175 17.45 0.772727 0.561066 0.658861 0.631383 -1.10946 -0.794858 -0.671794
176 17.55 0.763636 0.606392 0.710893 0.653617 -0.618839 -0.834928 -0.588818
177 17.65 0.736364 0.586512 0.665188 0.698271 -0.788699 -0.480901 -0.639025
178 17.75 0.790909 0.655133 0.746949 0.573445 -0.500291 0.0163726 -0.629311
179 17.85 0.831818 0.677847 0.645489 0.724588 -0.736567 -0.901812 -0.653726
180 17.95 0.727273 0.649632 0.707895 0.510853 -0.223249 -0.795057 -0.765826
181 18.05 0.727273 0.581484 0.617438 0.604395 -1.13833 -1.41317 -0.89054
182 18.15 0.709091 0.635155 0.776063 0.602701 -0.753751 -1.40873 -0.882702
183 18.25 0.795455 0.731718 0.656879 0.660879 -1.23054 -1.51115 -0.924554
184 18.35 0.736364 0.548618 0.669862 0.550638 -1.33819 -1.30047 -0.940523
185 18.45 0.681818 0.634126 0.6073 0.650808 -1.08986 -0.946514 -0.962857
186 18.55 0.740909 0.607414 0.647973 0.513548 -1.09062 -0.96334 -0.936337
187 18.65 0.727273 0.770211 0.59451 0.626322 -0.815426 -0.518031 -0.712428
188 18.75 0.772727 0.656765 0.664401 0.578957 -0.789648 -0.46042 -0.632642
189 18.85 0.840909 0.814059 0.694054 0.789309 -1.25923 -0.627777 -0.561258
190 18.95 0.831818 0.777545 0.810165 0.698364 -1.25124 -0.571582 -0.636269
191 19.05 0.772727 0.599806 0.612603 0.725565 -0.794635 -0.570661 -0.62964
192 19.15 0.668182 0.574651 0.740535 0.699929 -0.926597 -0.511396 -0.671134
193 19.25 0.763636 0.633652 0.553613 0.545506 -1.0077 -0.988886 -0.722785
194 19.35 0.781818 0.685405 0.708747 0.574991 -0.419242 -1.29891 -0.819492
195 19.45 0.695455 0.633926 0.560828 0.603312 -0.399325 -0.716405 -0.946487
196 19.55 0.663636 0.631231 0.667717 0.503131 -1.07374 -1.47063 -1.20019
197 19.65 0.759091 0.716145 0.572065 0.647664 -1.05402 -1.27281 -1.32489
198 19.75 0.818182 0.754824 0.675295 0.622602 -1.0711 -1.49124 -1.29305
199 19.85 0.768182 0.564552 0.581669 0.729402 -1.06669 -1.25431 -1.37212
200 19.95 0.681818 0.681487 0.549691 0.593982 -0.854402 -0.933458 -1.2838
201 20.05 0.768182 0.598604 0.522215 0.592967 -0.588861 -0.707789 -1.20149
202 20.15 0.786364 0.597947 0.71667 0.753493 -0.645205 -1.0705 -1.09228
203 20.25 0.772727 0.59927 0.721967 0.494104 -0.691527 -1.11339 -0.976994
204 20.35 0.759091 0.538777 0.733431 0.774832 -0.688643 -0.937774 -0.852863
205 20.45 0.736364 0.664707 0.484 0.651596 -0.538206 -0.818136 -0.720229
206 20.55 0.722727 0.587763 0.639442 0.615854 -0.86793 -1.02533 -0.622285
207 20.65 0.790909 0.87388 0.721512 0.840112 -0.399403 -1.14263 -0.675811
208 20.75 0.75 0.535108 0.723331 0.66974 -0.865399 -1.1598 -0.644014
209 20.85 0.731818 0.668522 0.667469 0.622644 -0.743682 -1.02719 -0.684159
210 20.95 0.75 0.666804 0.613175 0.626482 -0.877296 -0.731354 -0.663686
211 21.05 0.745455 0.578033 0.666288 0.548815 -0.520619 -0.441945 -0.578542
212 21.15 0.8 0.700846 0.513933 0.689005 -0.365401 -0.247762 -0.530366
213 21.25 0.713636 0.595745 0.529483 0.457651 -0.938439 -0.45702 -0.523234
214 21.35 0.85 0.676968 0.78025 0.718888 -0.395397 -0.571178 -0.604111
215 21.45 0.75 0.756741 0.68002 0.66426 -0.964391 -0.728965 -0.621843
216 21.55 0.736364 0.629876 0.676499 0.549001 -1.01846 -0.446263 -0.645399
217 21.65 0.740909 0.666441 0.646603 0.542936 -1.24888 -0.733839 -0.709162
218 21.75 0.772727 0.711716 0.633055 0.691451 -0.649711 -0.763171 -0.692339
219 21.85 0.677273 0.737847 0.487603 0.50346 -0.661481 -0.801148 -0.739668
220 21.95 0.759091 0.615068 0.689934 0.609964 -0.943405 -1.41097 -0.768128
221 22.05 0.745455 0.482814 0.671913 0.662132 -0.949564 -1.08106 -0.898205
222 22.15 0.795455 0.763732 0.691971 0.690881 -0.713108 -0.620556 -0.986451
223 22.25 0.772727 0.603121 0.628959 0.613931 -0.0859614 -0.921355 -1.02071
224 22.35 0.722727 0.730718 0.605187 0.579058 -0.980319 -1.00564 -1.0169
225 22.45 0.75 0.540673 0.576085 0.70755 -0.888671 -0.855942 -0.990347
226 22.55 0.709091 0.599455 0.685024 0.622542 -0.602944 -1.11326 -1.05347
227 22.65 0.759091 0.61168 0.680954 0.55789 -1.17991 -1.72321 -1.09268
228 22.75 0.745455 0.72639 0.682819 0.658267 -1.21763 -1.5803 -1.09153
229 22.85 0.781818 0.728923 0.820858 0.66289 -0.961945 -1.03592 -1.06631
230 22.95 0.686364 0.592459 0.67367 0.67978 -0.489263 -1.11613 -1.07332
231 23.05 0.745455 0.664129 0.535657 0.528534 -0.391382 -0.724247 -0.997774
232 23.15 0.772727 0.613541 0.682355 0.661652 -1.17556 -1.07627 -1.04252
233 23.25 0.759091 0.818196 0.707029 0.574119 -0.876377 -0.832917 -1.01874
234 23.35 0.809091 0.74956 0.603566 0.773944 -0.64463 -1.28976 -1.03585
235 23.45 0.686364 0.526036 0.512245 0.680916 -0.647929 -1.13694 -1.00256
236 23.55 0.763636 0.59547 0.742791 0.769409 -1.14452 -1.13882 -0.945641
237 23.65 0.640909 0.617941 0.638815 0.572278 -1.34735 -0.896984 -0.933098
238 23.75 0.709091 0.648642 0.751242 0.503079 -1.29866 -0.944613 -0.929757
239 23.85 0.772727 0.514028 0.593681 0.535152 -1.46084 -1.16258 -0.896959
240 23.95 0.736364 0.65598 0.619821 0.614634 -1.1821 -0.719821 -0.880353
241 24.05 0.827273 0.768418 0.878629 0.707573 -0.686313 -1.01493 -0.788009
242 24.15 0.695455 0.588741 0.570531 0.611204 -0.572967 -0.74669 -0.720939
243 24.25 0.681818 0.612398 0.63661 0.780243 -1.1544 -0.785316 -0.67283
244 24.35 0.827273 0.695606 0.679463 0.601337 -0.686275 -0.278141 -0.583041
245 24.45 0.659091 0.407568 0.5767 0.742579 -0.719934 -0.537101 -0.559108
246 24.55 0.663636 0.526356 0.546418 0.485879 -1.19976 -1.19858 -0.584263
247 24.65 0.677273 0.566614 0.49215 0.583812 -0.927041 -0.903441 -0.601749
248 24.75 0.727273 0.589243 0.60616 0.624672 -1.24809 -0.787214 -0.668477
249 24.85 0.736364 0.59736 0.590367 0.793285 -1.37812 -1.1054 -0.670483
250 24.95 0.690909 0.445145 0.490534 0.600323 -1.33783 -1.39215 -0.56563
251 25.05 0.754545 0.646323 0.765968 0.551764 -1.11285 -0.895681 -0.511603
252 25.15 0.659091 0.496107 0.599447 0.572788 -1.07537 -0.726434 -0.476779
253 25.25 0.595455 0.566594 0.442525 0.456803 -0.977144 -0.5576 -0.481092
254 25.35 0.640909 0.559655 0.543795 0.528804 -0.943302 -0.839092 -0.457756
255 25.45 0.6 0.498488 0.481122 0.413285 -0.76816 -0.605702 -0.395505
256 25.55 0.509091 0.392446 0.383743 0.457905 -1.00112 -0.746273 -0.3237
257 25.65 0.577273 0.335315 0.47601 0.37357 -0.91675 -0.701144 -0.296068
258 25.75 0.668182 0.520152 0.601963 0.534543 -0.771315 -0.828115 -0.282059
259 25.85 0.527273 0.435878 0.410601 0.403258 -0.551243 -0.576554 -0.272665
260 25.95 0.477273 0.406183 0.443938 0.381683 -0.724173 -0.738429 -0.264805
261 26.05 0.5 0.399187 0.465032 0.386437 -0.844417 -0.581006 -0.283927
262 26.15 0.468182 0.442989 0.381583 0.357765 -0.760189 -0.645882 -0.252858
263 26.25 0.368182 0.337206 0.341944 0.313536 -0.419743 -0.554948 -0.18125
264 26.35 0.313636 0.255787 0.271195 0.342942 -0.325604 -0.490342 -0.146135
265 26.45 0.372727 0.356957 0.439649 0.253939 -0.0962886 -0.570479 -0.0867379
266 26.55 0.259091 0.175488 0.187081 0.194454 -0.373421 -0.439845 -0.111671
267 26.65 0.263636 0.216406 0.20036 0.25006 -0.376119 -0.451918 -0.129436
268 26.75 0.163636 0.190365 0.126501 0.136425 -0.345101 -0.32413 -0.120463
269 26.85 0.177273 0.131629 0.153003 0.179387 -0.283758 -0.190273 -0.114718
270 26.95 0.204545 0.107814 0.158869 0.242883 -0.231536 -0.139312 -0.0942108
271 27.05 0.131818 0.15517 0.0753252 0.116244 -0.187074 -0.113917 -0.0830365
272 27.15 0.186364 0.158203 0.131318 0.215159 -0.155499 -0.121882 -0.0551785
273 27.25 0.1 0.10748 0.072893 0.123377 -0.117109 -0.103691 -0.0227664
274 27.35 0.0909091 0.0484731 0.0710373 0.122326 -0.0826258 -0.0497727 -0.0317041
275 27.45 0.0681818 0.0452951 0.0497667 0.0735372 -0.0624526 -0.0254848 -0.034037
276 27.55 0.0545455 0.0674105 0.0444266 0.0427376 -0.0408441 0.000196749 -0.0236555
277 27.65 0.0454545 0.0467088 0.0580508 0.0228858 -0.0258325 0.00193741 -0.0140555
278 27.75 0.0454545 0.0347182 0.0483194 0.0174759 -0.030918 -0.00895636 -0.018378
279 27.85 0.0318182 0.0293511 0.036718 0.0254153 -0.0275562 -0.0166678 -0.0138715
280 27.95 0.0590909 0.024174 0.0185693 0.0664751 -0.0231239 -0.016612 -0.0164032
281 28.05 0.0318182 0.0326531 0.0195875 0.0304958 -0.0143479 -0.0223018 -0.0247202
282 28.15 0.0181818 0.016119 0.0260643 0.0120319 -0.0242079 -0.0226303 -0.0202342
283 28.25 0.0181818 0.011722 0.00583701 0.0145084 -0.00750276 -0.0113622 -0.0158716
284 28.35 0.0363636 0.0332828 0.0557747 0.0327805 -0.00586375 -0.00805936 -0.0114782
285 28.45 0.0227273 0.0175705 0.0459213 0.0146985 -0.00422249 -0.00608113 -0.00746381
286 28.55 0.0136364 0.00351523 0.00438308 0.0114528 -0.0023422 -0.00482894 -0.00582322
287 28.65 0.0136364 0.0179209 0.0175405 0.00378734 -0.00194677 -0.00286778 -0.00481783
288 28.75 0.0136364 0.0188308 0.0027444 0.0146856 -0.0020889 -0.00287455 -0.00579805
289 28.85 0.0181818 0.0216672 0.00981651 0.0132465 -0.00190723 -0.00275327 -0.0058524
290 28.95 0.0181818 0.00818179 0.0241109 0.00667202 -0.00157364 -0.00266888 -0.00523832
291 29.05 0.00454545 0.002783 2.11682e-06 0.000604586 -0.00159804 -0.00304399 -0.00580425
292 29.15 0.0181818 0.0146132 0.00846975 0.0139313 -0.00153021 -0.0028367 -0.00560393
293 29.25 0.0136364 0.00492686 0.00723026 0.00397332 -0.00149935 -0.00214706 -0.0048455
294 29.35 0.0136364 0.00955599 0.0306331 0.00263264 -0.00148508 -0.00159758 -0.00440065
295 29.45 0.00909091 0.00574323 0.00866078 0.00344658 -0.00132437 -0.00155091 -0.00432596
296 29.55 0.0227273 0.0104666 0.00863105 0.00829342 -0.00149591 -0.00141731 -0.00417098
297 29.65 0 0 0 0 -0.00146567 -0.00140361 -0.0041079
298 29.75 0.00909091 0.0189526 0.00912095 0.0246293 -0.00147125 -0.00140456 -0.00409411
299 29.85 0.0181818 0.00610923 0.0185099 0.0179745 -0.00245803 -0.00028255 -0.00215755
300 29.95 0.0181818 0.0188023 0.00329621 0.0100798 -0.00432621 -8.91142e-06 -0.00116073
301 30.05 0.0181818 0.00850791 0.023836 0.00783706 -0.0138387 -0.0016275 -0.000486884
302 30.15 0.00909091 0.0107356 0.00607467 0.00929202 -0.000583875 -0.00139296 -0.000793103
303 30.25 0.0227273 0.0119216 0.00593812 0.0163065 -0.000566438 -0.00180774 -0.000915753
304 30.35 0.0136364 0.00555338 0.00906451 0.000709919 -0.000515556 -0.00160926 -0.000687526
305 30.45 0.0136364 0.000424365 0.0232901 0.00141209 -0.000872043 -0.00208332 -0.00112317
306 30.55 0.0181818 0.0292359 0.00502518 0.0878724 -0.000865307 -0.00143422 -0.00151454
307 30.65 0.00909091 0.0107388 0.001433 0.0157604 -0.00115214 -0.00250653 -0.00283508
308 30.75 0.0181818 0.0198201 0.00488837 0.00558193 -0.00133325 -0.0026003 -0.00277137
309 30.85 0.0227273 0.0226748 0.0334578 0.0115225 0.00288636 -0.00183363 -0.00275411
310 30.95 0.0272727 0.0095007 0.0258151 0.0122849 -0.00135376 -0.00314374 -0.00295963
311 31.05 0.0363636 0.035733 0.0590077 0.0295593 -0.0131692 -0.00364742 -0.00325797
312 31.15 0.0136364 0.00589455 0.00475044 0.00200136 -0.00772166 -0.00323937 -0.00314144
313 31.25 0.0227273 0.0161272 0.00843496 0.021564 -0.00863335 -0.00478681 -0.00335385
314 31.35 0.0318182 0.0198077 0.0344638 0.02469 -0.00485023 -0.00484478 -0.00428995
315 31.45 0.0272727 0.039548 0.00695469 0.00481453 -0.0117179 -0.00735406 -0.0043604
316 31.55 0.0227273 0.0205031 0.0151707 0.0108407 -0.00450413 -0.00498118 -0.00420995
317 31.65 0.0227273 0.00266307 0.0186155 0.0187443 -0.00447453 -0.00427513 -0.00414507
318 31.75 0.00909091 0.000580157 0.0193562 0.000626195 -0.00453658 -0.00443302 -0.00475492
319 31.85 0.0181818 0.00590993 0.0103404 0.00840898 -0.00368184 -0.00417558 -0.00518494
320 31.95 0.00909091 0.0151008 0.00442448 0.00299533 -0.00174691 -0.00353653 -0.00480476
321 32.05 0.0136364 0.0336473 0.00219154 0.00451021 -0.00204773 -0.00197476 -0.00432242
322 32.15 0.00454545 0.0002539 0.0017012 0.00120532 -0.00178089 -0.0015848 -0.00414452
323 32.25 0.0318182 0.0367402 0.0148662 0.0114179 -0.00183216 -0.00189591 -0.00424313
324 32.35 0.0181818 0.00699917 0.00605974 0.00713973 -0.00179937 -0.00154934 -0.00430924
325 32.45 0 0 0 0 -0.0017287 -0.00152249 -0.00429502
326 32.55 0.0181818 0.0170941 0.00766619 0.0213035 -0.0017396 -0.00157386 -0.00428148
327 32.65 0.0136364 0.00881198 0.00697084 0.00101716 -0.00160162 -0.00103767 -0.00306382
328 32.75 0.0409091 0.0339018 0.0391605 0.0133849 -0.00120151 -0.000852094 -0.00189356
329 32.85 0.0136364 0.0041361 0.0243723 0.0120706 -0.000910484 -0.00105597 -0.0020187
330 32.95 0.0136364 0.0136546 0.00595502 0.00195884 -0.00091831 -0.00124271 -0.0020487
331 33.05 0.0227273 0.0140345 0.00897929 0.00358874 -0.00657834 -0.00537389 0.000747475
332 33.15 0.00909091 0.0028139 0.00257634 0.000630172 0.000248287 0.00112728 0.00343734
333 33.25 0.0181818 0.0185217 0.00733937 0.018312 0.000312838 0.00114135 0.00334138
334 33.35 0.0136364 0.00489562 0.00772722 0.00107983 -0.000643134 0.000874039 0.00284033
335 33.45 0 0 0 0 -0.000564115 0.00112431 0.00305488
336 33.55 0.0136364 0.0116789 0.0107247 0.00683406 -0.000935223 0.0013743 0.00325709
337 33.65 0.0136364 0.000372567 0.00134197 0.00759856 -0.00157668 0.00117996 0.00324656
338 33.75 0.0227273 0.0225689 0.0128474 0.0083345 -0.00173296 3.22701e-05 0.00301988
339 33.85 0.0136364 0.00228755 0.000700831 0.0139771 -0.00235973 -0.00319173 0.000387268
340 33.95 0.00909091 0.00115015 0.00911136 0.00985206 -0.00292921 -0.00488395 -0.00278477
341 34.05 0.00909091 0.00220087 0.00501959 0.00588914 -0.00256597 -0.00467777 -0.0025835
342 34.15 0.0181818 0.00384724 0.00675367 0.00624933 -0.00593754 -0.00489312 -0.00213273
343 34.25 0.0136364 0.0103214 0.00600861 0.00466752 -0.00497361 -0.00381953 -0.0020643
344 34.35 0.0181818 0.00912605 0.0154188 0.0140402 -0.0144386 -0.0027299 -0.00145643
345 34.45 0.0136364 0.0101807 0.00729334 0.0286915 -0.000512845 -0.00118711 -0.00127557
346 34.55 0.00454545 3.20902e-05 0.00452242 0.00104829 -0.000518706 -0.0011732 -0.0012706
347 34.65 0.0181818 0.00784374 0.0262692 0.0105239 -0.000430202 -0.00103753 -0.00116013
348 34.75 0.0318182 0.0124975 0.0221064 0.0551568 0.0031251 1.40271e-05 -0.000539349
349 34.85 0.00454545 0.00113641 0.00235797 0.00159591 0.00676708 0.00223449 9.67328e-05
350 34.95 0.0181818 0.0158092 0.00620718 0.00585431 0.00663912 0.00216468 -0.000822061
351 35.05 0.0454545 0.0194881 0.0378106 0.0145978 0.00437951 0.000981129 -0.000964385
352 35.15 0.0136364 0.0145338 0.00371519 0.0169924 -0.000507188 -0.0021001 0.00024528
353 35.25 0 0 0 0 -0.000515148 -0.00207866 0.000221092
354 35.35 0.0181818 0.0127892 0.00296774 0.025649 -0.000745498 -0.0021973 2.95579e-05
355 35.45 0.0227273 0.0088908 0.0145746 0.0349393 0.00163235 0.000374751 0.00076232
356 35.55 0.0272727 0.00710807 0.0106443 0.0145749 0.00201038 0.00070867 0.00151126
357 35.65 0.00454545 0.00577577 0.00192177 0.0072518 0.00348598 0.000974948 0.00227785
358 35.75 0.00909091 0.00100378 0.0104597 0.0024109 0.00251276 0.000670912 0.00100308
359 35.85 0 0 0 0 0.000808177 6.11709e-05 -0.00125161
360 35.95 0.0318182 0.00782796 0.0308718 0.00324877 0.00148657 -0.000954442 -0.00123951
13200 360
1 0.05 0.0173913 0.00819899 0.0203598 0.00912871 0.000377975 -0.00224978 -0.00191391
2 0.15 0.0173913 0.00689501 0.00589636 0.0044398 0.000712136 -0.00278241 -0.00193494
3 0.25 0.0217391 0.0105394 0.00989094 0.00319146 -0.0011085 -0.00388497 -0.00265343
4 0.35 0.0173913 0.00690572 0.00185945 0.00162814 -0.000843446 -0.00337612 -0.00190369
5 0.45 0.0130435 0.00446703 0.00202514 0.0314441 -0.000843059 -0.00325956 -0.0018951
6 0.55 0.00434783 0.0110067 0.000392215 0.0413074 -0.000816235 -0.00334817 -0.00192166
7 0.65 0.0217391 0.0100816 0.0179788 0.0156801 -0.00128955 -0.00423437 -0.0021754
8 0.75 0.0217391 0.00903538 0.0154175 0.0103966 -0.00126785 -0.00488287 -0.00310639
9 0.85 0.00434783 1.81636e-05 0.00096311 0.00787305 -0.00143926 -0.00517298 -0.00354084
10 0.95 0.0173913 0.0140821 0.0123969 0.0440735 -0.00287682 -0.00357059 -0.00301075
11 1.05 0.00869565 0.000340288 0.00446368 1.42538e-05 -0.00309431 -0.00189734 -0.00246981
12 1.15 0.0130435 7.83444e-07 0.013153 1.73018e-05 -0.00062943 -0.00151785 -0.00232854
13 1.25 0.0217391 0.0094593 0.00680667 0.0100055 -0.000580736 -0.00155286 -0.0023358
14 1.35 0.0173913 0.00891891 0.0114202 0.0115616 -0.000560044 -0.00183489 -0.00233923
15 1.45 0.00869565 0.0003439 0.00617287 0.00224307 -0.000523404 -0.00148822 -0.00232352
16 1.55 0.00869565 0.00821127 0.00452631 0.0036503 -0.000583492 -0.00184666 -0.00220892
17 1.65 0.00869565 0.00101223 0.00648687 1.42472e-05 -0.000599167 -0.000733373 -0.00161382
18 1.75 0.0173913 0.0103349 0.0201366 0.00732632 -0.00191322 -0.00246076 -0.00260094
19 1.85 0.00869565 0.000245561 0.0151461 0.00482986 -0.00202556 -0.00285449 -0.00257726
20 1.95 0.00869565 0.000381805 0.0181257 0.000453427 -0.00204594 -0.0029861 -0.00256771
21 2.05 0.0130435 0.000211533 0.0166884 0.00642707 -0.00203422 -0.0029448 -0.0025884
22 2.15 0.00869565 0.00864177 0.00225908 0.00144048 -0.00221744 -0.00256319 -0.00255637
23 2.25 0.00869565 0.00871041 0.00207928 0.020951 -0.00271269 -0.00102023 -0.00229972
24 2.35 0.00434783 0.00165938 0.00771633 0.00360774 -0.00270742 -0.00102126 -0.0022987
25 2.45 0.0217391 0.00933395 0.0101197 0.0219425 -0.00228921 -0.000962636 -0.00209333
26 2.55 0.00869565 0.0017802 0.00173763 0.0032297 -0.000867345 -0.000719786 -0.00171061
27 2.65 0.00869565 4.42843e-06 0.00316917 0.00666485 -0.000637309 -0.000631898 -0.0016486
28 2.75 0.0130435 0.0163038 0.00595425 0.0159005 -0.000687231 -0.000626412 -0.00162206
29 2.85 0.026087 0.00818177 0.0225379 0.018779 -0.00159727 -0.000643594 -0.000980701
30 2.95 0.00869565 0.000352596 0.00310265 0.0236551 -0.000415139 -0.000570436 -0.000521703
31 3.05 0.00869565 0.00225654 0.00326022 0.00330211 -0.00103677 -0.000315784 -0.000543785
32 3.15 0 0 0 0 -0.00144943 -0.000231799 -0.000719179
33 3.25 0 0 0 0 -0.00144943 -0.000231799 -0.000719179
34 3.35 0.00434783 0.00102793 0.000267989 0.0110848 -0.00144216 -0.000229429 -0.000728264
35 3.45 0.00869565 0.00976417 0.00109282 0.00264498 -0.000515222 0.000152161 0.00234593
36 3.55 0.00869565 0.00475342 0.00444709 0.00591623 0.00237403 0.00135066 0.011917
37 3.65 0.00869565 0.013679 0.00996112 0.00398631 0.00242717 0.00136037 0.0119987
38 3.75 0.00869565 0.00778466 0.00226814 0.00587439 0.00334893 0.00138108 0.0123618
39 3.85 0.00434783 5.99945e-05 7.1884e-05 0.00274592 0.00367667 0.00139967 0.0124925
40 3.95 0 0 0 0 0.00367085 0.00139886 0.0124913
41 4.05 0 0 0 0 0.00367085 0.00139886 0.0124913
42 4.15 0.0217391 0.0124815 0.0170223 0.0311768 0.0205018 0.00289413 0.0125129
43 4.25 0.00869565 0.00521582 0.00476959 0.0108514 0.00316334 0.0013719 0.0124048
44 4.35 0.00869565 0.00702289 0.00445485 0.00689829 -0.000164928 -0.000124541 -0.000254864
45 4.45 0.00434783 0.00907096 0.000605577 0.000927186 -9.22601e-05 -0.000161768 -0.000417063
46 4.55 0.0130435 0.00288731 0.0184453 0.00854806 -0.00076673 -0.00114839 -0.000579247
47 4.65 0.00434783 0.00428396 2.24176e-05 0.000120665 -0.00137853 -0.00201811 -0.000752728
48 4.75 0.0130435 0.00612993 0.0101549 0.00515469 0.000929647 0.00475995 0.00420138
49 4.85 0.00434783 4.39001e-05 0.00053114 0.00390028 0.00243685 0.00992982 0.00763399
50 4.95 0.00434783 4.12795e-05 0.00166651 0.0129453 0.00215267 0.0108687 0.00754256
51 5.05 0.00869565 0.0147581 0.00185104 0.00472888 0.00166034 0.0105248 0.00701223
52 5.15 0.0173913 0.0120882 0.0061243 0.00520231 0.00227526 0.0106164 0.00701128
53 5.25 0.0130435 0.00284065 0.00664432 0.00850155 0.00293106 0.0106999 0.00700271
54 5.35 0.00434783 0.000340076 0.00925361 0.00494318 8.18882e-05 0.00220627 0.000802049
55 5.45 0.00434783 0.000530985 0.00200187 0.000317241 -0.000932928 -0.000845363 -0.00143599
56 5.55 0.00869565 0.00504287 0.00606049 0.0037972 -0.000939219 -0.000957043 -0.00152743
57 5.65 0 0 0 0 -0.00094171 -0.000961328 -0.00154109
58 5.75 0.0130435 0.00371513 0.00104152 0.00216194 -0.000972022 -0.000912483 -0.00133775
59 5.85 0.0130435 0.0105112 0.0130032 0.0161066 -0.000857651 -0.0013888 -0.000817123
60 5.95 0.0173913 0.0142838 0.00395299 0.0314481 -0.000828606 -0.00296175 -0.000148305
61 6.05 0.00869565 0.00685975 0.00565593 0.00399274 0.000116014 -0.00182075 0.00491934
62 6.15 0.0173913 0.0103389 0.00982839 0.00368429 0.000103958 -0.00163416 0.00485002
63 6.25 0.0173913 0.0151512 0.00225526 0.0748915 -0.00282329 -0.00292449 0.00374908
64 6.35 0.0173913 0.0136199 0.00176898 0.0349012 -0.00133872 -0.00164313 0.00249385
65 6.45 0.00869565 0.00239236 0.0018182 0.00945923 -0.000686104 -0.000699681 0.00209976
66 6.55 0.00434783 0.00454728 0.000195538 0.000485933 0.000199271 0.00105438 0.00277274
67 6.65 0.00434783 0.00727431 0.00360844 0.000504523 0.00418069 0.00889487 0.00583719
68 6.75 0.026087 0.0173635 0.0178353 0.0242958 0.00408174 0.00856761 0.00514991
69 6.85 0.0130435 0.00909541 0.000413865 0.00275622 0.00333368 0.00814871 0.0029022
70 6.95 0.0173913 0.00798905 0.00596546 0.0113802 0.00597017 0.00898415 -0.00219626
71 7.05 0.0217391 0.0119739 0.0116672 0.0208555 0.0107728 0.00773787 -0.00394075
72 7.15 0.0130435 0.00155964 0.00687452 0.00719545 0.00527425 0.0026125 -0.00634567
73 7.25 0.0173913 0.00762919 0.00905853 0.0102157 -0.00348625 0.00081874 -0.00734863
74 7.35 0.026087 0.00940284 0.0157704 0.0179932 -0.00834233 -0.00286788 -0.0105581
75 7.45 0.0217391 0.00796979 0.00670802 0.015907 -0.00426949 -0.00833174 -0.0112701
76 7.55 0.00869565 0.00744602 0.00503543 0.00332474 0.000120517 -0.00883304 -0.0129822
77 7.65 0.0217391 0.00804513 0.0200179 0.0366159 -0.0130163 -0.0161761 -0.0154989
78 7.75 0.0478261 0.0409841 0.0446712 0.044263 -0.0118226 -0.0289509 -0.0257701
79 7.85 0.0347826 0.0195001 0.00854233 0.0240446 -0.0304564 -0.0343407 -0.0325131
80 7.95 0.0869565 0.0910362 0.0421155 0.0644402 -0.043286 -0.0496439 -0.0339889
81 8.05 0.0695652 0.0565892 0.0552623 0.0758641 -0.0351257 -0.0514643 -0.0367426
82 8.15 0.1 0.0690407 0.0580324 0.0601946 -0.041746 -0.0657939 -0.0315629
83 8.25 0.0434783 0.0321576 0.0490984 0.0353091 -0.0676149 -0.0730785 -0.0422498
84 8.35 0.0652174 0.068128 0.0484147 0.0640753 -0.0430225 0.0054856 -0.0413829
85 8.45 0.0913043 0.0689551 0.0735095 0.0450999 -0.0503709 -0.0648293 -0.0534051
86 8.55 0.143478 0.142574 0.11255 0.106064 -0.106912 -0.0552818 -0.0707245
87 8.65 0.121739 0.0455747 0.087258 0.160991 -0.196563 -0.129911 -0.105129
88 8.75 0.134783 0.133394 0.113159 0.119632 -0.0536802 -0.0736834 -0.119141
89 8.85 0.143478 0.0935687 0.101641 0.0945188 -0.128162 -0.12892 -0.146949
90 8.95 0.152174 0.116583 0.208133 0.100306 -0.144649 -0.142675 -0.184255
91 9.05 0.156522 0.177972 0.169814 0.117706 -0.139511 -0.104805 -0.199263
92 9.15 0.2 0.13916 0.174805 0.160435 -0.0832005 -0.189801 -0.223776
93 9.25 0.234783 0.200808 0.253317 0.154103 -0.264807 -0.328962 -0.249083
94 9.35 0.273913 0.229706 0.175074 0.270404 -0.221432 -0.388248 -0.279039
95 9.45 0.343478 0.284437 0.242625 0.337716 -0.462194 -0.383468 -0.296956
96 9.55 0.308696 0.264974 0.310261 0.248982 -0.493246 -0.395879 -0.324985
97 9.65 0.365217 0.328647 0.252029 0.276634 -0.373771 -0.441134 -0.328333
98 9.75 0.365217 0.310746 0.284507 0.356547 -0.155212 -0.50642 -0.31498
99 9.85 0.452174 0.43196 0.378971 0.41808 -0.532313 -0.517651 -0.330459
100 9.95 0.521739 0.487827 0.390625 0.414695 -0.655892 -0.616509 -0.323475
101 10.05 0.456522 0.467758 0.455647 0.458058 -0.580024 -0.727795 -0.349966
102 10.15 0.478261 0.414297 0.450787 0.399201 -0.652835 -0.827694 -0.346385
103 10.25 0.53913 0.550433 0.408885 0.706965 -0.77232 -0.60968 -0.34693
104 10.35 0.608696 0.488703 0.506951 0.572712 -0.858724 -0.545018 -0.413081
105 10.45 0.626087 0.605825 0.552528 0.550235 -0.680337 -0.744774 -0.415879
106 10.55 0.643478 0.701875 0.546165 0.566675 -0.963688 -0.833519 -0.511151
107 10.65 0.621739 0.523597 0.487769 0.531497 -1.2241 -0.882266 -0.623576
108 10.75 0.608696 0.447708 0.560127 0.564018 -0.809793 -1.05601 -0.672346
109 10.85 0.621739 0.416222 0.510651 0.457302 -0.796865 -1.24419 -0.721594
110 10.95 0.673913 0.611599 0.576336 0.539384 -0.866827 -1.08904 -0.628907
111 11.05 0.630435 0.52575 0.424469 0.57913 -1.18325 -1.15175 -0.63422
112 11.15 0.66087 0.658878 0.563782 0.528265 -1.35226 -1.09903 -0.659041
113 11.25 0.621739 0.568258 0.55173 0.472648 -1.02153 -1.07455 -0.690487
114 11.35 0.7 0.682212 0.585656 0.57364 -1.13093 -1.03254 -0.711708
115 11.45 0.773913 0.612346 0.55556 0.608284 -1.28221 -1.17325 -0.723674
116 11.55 0.713043 0.599355 0.556877 0.715545 -0.664011 -0.796871 -0.692621
117 11.65 0.63913 0.599158 0.52389 0.518251 -0.746969 -0.58382 -0.618228
118 11.75 0.791304 0.689647 0.658217 0.693538 -0.54383 -0.575595 -0.611933
119 11.85 0.73913 0.563825 0.718671 0.568779 -0.580211 -0.635598 -0.632868
120 11.95 0.7 0.62018 0.65163 0.543775 -1.03472 -0.949842 -0.69156
121 12.05 0.691304 0.549995 0.527005 0.556521 -0.701183 -1.31263 -0.751913
122 12.15 0.769565 0.70608 0.684551 0.665623 -1.06563 -1.04769 -0.843229
123 12.25 0.726087 0.674074 0.550443 0.595573 -1.24273 -0.856328 -0.857558
124 12.35 0.63913 0.455251 0.519352 0.600335 -0.615969 -0.369157 -0.832363
125 12.45 0.765217 0.556989 0.672224 0.647833 -1.01416 -0.6745 -0.980867
126 12.55 0.791304 0.599949 0.731434 0.69681 -0.927219 -1.2715 -1.07528
127 12.65 0.765217 0.641001 0.656813 0.631415 -0.712714 -1.24101 -0.968457
128 12.75 0.773913 0.48969 0.637313 0.638432 -0.694598 -0.925575 -0.842448
129 12.85 0.673913 0.707411 0.491363 0.568297 -0.869222 -0.710292 -0.834377
130 12.95 0.730435 0.728501 0.570894 0.654173 -1.30199 -1.13158 -0.794214
131 13.05 0.804348 0.744439 0.563398 0.587109 -1.20132 -1.11093 -0.640854
132 13.15 0.695652 0.49408 0.744396 0.596612 -0.475885 -0.971331 -0.552764
133 13.25 0.734783 0.606036 0.666929 0.588023 -0.257244 -0.571675 -0.442026
134 13.35 0.786957 0.657089 0.657855 0.631372 -0.526324 -0.278837 -0.492652
135 13.45 0.817391 0.6445 0.657043 0.816079 -0.466166 -0.244335 -0.535856
136 13.55 0.786957 0.656547 0.797812 0.665048 -0.627969 -0.404424 -0.612906
137 13.65 0.782609 0.671087 0.68561 0.58859 -0.952111 -1.13405 -0.748518
138 13.75 0.73913 0.606828 0.658141 0.600276 -0.336905 -0.635847 -0.859637
139 13.85 0.756522 0.713032 0.690573 0.646409 -0.68884 -0.910129 -0.866532
140 13.95 0.673913 0.627569 0.568997 0.66562 -0.476467 -0.660502 -0.740551
141 14.05 0.695652 0.696232 0.677102 0.702235 -0.258436 -0.484196 -0.73172
142 14.15 0.873913 0.866757 0.714832 0.648392 -0.757943 -0.511383 -0.775145
143 14.25 0.817391 0.728157 0.686509 0.628749 -0.322739 -0.554698 -0.67802
144 14.35 0.695652 0.646846 0.580501 0.406038 -0.340659 -0.516599 -0.602858
145 14.45 0.721739 0.483867 0.688809 0.618113 -0.535323 -0.3485 -0.650154
146 14.55 0.782609 0.560879 0.574485 0.609994 -0.696599 -0.62846 -0.6602
147 14.65 0.821739 0.641331 0.623686 0.740619 -0.696829 -0.784535 -0.5804
148 14.75 0.795652 0.715165 0.687553 0.640446 -1.08649 -0.858802 -0.651949
149 14.85 0.682609 0.493201 0.782867 0.52253 -1.10555 -0.889564 -0.75387
150 14.95 0.708696 0.580777 0.545851 0.5428 -1.07758 -1.22584 -0.718549
151 15.05 0.756522 0.707442 0.729273 0.757758 -0.627696 -0.778009 -0.809078
152 15.15 0.704348 0.549985 0.674207 0.73491 -0.569702 -0.762953 -0.796183
153 15.25 0.834783 0.767972 0.671853 0.681675 -0.775453 -1.06807 -0.821021
154 15.35 0.726087 0.708273 0.448786 0.484804 -0.588201 -0.559943 -0.829099
155 15.45 0.852174 0.757876 0.731499 0.802163 -0.511132 -0.479712 -0.947334
156 15.55 0.726087 0.768194 0.662391 0.537579 -1.14467 -0.747536 -1.0286
157 15.65 0.695652 0.654036 0.522044 0.425551 -0.939912 -0.925386 -1.08112
158 15.75 0.747826 0.512177 0.597403 0.624173 -0.485701 -0.800839 -0.943948
159 15.85 0.778261 0.678362 0.643264 0.825081 -0.466528 -0.965168 -0.89397
160 15.95 0.73913 0.732248 0.636995 0.717594 -0.888569 -0.969097 -0.869258
161 16.05 0.808696 0.757151 0.748636 0.665862 -1.07419 -0.932677 -0.855393
162 16.15 0.721739 0.661859 0.590796 0.612358 -1.07903 -1.06903 -0.798922
163 16.25 0.691304 0.575734 0.712719 0.680706 -0.986126 -1.37202 -0.757837
164 16.35 0.708696 0.635057 0.585 0.585638 -0.647193 -0.619033 -0.738324
165 16.45 0.834783 0.779928 0.73994 0.725335 -0.411013 -0.888389 -0.795106
166 16.55 0.721739 0.578465 0.629764 0.584342 -0.579527 -1.20921 -0.681813
167 16.65 0.791304 0.68914 0.693891 0.638979 -0.560873 -1.18834 -0.638936
168 16.75 0.708696 0.646555 0.662929 0.591393 -0.983538 -0.934576 -0.710984
169 16.85 0.695652 0.549173 0.60993 0.511515 -0.525885 -0.886145 -0.752018
170 16.95 0.730435 0.554581 0.65138 0.645571 -0.297822 -0.992566 -0.648037
171 17.05 0.821739 0.68606 0.72714 0.696045 -0.997155 -0.487579 -0.669301
172 17.15 0.734783 0.543249 0.536388 0.68111 -0.848737 -0.761237 -0.573964
173 17.25 0.782609 0.669017 0.642138 0.579666 -1.04493 -1.05775 -0.611311
174 17.35 0.721739 0.518744 0.853736 0.67867 -0.861649 -0.806086 -0.641675
175 17.45 0.786957 0.557731 0.656658 0.636235 -0.991774 -0.808814 -0.639377
176 17.55 0.747826 0.596498 0.688674 0.650007 -0.64012 -0.86759 -0.545175
177 17.65 0.756522 0.599136 0.686692 0.703553 -0.830766 -0.516472 -0.608183
178 17.75 0.786957 0.646937 0.72968 0.559958 -0.547927 -0.107607 -0.625746
179 17.85 0.83913 0.687389 0.637236 0.754209 -0.814682 -1.00226 -0.655158
180 17.95 0.717391 0.646436 0.690839 0.498834 -0.280245 -0.879049 -0.76449
181 18.05 0.730435 0.60078 0.601456 0.621002 -1.14244 -1.43875 -0.894284
182 18.15 0.686957 0.614381 0.745043 0.583568 -0.743338 -1.3917 -0.890888
183 18.25 0.808696 0.751546 0.66372 0.662357 -1.22226 -1.48842 -0.924198
184 18.35 0.752174 0.561466 0.676222 0.581088 -1.35393 -1.30703 -0.956054
185 18.45 0.682609 0.618572 0.607041 0.645234 -1.13136 -0.983774 -0.998789
186 18.55 0.734783 0.611857 0.631484 0.502798 -1.13365 -1.00655 -0.971207
187 18.65 0.730435 0.761365 0.584268 0.630101 -0.809168 -0.580208 -0.754447
188 18.75 0.773913 0.658265 0.662974 0.572763 -0.801225 -0.541615 -0.689411
189 18.85 0.843478 0.796928 0.66906 0.77724 -1.23138 -0.608739 -0.617257
190 18.95 0.808696 0.761484 0.792708 0.677715 -1.21229 -0.528715 -0.701797
191 19.05 0.76087 0.579003 0.637963 0.707107 -0.792534 -0.623818 -0.7007
192 19.15 0.686957 0.585797 0.730711 0.683617 -0.936167 -0.579827 -0.723224
193 19.25 0.747826 0.607829 0.562872 0.531381 -1.10304 -0.998538 -0.772842
194 19.35 0.782609 0.719588 0.701221 0.566144 -0.510246 -1.30666 -0.842273
195 19.45 0.695652 0.64765 0.56103 0.594163 -0.448044 -0.663169 -0.958211
196 19.55 0.652174 0.617578 0.645539 0.499032 -1.05435 -1.4021 -1.17883
197 19.65 0.765217 0.707462 0.55171 0.65236 -0.93413 -1.13701 -1.2825
198 19.75 0.83913 0.749132 0.688612 0.632444 -1.01532 -1.44363 -1.253
199 19.85 0.765217 0.571696 0.607738 0.726046 -1.00922 -1.20333 -1.31992
200 19.95 0.7 0.710915 0.562599 0.607886 -0.787088 -0.95726 -1.22681
201 20.05 0.756522 0.582782 0.52373 0.588055 -0.583342 -0.742775 -1.16334
202 20.15 0.765217 0.580068 0.689038 0.733819 -0.650069 -1.07406 -1.07333
203 20.25 0.778261 0.613389 0.746359 0.485693 -0.721767 -1.11201 -0.959196
204 20.35 0.773913 0.55381 0.72382 0.762351 -0.686481 -0.921884 -0.829221
205 20.45 0.730435 0.658318 0.523009 0.635003 -0.492987 -0.690631 -0.708065
206 20.55 0.734783 0.609633 0.684459 0.61794 -0.90358 -0.927243 -0.634525
207 20.65 0.786957 0.860401 0.722306 0.830746 -0.46927 -1.17301 -0.722384
208 20.75 0.752174 0.557447 0.713464 0.67172 -0.940287 -1.20331 -0.697181
209 20.85 0.730435 0.660529 0.660473 0.616188 -0.814962 -1.07791 -0.73567
210 20.95 0.73913 0.655504 0.594911 0.624265 -0.954992 -0.738745 -0.708164
211 21.05 0.734783 0.56976 0.643051 0.548926 -0.643589 -0.456924 -0.612375
212 21.15 0.795652 0.694625 0.549404 0.708731 -0.434684 -0.240756 -0.569149
213 21.25 0.73913 0.62575 0.551293 0.501869 -0.994629 -0.48947 -0.565837
214 21.35 0.852174 0.65664 0.799915 0.710554 -0.457227 -0.580254 -0.628315
215 21.45 0.743478 0.73016 0.672474 0.670738 -0.929854 -0.708789 -0.648465
216 21.55 0.734783 0.632395 0.683633 0.601976 -1.01258 -0.475616 -0.679165
217 21.65 0.734783 0.64805 0.662888 0.550432 -1.31069 -0.795339 -0.777054
218 21.75 0.786957 0.708577 0.630502 0.744934 -0.756579 -0.79659 -0.766223
219 21.85 0.686957 0.710638 0.49528 0.49764 -0.550349 -0.787538 -0.805807
220 21.95 0.747826 0.636581 0.677093 0.590999 -0.976631 -1.41859 -0.816592
221 22.05 0.721739 0.462899 0.654154 0.637415 -0.967736 -1.11282 -0.943603
222 22.15 0.808696 0.776646 0.68336 0.679095 -0.665916 -0.652344 -1.03793
223 22.25 0.773913 0.605577 0.613935 0.61613 -0.114313 -0.963833 -1.0584
224 22.35 0.734783 0.734297 0.615694 0.587936 -1.06216 -1.08591 -1.05076
225 22.45 0.747826 0.555424 0.564443 0.707691 -0.950411 -0.872654 -1.01681
226 22.55 0.7 0.586329 0.683668 0.620635 -0.676274 -1.11695 -1.0611
227 22.65 0.743478 0.602436 0.674655 0.555356 -1.21366 -1.70356 -1.0973
228 22.75 0.743478 0.737649 0.684149 0.638708 -1.17494 -1.5287 -1.0978
229 22.85 0.804348 0.736771 0.82786 0.701032 -0.952499 -0.941421 -1.05134
230 22.95 0.686957 0.586901 0.652907 0.668858 -0.549837 -1.11206 -1.04286
231 23.05 0.734783 0.641516 0.53379 0.54275 -0.46945 -0.747083 -0.956127
232 23.15 0.769565 0.611171 0.670504 0.646676 -1.18107 -1.01553 -0.986332
233 23.25 0.782609 0.813767 0.716024 0.57756 -0.862417 -0.786356 -0.951876
234 23.35 0.795652 0.751726 0.580844 0.767885 -0.667688 -1.29801 -0.965021
235 23.45 0.686957 0.519813 0.497794 0.701888 -0.672263 -1.13212 -0.917435
236 23.55 0.752174 0.593919 0.770529 0.754214 -1.11575 -1.09165 -0.864226
237 23.65 0.643478 0.625603 0.641202 0.591164 -1.31333 -0.798961 -0.859858
238 23.75 0.726087 0.639824 0.745999 0.500416 -1.21677 -0.853557 -0.852121
239 23.85 0.773913 0.512878 0.587997 0.542095 -1.40544 -1.15285 -0.880985
240 23.95 0.721739 0.637097 0.600254 0.58973 -1.1873 -0.766198 -0.908114
241 24.05 0.821739 0.75151 0.866709 0.693846 -0.69142 -1.03778 -0.826149
242 24.15 0.708696 0.56771 0.574863 0.674304 -0.542856 -0.736766 -0.759008
243 24.25 0.691304 0.613739 0.646653 0.758612 -1.09099 -0.747685 -0.708116
244 24.35 0.817391 0.684571 0.689664 0.60086 -0.531184 -0.23337 -0.61202
245 24.45 0.656522 0.409186 0.55944 0.722862 -0.625714 -0.585808 -0.586493
246 24.55 0.665217 0.5201 0.547286 0.484546 -1.11058 -1.25696 -0.617818
247 24.65 0.673913 0.563063 0.494663 0.56954 -0.872164 -0.901965 -0.633241
248 24.75 0.721739 0.583366 0.600527 0.612357 -1.20943 -0.774605 -0.705731
249 24.85 0.721739 0.587946 0.567546 0.761299 -1.40062 -1.11835 -0.702752
250 24.95 0.708696 0.454577 0.526237 0.603993 -1.25791 -1.28373 -0.585285
251 25.05 0.734783 0.635017 0.746993 0.545202 -1.14247 -0.897655 -0.550237
252 25.15 0.665217 0.522222 0.632393 0.577319 -1.11411 -0.754603 -0.519417
253 25.25 0.6 0.588606 0.465237 0.443391 -1.0256 -0.582242 -0.517834
254 25.35 0.630435 0.543541 0.528426 0.535574 -0.94894 -0.879191 -0.496144
255 25.45 0.6 0.494882 0.488162 0.405935 -0.732465 -0.664127 -0.431686
256 25.55 0.530435 0.394273 0.404046 0.46898 -0.960899 -0.795711 -0.362384
257 25.65 0.578261 0.334411 0.483402 0.38825 -0.927371 -0.706849 -0.335588
258 25.75 0.669565 0.507486 0.617372 0.552256 -0.853111 -0.857819 -0.320237
259 25.85 0.521739 0.432361 0.412712 0.397901 -0.611477 -0.617935 -0.301265
260 25.95 0.482609 0.415219 0.455215 0.380485 -0.776621 -0.767458 -0.292621
261 26.05 0.491304 0.392851 0.467534 0.373189 -0.867483 -0.615845 -0.308533
262 26.15 0.465217 0.427746 0.388754 0.371259 -0.746451 -0.660758 -0.267125
263 26.25 0.378261 0.350329 0.379731 0.319196 -0.38627 -0.550394 -0.187721
264 26.35 0.313043 0.251647 0.28816 0.34173 -0.319715 -0.488216 -0.153301
265 26.45 0.373913 0.346989 0.43132 0.257813 -0.126673 -0.576349 -0.0981561
266 26.55 0.26087 0.168779 0.185662 0.199492 -0.374848 -0.43438 -0.119549
267 26.65 0.26087 0.213703 0.192429 0.239662 -0.372198 -0.443264 -0.134753
268 26.75 0.165217 0.183905 0.137537 0.137098 -0.339386 -0.315383 -0.12467
269 26.85 0.178261 0.146544 0.149548 0.188592 -0.280168 -0.186777 -0.119234
270 26.95 0.204348 0.103385 0.157213 0.239561 -0.231388 -0.140735 -0.0979544
271 27.05 0.130435 0.154045 0.0755358 0.116407 -0.18978 -0.123382 -0.0873819
272 27.15 0.186957 0.155623 0.12953 0.21801 -0.168886 -0.128349 -0.0576819
273 27.25 0.1 0.106067 0.0800832 0.124058 -0.118916 -0.103666 -0.0273391
274 27.35 0.0956522 0.0506907 0.0843668 0.117386 -0.0770085 -0.041325 -0.0315234
275 27.45 0.0652174 0.0433258 0.047603 0.07034 -0.0597699 -0.0244061 -0.0326612
276 27.55 0.0521739 0.0644796 0.042495 0.0408794 -0.039101 0.00015877 -0.0227311
277 27.65 0.0434783 0.044678 0.0555268 0.0218908 -0.0247421 0.00182375 -0.0135485
278 27.75 0.0434783 0.0332088 0.0462185 0.0167161 -0.0296064 -0.00859638 -0.017683
279 27.85 0.0304348 0.0280749 0.0351216 0.0243103 -0.0263908 -0.0159725 -0.0133725
280 27.95 0.0565217 0.0231229 0.0177619 0.0635849 -0.0221512 -0.0159192 -0.0157941
281 28.05 0.0304348 0.0312334 0.0187358 0.0291699 -0.0137568 -0.0213616 -0.0237495
282 28.15 0.0173913 0.0154182 0.0249311 0.0115088 -0.0231881 -0.0216758 -0.0194585
283 28.25 0.0173913 0.0112124 0.00558323 0.0138776 -0.00720926 -0.0108976 -0.0152856
284 28.35 0.0347826 0.0318357 0.0533497 0.0313552 -0.00564151 -0.00773838 -0.0110832
285 28.45 0.0217391 0.0168066 0.0439247 0.0140595 -0.0040716 -0.00584616 -0.00724338
286 28.55 0.0130435 0.00336239 0.00419251 0.0109548 -0.00227306 -0.00464841 -0.00567412
287 28.65 0.0130435 0.0171418 0.0167779 0.00362267 -0.00189484 -0.00277252 -0.00471244
288 28.75 0.0130435 0.0180121 0.00262508 0.0140471 -0.00203079 -0.002779 -0.00565005
289 28.85 0.0173913 0.0207252 0.0093897 0.0126706 -0.00185701 -0.00266299 -0.00570203
290 28.95 0.0173913 0.00782606 0.0230626 0.00638193 -0.00153793 -0.00258227 -0.00511465
291 29.05 0.00869565 0.00281044 0.000865551 0.0053376 -0.0015613 -0.0029397 -0.00565144
292 29.15 0.0173913 0.0139779 0.0081015 0.0133256 -0.00149682 -0.00272791 -0.0054151
293 29.25 0.0173913 0.0163239 0.0130189 0.00470509 -0.00145054 -0.00206205 -0.00466309
294 29.35 0.0130435 0.00914052 0.0293013 0.00251818 -0.00142464 -0.00153194 -0.0042182
295 29.45 0.00869565 0.00549352 0.00828422 0.00329673 -0.00127092 -0.0014873 -0.00414676
296 29.55 0.0217391 0.0100115 0.00825579 0.00793284 -0.001435 -0.00135951 -0.00399852
297 29.65 0 0 0 0 -0.00140608 -0.0013464 -0.00393819
298 29.75 0.00869565 0.0181286 0.00872439 0.0235585 -0.00141141 -0.00134731 -0.00392499
299 29.85 0.0173913 0.00584361 0.0177051 0.017193 -0.0023553 -0.000274084 -0.00207263
300 29.95 0.0173913 0.0179848 0.00315289 0.0096415 -0.00414225 -1.23429e-05 -0.00111915
301 30.05 0.0173913 0.008138 0.0227997 0.00749632 -0.0132411 -0.00156056 -0.000474602
302 30.15 0.00869565 0.0102688 0.00581055 0.00888801 -0.000562623 -0.00133622 -0.000767507
303 30.25 0.0217391 0.0114032 0.00567994 0.0155975 -0.000545944 -0.00173296 -0.000884824
304 30.35 0.0130435 0.00531193 0.0086704 0.000679053 -0.000497275 -0.00154311 -0.00066652
305 30.45 0.0130435 0.000405915 0.0222775 0.00135069 -0.000838262 -0.00199656 -0.00108322
306 30.55 0.0173913 0.0279648 0.0048067 0.0840518 -0.000831818 -0.00137568 -0.00145757
307 30.65 0.00869565 0.0102719 0.0013707 0.0150751 -0.00110618 -0.00240137 -0.00272071
308 30.75 0.0173913 0.0189584 0.00467584 0.00533924 -0.00127941 -0.00249107 -0.00265977
309 30.85 0.026087 0.0218141 0.0321699 0.0127868 0.00275811 -0.00175626 -0.00264008
310 30.95 0.026087 0.00908763 0.0246927 0.0117508 -0.00129602 -0.00300766 -0.0028329
311 31.05 0.0347826 0.0341793 0.0564421 0.0282741 -0.0125977 -0.00348944 -0.00311826
312 31.15 0.0130435 0.00563826 0.0045439 0.00191434 -0.00738706 -0.00309913 -0.0030068
313 31.25 0.0217391 0.015426 0.00806822 0.0206264 -0.00825911 -0.00457929 -0.00320998
314 31.35 0.0304348 0.0189464 0.0329653 0.0236165 -0.00464047 -0.00463474 -0.00410537
315 31.45 0.026087 0.0378285 0.00665231 0.0046052 -0.0112095 -0.00703492 -0.00417277
316 31.55 0.0217391 0.0196116 0.0145111 0.0103693 -0.00430941 -0.00476521 -0.00402885
317 31.65 0.0217391 0.00254729 0.0178061 0.0179293 -0.00428111 -0.00408986 -0.0039668
318 31.75 0.00869565 0.000554933 0.0185146 0.000598969 -0.00434046 -0.00424089 -0.00455013
319 31.85 0.0173913 0.00565297 0.00989079 0.00804337 -0.00352288 -0.00399464 -0.00496145
320 31.95 0.00869565 0.0144443 0.00423211 0.0028651 -0.00167207 -0.00338337 -0.00459781
321 32.05 0.0130435 0.0321844 0.00209625 0.00431412 -0.00195982 -0.0018895 -0.00413644
322 32.15 0.00434783 0.000242861 0.00162724 0.00115291 -0.00170458 -0.0015165 -0.00396627
323 32.25 0.0304348 0.0351428 0.0142198 0.0109215 -0.00175362 -0.00181408 -0.00406059
324 32.35 0.0173913 0.00669485 0.00579628 0.00682931 -0.00172225 -0.00148258 -0.00412383
325 32.45 0 0 0 0 -0.00165466 -0.0014569 -0.00411022
326 32.55 0.0217391 0.0173382 0.00780095 0.0209925 -0.00166608 -0.00151357 -0.00409719
327 32.65 0.0130435 0.00842885 0.00666776 0.000972932 -0.00153476 -0.00100564 -0.00293242
328 32.75 0.0391304 0.0324278 0.0374578 0.012803 -0.00115205 -0.00082814 -0.00181304
329 32.85 0.0130435 0.00395627 0.0233127 0.0115458 -0.000873674 -0.00102315 -0.00193274
330 32.95 0.0130435 0.0130609 0.00569611 0.00187368 -0.00088116 -0.00120177 -0.00196143
331 33.05 0.0217391 0.0134243 0.00858888 0.00343271 -0.0062951 -0.00515334 0.00071317
332 33.15 0.0130435 0.00270067 0.0108441 0.0008652 0.000234667 0.00106569 0.00328548
333 33.25 0.0173913 0.0177165 0.00702027 0.0175158 0.000295786 0.0010858 0.00318598
334 33.35 0.0130435 0.00468277 0.00739126 0.00103288 -0.000618622 0.000830106 0.00270672
335 33.45 0 0 0 0 -0.000543038 0.00106949 0.00291194
336 33.55 0.0130435 0.0111711 0.0102584 0.00653693 -0.000898012 0.00130862 0.00310536
337 33.65 0.0130435 0.000356368 0.00128363 0.00726819 -0.00151158 0.00112273 0.00309529
338 33.75 0.026087 0.0245567 0.0128109 0.00892511 -0.0017802 -0.000287413 0.00286206
339 33.85 0.0130435 0.00218809 0.00067036 0.0133694 -0.00258256 -0.00390308 0.000315977
340 33.95 0.00869565 0.00110014 0.00871521 0.00942371 -0.00312727 -0.00552172 -0.00271814
341 34.05 0.0130435 0.00687969 0.00944967 0.0109667 -0.00255638 -0.0046088 -0.0025077
342 34.15 0.0173913 0.00367997 0.00646003 0.00597762 -0.00574708 -0.004705 -0.00207378
343 34.25 0.0130435 0.00987268 0.00574737 0.00446458 -0.00482506 -0.00367809 -0.00200833
344 34.35 0.0173913 0.00872927 0.0147484 0.0134298 -0.0138785 -0.00263583 -0.00142689
345 34.45 0.0130435 0.00973807 0.00697624 0.027444 -0.000558245 -0.00116012 -0.0012539
346 34.55 0.00434783 3.0695e-05 0.00432579 0.00100271 -0.000563851 -0.00114681 -0.00124914
347 34.65 0.0173913 0.00750271 0.0251271 0.0100664 -0.000479195 -0.00101704 -0.00114347
348 34.75 0.0347826 0.0159479 0.0213083 0.0574085 0.00293011 -1.01625e-05 -0.000546504
349 34.85 0.00434783 0.001087 0.00225545 0.00152653 0.00645719 0.00211903 7.80097e-05
350 34.95 0.0173913 0.0151219 0.00593731 0.00559977 0.00633479 0.00205225 -0.000800836
351 35.05 0.0434783 0.0186408 0.0361666 0.0139631 0.00417342 0.000920166 -0.000936972
352 35.15 0.0130435 0.0139019 0.00355366 0.0162536 -0.000500809 -0.0020271 0.000220099
353 35.25 0 0 0 0 -0.000508423 -0.00200659 0.000196962
354 35.35 0.0173913 0.0122331 0.0028387 0.0245338 -0.000728758 -0.00212007 1.37555e-05
355 35.45 0.0217391 0.00850424 0.013941 0.0334202 0.00154571 0.000340151 0.000714658
356 35.55 0.0304348 0.0072214 0.0101907 0.0140372 0.00108496 0.000421121 0.00109006
357 35.65 0.00434783 0.00552465 0.00183821 0.00693651 0.00236031 0.000636361 0.00176689
358 35.75 0.00869565 0.00096014 0.0100049 0.00230608 0.0014294 0.000345543 0.000547541
359 35.85 0 0 0 0 -0.00020107 -0.000237687 -0.00160912
360 35.95 0.0304348 0.00748761 0.0295295 0.00310752 0.000447826 -0.00120914 -0.00159755
13800 360
1 0.05 0.0166667 0.00785737 0.0195115 0.00874835 0.00035122 -0.0022164 -0.00211945
2 0.15 0.0208333 0.00703276 0.00767459 0.00426537 0.000652377 -0.00284166 -0.00236964
3 0.25 0.0208333 0.0101003 0.00947881 0.00305849 -0.00110683 -0.00398511 -0.00323216
4 0.35 0.0166667 0.00661798 0.00178197 0.0015603 -0.000852818 -0.00349746 -0.00251366
5 0.45 0.0125 0.0042809 0.00194076 0.0301339 -0.000852447 -0.00338576 -0.00250543
6 0.55 0.00416667 0.0105481 0.000375873 0.0395862 -0.00082674 -0.00347067 -0.00253088
7 0.65 0.0208333 0.00966154 0.0172296 0.0150268 -0.00128033 -0.00431995 -0.00277405
8 0.75 0.025 0.0209183 0.0198384 0.0102279 -0.00125682 -0.00491421 -0.00353137
9 0.85 0.00416667 1.74068e-05 0.00092298 0.007545 -0.00141813 -0.00516261 -0.00380088
10 0.95 0.0208333 0.0209887 0.0125645 0.042426 -0.0027958 -0.00362764 -0.00329301
11 1.05 0.00833333 0.000326109 0.00427769 1.36599e-05 -0.00302132 -0.00305159 -0.00299295
12 1.15 0.0125 7.50801e-07 0.012605 1.65809e-05 -0.000659148 -0.00268791 -0.00285757
13 1.25 0.0208333 0.00906516 0.00652306 0.00958862 -0.000612483 -0.00272147 -0.00286453
14 1.35 0.0166667 0.00854729 0.0109443 0.0110799 -0.000592653 -0.00299174 -0.00286782
15 1.45 0.00833333 0.00032957 0.00591567 0.00214961 -0.00055754 -0.00265951 -0.00285276
16 1.55 0.00833333 0.00786914 0.00433771 0.0034982 -0.000615125 -0.00300302 -0.00274294
17 1.65 0.0208333 0.0200815 0.0125485 0.0133341 -0.000629701 -0.000902525 -0.00162134
18 1.75 0.0166667 0.00990431 0.0192975 0.00702106 -0.00184646 -0.00237173 -0.00252304
19 1.85 0.00833333 0.000235329 0.014515 0.00462861 -0.00195412 -0.00274905 -0.00250034
20 1.95 0.00833333 0.000365896 0.0173705 0.000434534 -0.00197365 -0.00287518 -0.00249119
21 2.05 0.0125 0.000202719 0.0159931 0.00615927 -0.00196242 -0.0028356 -0.00251102
22 2.15 0.00833333 0.0082817 0.00216496 0.00138046 -0.00213801 -0.00246989 -0.00248032
23 2.25 0.00833333 0.00834748 0.00199265 0.020078 -0.00261263 -0.000991221 -0.00223436
24 2.35 0.00416667 0.00159024 0.00739482 0.00345742 -0.00260757 -0.000992212 -0.00223339
25 2.45 0.0208333 0.00894503 0.00969803 0.0210283 -0.00220679 -0.000936028 -0.00203658
26 2.55 0.00833333 0.00170602 0.00166523 0.00309512 -0.000844169 -0.000703297 -0.0016698
27 2.65 0.00833333 4.24391e-06 0.00303712 0.00638715 -0.000623717 -0.000619071 -0.00161038
28 2.75 0.0125 0.0156244 0.00570615 0.015238 -0.000671559 -0.000613813 -0.00158494
29 2.85 0.025 0.00784086 0.0215988 0.0179966 -0.00154368 -0.000630279 -0.000970309
30 2.95 0.00833333 0.000337905 0.00297337 0.0226695 -0.000410804 -0.000560169 -0.000530436
31 3.05 0.00833333 0.00216251 0.00312438 0.00316452 -0.00100653 -0.000316128 -0.000551597
32 3.15 0 0 0 0 -0.001402 -0.000235642 -0.000719683
33 3.25 0.00416667 0.0137883 0.00181004 5.91619e-05 -0.0014151 -0.000263918 -0.000889854
34 3.35 0.00416667 0.000985102 0.000256823 0.010623 -0.00145347 -0.00035949 -0.0014874
35 3.45 0.00833333 0.00935733 0.00104728 0.00253477 -0.000565152 6.1999e-06 0.0014587
36 3.55 0.00833333 0.00455536 0.00426179 0.00566972 0.00220372 0.00115477 0.010631
37 3.65 0.00833333 0.0131091 0.00954608 0.00382021 0.00225464 0.00116407 0.0107093
38 3.75 0.00833333 0.0074603 0.00217364 0.00562962 0.003138 0.00118392 0.0110573
39 3.85 0.00416667 5.74947e-05 6.88889e-05 0.0026315 0.00345207 0.00120173 0.0111825
40 3.95 0 0 0 0 0.0034465 0.00120095 0.0111814
41 4.05 0 0 0 0 0.0034465 0.00120095 0.0111814
42 4.15 0.025 0.0170275 0.0191766 0.0306936 0.0195758 0.00263229 0.0111997
43 4.25 0.00833333 0.00499849 0.00457085 0.0103992 0.00295968 0.00117295 0.0110954
44 4.35 0.0125 0.00761497 0.0153638 0.00897091 -0.000185798 -0.000172907 -0.000545588
45 4.45 0.00416667 0.008693 0.000580345 0.000888553 -9.01922e-05 -0.000156651 -0.000411911
46 4.55 0.0125 0.00276701 0.0176767 0.00819189 -0.000736559 -0.00110217 -0.000567337
47 4.65 0.00416667 0.00410546 2.14836e-05 0.000115637 -0.00132287 -0.00193565 -0.00073359
48 4.75 0.0125 0.00587451 0.00973176 0.00493991 0.000889135 0.00455999 0.0040141
49 4.85 0.00416667 4.2071e-05 0.000509009 0.00373777 0.00233354 0.00951445 0.00730369
50 4.95 0.00416667 3.95595e-05 0.00159708 0.0124059 0.0020612 0.0104142 0.00721606
51 5.05 0.00833333 0.0141432 0.00177392 0.00453184 0.00158938 0.0100846 0.00670783
52 5.15 0.0166667 0.0115845 0.00586912 0.00498555 0.00217868 0.0101724 0.00670691
53 5.25 0.0125 0.00272229 0.00636747 0.00814732 0.00280716 0.0102524 0.00669871
54 5.35 0.00416667 0.000325906 0.00886805 0.00473722 7.66999e-05 0.00211272 0.000756405
55 5.45 0.00416667 0.00050886 0.00191846 0.000304022 -0.000895833 -0.000811763 -0.00138839
56 5.55 0.00833333 0.00483275 0.00580797 0.00363898 -0.000901861 -0.000918789 -0.00147601
57 5.65 0 0 0 0 -0.000904248 -0.000922896 -0.0014891
58 5.75 0.0125 0.00356033 0.000998128 0.00207186 -0.000933298 -0.000876086 -0.00129423
59 5.85 0.0125 0.0100732 0.0124614 0.0154355 -0.000823692 -0.00133256 -0.000795302
60 5.95 0.0166667 0.0136886 0.00378828 0.0301378 -0.000795857 -0.00283997 -0.000154352
61 6.05 0.00833333 0.00657392 0.00542026 0.00382637 0.000109404 -0.00174651 0.00470214
62 6.15 0.0166667 0.00990807 0.00941887 0.00353078 9.785e-05 -0.00156769 0.00463571
63 6.25 0.0166667 0.0145199 0.00216129 0.071771 -0.00270743 -0.00280426 0.00358064
64 6.35 0.0166667 0.0130524 0.00169527 0.033447 -0.00128471 -0.00157629 0.00237771
65 6.45 0.00833333 0.00229268 0.00174244 0.00906509 -0.000659293 -0.000672151 0.00200004
66 6.55 0.00416667 0.00435781 0.00018739 0.000465685 0.000189192 0.00100882 0.00264499
67 6.65 0.00416667 0.00697121 0.00345809 0.000483502 0.00400472 0.00852262 0.00558174
68 6.75 0.025 0.0166401 0.0170921 0.0232835 0.0039099 0.008209 0.00492311
69 6.85 0.0125 0.00871643 0.000396621 0.00264138 0.003193 0.00780755 0.00276905
70 6.95 0.0166667 0.00765617 0.0057169 0.0109061 0.00571964 0.00860819 -0.00211697
71 7.05 0.0208333 0.011475 0.011181 0.0199865 0.0103222 0.00741384 -0.00378878
72 7.15 0.0166667 0.00150311 0.0105638 0.0131794 0.00501547 0.00246259 -0.00616523
73 7.25 0.0208333 0.00731381 0.0123708 0.00979271 -0.00348778 0.000682297 -0.00729165
74 7.35 0.025 0.00901105 0.0151133 0.0172435 -0.00816233 -0.00285847 -0.0103961
75 7.45 0.0208333 0.00763772 0.00642852 0.0152442 -0.0042592 -0.00809467 -0.0110783
76 7.55 0.0125 0.0138739 0.00993987 0.00550832 -0.000127509 -0.00865356 -0.0128819
77 7.65 0.0208333 0.00770991 0.0191838 0.0350902 -0.0130378 -0.0160246 -0.0159863
78 7.75 0.0458333 0.0392764 0.0428099 0.0424187 -0.0118938 -0.0282671 -0.0258295
79 7.85 0.0333333 0.0186876 0.0081864 0.0230428 -0.0297512 -0.0334323 -0.0322915
80 7.95 0.0833333 0.087243 0.0403607 0.0617552 -0.0420463 -0.0480979 -0.0337059
81 8.05 0.0708333 0.0546951 0.053028 0.0728074 -0.034353 -0.0502594 -0.036592
82 8.15 0.1 0.0739739 0.0562513 0.0604061 -0.0414729 -0.0661459 -0.0336406
83 8.25 0.0416667 0.0308177 0.0470527 0.0338379 -0.0661876 -0.0719089 -0.0449774
84 8.35 0.0625 0.0652893 0.0463975 0.0614055 -0.0426199 0.00338166 -0.0441466
85 8.45 0.0875 0.066082 0.0704466 0.0432208 -0.0496622 -0.0640035 -0.0556679
86 8.55 0.15 0.138822 0.110468 0.10634 -0.108974 -0.0674462 -0.0744938
87 8.65 0.120833 0.0449718 0.08748 0.154283 -0.197786 -0.134121 -0.108303
88 8.75 0.1375 0.130723 0.114537 0.12605 -0.0669716 -0.0795547 -0.118194
89 8.85 0.141667 0.0897108 0.0976344 0.090973 -0.141895 -0.0516653 -0.143742
90 8.95 0.158333 0.113232 0.205421 0.0966794 -0.156175 -0.0444261 -0.180295
91 9.05 0.158333 0.173311 0.162829 0.113148 -0.156702 -0.108088 -0.197776
92 9.15 0.220833 0.185079 0.185767 0.178402 -0.106128 -0.236172 -0.225
93 9.25 0.233333 0.196068 0.260813 0.154228 -0.255877 -0.316488 -0.251475
94 9.35 0.275 0.225356 0.178716 0.264514 -0.196287 -0.338959 -0.275218
95 9.45 0.345833 0.299637 0.25543 0.333611 -0.417444 -0.311561 -0.287302
96 9.55 0.3 0.268018 0.29758 0.241587 -0.499759 -0.376208 -0.319262
97 9.65 0.375 0.327559 0.317194 0.294339 -0.394471 -0.447388 -0.334607
98 9.75 0.370833 0.313943 0.273241 0.389001 -0.196326 -0.553167 -0.333494
99 9.85 0.45 0.421713 0.386702 0.415797 -0.568466 -0.539262 -0.344176
100 9.95 0.516667 0.475907 0.383395 0.402685 -0.697755 -0.612136 -0.332213
101 10.05 0.466667 0.459224 0.443374 0.456324 -0.590528 -0.737272 -0.348129
102 10.15 0.4875 0.43666 0.457155 0.441429 -0.506442 -0.837558 -0.317871
103 10.25 0.5375 0.539292 0.401438 0.696291 -0.654995 -0.635625 -0.316976
104 10.35 0.604167 0.490976 0.5116 0.577749 -0.868969 -0.6117 -0.392188
105 10.45 0.633333 0.6027 0.552169 0.547077 -0.622692 -0.842236 -0.406827
106 10.55 0.629167 0.686744 0.528768 0.562512 -0.929824 -0.902225 -0.495864
107 10.65 0.620833 0.511102 0.480301 0.534258 -1.20994 -0.937282 -0.613141
108 10.75 0.6125 0.446546 0.576407 0.569498 -0.807258 -1.0712 -0.661092
109 10.85 0.625 0.431908 0.49649 0.453291 -0.842458 -1.21683 -0.714271
110 10.95 0.675 0.603331 0.562565 0.554458 -0.924837 -1.06438 -0.626086
111 11.05 0.6375 0.539049 0.434056 0.574807 -1.24188 -1.11447 -0.667784
112 11.15 0.6625 0.668578 0.569813 0.5624 -1.29619 -1.00388 -0.683961
113 11.25 0.616667 0.554453 0.564893 0.48536 -0.906887 -1.03788 -0.710212
114 11.35 0.704167 0.674363 0.633368 0.576557 -1.1257 -1.0585 -0.733147
115 11.45 0.795833 0.645604 0.577501 0.684026 -1.27991 -1.2085 -0.736214
116 11.55 0.691667 0.577631 0.57215 0.690739 -0.626514 -0.845147 -0.700727
117 11.65 0.645833 0.627902 0.512924 0.531128 -0.745358 -0.64219 -0.634048
118 11.75 0.779167 0.675211 0.64246 0.672078 -0.576329 -0.633733 -0.619082
119 11.85 0.75 0.626666 0.712939 0.569098 -0.608671 -0.682477 -0.637987
120 11.95 0.7 0.628678 0.651599 0.543224 -1.07735 -0.979784 -0.695378
121 12.05 0.7 0.569255 0.568179 0.544037 -0.757456 -1.27449 -0.735358
122 12.15 0.779167 0.702087 0.675481 0.673477 -1.09553 -1.06402 -0.807241
123 12.25 0.708333 0.655353 0.537809 0.581268 -1.23106 -0.864412 -0.820468
124 12.35 0.629167 0.449192 0.508415 0.594371 -0.609358 -0.414316 -0.791091
125 12.45 0.7625 0.555936 0.657656 0.638099 -0.946468 -0.679469 -0.934853
126 12.55 0.820833 0.621819 0.732859 0.735649 -0.925094 -1.23469 -1.0133
127 12.65 0.75 0.632016 0.633016 0.607304 -0.67032 -1.1765 -0.917206
128 12.75 0.770833 0.485848 0.635162 0.636495 -0.690362 -0.876332 -0.796406
129 12.85 0.6875 0.709849 0.494401 0.566374 -0.926244 -0.673133 -0.816868
130 12.95 0.7375 0.713868 0.570338 0.724296 -1.35678 -1.15822 -0.793756
131 13.05 0.783333 0.719848 0.576472 0.567177 -1.25892 -1.11366 -0.656849
132 13.15 0.6875 0.481395 0.71971 0.590767 -0.533363 -1.00814 -0.57841
133 13.25 0.733333 0.602379 0.660251 0.57604 -0.29477 -0.605798 -0.485108
134 13.35 0.775 0.640983 0.656979 0.615883 -0.456371 -0.309041 -0.528679
135 13.45 0.833333 0.650555 0.664446 0.813103 -0.498353 -0.218775 -0.551657
136 13.55 0.795833 0.693034 0.802824 0.660085 -0.665125 -0.398653 -0.614745
137 13.65 0.775 0.686315 0.663133 0.577752 -0.979816 -1.06921 -0.730699
138 13.75 0.729167 0.601708 0.638059 0.582919 -0.394991 -0.597543 -0.824423
139 13.85 0.7625 0.696124 0.727687 0.697653 -0.739723 -0.874614 -0.839
140 13.95 0.679167 0.658514 0.580655 0.676087 -0.489965 -0.549324 -0.713987
141 14.05 0.7 0.706756 0.668371 0.704603 -0.262786 -0.439911 -0.708108
142 14.15 0.883333 0.866283 0.717195 0.69134 -0.589192 -0.33756 -0.737837
143 14.25 0.795833 0.701262 0.658814 0.62543 -0.187969 -0.585378 -0.660638
144 14.35 0.708333 0.644847 0.585324 0.415275 -0.276656 -0.564168 -0.595974
145 14.45 0.720833 0.485922 0.671519 0.614804 -0.49322 -0.36825 -0.642275
146 14.55 0.783333 0.558849 0.578856 0.634847 -0.69084 -0.610204 -0.659154
147 14.65 0.833333 0.640387 0.65349 0.748109 -0.660591 -0.656444 -0.559799
148 14.75 0.7875 0.707868 0.688489 0.625631 -1.07584 -0.881462 -0.615349
149 14.85 0.683333 0.498072 0.763392 0.526862 -1.06547 -0.856077 -0.72874
150 14.95 0.704167 0.596031 0.529959 0.541572 -1.00101 -1.17817 -0.680747
151 15.05 0.754167 0.699974 0.753201 0.733047 -0.577643 -0.724638 -0.75729
152 15.15 0.720833 0.582963 0.670948 0.748241 -0.537123 -0.638615 -0.758618
153 15.25 0.825 0.747105 0.65641 0.661685 -0.781534 -0.989552 -0.782722
154 15.35 0.720833 0.681024 0.446704 0.480604 -0.540428 -0.506066 -0.796152
155 15.45 0.845833 0.744033 0.718459 0.777637 -0.524336 -0.572826 -0.923008
156 15.55 0.733333 0.760528 0.651115 0.535768 -1.15333 -0.845024 -1.00504
157 15.65 0.691667 0.654569 0.515769 0.415281 -0.961866 -0.967761 -1.08532
158 15.75 0.745833 0.510981 0.57789 0.611349 -0.57105 -0.895167 -0.963435
159 15.85 0.766667 0.65351 0.625169 0.834403 -0.544358 -1.03095 -0.915294
160 15.95 0.729167 0.708531 0.646287 0.695637 -0.928584 -0.967637 -0.887816
161 16.05 0.804167 0.765124 0.727413 0.644726 -1.11492 -0.90387 -0.876022
162 16.15 0.7125 0.642513 0.581187 0.606363 -1.07325 -1.08315 -0.828542
163 16.25 0.716667 0.635784 0.707595 0.698269 -0.914917 -1.29205 -0.779053
164 16.35 0.716667 0.621351 0.57873 0.58086 -0.646465 -0.664135 -0.744189
165 16.45 0.845833 0.764502 0.73732 0.710003 -0.364911 -0.919588 -0.778942
166 16.55 0.7 0.558152 0.612716 0.562916 -0.61096 -1.23055 -0.648944
167 16.65 0.783333 0.676198 0.682489 0.627836 -0.586609 -1.19764 -0.607798
168 16.75 0.7 0.631983 0.642608 0.580107 -1.01122 -0.974085 -0.687038
169 16.85 0.679167 0.543316 0.593509 0.501586 -0.572564 -0.930627 -0.741689
170 16.95 0.741667 0.547519 0.67882 0.674367 -0.303763 -0.998126 -0.619984
171 17.05 0.820833 0.706841 0.706501 0.691041 -1.0246 -0.455665 -0.635804
172 17.15 0.75 0.551317 0.554769 0.684139 -0.906835 -0.807094 -0.571582
173 17.25 0.804167 0.703506 0.650314 0.606553 -1.01761 -1.03967 -0.621115
174 17.35 0.7125 0.510508 0.837144 0.657793 -0.904309 -0.778566 -0.648723
175 17.45 0.766667 0.543104 0.640303 0.618871 -1.03084 -0.794016 -0.657599
176 17.55 0.75 0.616338 0.699559 0.656107 -0.705211 -0.898331 -0.567196
177 17.65 0.75 0.609133 0.672712 0.697045 -0.892125 -0.550617 -0.61424
178 17.75 0.783333 0.6723 0.73329 0.55049 -0.598843 -0.115484 -0.615958
179 17.85 0.841667 0.690928 0.648683 0.765761 -0.890911 -1.02129 -0.669587
180 17.95 0.716667 0.6538 0.671153 0.489572 -0.34023 -0.882586 -0.78027
181 18.05 0.729167 0.591616 0.608526 0.609666 -1.11437 -1.41847 -0.903732
182 18.15 0.683333 0.592451 0.727798 0.583453 -0.745704 -1.31744 -0.911728
183 18.25 0.804167 0.73889 0.644619 0.656185 -1.27512 -1.47809 -0.947669
184 18.35 0.754167 0.556468 0.668501 0.574347 -1.39077 -1.36671 -0.986563
185 18.45 0.6875 0.616175 0.597502 0.639869 -1.17048 -0.98288 -1.03271
186 18.55 0.7375 0.607635 0.652572 0.523988 -1.19766 -0.948145 -0.992236
187 18.65 0.729167 0.753315 0.580835 0.624867 -0.875989 -0.567012 -0.787062
188 18.75 0.783333 0.650038 0.686836 0.562242 -0.895783 -0.646517 -0.73244
189 18.85 0.820833 0.773724 0.644006 0.768762 -1.23233 -0.699251 -0.684261
190 18.95 0.8125 0.777347 0.796447 0.687677 -1.14786 -0.541635 -0.75246
191 19.05 0.766667 0.57906 0.694862 0.695398 -0.79574 -0.687982 -0.726869
192 19.15 0.695833 0.601425 0.720074 0.705216 -0.949714 -0.649345 -0.750609
193 19.25 0.729167 0.587895 0.553202 0.519934 -1.12423 -1.05857 -0.811408
194 19.35 0.783333 0.702758 0.682016 0.559044 -0.571289 -1.33118 -0.884533
195 19.45 0.691667 0.64321 0.563517 0.594314 -0.458876 -0.712062 -1.01385
196 19.55 0.679167 0.645436 0.678332 0.510862 -1.04285 -1.44794 -1.21434
197 19.65 0.766667 0.720938 0.548807 0.669641 -0.907598 -1.20813 -1.29375
198 19.75 0.829167 0.746969 0.66727 0.630426 -1.03078 -1.42789 -1.25795
199 19.85 0.766667 0.572612 0.607405 0.717555 -0.99703 -1.1446 -1.31478
200 19.95 0.704167 0.737771 0.569537 0.592868 -0.743136 -0.937042 -1.22905
201 20.05 0.745833 0.564818 0.510199 0.581762 -0.586237 -0.774949 -1.16507
202 20.15 0.758333 0.565023 0.686295 0.706477 -0.61195 -1.11825 -1.08224
203 20.25 0.791667 0.607026 0.741218 0.501216 -0.754103 -1.15658 -0.971096
204 20.35 0.7625 0.551525 0.70139 0.744083 -0.726013 -0.991863 -0.840032
205 20.45 0.745833 0.71125 0.537239 0.642783 -0.483962 -0.669329 -0.725716
206 20.55 0.7375 0.600928 0.666202 0.62903 -0.845776 -0.913809 -0.659208
207 20.65 0.783333 0.851806 0.709262 0.836476 -0.508854 -1.22408 -0.741309
208 20.75 0.754167 0.558599 0.728955 0.656603 -0.912367 -1.11795 -0.711837
209 20.85 0.741667 0.693996 0.671879 0.622196 -0.832243 -1.07046 -0.739135
210 20.95 0.729167 0.64167 0.586051 0.62177 -0.904345 -0.723778 -0.710971
211 21.05 0.75 0.58808 0.655679 0.570016 -0.702128 -0.473702 -0.636999
212 21.15 0.783333 0.66949 0.538957 0.712618 -0.510905 -0.283565 -0.608155
213 21.25 0.725 0.608096 0.553115 0.492455 -1.03831 -0.521949 -0.610494
214 21.35 0.8375 0.665339 0.797654 0.694733 -0.555026 -0.645268 -0.68713
215 21.45 0.758333 0.748893 0.685891 0.671636 -0.982624 -0.778934 -0.693666
216 21.55 0.733333 0.621903 0.698766 0.586818 -1.0559 -0.505657 -0.69615
217 21.65 0.741667 0.655419 0.652691 0.53989 -1.28783 -0.713701 -0.77844
218 21.75 0.8125 0.705974 0.650996 0.753984 -0.730992 -0.694748 -0.749527
219 21.85 0.683333 0.709689 0.488581 0.494099 -0.618286 -0.735075 -0.78784
220 21.95 0.741667 0.671007 0.67867 0.588711 -1.02343 -1.34638 -0.796345
221 22.05 0.716667 0.4596 0.645377 0.62224 -1.00053 -1.02826 -0.919665
222 22.15 0.795833 0.768727 0.67478 0.704963 -0.666671 -0.633778 -0.999062
223 22.25 0.770833 0.609524 0.610537 0.614686 -0.136648 -0.969943 -1.02142
224 22.35 0.741667 0.740582 0.637239 0.572061 -0.972249 -1.01696 -1.02903
225 22.45 0.754167 0.569429 0.570035 0.696929 -0.956808 -0.880309 -1.00234
226 22.55 0.695833 0.610252 0.671285 0.613267 -0.684942 -1.13067 -1.05195
227 22.65 0.75 0.602945 0.683651 0.575839 -1.20906 -1.72509 -1.08225
228 22.75 0.7625 0.748577 0.698917 0.671351 -1.20974 -1.52218 -1.07425
229 22.85 0.8 0.719838 0.818911 0.713815 -1.00049 -0.979764 -1.04772
230 22.95 0.670833 0.569407 0.637929 0.657382 -0.556123 -1.14258 -1.02099
231 23.05 0.716667 0.618484 0.520539 0.523428 -0.469517 -0.777426 -0.946411
232 23.15 0.770833 0.657936 0.686151 0.69314 -1.211 -0.984478 -1.00213
233 23.25 0.779167 0.797698 0.718634 0.57513 -0.900063 -0.711153 -0.963038
234 23.35 0.795833 0.745676 0.579751 0.757405 -0.637733 -1.21813 -0.979979
235 23.45 0.7 0.527158 0.502785 0.695112 -0.714096 -1.14481 -0.926647
236 23.55 0.754167 0.59721 0.748918 0.759792 -1.12565 -1.09487 -0.875887
237 23.65 0.6625 0.630673 0.641939 0.588317 -1.29278 -0.852153 -0.87978
238 23.75 0.720833 0.627025 0.763574 0.489079 -1.10335 -0.850256 -0.863427
239 23.85 0.775 0.510468 0.602269 0.549726 -1.33225 -1.15189 -0.886331
240 23.95 0.725 0.626241 0.615748 0.613889 -1.14337 -0.776019 -0.928276
241 24.05 0.804167 0.743849 0.852043 0.66983 -0.6526 -1.03721 -0.8579
242 24.15 0.716667 0.570665 0.597781 0.709637 -0.563597 -0.772941 -0.799978
243 24.25 0.695833 0.612859 0.663855 0.734125 -1.07967 -0.757388 -0.763988
244 24.35 0.8125 0.662953 0.69706 0.590683 -0.556903 -0.24203 -0.67626
245 24.45 0.65 0.414925 0.542582 0.700684 -0.67901 -0.629624 -0.647215
246 24.55 0.666667 0.522536 0.536219 0.47838 -1.15365 -1.19426 -0.676305
247 24.65 0.675 0.565643 0.503534 0.575721 -0.921432 -0.935385 -0.689411
248 24.75 0.733333 0.568392 0.606272 0.613379 -1.24126 -0.79104 -0.76362
249 24.85 0.716667 0.601066 0.557654 0.741752 -1.33644 -1.08742 -0.739498
250 24.95 0.695833 0.442256 0.517404 0.58806 -1.21178 -1.25325 -0.620357
251 25.05 0.741667 0.619563 0.741051 0.563546 -1.13077 -0.948007 -0.564887
252 25.15 0.658333 0.513461 0.62715 0.588246 -1.10403 -0.744807 -0.525826
253 25.25 0.604167 0.585675 0.476575 0.433952 -1.00443 -0.593241 -0.524448
254 25.35 0.629167 0.53299 0.515044 0.553508 -0.915722 -0.859219 -0.503595
255 25.45 0.604167 0.487267 0.503503 0.406682 -0.720316 -0.623129 -0.445434
256 25.55 0.541667 0.412782 0.413428 0.486884 -0.970907 -0.783543 -0.374943
257 25.65 0.558333 0.320525 0.463307 0.372102 -0.896205 -0.726839 -0.351396
258 25.75 0.670833 0.516829 0.611392 0.549544 -0.877443 -0.856226 -0.346781
259 25.85 0.5375 0.437464 0.408176 0.402124 -0.649954 -0.638545 -0.331669
260 25.95 0.483333 0.410351 0.446132 0.373978 -0.815326 -0.800793 -0.324551
261 26.05 0.491667 0.4071 0.460742 0.373372 -0.888685 -0.625219 -0.328109
262 26.15 0.466667 0.41923 0.394684 0.382912 -0.743463 -0.663457 -0.278627
263 26.25 0.366667 0.336317 0.374751 0.306551 -0.37747 -0.551915 -0.201556
264 26.35 0.325 0.256524 0.29251 0.330548 -0.324107 -0.490235 -0.166057
265 26.45 0.379167 0.345868 0.416989 0.274822 -0.136612 -0.57172 -0.105466
266 26.55 0.254167 0.166939 0.178165 0.195814 -0.360858 -0.427608 -0.119812
267 26.65 0.275 0.224417 0.201104 0.261893 -0.357725 -0.439403 -0.132248
268 26.75 0.158333 0.176243 0.131807 0.131385 -0.329719 -0.306159 -0.122215
269 26.85 0.170833 0.140438 0.143317 0.180734 -0.272968 -0.182911 -0.117006
270 26.95 0.2 0.105036 0.157806 0.235031 -0.223123 -0.135657 -0.0945801
271 27.05 0.125 0.147627 0.0723885 0.111557 -0.182178 -0.117944 -0.0837449
272 27.15 0.1875 0.157257 0.134084 0.222048 -0.156608 -0.121543 -0.0558134
273 27.25 0.0958333 0.101647 0.0767464 0.118889 -0.114713 -0.101109 -0.0280439
274 27.35 0.0916667 0.0485786 0.0808516 0.112495 -0.0745511 -0.0413651 -0.0320539
275 27.45 0.0666667 0.0421088 0.0465745 0.0676781 -0.0580039 -0.0250221 -0.0330816
276 27.55 0.05 0.061793 0.0407244 0.0391761 -0.0379332 -0.00022126 -0.0229539
277 27.65 0.0416667 0.0428164 0.0532132 0.0209787 -0.0241727 0.00137434 -0.014154
278 27.75 0.0458333 0.0318862 0.0482005 0.0168024 -0.0286408 -0.00896127 -0.0174957
279 27.85 0.0333333 0.0334756 0.0350318 0.0268571 -0.0253989 -0.0155994 -0.0130461
280 27.95 0.0541667 0.0221595 0.0170218 0.0609355 -0.0212411 -0.0152688 -0.0151848
281 28.05 0.0291667 0.029932 0.0179552 0.0279545 -0.0131964 -0.0204844 -0.0228087
282 28.15 0.0166667 0.0147758 0.0238923 0.0110293 -0.0222348 -0.0207855 -0.0186965
283 28.25 0.0166667 0.0107452 0.0053506 0.0132994 -0.00692169 -0.0104564 -0.0146975
284 28.35 0.0333333 0.0305092 0.0511268 0.0300488 -0.00541927 -0.00742884 -0.0106702
285 28.45 0.0208333 0.0161063 0.0420945 0.0134737 -0.00391478 -0.00561546 -0.00699038
286 28.55 0.0125 0.00322229 0.00401782 0.0104984 -0.00219118 -0.00446762 -0.00548651
287 28.65 0.0125 0.0164275 0.0160788 0.00347172 -0.00182871 -0.00266989 -0.0045649
288 28.75 0.0125 0.0172616 0.0025157 0.0134618 -0.00195899 -0.0026761 -0.00546344
289 28.85 0.0166667 0.0198616 0.00899846 0.0121426 -0.00179246 -0.00256493 -0.00551326
290 28.95 0.0166667 0.00749998 0.0221016 0.00611602 -0.00148667 -0.00248757 -0.00495035
291 29.05 0.00833333 0.00269334 0.000829486 0.0051152 -0.00150907 -0.00283011 -0.00546478
292 29.15 0.0166667 0.0133955 0.00776393 0.0127704 -0.00144728 -0.00262714 -0.00523828
293 29.25 0.0208333 0.0157619 0.0126312 0.0065537 -0.00140248 -0.00198583 -0.00450461
294 29.35 0.0125 0.00875966 0.0280804 0.00241326 -0.0013771 -0.00147375 -0.00406179
295 29.45 0.00833333 0.00526463 0.00793905 0.00315936 -0.00122978 -0.00143097 -0.00399332
296 29.55 0.0208333 0.0095944 0.00791179 0.00760231 -0.00138703 -0.00130851 -0.00385126
297 29.65 0 0 0 0 -0.00135932 -0.00129595 -0.00379344
298 29.75 0.00833333 0.0173732 0.00836087 0.0225769 -0.00136442 -0.00129682 -0.00378079
299 29.85 0.0208333 0.0169296 0.0225305 0.0165656 -0.00227051 -0.00026929 -0.00204081
300 29.95 0.0166667 0.0172355 0.00302152 0.00923977 -0.0039837 -1.88939e-05 -0.00114279
301 30.05 0.0166667 0.00779892 0.0218497 0.00718397 -0.0127034 -0.0015026 -0.000525098
302 30.15 0.00833333 0.00984093 0.00556845 0.00851768 -0.000553225 -0.00128761 -0.000805799
303 30.25 0.0208333 0.0109281 0.00544328 0.0149476 -0.000537241 -0.00166782 -0.000918228
304 30.35 0.0125 0.0050906 0.00830913 0.000650759 -0.0004906 -0.00148588 -0.00070902
305 30.45 0.0125 0.000389002 0.0213492 0.00129442 -0.00081738 -0.00192043 -0.00110836
306 30.55 0.0166667 0.0267996 0.00460642 0.0805497 -0.000811204 -0.00132543 -0.00146711
307 30.65 0.00833333 0.00984393 0.00131359 0.014447 -0.00107413 -0.00230838 -0.00267762
308 30.75 0.0166667 0.0181685 0.00448101 0.00511677 -0.00124015 -0.00239434 -0.00261921
309 30.85 0.025 0.0209052 0.0308295 0.012254 0.00262915 -0.00169015 -0.00260035
310 30.95 0.025 0.00870898 0.0236639 0.0112612 -0.00125607 -0.0028894 -0.00278513
311 31.05 0.0333333 0.0327552 0.0540904 0.027096 -0.0120869 -0.00335111 -0.00305861
312 31.15 0.0125 0.00540333 0.00435457 0.00183458 -0.00709331 -0.00297706 -0.00295179
313 31.25 0.0208333 0.0147832 0.00773205 0.019767 -0.00792902 -0.00439555 -0.0031465
314 31.35 0.0291667 0.018157 0.0315918 0.0226325 -0.00446116 -0.00444869 -0.00400459
315 31.45 0.0291667 0.0363918 0.00717619 0.00831204 -0.0107566 -0.00674928 -0.00406914
316 31.55 0.0208333 0.0187945 0.0139065 0.00993728 -0.00414494 -0.00458803 -0.00393008
317 31.65 0.025 0.0032863 0.0174667 0.0179095 -0.00410684 -0.00392355 -0.00381543
318 31.75 0.00833333 0.000531811 0.0177431 0.000574012 -0.00416134 -0.00406455 -0.00436251
319 31.85 0.0166667 0.00541743 0.00947867 0.00770823 -0.00337782 -0.00382856 -0.00475669
320 31.95 0.00833333 0.0138424 0.00405577 0.00274572 -0.00160414 -0.00324276 -0.0044082
321 32.05 0.0125 0.0308434 0.00200891 0.00413436 -0.00187989 -0.00181114 -0.00396605
322 32.15 0.00416667 0.000232742 0.00155944 0.00110488 -0.00163529 -0.00145368 -0.00380298
323 32.25 0.0291667 0.0336786 0.0136273 0.0104664 -0.00168229 -0.00173886 -0.00389337
324 32.35 0.0166667 0.0064159 0.00555476 0.00654475 -0.00165223 -0.00142117 -0.00395397
325 32.45 0 0 0 0 -0.00158745 -0.00139656 -0.00394093
326 32.55 0.0208333 0.0166158 0.00747591 0.0201178 -0.0015984 -0.00145087 -0.00392844
327 32.65 0.0125 0.00807765 0.00638994 0.000932393 -0.00147255 -0.000964111 -0.0028122
328 32.75 0.0375 0.0310766 0.0358971 0.0122695 -0.00110578 -0.000794002 -0.00173946
329 32.85 0.0125 0.00379142 0.0223413 0.0110647 -0.000839004 -0.000980888 -0.00185417
330 32.95 0.0125 0.0125167 0.00545877 0.00179561 -0.000846178 -0.00115207 -0.00188167
331 33.05 0.0208333 0.012865 0.00823101 0.00328968 -0.00603454 -0.00493899 0.000681488
332 33.15 0.0125 0.00258814 0.0103923 0.00082915 0.000223156 0.00102092 0.00314662
333 33.25 0.0166667 0.0169783 0.00672776 0.016786 0.000281729 0.00104019 0.00305127
334 33.35 0.0125 0.00448765 0.00708329 0.000989847 -0.00059458 0.00079515 0.00259197
335 33.45 0 0 0 0 -0.000522145 0.00102456 0.00278864
336 33.55 0.0125 0.0107056 0.00983095 0.00626456 -0.000862328 0.00125373 0.00297401
337 33.65 0.0125 0.000341519 0.00123014 0.00696535 -0.00145033 0.00107558 0.00296436
338 33.75 0.025 0.0235335 0.0122771 0.00855323 -0.00170775 -0.000275805 0.00274084
339 33.85 0.0166667 0.00210349 0.00856973 0.0131476 -0.00248124 -0.00374108 0.000300598
340 33.95 0.00833333 0.0010543 0.00835208 0.00903105 -0.00300912 -0.00529263 -0.00260742
341 34.05 0.0166667 0.00815742 0.0105483 0.010744 -0.00249093 -0.00443409 -0.00249034
342 34.15 0.0166667 0.00352664 0.00619086 0.00572855 -0.00563408 -0.00457451 -0.00232426
343 34.25 0.0125 0.00946132 0.00550789 0.00427856 -0.00475048 -0.00359039 -0.00226154
344 34.35 0.0166667 0.00836555 0.0141339 0.0128702 -0.0134267 -0.00259156 -0.00170432
345 34.45 0.0125 0.00933232 0.00668557 0.0263005 -0.000661444 -0.00117733 -0.00153853
346 34.55 0.00416667 2.9416e-05 0.00414555 0.000960928 -0.000666817 -0.00116459 -0.00153397
347 34.65 0.0166667 0.0071901 0.0240801 0.00964695 -0.000585688 -0.00104022 -0.00143271
348 34.75 0.0333333 0.0152834 0.0204205 0.0550165 0.00268157 -7.52961e-05 -0.000860615
349 34.85 0.00416667 0.00104171 0.00216147 0.00146292 0.00606168 0.00196518 -0.000262122
350 34.95 0.0166667 0.0144918 0.00568992 0.00536645 0.00594438 0.00190119 -0.00110435
351 35.05 0.0416667 0.0178641 0.0346597 0.0133813 0.00387307 0.000816268 -0.00123481
352 35.15 0.0125 0.0133227 0.00340559 0.0155764 -0.000606402 -0.00200819 -0.000125953
353 35.25 0 0 0 0 -0.000613698 -0.00198853 -0.000148126
354 35.35 0.0208333 0.0127131 0.0088018 0.0241715 -0.000712979 -0.00209225 -0.000273707
355 35.45 0.0208333 0.0081499 0.0133601 0.0320277 0.0014703 0.000265621 0.000399591
356 35.55 0.0291667 0.00692051 0.00976606 0.0134523 0.00102875 0.000343216 0.000759347
357 35.65 0.00416667 0.00529446 0.00176162 0.00664748 0.00225096 0.000549489 0.00140798
358 35.75 0.00833333 0.000920134 0.00958803 0.00220999 0.00135883 0.000270788 0.000239437
359 35.85 0 0 0 0 -0.000203699 -0.000288141 -0.00182736
360 35.95 0.0291667 0.00717563 0.0282991 0.00297804 0.00041816 -0.00121912 -0.00181627
14400 360
1 0.05 0.016 0.00754307 0.0187311 0.00839842 0.000283506 -0.0021501 -0.0021736
2 0.15 0.02 0.00675145 0.00736761 0.00409475 0.000572617 -0.00275035 -0.00241378
3 0.25 0.02 0.00969625 0.00909966 0.00293615 -0.00111622 -0.00384806 -0.0032418
4 0.35 0.016 0.00635326 0.00171069 0.00149789 -0.00087237 -0.00337992 -0.00255204
5 0.45 0.012 0.00410967 0.00186313 0.0289286 -0.000872013 -0.00327268 -0.00254414
6 0.55 0.004 0.0101261 0.000360838 0.0380028 -0.000847335 -0.0033542 -0.00256857
7 0.65 0.02 0.00927507 0.0165405 0.0144257 -0.00128279 -0.00416951 -0.00280202
8 0.75 0.024 0.0200816 0.0190449 0.00981882 -0.00126021 -0.00474 -0.00352905
9 0.85 0.008 0.000270336 0.00330184 0.00787006 -0.00142056 -0.00497929 -0.00378745
10 0.95 0.02 0.0201491 0.0120619 0.0407289 -0.00280491 -0.00351508 -0.00329636
11 1.05 0.008 0.000313065 0.00410659 1.31135e-05 -0.00302141 -0.00296207 -0.00300831
12 1.15 0.012 7.20769e-07 0.0121008 1.59177e-05 -0.000753726 -0.00261294 -0.00287834
13 1.25 0.02 0.00870255 0.00626213 0.00920508 -0.000708928 -0.00264515 -0.00288502
14 1.35 0.016 0.0082054 0.0105066 0.0106367 -0.00068989 -0.00290461 -0.00288818
15 1.45 0.008 0.000316388 0.00567904 0.00206362 -0.000656182 -0.00258568 -0.00287373
16 1.55 0.012 0.00758756 0.00536117 0.00482436 -0.00081328 -0.00291085 -0.00269602
17 1.65 0.024 0.0231919 0.0164654 0.0130509 -0.000862262 -0.000887064 -0.00156056
18 1.75 0.016 0.00950813 0.0185256 0.00674021 -0.00177311 -0.00227777 -0.00242367
19 1.85 0.008 0.000225916 0.0139344 0.00444347 -0.00187646 -0.00263999 -0.00240188
20 1.95 0.008 0.00035126 0.0166757 0.000417153 -0.00189521 -0.00276108 -0.00239309
21 2.05 0.012 0.000194611 0.0153533 0.0059129 -0.00188443 -0.00272308 -0.00241212
22 2.15 0.008 0.00795043 0.00207836 0.00132524 -0.002053 -0.00237201 -0.00238266
23 2.25 0.008 0.00801358 0.00191294 0.0192749 -0.00250863 -0.000952479 -0.00214654
24 2.35 0.004 0.00152663 0.00709903 0.00331912 -0.00250377 -0.000953431 -0.0021456
25 2.45 0.02 0.00858723 0.00931011 0.0201871 -0.00211902 -0.000899494 -0.00195666
26 2.55 0.008 0.00163778 0.00159862 0.00297132 -0.000810909 -0.000676072 -0.00160456
27 2.65 0.008 4.07416e-06 0.00291564 0.00613166 -0.000599275 -0.000595215 -0.00154751
28 2.75 0.012 0.0149995 0.00547791 0.0146285 -0.000645204 -0.000590168 -0.00152309
29 2.85 0.024 0.00752723 0.0207349 0.0172767 -0.00148244 -0.000605975 -0.000933043
30 2.95 0.008 0.000324389 0.00285444 0.0217627 -0.000394878 -0.000538669 -0.000510765
31 3.05 0.008 0.00207601 0.0029994 0.00303794 -0.000966777 -0.00030439 -0.00053108
32 3.15 0 0 0 0 -0.00134642 -0.000227124 -0.000692442
33 3.25 0.004 0.0132368 0.00173764 5.67955e-05 -0.001359 -0.000254268 -0.000855806
34 3.35 0.004 0.000945698 0.00024655 0.0101981 -0.00139584 -0.000346018 -0.00142945
35 3.45 0.008 0.00898304 0.00100539 0.00243338 -0.000543053 5.04466e-06 0.00139881
36 3.55 0.012 0.0135045 0.00481715 0.00634597 0.00210528 0.00101405 0.010192
37 3.65 0.008 0.0125847 0.00916423 0.0036674 0.00213161 0.000807134 0.010239
38 3.75 0.008 0.00716188 0.00208669 0.00540444 0.00297963 0.000826192 0.010573
39 3.85 0.004 5.51949e-05 6.61333e-05 0.00252624 0.00328114 0.000843287 0.0106933
40 3.95 0 0 0 0 0.00327579 0.000842543 0.0106922
41 4.05 0 0 0 0 0.00327579 0.000842543 0.0106922
42 4.15 0.028 0.0169318 0.0256544 0.0321793 0.0187689 0.00231667 0.0107221
43 4.25 0.008 0.00479855 0.00438802 0.00998326 0.00283636 0.00112433 0.0106476
44 4.35 0.012 0.00731037 0.0147493 0.00861207 -0.000183295 -0.00016769 -0.000527668
45 4.45 0.004 0.00834528 0.000557131 0.000853011 -9.15131e-05 -0.000152085 -0.000399337
46 4.55 0.012 0.00265633 0.0169696 0.00786422 -0.000712025 -0.00105978 -0.000548547
47 4.65 0.004 0.00394124 2.06242e-05 0.000111012 -0.00127488 -0.00185992 -0.00070815
48 4.75 0.012 0.00563953 0.00934249 0.00474231 0.000848641 0.0043759 0.00384963
49 4.85 0.008 0.00719109 0.00385704 0.009169 0.00223144 0.00910618 0.00700386
50 4.95 0.004 3.79771e-05 0.00153319 0.0119097 0.00196591 0.0099422 0.00691572
51 5.05 0.008 0.0135775 0.00170296 0.00435057 0.00151296 0.00962577 0.00642782
52 5.15 0.02 0.0151875 0.00564476 0.00868128 0.00208651 0.00975377 0.00642106
53 5.25 0.012 0.0026134 0.00611277 0.00782143 0.00269132 0.00983891 0.00641208
54 5.35 0.004 0.00031287 0.00851332 0.00454773 7.00813e-05 0.00202477 0.000707465
55 5.45 0.004 0.000488506 0.00184172 0.000291861 -0.00086355 -0.000782733 -0.00135153
56 5.55 0.008 0.00463944 0.00557565 0.00349342 -0.000869338 -0.000885479 -0.00143566
57 5.65 0 0 0 0 -0.000871629 -0.000889421 -0.00144822
58 5.75 0.012 0.00341792 0.000958203 0.00198899 -0.000899516 -0.000844484 -0.00126115
59 5.85 0.012 0.0096703 0.0119629 0.0148181 -0.000794295 -0.0012827 -0.000782174
60 5.95 0.016 0.0131411 0.00363675 0.0289323 -0.000767573 -0.00272981 -0.000166861
61 6.05 0.008 0.00631097 0.00520345 0.00367332 0.000101477 -0.00168009 0.00449537
62 6.15 0.016 0.00951175 0.00904212 0.00338954 9.03855e-05 -0.00150843 0.0044316
63 6.25 0.016 0.0139391 0.00207484 0.0689002 -0.00260269 -0.00269553 0.00341873
64 6.35 0.016 0.0125303 0.00162746 0.0321091 -0.00123687 -0.00151668 0.00226392
65 6.45 0.008 0.00220097 0.00167274 0.00870249 -0.000636472 -0.000648706 0.00190136
66 6.55 0.004 0.0041835 0.000179895 0.000447058 0.000178073 0.000965029 0.0025205
67 6.65 0.004 0.00669236 0.00331976 0.000464162 0.00384098 0.00817828 0.00533979
68 6.75 0.024 0.0159745 0.0164085 0.0223522 0.00374995 0.0078772 0.0047075
69 6.85 0.012 0.00836777 0.000380756 0.00253572 0.00306173 0.00749181 0.00263961
70 6.95 0.016 0.00734993 0.00548822 0.0104698 0.0054873 0.00826042 -0.00205098
71 7.05 0.02 0.011016 0.0107338 0.019187 0.00990576 0.00711384 -0.00365591
72 7.15 0.016 0.00144299 0.0101413 0.0126522 0.0048113 0.00236065 -0.0059373
73 7.25 0.02 0.00702126 0.011876 0.009401 -0.00335182 0.000651564 -0.00701866
74 7.35 0.024 0.00865061 0.0145088 0.0165538 -0.00783939 -0.00274757 -0.0099989
75 7.45 0.02 0.00733221 0.00617138 0.0146344 -0.00409238 -0.00777433 -0.0106539
76 7.55 0.012 0.0133189 0.00954228 0.00528798 -0.00012596 -0.00831086 -0.0123853
77 7.65 0.02 0.00740152 0.0184165 0.0336866 -0.0125198 -0.0153871 -0.0153655
78 7.75 0.048 0.0383754 0.0420387 0.0407254 -0.0114713 -0.0272058 -0.0241948
79 7.85 0.036 0.0184952 0.0117214 0.0276542 -0.0289709 -0.0325119 -0.02982
80 7.95 0.08 0.0837533 0.0387463 0.059285 -0.0408041 -0.0466146 -0.0312982
81 8.05 0.072 0.0525075 0.0584583 0.0711007 -0.0334992 -0.0488693 -0.0343872
82 8.15 0.1 0.0711165 0.0582431 0.058017 -0.0410639 -0.0647911 -0.032504
83 8.25 0.048 0.0311326 0.0584108 0.0393442 -0.0663044 -0.071993 -0.0461792
84 8.35 0.06 0.0626778 0.0445416 0.0589492 -0.0436627 0.000506425 -0.0454658
85 8.45 0.084 0.0634387 0.0676288 0.0414919 -0.0504233 -0.0641833 -0.0565263
86 8.55 0.144 0.133269 0.106049 0.102086 -0.107362 -0.0674883 -0.0745991
87 8.65 0.116 0.043173 0.0839808 0.148112 -0.192622 -0.131496 -0.107056
88 8.75 0.148 0.14174 0.11233 0.127712 -0.0855608 -0.0918944 -0.119026
89 8.85 0.144 0.0863972 0.0983882 0.0885678 -0.151559 -0.0736108 -0.148049
90 8.95 0.156 0.109021 0.19723 0.0950344 -0.156412 -0.0556093 -0.182891
91 9.05 0.168 0.178999 0.167105 0.112371 -0.167157 -0.139171 -0.201288
92 9.15 0.236 0.199721 0.19346 0.218072 -0.0501714 -0.158137 -0.218563
93 9.25 0.236 0.196452 0.254595 0.154402 -0.17725 -0.294134 -0.247744
94 9.35 0.28 0.249486 0.182023 0.266657 -0.233381 -0.373619 -0.276722
95 9.45 0.336 0.289647 0.25426 0.321007 -0.435289 -0.321052 -0.287003
96 9.55 0.304 0.283784 0.299464 0.240575 -0.509095 -0.348458 -0.316527
97 9.65 0.392 0.334995 0.381003 0.313932 -0.394098 -0.422956 -0.335638
98 9.75 0.384 0.314902 0.286702 0.393032 -0.199517 -0.548707 -0.323651
99 9.85 0.452 0.420598 0.388585 0.411909 -0.567603 -0.557234 -0.336161
100 9.95 0.512 0.484034 0.371025 0.390869 -0.70722 -0.632359 -0.327103
101 10.05 0.472 0.455094 0.4844 0.472044 -0.627078 -0.742144 -0.340123
102 10.15 0.48 0.431945 0.460892 0.433993 -0.544881 -0.829103 -0.312844
103 10.25 0.536 0.5222 0.417028 0.67248 -0.671117 -0.619559 -0.310126
104 10.35 0.612 0.482671 0.519859 0.581677 -0.885754 -0.575269 -0.386636
105 10.45 0.62 0.605412 0.538128 0.564148 -0.651679 -0.798773 -0.420593
106 10.55 0.632 0.692695 0.542011 0.549317 -0.956667 -0.899495 -0.521128
107 10.65 0.636 0.513287 0.524188 0.548059 -1.24451 -0.949436 -0.642873
108 10.75 0.6 0.440504 0.567095 0.551938 -0.842285 -1.09602 -0.686421
109 10.85 0.64 0.489364 0.493525 0.473689 -0.926477 -1.23877 -0.748271
110 10.95 0.66 0.59208 0.54546 0.541978 -0.883397 -1.03845 -0.650381
111 11.05 0.636 0.538197 0.450636 0.574672 -1.23444 -1.11118 -0.684521
112 11.15 0.656 0.663166 0.566633 0.558888 -1.26758 -0.980049 -0.684502
113 11.25 0.616 0.545234 0.553554 0.495457 -0.912739 -0.964837 -0.684499
114 11.35 0.716 0.660117 0.642719 0.573292 -1.11327 -1.04893 -0.695486
115 11.45 0.784 0.642517 0.563419 0.669949 -1.25854 -1.21589 -0.696018
116 11.55 0.696 0.62653 0.572603 0.696329 -0.592008 -0.85961 -0.654134
117 11.65 0.652 0.62268 0.527633 0.559975 -0.731734 -0.550113 -0.589894
118 11.75 0.792 0.670974 0.658917 0.677501 -0.581612 -0.650276 -0.592552
119 11.85 0.76 0.62374 0.71195 0.593933 -0.664714 -0.69436 -0.633244
120 11.95 0.692 0.626838 0.632308 0.549932 -1.0921 -0.960093 -0.706167
121 12.05 0.7 0.551537 0.567242 0.544713 -0.621048 -1.25102 -0.728863
122 12.15 0.764 0.700634 0.663181 0.657126 -1.09361 -1.08416 -0.800375
123 12.25 0.712 0.645533 0.538363 0.592768 -1.13719 -0.857668 -0.806875
124 12.35 0.64 0.469564 0.50852 0.596179 -0.606709 -0.425011 -0.787265
125 12.45 0.752 0.55052 0.635999 0.621905 -0.921324 -0.604257 -0.926454
126 12.55 0.82 0.622838 0.719666 0.75165 -0.937442 -1.22802 -1.00157
127 12.65 0.748 0.629104 0.621921 0.598207 -0.696304 -1.15999 -0.927521
128 12.75 0.772 0.518085 0.632869 0.653838 -0.698823 -0.799503 -0.819283
129 12.85 0.696 0.698348 0.493082 0.587372 -0.881306 -0.582573 -0.850511
130 12.95 0.744 0.719653 0.57134 0.71528 -1.35941 -1.21285 -0.831675
131 13.05 0.768 0.693476 0.563251 0.550817 -1.19095 -1.11362 -0.688767
132 13.15 0.696 0.515214 0.730652 0.578279 -0.470132 -0.980338 -0.602798
133 13.25 0.728 0.593729 0.644655 0.565338 -0.300518 -0.569269 -0.491778
134 13.35 0.772 0.641221 0.658834 0.648407 -0.487869 -0.32148 -0.529231
135 13.45 0.84 0.648997 0.662887 0.786892 -0.493946 -0.235546 -0.556865
136 13.55 0.772 0.665472 0.771587 0.640043 -0.66884 -0.421883 -0.624664
137 13.65 0.78 0.680472 0.669004 0.573002 -1.03371 -1.06083 -0.722799
138 13.75 0.728 0.589536 0.621414 0.575842 -0.412814 -0.568473 -0.820751
139 13.85 0.768 0.699107 0.732766 0.689361 -0.799996 -0.888998 -0.811231
140 13.95 0.68 0.671759 0.567768 0.654431 -0.53067 -0.580394 -0.675734
141 14.05 0.704 0.712746 0.653428 0.689795 -0.276432 -0.457681 -0.695019
142 14.15 0.872 0.836007 0.718993 0.704556 -0.611134 -0.352119 -0.709841
143 14.25 0.788 0.69963 0.647413 0.621107 -0.225864 -0.594221 -0.64979
144 14.35 0.704 0.630202 0.584377 0.409506 -0.317268 -0.582923 -0.590096
145 14.45 0.716 0.494197 0.660682 0.613921 -0.491667 -0.378348 -0.631121
146 14.55 0.776 0.566134 0.574303 0.658166 -0.678195 -0.629063 -0.650194
147 14.65 0.816 0.63069 0.633104 0.721514 -0.633649 -0.61972 -0.557486
148 14.75 0.8 0.701724 0.69297 0.629067 -1.02691 -0.828826 -0.598218
149 14.85 0.692 0.505315 0.744668 0.553626 -1.09073 -0.790342 -0.711867
150 14.95 0.72 0.598207 0.570358 0.57186 -1.04862 -1.12755 -0.680399
151 15.05 0.748 0.691133 0.732796 0.712846 -0.649127 -0.735281 -0.774097
152 15.15 0.716 0.577975 0.659421 0.73076 -0.632085 -0.682363 -0.773246
153 15.25 0.82 0.800182 0.648053 0.659651 -0.847082 -1.04018 -0.776033
154 15.35 0.716 0.659038 0.503439 0.468235 -0.596834 -0.548843 -0.771529
155 15.45 0.828 0.727058 0.739198 0.753567 -0.567634 -0.616684 -0.895457
156 15.55 0.736 0.748846 0.638664 0.525813 -1.19048 -0.905885 -0.992182
157 15.65 0.696 0.663007 0.522015 0.422432 -1.00032 -1.03709 -1.07382
158 15.75 0.744 0.499891 0.56613 0.644002 -0.568217 -0.951031 -0.940448
159 15.85 0.78 0.65852 0.645124 0.853684 -0.502771 -0.974551 -0.856408
160 15.95 0.724 0.686541 0.629349 0.694151 -0.846599 -0.9819 -0.822086
161 16.05 0.812 0.746055 0.715048 0.654967 -1.06816 -0.933771 -0.810116
162 16.15 0.716 0.647373 0.577281 0.591503 -1.08085 -1.10411 -0.761431
163 16.25 0.716 0.640759 0.69558 0.720278 -0.842417 -1.2721 -0.70138
164 16.35 0.72 0.635126 0.576297 0.574523 -0.632947 -0.63408 -0.656514
165 16.45 0.828 0.751978 0.731552 0.691028 -0.389042 -0.947074 -0.690046
166 16.55 0.708 0.571988 0.617782 0.569916 -0.561046 -1.12251 -0.576383
167 16.65 0.784 0.676596 0.706523 0.617219 -0.558524 -1.12932 -0.547139
168 16.75 0.704 0.646107 0.633717 0.568683 -0.988121 -0.985964 -0.639168
169 16.85 0.684 0.569894 0.623393 0.50436 -0.563518 -0.945739 -0.698926
170 16.95 0.74 0.552099 0.696638 0.661662 -0.328861 -1.00701 -0.582555
171 17.05 0.828 0.709633 0.723602 0.696965 -1.02884 -0.360039 -0.608801
172 17.15 0.74 0.546136 0.553409 0.685918 -0.949353 -0.813992 -0.55272
173 17.25 0.808 0.724217 0.635833 0.608439 -1.08664 -1.03171 -0.599669
174 17.35 0.712 0.540258 0.816662 0.643617 -0.961075 -0.78969 -0.627736
175 17.45 0.748 0.52717 0.627685 0.601515 -1.06074 -0.76764 -0.607209
176 17.55 0.768 0.619721 0.726593 0.660274 -0.727353 -0.936673 -0.530744
177 17.65 0.752 0.606628 0.668393 0.689814 -0.875913 -0.591776 -0.593371
178 17.75 0.776 0.705076 0.725314 0.54341 -0.616473 -0.129063 -0.60805
179 17.85 0.844 0.697732 0.657851 0.771625 -0.80659 -1.0089 -0.660746
180 17.95 0.72 0.652352 0.6862 0.478277 -0.33168 -0.917355 -0.778821
181 18.05 0.74 0.610475 0.616497 0.607318 -1.0574 -1.37653 -0.918098
182 18.15 0.68 0.589571 0.704768 0.572411 -0.708736 -1.34604 -0.936242
183 18.25 0.804 0.741606 0.642356 0.640375 -1.21449 -1.43791 -0.966625
184 18.35 0.74 0.561464 0.643015 0.565526 -1.38346 -1.39285 -1.01027
185 18.45 0.688 0.614061 0.594605 0.62445 -1.20309 -1.06116 -1.0562
186 18.55 0.744 0.598779 0.645585 0.540282 -1.14388 -0.99913 -1.01691
187 18.65 0.736 0.753697 0.572157 0.629239 -0.883309 -0.647002 -0.813072
188 18.75 0.788 0.641899 0.683213 0.570965 -0.774996 -0.654234 -0.74723
189 18.85 0.816 0.773862 0.633081 0.760098 -1.12803 -0.663572 -0.697813
190 18.95 0.808 0.789363 0.792794 0.663901 -1.10692 -0.49531 -0.76223
191 19.05 0.772 0.574415 0.680595 0.693921 -0.829776 -0.702052 -0.74655
192 19.15 0.696 0.598076 0.71525 0.70314 -0.950806 -0.66567 -0.783807
193 19.25 0.724 0.586049 0.543313 0.519683 -1.14623 -1.06972 -0.831962
194 19.35 0.772 0.687853 0.669657 0.550311 -0.613332 -1.36688 -0.89742
195 19.45 0.684 0.631654 0.561149 0.582139 -0.488349 -0.796946 -1.02597
196 19.55 0.684 0.63539 0.689773 0.497529 -1.06034 -1.47371 -1.18718
197 19.65 0.784 0.722876 0.543317 0.692911 -0.91135 -1.25387 -1.25854
198 19.75 0.828 0.745157 0.674083 0.626032 -1.08551 -1.42952 -1.21435
199 19.85 0.768 0.592248 0.596197 0.698645 -1.05163 -1.11038 -1.25997
200 19.95 0.704 0.738976 0.580338 0.580032 -0.732798 -0.958366 -1.16196
201 20.05 0.736 0.578489 0.501144 0.578349 -0.626784 -0.782752 -1.09007
202 20.15 0.76 0.557034 0.669206 0.698143 -0.68441 -1.14354 -1.02477
203 20.25 0.796 0.622843 0.725216 0.538332 -0.777289 -1.23284 -0.935111
204 20.35 0.752 0.549234 0.686061 0.726807 -0.755256 -0.9225 -0.819204
205 20.45 0.744 0.704434 0.54727 0.640759 -0.524616 -0.729697 -0.739859
206 20.55 0.744 0.600708 0.660389 0.616729 -0.879688 -0.967176 -0.6745
207 20.65 0.78 0.857015 0.702066 0.810001 -0.549497 -1.22725 -0.756818
208 20.75 0.756 0.553767 0.722193 0.654047 -0.918092 -1.10286 -0.725259
209 20.85 0.752 0.691758 0.693789 0.686683 -0.79449 -0.909412 -0.745818
210 20.95 0.728 0.63046 0.576293 0.663119 -0.879612 -0.696179 -0.721779
211 21.05 0.752 0.584611 0.654159 0.589004 -0.675412 -0.514683 -0.624939
212 21.15 0.776 0.688346 0.531826 0.730943 -0.520324 -0.339647 -0.594111
213 21.25 0.732 0.603557 0.560673 0.495494 -1.01465 -0.590306 -0.598067
214 21.35 0.84 0.662273 0.80125 0.677698 -0.597529 -0.571802 -0.636026
215 21.45 0.76 0.75301 0.70987 0.695776 -1.05356 -0.81663 -0.637249
216 21.55 0.72 0.603907 0.67511 0.565982 -1.05749 -0.532078 -0.631607
217 21.65 0.752 0.646534 0.646783 0.567612 -1.24418 -0.733278 -0.696268
218 21.75 0.804 0.711881 0.634153 0.731996 -0.661662 -0.688695 -0.668331
219 21.85 0.696 0.689859 0.490778 0.503008 -0.595326 -0.733953 -0.718482
220 21.95 0.732 0.657302 0.672788 0.576726 -0.973443 -1.30403 -0.73642
221 22.05 0.728 0.460987 0.647821 0.613891 -1.00719 -1.05204 -0.862387
222 22.15 0.808 0.756801 0.670077 0.718985 -0.670353 -0.655193 -0.912706
223 22.25 0.768 0.603183 0.610934 0.631036 -0.0978116 -1.04295 -0.938464
224 22.35 0.748 0.72018 0.624124 0.575857 -1.00275 -1.03849 -0.948357
225 22.45 0.756 0.597798 0.589131 0.685534 -0.986633 -0.923997 -0.914955
226 22.55 0.688 0.61464 0.649883 0.602955 -0.696748 -1.12103 -0.960031
227 22.65 0.74 0.582079 0.664477 0.559299 -1.20261 -1.68843 -0.998209
228 22.75 0.772 0.746666 0.711149 0.688193 -1.06092 -1.42975 -1.00321
229 22.85 0.788 0.694427 0.797566 0.709375 -0.839283 -0.983905 -0.982588
230 22.95 0.696 0.560538 0.655578 0.668134 -0.538853 -1.13871 -0.956713
231 23.05 0.72 0.61823 0.520486 0.518207 -0.328639 -0.703419 -0.898328
232 23.15 0.78 0.70048 0.682295 0.70172 -1.12105 -0.952815 -0.943705
233 23.25 0.76 0.784242 0.723129 0.554897 -0.934496 -0.680706 -0.9103
234 23.35 0.792 0.747098 0.572615 0.752628 -0.680584 -1.21044 -0.942156
235 23.45 0.7 0.52652 0.497138 0.686166 -0.76413 -1.11666 -0.905984
236 23.55 0.752 0.612709 0.745504 0.752896 -1.10115 -1.09189 -0.867986
237 23.65 0.668 0.622571 0.648182 0.610484 -1.20808 -0.85368 -0.878762
238 23.75 0.724 0.628459 0.784598 0.490246 -1.09377 -0.886 -0.866182
239 23.85 0.768 0.541079 0.595821 0.537757 -1.28138 -1.19828 -0.887475
240 23.95 0.732 0.623603 0.609483 0.619261 -1.12805 -0.862655 -0.945533
241 24.05 0.804 0.75693 0.833888 0.700412 -0.70804 -1.10775 -0.886269
242 24.15 0.724 0.578316 0.617981 0.707966 -0.603803 -0.846449 -0.821124
243 24.25 0.7 0.621916 0.653746 0.736042 -1.07239 -0.77112 -0.787102
244 24.35 0.796 0.66438 0.671706 0.568804 -0.544606 -0.272243 -0.703816
245 24.45 0.652 0.42755 0.539358 0.700167 -0.707914 -0.685624 -0.673529
246 24.55 0.672 0.540492 0.530992 0.486199 -1.18304 -1.24947 -0.698101
247 24.65 0.664 0.575708 0.49976 0.554637 -0.95898 -0.983022 -0.716927
248 24.75 0.736 0.580639 0.600633 0.633706 -1.30648 -0.845324 -0.789592
249 24.85 0.72 0.599968 0.567227 0.736859 -1.39091 -1.13204 -0.76763
250 24.95 0.68 0.426154 0.502933 0.568729 -1.2436 -1.2894 -0.634731
251 25.05 0.756 0.640356 0.740023 0.586445 -1.16646 -0.989224 -0.569157
252 25.15 0.656 0.508235 0.651033 0.581134 -1.13612 -0.748665 -0.516975
253 25.25 0.6 0.5663 0.477565 0.422708 -1.00483 -0.584041 -0.513848
254 25.35 0.636 0.525294 0.52527 0.576572 -0.899864 -0.848149 -0.502544
255 25.45 0.604 0.488798 0.535251 0.395601 -0.723763 -0.612134 -0.443256
256 25.55 0.548 0.416266 0.418892 0.500933 -0.997259 -0.811058 -0.381812
257 25.65 0.56 0.31964 0.464219 0.37008 -0.914074 -0.74453 -0.359404
258 25.75 0.648 0.496367 0.593966 0.549804 -0.873943 -0.850174 -0.355048
259 25.85 0.544 0.442508 0.431382 0.419036 -0.645648 -0.672388 -0.33409
260 25.95 0.472 0.415982 0.438917 0.367938 -0.822738 -0.800921 -0.319672
261 26.05 0.492 0.408755 0.468955 0.366312 -0.890552 -0.617449 -0.318358
262 26.15 0.46 0.425669 0.402521 0.377872 -0.74496 -0.656109 -0.278028
263 26.25 0.364 0.358563 0.361862 0.301542 -0.300023 -0.549527 -0.203207
264 26.35 0.336 0.275851 0.299306 0.340258 -0.335872 -0.503739 -0.16345
265 26.45 0.38 0.33581 0.438049 0.271235 -0.129106 -0.562384 -0.0993917
266 26.55 0.252 0.162781 0.176443 0.189224 -0.351727 -0.421339 -0.110174
267 26.65 0.268 0.217942 0.193519 0.251424 -0.356582 -0.433929 -0.122086
268 26.75 0.164 0.175376 0.127743 0.135144 -0.329166 -0.308178 -0.115405
269 26.85 0.168 0.134882 0.137723 0.173556 -0.278101 -0.187668 -0.115108
270 26.95 0.204 0.102119 0.173927 0.236869 -0.231499 -0.144597 -0.0958622
271 27.05 0.128 0.142026 0.0772843 0.108939 -0.180777 -0.119705 -0.0839195
272 27.15 0.18 0.150967 0.128721 0.213166 -0.155584 -0.122821 -0.0571672
273 27.25 0.1 0.100483 0.080873 0.134027 -0.112552 -0.100059 -0.0291891
274 27.35 0.088 0.0466355 0.0776175 0.107995 -0.0721175 -0.0403934 -0.0321204
275 27.45 0.068 0.044685 0.0452488 0.0694573 -0.0560945 -0.0246073 -0.0329571
276 27.55 0.048 0.0593213 0.0390954 0.0376091 -0.0365992 -0.000638547 -0.0229867
277 27.65 0.04 0.0411038 0.0510847 0.0201395 -0.0233891 0.000893232 -0.0145388
278 27.75 0.044 0.0306107 0.0462725 0.0161303 -0.0276785 -0.00902896 -0.0177468
279 27.85 0.036 0.0325683 0.03381 0.0261127 -0.024534 -0.0153314 -0.0133557
280 27.95 0.052 0.0212731 0.016341 0.0584981 -0.0204198 -0.014747 -0.0149538
281 28.05 0.028 0.0287347 0.017237 0.0268363 -0.0126969 -0.019754 -0.0222727
282 28.15 0.016 0.0141847 0.0229366 0.0105881 -0.0213737 -0.0200431 -0.018325
283 28.25 0.016 0.0103154 0.00513657 0.0127674 -0.00667317 -0.0101272 -0.014486
284 28.35 0.032 0.0292888 0.0490818 0.0288468 -0.00523084 -0.00722068 -0.0106197
285 28.45 0.02 0.0154621 0.0404107 0.0129347 -0.00378653 -0.00547984 -0.00708712
286 28.55 0.016 0.0031218 0.00538051 0.0102483 -0.00210995 -0.00429895 -0.00531138
287 28.65 0.012 0.0157704 0.0154356 0.00333285 -0.00176063 -0.00256827 -0.00440619
288 28.75 0.012 0.0165711 0.00241507 0.0129233 -0.0018857 -0.00257424 -0.00526879
289 28.85 0.016 0.0190671 0.00863853 0.0116569 -0.00172583 -0.00246751 -0.00531661
290 28.95 0.016 0.00719998 0.0212176 0.00587138 -0.00143227 -0.00239325 -0.00477622
291 29.05 0.008 0.0025856 0.000796307 0.00491059 -0.00145378 -0.00272208 -0.00527007
292 29.15 0.016 0.0128597 0.00745338 0.0122596 -0.00139445 -0.00252724 -0.00505263
293 29.25 0.02 0.0151314 0.0121259 0.00629156 -0.00135145 -0.00191158 -0.00434831
294 29.35 0.012 0.00840928 0.0269572 0.00231673 -0.00132709 -0.00141998 -0.0039232
295 29.45 0.008 0.00505404 0.00762148 0.00303299 -0.00118566 -0.00137891 -0.00385747
296 29.55 0.02 0.00921062 0.00759532 0.00729821 -0.00133662 -0.00126135 -0.00372109
297 29.65 0 0 0 0 -0.00131001 -0.00124929 -0.00366559
298 29.75 0.008 0.0166783 0.00802644 0.0216738 -0.00131492 -0.00125012 -0.00365344
299 29.85 0.02 0.0162524 0.0216293 0.015903 -0.00218476 -0.000263697 -0.00198306
300 29.95 0.016 0.016546 0.00290066 0.00887018 -0.00382942 -2.33169e-05 -0.00112096
301 30.05 0.02 0.0186061 0.0264506 0.00689769 -0.0122033 -0.00144846 -0.000522566
302 30.15 0.008 0.0094473 0.00534571 0.00817697 -0.000544708 -0.0012436 -0.000781441
303 30.25 0.02 0.010491 0.00522555 0.0143497 -0.000529363 -0.00160861 -0.000889373
304 30.35 0.012 0.00488698 0.00797677 0.000624728 -0.000484588 -0.00143394 -0.000688532
305 30.45 0.012 0.000373441 0.0204953 0.00124264 -0.000798296 -0.00185112 -0.0010719
306 30.55 0.016 0.0257276 0.00442216 0.0773277 -0.000792368 -0.00127991 -0.0014163
307 30.65 0.012 0.0102408 0.00163136 0.0144658 -0.00103213 -0.00221671 -0.0025717
308 30.75 0.016 0.0174417 0.00430177 0.0049121 -0.0011907 -0.00229879 -0.00251521
309 30.85 0.024 0.020069 0.0295963 0.0117639 0.00252383 -0.00162277 -0.0024971
310 30.95 0.024 0.00836062 0.0227173 0.0108107 -0.00120598 -0.00277406 -0.00267449
311 31.05 0.032 0.031445 0.0519267 0.0260122 -0.0116035 -0.0032173 -0.00293702
312 31.15 0.012 0.0051872 0.00418039 0.00176119 -0.00680973 -0.00285821 -0.00283448
313 31.25 0.02 0.0141919 0.00742276 0.0189763 -0.00761201 -0.00421996 -0.0030214
314 31.35 0.028 0.0174307 0.0303281 0.0217272 -0.00428287 -0.00427097 -0.00384517
315 31.45 0.028 0.0349362 0.00688914 0.00797956 -0.0103264 -0.00647954 -0.00390713
316 31.55 0.02 0.0180427 0.0133502 0.00953979 -0.00397929 -0.00440474 -0.00377364
317 31.65 0.024 0.00315485 0.016768 0.0171931 -0.00394272 -0.00376684 -0.00366357
318 31.75 0.008 0.000510538 0.0170334 0.000551052 -0.00399504 -0.0039022 -0.00418877
319 31.85 0.016 0.00520074 0.00909953 0.0073999 -0.00324287 -0.00367565 -0.00456719
320 31.95 0.008 0.0132887 0.00389354 0.00263589 -0.00154012 -0.00311328 -0.00423263
321 32.05 0.012 0.0296097 0.00192855 0.00396899 -0.00180485 -0.00173892 -0.00380817
322 32.15 0.004 0.000223432 0.00149706 0.00106068 -0.00157003 -0.00139576 -0.00365162
323 32.25 0.028 0.0323314 0.0130822 0.0100478 -0.00161515 -0.00166954 -0.00373839
324 32.35 0.016 0.00615927 0.00533257 0.00628296 -0.00158629 -0.00136456 -0.00379657
325 32.45 0 0 0 0 -0.0015241 -0.00134093 -0.00378406
326 32.55 0.02 0.0159512 0.00717687 0.0193131 -0.00153461 -0.00139307 -0.00377207
327 32.65 0.012 0.00775454 0.00613434 0.000895097 -0.0014138 -0.000925775 -0.00270048
328 32.75 0.036 0.0298336 0.0344612 0.0117787 -0.0010617 -0.000762471 -0.00167064
329 32.85 0.012 0.00363976 0.0214477 0.0106221 -0.000805598 -0.000941881 -0.00178077
330 32.95 0.012 0.012016 0.00524042 0.00172378 -0.000812485 -0.00110621 -0.00180717
331 33.05 0.02 0.0123504 0.00790177 0.0031581 -0.00579331 -0.00474166 0.000653466
332 33.15 0.012 0.00248461 0.00997658 0.000795984 0.000214076 0.000979851 0.00301999
333 33.25 0.016 0.0162991 0.00645865 0.0161145 0.000270306 0.000998351 0.00292845
334 33.35 0.012 0.00430815 0.00679996 0.000950253 -0.00057095 0.000763115 0.00248753
335 33.45 0 0 0 0 -0.000501413 0.000983351 0.00267634
336 33.55 0.012 0.0102774 0.00943771 0.00601398 -0.000827989 0.00120335 0.00285428
337 33.65 0.012 0.000327859 0.00118094 0.00668673 -0.00139247 0.00103233 0.00284502
338 33.75 0.024 0.0225922 0.011786 0.0082111 -0.0016396 -0.000265002 0.00263045
339 33.85 0.02 0.00215484 0.00900486 0.0163528 -0.00238521 -0.0035926 0.000287489
340 33.95 0.008 0.00101213 0.00801799 0.00866981 -0.00289527 -0.00508309 -0.00250455
341 34.05 0.016 0.00783113 0.0101264 0.0103143 -0.00239781 -0.00425889 -0.00239216
342 34.15 0.016 0.00338557 0.00594323 0.00549941 -0.00541523 -0.0043937 -0.00223272
343 34.25 0.016 0.0111071 0.00846778 0.00494104 -0.00456432 -0.0034556 -0.00217291
344 34.35 0.016 0.00803093 0.0135685 0.0123554 -0.0128925 -0.00249927 -0.00163814
345 34.45 0.012 0.00895902 0.00641814 0.0252485 -0.000637827 -0.00114162 -0.00147898
346 34.55 0.008 0.000133472 0.0129134 0.00220802 -0.00064524 -0.00113344 -0.00150341
347 34.65 0.016 0.0069025 0.0231169 0.00926107 -0.0006201 -0.00110916 -0.00208007
348 34.75 0.032 0.014672 0.0196037 0.0528158 0.00251646 -0.000182836 -0.00153086
349 34.85 0.004 0.00100004 0.00207501 0.00140441 0.00576138 0.00177602 -0.000956306
350 34.95 0.016 0.0139121 0.00546232 0.00515179 0.00564877 0.00171459 -0.00176484
351 35.05 0.044 0.0178435 0.033822 0.0135935 0.00359997 0.00067768 -0.00189752
352 35.15 0.012 0.0127898 0.00326937 0.0149533 -0.000738892 -0.00203085 -0.00083776
353 35.25 0 0 0 0 -0.000745897 -0.00201198 -0.000859046
354 35.35 0.02 0.0122045 0.00844973 0.0232047 -0.000841206 -0.00211155 -0.000979603
355 35.45 0.02 0.0078239 0.0128257 0.0307466 0.00125474 0.000152009 -0.000333237
356 35.55 0.028 0.00664369 0.00937541 0.0129142 0.00083085 0.000226501 1.21285e-05
357 35.65 0.004 0.00508268 0.00169115 0.00638159 0.00200417 0.000424522 0.000634813
358 35.75 0.012 0.0125092 0.00940539 0.00461088 0.00119854 0.00015705 -0.00048062
359 35.85 0.004 0.0138829 0.00399754 0.00119771 -0.000250419 -0.000328586 -0.00210127
360 35.95 0.028 0.0068886 0.0271672 0.00285892 0.000347769 -0.00119271 -0.00188255
15000 360
1 0.05 0.0153846 0.00725296 0.0180106 0.0080754 0.000258007 -0.00207347 -0.00209393
2 0.15 0.0230769 0.00661747 0.00786498 0.00757752 0.000523509 -0.00266232 -0.0023248
3 0.25 0.0192308 0.00932332 0.00874967 0.00282322 -0.00112164 -0.00373772 -0.00312084
4 0.35 0.0230769 0.0234343 0.00575211 0.00290079 -0.000878894 -0.00327937 -0.00246418
5 0.45 0.0115385 0.0039516 0.00179147 0.0278159 -0.00084895 -0.00315081 -0.00246295
6 0.55 0.00384615 0.00973668 0.00034696 0.0365411 -0.000825221 -0.00322919 -0.00248644
7 0.65 0.0192308 0.00891834 0.0159043 0.0138709 -0.00124392 -0.00401314 -0.00271091
8 0.75 0.0230769 0.0193092 0.0183124 0.00944117 -0.00122222 -0.00456169 -0.00340997
9 0.85 0.00769231 0.000259938 0.00317485 0.00756736 -0.0013764 -0.00479178 -0.00365844
10 0.95 0.0192308 0.0193742 0.011598 0.0391624 -0.00270751 -0.00338388 -0.00318624
11 1.05 0.00769231 0.000301024 0.00394864 1.26092e-05 -0.00291568 -0.00285214 -0.00290927
12 1.15 0.0115385 6.93047e-07 0.0116354 1.53055e-05 -0.000735212 -0.00251644 -0.0027843
13 1.25 0.0192308 0.00836784 0.00602128 0.00885104 -0.000692137 -0.00254741 -0.00279072
14 1.35 0.0153846 0.00788981 0.0101025 0.0102276 -0.000673832 -0.00279689 -0.00279376
15 1.45 0.00769231 0.000304219 0.00546062 0.00198425 -0.00064142 -0.00249022 -0.00277986
16 1.55 0.0115385 0.00729573 0.00515497 0.0046388 -0.000792475 -0.00280289 -0.00260899
17 1.65 0.0269231 0.0223839 0.0215384 0.0143176 -0.000837322 -0.000862019 -0.00151802
18 1.75 0.0153846 0.00914244 0.0178131 0.00648098 -0.00171277 -0.00220007 -0.00234806
19 1.85 0.00769231 0.000217227 0.0133985 0.00427257 -0.00181215 -0.00254836 -0.0023271
20 1.95 0.00769231 0.00033775 0.0160343 0.000401109 -0.00183017 -0.00266479 -0.00231866
21 2.05 0.0115385 0.000187126 0.0147628 0.00568548 -0.00181981 -0.00262825 -0.00233696
22 2.15 0.00769231 0.00764464 0.00199842 0.00127427 -0.00198189 -0.00229068 -0.00230862
23 2.25 0.00769231 0.00770536 0.00183937 0.0185335 -0.00242 -0.000925751 -0.00208158
24 2.35 0.00384615 0.00146792 0.00682599 0.00319146 -0.00241533 -0.000926665 -0.00208068
25 2.45 0.0192308 0.00825695 0.00895203 0.0194107 -0.00204538 -0.000874803 -0.00189901
26 2.55 0.00769231 0.00157479 0.00153713 0.00285704 -0.000787574 -0.000659975 -0.00156045
27 2.65 0.00769231 3.91746e-06 0.0028035 0.00589583 -0.00058408 -0.000582227 -0.0015056
28 2.75 0.0153846 0.0144306 0.00654933 0.0149672 -0.000630558 -0.00057771 -0.00147704
29 2.85 0.0269231 0.0094457 0.0282436 0.0166516 -0.00143258 -0.000589099 -0.000902659
30 2.95 0.00769231 0.000311912 0.00274465 0.0209257 -0.000380185 -0.000518866 -0.000492884
31 3.05 0.00769231 0.00199617 0.00288404 0.00292109 -0.000930087 -0.000293598 -0.000512418
32 3.15 0 0 0 0 -0.00129513 -0.000219303 -0.000667574
33 3.25 0.00384615 0.0127277 0.0016708 5.4611e-05 -0.00130723 -0.000245404 -0.000824655
34 3.35 0.00384615 0.000909325 0.000237067 0.00980583 -0.00134265 -0.000333625 -0.00137624
35 3.45 0.00769231 0.00863754 0.000966722 0.00233979 -0.000522661 3.9356e-06 0.00134324
36 3.55 0.0115385 0.0129851 0.00463187 0.00610189 0.00202381 0.000974138 0.00979822
37 3.65 0.00769231 0.0121007 0.00881176 0.00352635 0.00204913 0.000775176 0.00984342
38 3.75 0.00769231 0.00688643 0.00200644 0.00519657 0.00286453 0.0007935 0.0101646
39 3.85 0.00384615 5.3072e-05 6.35897e-05 0.00242908 0.00315445 0.000809938 0.0102802
40 3.95 0 0 0 0 0.00314931 0.000809223 0.0102792
41 4.05 0 0 0 0 0.00314931 0.000809223 0.0102792
42 4.15 0.0269231 0.0162806 0.0246677 0.0309416 0.0180466 0.00222665 0.010308
43 4.25 0.00769231 0.00461399 0.00421925 0.00959928 0.00272678 0.00108017 0.0102363
44 4.35 0.0115385 0.0070292 0.014182 0.00828084 -0.00017674 -0.000162156 -0.000509137
45 4.45 0.00384615 0.00802431 0.000535703 0.000820203 -8.84879e-05 -0.000147151 -0.000385743
46 4.55 0.0115385 0.00255416 0.016317 0.00756175 -0.000685134 -0.00101994 -0.000529213
47 4.65 0.00384615 0.00378966 1.9831e-05 0.000106742 -0.00122634 -0.0017893 -0.000682678
48 4.75 0.0153846 0.014103 0.00955653 0.00555188 0.000813198 0.00420344 0.00369545
49 4.85 0.00769231 0.00691451 0.00370869 0.00881635 0.00214063 0.00874873 0.00672426
50 4.95 0.00384615 3.65165e-05 0.00147422 0.0114516 0.00188531 0.0095526 0.0066395
51 5.05 0.00769231 0.0130553 0.00163746 0.00418324 0.00144979 0.00924834 0.00617037
52 5.15 0.0192308 0.0146034 0.00542765 0.00834738 0.00200127 0.00937142 0.00616387
53 5.25 0.0115385 0.00251288 0.00587767 0.0075206 0.00258283 0.00945328 0.00615523
54 5.35 0.00384615 0.000300837 0.00818589 0.00437281 6.24049e-05 0.00193969 0.000670029
55 5.45 0.00384615 0.000469717 0.00177089 0.000280636 -0.000835317 -0.000759835 -0.00130978
56 5.55 0.00769231 0.004461 0.0053612 0.00335906 -0.000840883 -0.000858629 -0.00139067
57 5.65 0 0 0 0 -0.000843086 -0.000862419 -0.00140275
58 5.75 0.0115385 0.00328646 0.000921349 0.00191249 -0.000869901 -0.00081921 -0.00122287
59 5.85 0.0115385 0.00929836 0.0115028 0.0142482 -0.000768726 -0.00124057 -0.000762315
60 5.95 0.0153846 0.0126357 0.00349687 0.0278195 -0.000743032 -0.00263202 -0.000170669
61 6.05 0.00769231 0.00606824 0.00500332 0.00353204 9.25932e-05 -0.00162267 0.00431225
62 6.15 0.0192308 0.010559 0.0143792 0.0147637 0.00285186 -0.00145723 0.00457358
63 6.25 0.0192308 0.0140339 0.0049609 0.0673048 0.0042584 -0.00259514 0.00405031
64 6.35 0.0153846 0.0120484 0.00156487 0.0308742 0.00556729 -0.00146003 0.0029314
65 6.45 0.00769231 0.00211632 0.00160841 0.00836778 0.0061446 -0.000625444 0.00258279
66 6.55 0.00769231 0.0179302 0.000189468 0.000527311 0.000417689 0.000911759 0.00238969
67 6.65 0.00384615 0.00643496 0.00319208 0.000446309 0.00365572 0.00784694 0.00506615
68 6.75 0.0230769 0.0153601 0.0157774 0.0214925 0.00356819 0.00755745 0.00445818
69 6.85 0.0115385 0.00804594 0.000366112 0.00243819 0.00290644 0.00718688 0.00246982
70 6.95 0.0153846 0.00706724 0.00527714 0.0100671 0.00523872 0.00792592 -0.00204036
71 7.05 0.0192308 0.0105923 0.0103209 0.0184491 0.00948724 0.00682345 -0.00358357
72 7.15 0.0153846 0.00138749 0.00975121 0.0121656 0.00458872 0.00225307 -0.00577721
73 7.25 0.0192308 0.00675121 0.0114192 0.00903943 -0.00326043 0.000609719 -0.00681698
74 7.35 0.0230769 0.00831789 0.0139508 0.0159171 -0.0075754 -0.00265868 -0.0096826
75 7.45 0.0192308 0.0070502 0.00593402 0.0140716 -0.00397251 -0.0074921 -0.0103124
76 7.55 0.0115385 0.0128067 0.00917527 0.0050846 -0.000158644 -0.00800799 -0.0119772
77 7.65 0.0192308 0.00711684 0.0177082 0.032391 -0.0120758 -0.014812 -0.0148428
78 7.75 0.0461538 0.0368995 0.0404218 0.039159 -0.0110676 -0.0261763 -0.0233325
79 7.85 0.0346154 0.0177839 0.0112706 0.0265906 -0.0278941 -0.0312783 -0.0287414
80 7.95 0.0769231 0.080532 0.037256 0.0570048 -0.0392722 -0.0448386 -0.0301627
81 8.05 0.0769231 0.0669501 0.0565027 0.0804992 -0.0337441 -0.0512491 -0.0350156
82 8.15 0.1 0.0688073 0.0561008 0.0604217 -0.0415975 -0.0693371 -0.0333321
83 8.25 0.0538462 0.0463301 0.063671 0.0578888 -0.0452426 -0.0424344 -0.0372251
84 8.35 0.0615385 0.0603006 0.0428863 0.0567949 -0.0161549 0.0392917 -0.0385871
85 8.45 0.0961538 0.064748 0.0781697 0.0531146 -0.0658397 -0.0765933 -0.0530156
86 8.55 0.138462 0.128144 0.10197 0.0981598 -0.109074 -0.0742247 -0.0715446
87 8.65 0.123077 0.0459776 0.103009 0.144967 -0.196695 -0.112397 -0.0955065
88 8.75 0.146154 0.136834 0.109109 0.124639 -0.0893607 -0.0707389 -0.107811
89 8.85 0.142308 0.0838862 0.0951353 0.0867715 -0.152098 -0.0533583 -0.135325
90 8.95 0.153846 0.105289 0.199348 0.0949904 -0.154374 -0.0259437 -0.149059
91 9.05 0.173077 0.175241 0.164607 0.10917 -0.16343 -0.108662 -0.16632
92 9.15 0.238462 0.211902 0.189696 0.216558 -0.0741819 -0.168015 -0.204892
93 9.25 0.238462 0.205435 0.249794 0.165438 -0.201314 -0.291253 -0.233866
94 9.35 0.288462 0.243503 0.195359 0.281063 -0.263736 -0.371128 -0.264054
95 9.45 0.342308 0.285228 0.270352 0.350466 -0.448186 -0.326773 -0.278086
96 9.55 0.296154 0.277348 0.288695 0.231697 -0.510078 -0.352823 -0.312648
97 9.65 0.388462 0.330335 0.373453 0.310187 -0.412845 -0.442637 -0.334837
98 9.75 0.396154 0.327507 0.288329 0.406819 -0.249216 -0.574696 -0.345396
99 9.85 0.442308 0.412731 0.384302 0.398119 -0.548348 -0.541094 -0.354911
100 9.95 0.503846 0.481027 0.372348 0.385107 -0.652494 -0.610618 -0.345332
101 10.05 0.469231 0.442376 0.475262 0.477388 -0.622599 -0.744584 -0.352751
102 10.15 0.480769 0.428336 0.462195 0.445276 -0.531512 -0.80453 -0.317699
103 10.25 0.542308 0.503899 0.43829 0.661385 -0.652641 -0.541573 -0.303249
104 10.35 0.603846 0.489314 0.51575 0.577651 -0.821834 -0.506882 -0.376917
105 10.45 0.619231 0.593193 0.53984 0.551823 -0.571536 -0.7578 -0.415738
106 10.55 0.626923 0.683712 0.557538 0.540977 -0.933579 -0.872587 -0.526097
107 10.65 0.638462 0.528194 0.524156 0.547815 -1.2247 -0.933113 -0.660999
108 10.75 0.592308 0.438983 0.555069 0.536781 -0.843888 -1.09677 -0.707873
109 10.85 0.65 0.494621 0.498957 0.481192 -0.919259 -1.24166 -0.776322
110 10.95 0.657692 0.603348 0.545266 0.537659 -0.90458 -1.04114 -0.682381
111 11.05 0.661538 0.564187 0.457076 0.591702 -1.26659 -1.14621 -0.702361
112 11.15 0.661538 0.665757 0.584263 0.556923 -1.31162 -1.02939 -0.703657
113 11.25 0.603846 0.534933 0.55298 0.485301 -0.895718 -0.866305 -0.691073
114 11.35 0.696154 0.642142 0.623176 0.552095 -1.12153 -1.01556 -0.703909
115 11.45 0.780769 0.661881 0.575621 0.670508 -1.29034 -1.22059 -0.706705
116 11.55 0.684615 0.616268 0.554399 0.704667 -0.610916 -0.884513 -0.666777
117 11.65 0.653846 0.616123 0.523265 0.561028 -0.70584 -0.546846 -0.59809
118 11.75 0.796154 0.678816 0.666597 0.67895 -0.644513 -0.735576 -0.594005
119 11.85 0.773077 0.639503 0.749837 0.598671 -0.594442 -0.725479 -0.624386
120 11.95 0.696154 0.617411 0.671908 0.57456 -0.936774 -0.946916 -0.669017
121 12.05 0.7 0.547002 0.559901 0.548394 -0.492382 -1.1185 -0.683739
122 12.15 0.780769 0.696334 0.669363 0.659622 -1.05267 -1.07161 -0.746381
123 12.25 0.711538 0.640286 0.53204 0.59387 -1.13876 -0.896086 -0.743848
124 12.35 0.642308 0.470287 0.509114 0.636611 -0.65137 -0.470188 -0.738234
125 12.45 0.746154 0.537982 0.641612 0.607828 -0.951853 -0.49827 -0.882781
126 12.55 0.807692 0.617188 0.698816 0.753457 -0.944821 -1.21803 -0.950044
127 12.65 0.746154 0.629041 0.627624 0.603313 -0.719919 -1.14321 -0.881126
128 12.75 0.765385 0.506838 0.626063 0.658222 -0.726607 -0.81425 -0.786617
129 12.85 0.707692 0.688262 0.531749 0.618277 -0.886538 -0.614492 -0.832329
130 12.95 0.769231 0.727565 0.614481 0.744432 -1.34797 -1.22333 -0.80851
131 13.05 0.757692 0.670928 0.55192 0.543037 -1.19829 -1.05093 -0.682207
132 13.15 0.684615 0.505681 0.71331 0.577411 -0.500012 -0.842371 -0.602776
133 13.25 0.734615 0.600169 0.674175 0.572855 -0.325292 -0.56071 -0.487627
134 13.35 0.788462 0.649175 0.682837 0.655773 -0.53819 -0.374544 -0.537364
135 13.45 0.834615 0.631208 0.663048 0.791376 -0.509182 -0.253673 -0.565345
136 13.55 0.757692 0.649334 0.774459 0.62654 -0.679657 -0.381097 -0.621853
137 13.65 0.776923 0.68107 0.670109 0.581506 -0.987067 -0.984526 -0.725006
138 13.75 0.730769 0.594726 0.606266 0.583304 -0.407333 -0.551088 -0.831552
139 13.85 0.761538 0.674933 0.732324 0.674855 -0.822074 -0.92543 -0.844421
140 13.95 0.676923 0.67152 0.564525 0.655815 -0.550733 -0.611666 -0.707477
141 14.05 0.723077 0.732551 0.684178 0.701876 -0.21877 -0.295016 -0.718815
142 14.15 0.880769 0.840681 0.717241 0.69875 -0.656061 -0.364765 -0.73346
143 14.25 0.784615 0.684934 0.646588 0.633452 -0.268246 -0.625814 -0.664497
144 14.35 0.707692 0.62035 0.584949 0.416592 -0.332506 -0.598016 -0.599454
145 14.45 0.707692 0.490288 0.651489 0.60381 -0.518217 -0.351495 -0.64486
146 14.55 0.765385 0.562019 0.55924 0.655475 -0.730656 -0.613327 -0.669703
147 14.65 0.8 0.643545 0.620186 0.701705 -0.70507 -0.643026 -0.586851
148 14.75 0.815385 0.731244 0.699486 0.672156 -1.09591 -0.843424 -0.619488
149 14.85 0.7 0.51618 0.752264 0.578713 -0.935675 -0.74517 -0.759381
150 14.95 0.715385 0.582631 0.562259 0.557642 -1.03537 -1.16741 -0.737787
151 15.05 0.746154 0.726498 0.73509 0.702935 -0.719872 -0.787589 -0.828184
152 15.15 0.719231 0.575836 0.649333 0.726365 -0.678614 -0.660812 -0.82808
153 15.25 0.803846 0.789848 0.635657 0.657992 -0.882577 -1.04921 -0.824853
154 15.35 0.7 0.63872 0.511924 0.458229 -0.638453 -0.583901 -0.813534
155 15.45 0.838462 0.707878 0.751787 0.760829 -0.608507 -0.566578 -0.929849
156 15.55 0.726923 0.745621 0.637929 0.53575 -1.19614 -0.818875 -1.01071
157 15.65 0.696154 0.652373 0.533212 0.42787 -1.01656 -0.969778 -1.10179
158 15.75 0.726923 0.503346 0.546001 0.623759 -0.62815 -0.9087 -0.97112
159 15.85 0.784615 0.638588 0.634426 0.84031 -0.568635 -0.974296 -0.879211
160 15.95 0.742308 0.681434 0.629979 0.701643 -0.89392 -0.967422 -0.831812
161 16.05 0.815385 0.735942 0.713022 0.66034 -1.09675 -0.893638 -0.814277
162 16.15 0.707692 0.642026 0.580672 0.577731 -1.09602 -1.11919 -0.769499
163 16.25 0.719231 0.636908 0.715404 0.705598 -0.858236 -1.25357 -0.713806
164 16.35 0.723077 0.626236 0.595638 0.587857 -0.668798 -0.654493 -0.65678
165 16.45 0.819231 0.731594 0.713277 0.678354 -0.426935 -0.957579 -0.700698
166 16.55 0.719231 0.57935 0.612496 0.57155 -0.61162 -1.14315 -0.595225
167 16.65 0.765385 0.664652 0.706998 0.60881 -0.587249 -1.11487 -0.564021
168 16.75 0.711538 0.637199 0.628419 0.570967 -1.05992 -1.00987 -0.654742
169 16.85 0.688462 0.592144 0.644927 0.505778 -0.52241 -0.990846 -0.716006
170 16.95 0.734615 0.537371 0.698705 0.643935 -0.373941 -1.06642 -0.60791
171 17.05 0.819231 0.711638 0.732542 0.690052 -0.985299 -0.406922 -0.628538
172 17.15 0.738462 0.529947 0.539561 0.677476 -0.861856 -0.86052 -0.572843
173 17.25 0.830769 0.717309 0.671411 0.712944 -0.947413 -0.972286 -0.598595
174 17.35 0.715385 0.537591 0.850515 0.642506 -0.891599 -0.747742 -0.598034
175 17.45 0.75 0.524122 0.627878 0.605949 -1.02305 -0.708812 -0.590636
176 17.55 0.753846 0.603811 0.707809 0.644701 -0.75414 -0.916372 -0.529019
177 17.65 0.757692 0.613644 0.684649 0.696441 -0.897039 -0.63586 -0.597447
178 17.75 0.765385 0.691517 0.703988 0.532666 -0.66796 -0.159005 -0.603603
179 17.85 0.85 0.712391 0.647448 0.762058 -0.848617 -0.979789 -0.655384
180 17.95 0.730769 0.656452 0.683839 0.488251 -0.337528 -0.81949 -0.760985
181 18.05 0.738462 0.602251 0.614074 0.602285 -1.06635 -1.29176 -0.911867
182 18.15 0.680769 0.625439 0.689954 0.592377 -0.757938 -1.34217 -0.9335
183 18.25 0.796154 0.725347 0.650262 0.633707 -1.26062 -1.45124 -0.979998
184 18.35 0.746154 0.600399 0.650943 0.555687 -1.36846 -1.43798 -1.03723
185 18.45 0.688462 0.61257 0.604398 0.6396 -1.17953 -1.05239 -1.05269
186 18.55 0.746154 0.599222 0.644084 0.547826 -1.15348 -0.973532 -0.996035
187 18.65 0.746154 0.762918 0.591259 0.614854 -0.941948 -0.665798 -0.797261
188 18.75 0.773077 0.624828 0.669811 0.572304 -0.811454 -0.661998 -0.732353
189 18.85 0.811538 0.784431 0.623734 0.741296 -1.17074 -0.677279 -0.686497
190 18.95 0.807692 0.783841 0.787797 0.66922 -1.10495 -0.494618 -0.751513
191 19.05 0.769231 0.563108 0.68425 0.671674 -0.839 -0.732963 -0.727503
192 19.15 0.688462 0.584557 0.704713 0.683005 -0.962171 -0.680187 -0.76377
193 19.25 0.734615 0.600898 0.549746 0.526863 -1.17069 -1.024 -0.823557
194 19.35 0.784615 0.69245 0.679947 0.556195 -0.690558 -1.32651 -0.904101
195 19.45 0.703846 0.659086 0.560035 0.591961 -0.52746 -0.775576 -1.01156
196 19.55 0.688462 0.641724 0.678792 0.536595 -1.03832 -1.36891 -1.15266
197 19.65 0.776923 0.718448 0.542638 0.691097 -0.929666 -1.26429 -1.2193
198 19.75 0.819231 0.745669 0.663663 0.610841 -1.08842 -1.45319 -1.16535
199 19.85 0.757692 0.585118 0.580551 0.710485 -1.03553 -1.11404 -1.19626
200 19.95 0.711538 0.731578 0.592793 0.596688 -0.754995 -0.989275 -1.08466
201 20.05 0.726923 0.576205 0.50305 0.567774 -0.582408 -0.773488 -1.00733
202 20.15 0.769231 0.560629 0.674915 0.727444 -0.703329 -1.20214 -0.969345
203 20.25 0.788462 0.604066 0.74263 0.538975 -0.83938 -1.21864 -0.914685
204 20.35 0.765385 0.584124 0.676512 0.749599 -0.755523 -0.913203 -0.803198
205 20.45 0.746154 0.689473 0.5703 0.643235 -0.496163 -0.701902 -0.721932
206 20.55 0.765385 0.627419 0.664745 0.628499 -0.896674 -0.951133 -0.656646
207 20.65 0.776923 0.839016 0.691619 0.790483 -0.584269 -1.21208 -0.725561
208 20.75 0.761538 0.547119 0.721169 0.650473 -0.894364 -1.0945 -0.687159
209 20.85 0.738462 0.696259 0.688501 0.678304 -0.764187 -0.918911 -0.704728
210 20.95 0.734615 0.646694 0.598496 0.698865 -0.874135 -0.720508 -0.685186
211 21.05 0.753846 0.627913 0.657703 0.579581 -0.64307 -0.527311 -0.600368
212 21.15 0.765385 0.678173 0.547521 0.712465 -0.486433 -0.381731 -0.567113
213 21.25 0.726923 0.589583 0.559128 0.484171 -0.991832 -0.579254 -0.573079
214 21.35 0.85 0.672812 0.80899 0.686226 -0.661042 -0.555909 -0.625688
215 21.45 0.773077 0.753235 0.70252 0.709165 -1.05251 -0.827837 -0.620915
216 21.55 0.719231 0.594107 0.708228 0.553759 -1.0711 -0.53374 -0.627396
217 21.65 0.753846 0.635238 0.656372 0.567441 -1.24553 -0.682473 -0.69308
218 21.75 0.792308 0.693288 0.623894 0.721574 -0.678072 -0.693186 -0.67205
219 21.85 0.696154 0.676925 0.500334 0.51073 -0.591985 -0.639754 -0.7273
220 21.95 0.730769 0.652349 0.692261 0.575759 -0.969706 -1.23194 -0.736971
221 22.05 0.715385 0.450444 0.640626 0.615635 -0.968502 -0.96112 -0.863253
222 22.15 0.811538 0.776676 0.675588 0.752336 -0.623405 -0.628488 -0.908707
223 22.25 0.776923 0.599895 0.622239 0.636727 0.019121 -0.936517 -0.916424
224 22.35 0.765385 0.714635 0.63262 0.631163 -0.982213 -1.03855 -0.940876
225 22.45 0.753846 0.585154 0.584306 0.674848 -0.99269 -0.95994 -0.921676
226 22.55 0.684615 0.594976 0.636102 0.605018 -0.685964 -1.13093 -0.962415
227 22.65 0.730769 0.565155 0.648347 0.552194 -1.08652 -1.60773 -0.987962
228 22.75 0.765385 0.738174 0.708545 0.677713 -1.02033 -1.426 -0.98778
229 22.85 0.792308 0.714646 0.804808 0.720366 -0.722517 -0.97239 -0.957197
230 22.95 0.7 0.567058 0.654207 0.667816 -0.496578 -1.14915 -0.930482
231 23.05 0.719231 0.603664 0.525676 0.507993 -0.345029 -0.6665 -0.883976
232 23.15 0.792308 0.702786 0.692664 0.706802 -1.12084 -0.899612 -0.95064
233 23.25 0.765385 0.777092 0.717285 0.555119 -0.811112 -0.64378 -0.938901
234 23.35 0.776923 0.738883 0.561494 0.745391 -0.70243 -1.21541 -0.980581
235 23.45 0.692308 0.517496 0.503242 0.679988 -0.75331 -1.16199 -0.936358
236 23.55 0.761538 0.620116 0.757765 0.757941 -1.15065 -1.13879 -0.893471
237 23.65 0.657692 0.606323 0.647338 0.605573 -1.22587 -0.875864 -0.900764
238 23.75 0.719231 0.623708 0.763726 0.489402 -1.0963 -0.923032 -0.891505
239 23.85 0.792308 0.559573 0.619337 0.566028 -1.25304 -1.15967 -0.900967
240 23.95 0.726923 0.605222 0.595776 0.617417 -1.08962 -0.736411 -0.957488
241 24.05 0.796154 0.754006 0.825377 0.702969 -0.703761 -1.11497 -0.900046
242 24.15 0.730769 0.58458 0.612018 0.702888 -0.423704 -0.854796 -0.820944
243 24.25 0.711538 0.622294 0.701758 0.729223 -0.998301 -0.791776 -0.781804
244 24.35 0.792308 0.679328 0.674882 0.586011 -0.497156 -0.282509 -0.698614
245 24.45 0.661538 0.484935 0.565333 0.701991 -0.712086 -0.712521 -0.672047
246 24.55 0.65 0.522499 0.517973 0.469161 -1.17927 -1.24643 -0.688464
247 24.65 0.673077 0.567248 0.498133 0.567579 -0.864483 -1.00102 -0.711087
248 24.75 0.730769 0.579683 0.593824 0.625892 -1.3088 -0.855384 -0.780576
249 24.85 0.726923 0.621238 0.570731 0.741624 -1.36228 -1.08655 -0.752143
250 24.95 0.676923 0.430194 0.512269 0.569043 -1.16644 -1.25098 -0.618116
251 25.05 0.746154 0.668065 0.717642 0.598734 -1.08796 -0.943365 -0.560828
252 25.15 0.653846 0.499616 0.645799 0.569048 -1.11395 -0.774311 -0.52674
253 25.25 0.619231 0.56939 0.482985 0.456468 -0.957831 -0.597976 -0.525999
254 25.35 0.615385 0.505097 0.505792 0.556458 -0.857002 -0.851575 -0.511393
255 25.45 0.6 0.488176 0.535386 0.405292 -0.667631 -0.574831 -0.448642
256 25.55 0.55 0.423873 0.428958 0.494502 -1.00909 -0.732014 -0.411925
257 25.65 0.561538 0.32917 0.469581 0.363895 -0.956584 -0.755595 -0.373008
258 25.75 0.646154 0.485247 0.593006 0.552617 -0.914469 -0.882716 -0.364037
259 25.85 0.534615 0.431854 0.421703 0.409483 -0.670038 -0.677612 -0.339174
260 25.95 0.469231 0.434857 0.424714 0.371505 -0.831249 -0.757215 -0.317839
261 26.05 0.5 0.402278 0.463351 0.360918 -0.87962 -0.619099 -0.313007
262 26.15 0.453846 0.410463 0.40148 0.388445 -0.731838 -0.651199 -0.263182
263 26.25 0.365385 0.364048 0.351001 0.29203 -0.323361 -0.565315 -0.188918
264 26.35 0.338462 0.268154 0.294225 0.336463 -0.347881 -0.516976 -0.153531
265 26.45 0.369231 0.327719 0.423815 0.270478 -0.138926 -0.55764 -0.0962334
266 26.55 0.246154 0.160855 0.172747 0.185449 -0.349548 -0.414939 -0.105168
267 26.65 0.257692 0.20956 0.186076 0.241754 -0.359855 -0.424027 -0.115447
268 26.75 0.173077 0.181884 0.141166 0.141831 -0.322873 -0.303309 -0.107133
269 26.85 0.165385 0.135962 0.132474 0.166944 -0.266021 -0.18377 -0.108339
270 26.95 0.207692 0.135135 0.176647 0.234535 -0.221667 -0.143563 -0.0926113
271 27.05 0.130769 0.136887 0.082352 0.11387 -0.172448 -0.113643 -0.0830158
272 27.15 0.176923 0.152621 0.125332 0.204995 -0.149242 -0.117156 -0.0557182
273 27.25 0.0961538 0.0966181 0.0777625 0.128872 -0.108258 -0.0962446 -0.0282291
274 27.35 0.0846154 0.0448418 0.0746322 0.103841 -0.0693787 -0.0388738 -0.0310476
275 27.45 0.0653846 0.0429664 0.0435084 0.0667859 -0.053972 -0.0236949 -0.0318521
276 27.55 0.0461538 0.0570397 0.0375917 0.0361626 -0.0352265 -0.000647966 -0.0222652
277 27.65 0.0384615 0.0395229 0.0491199 0.0193649 -0.0225245 0.000824899 -0.0141422
278 27.75 0.0423077 0.0294334 0.0444927 0.0155099 -0.0266489 -0.00871567 -0.0172269
279 27.85 0.0346154 0.0313157 0.0325096 0.0251084 -0.0236253 -0.0147757 -0.0130046
280 27.95 0.05 0.0204549 0.0157125 0.0562482 -0.0196694 -0.0142138 -0.0145413
281 28.05 0.0269231 0.0276296 0.016574 0.0258041 -0.0122435 -0.0190282 -0.0215787
282 28.15 0.0153846 0.0136392 0.0220544 0.0101809 -0.0205866 -0.0193062 -0.0177828
283 28.25 0.0153846 0.00991863 0.00493901 0.0122764 -0.00645146 -0.00977165 -0.0140914
284 28.35 0.0307692 0.0281624 0.047194 0.0277373 -0.00506461 -0.00697694 -0.0103739
285 28.45 0.0192308 0.0148674 0.0388565 0.0124372 -0.00367584 -0.00530306 -0.00697714
286 28.55 0.0153846 0.00300173 0.00517357 0.0098541 -0.00206375 -0.00416759 -0.0052697
287 28.65 0.0115385 0.0151639 0.014842 0.00320467 -0.00172786 -0.00250347 -0.00439932
288 28.75 0.0115385 0.0159338 0.00232219 0.0124263 -0.00184812 -0.00250921 -0.00522875
289 28.85 0.0153846 0.0183338 0.00830627 0.0112086 -0.0016944 -0.00240658 -0.00527473
290 28.95 0.0192308 0.00743016 0.0214937 0.0066059 -0.00141789 -0.00234249 -0.00472645
291 29.05 0.00769231 0.00248616 0.00076568 0.00472172 -0.00144843 -0.00267119 -0.00515226
292 29.15 0.0153846 0.0123651 0.00716671 0.011788 -0.00139139 -0.00248384 -0.00494319
293 29.25 0.0192308 0.0145494 0.0116596 0.00604957 -0.00135003 -0.00189186 -0.00426596
294 29.35 0.0153846 0.0188616 0.0262172 0.00316569 -0.00133119 -0.0014599 -0.00384552
295 29.45 0.00769231 0.00485966 0.00732835 0.00291633 -0.00119609 -0.00142823 -0.00378008
296 29.55 0.0192308 0.00885637 0.0073032 0.00701751 -0.00134124 -0.00131519 -0.00364895
297 29.65 0.00384615 0.000886615 0.000372305 0.000810276 -0.00130699 -0.00130025 -0.00357984
298 29.75 0.00769231 0.0160368 0.00771773 0.0208402 -0.0013114 -0.00130093 -0.00356761
299 29.85 0.0230769 0.0245653 0.0219986 0.0211744 -0.00214529 -0.000331845 -0.00195187
300 29.95 0.0192308 0.0262161 0.00873418 0.00858795 -0.00371427 -6.49739e-05 -0.00110701
301 30.05 0.0192308 0.0178905 0.0254333 0.00663239 -0.0117394 -0.00139574 -0.000515162
302 30.15 0.00769231 0.00908394 0.00514011 0.00786247 -0.000529244 -0.00119876 -0.000764079
303 30.25 0.0192308 0.0100875 0.00502456 0.0137978 -0.000514489 -0.00154972 -0.00086786
304 30.35 0.0115385 0.00469901 0.00766997 0.0006007 -0.000471436 -0.00138178 -0.000674745
305 30.45 0.0115385 0.000359078 0.019707 0.00119485 -0.000773078 -0.0017829 -0.00104336
306 30.55 0.0153846 0.0247381 0.00425208 0.0743535 -0.000767378 -0.00123367 -0.00137452
307 30.65 0.0115385 0.00984696 0.00156862 0.0139094 -0.000997918 -0.00213443 -0.00248548
308 30.75 0.0153846 0.0167709 0.00413632 0.00472317 -0.00115039 -0.00221336 -0.00243116
309 30.85 0.0230769 0.0192971 0.028458 0.0113114 0.00242127 -0.00156334 -0.00241375
310 30.95 0.0230769 0.00803905 0.0218436 0.0103949 -0.00116508 -0.00267035 -0.00258432
311 31.05 0.0307692 0.0302356 0.0499296 0.0250117 -0.0111627 -0.00309654 -0.00283676
312 31.15 0.0115385 0.00498769 0.0040196 0.00169346 -0.0065533 -0.00275126 -0.00273815
313 31.25 0.0192308 0.0136461 0.00713727 0.0182464 -0.00732473 -0.00406064 -0.00291789
314 31.35 0.0269231 0.0167603 0.0291616 0.0208915 -0.00412363 -0.00410969 -0.00370997
315 31.45 0.0269231 0.0335925 0.00662418 0.00767265 -0.00993476 -0.00623331 -0.00376955
316 31.55 0.0230769 0.0198199 0.0137005 0.0318211 -0.00383971 -0.00423838 -0.00365293
317 31.65 0.0230769 0.00303351 0.0161231 0.0165319 -0.00381853 -0.00362515 -0.0035677
318 31.75 0.00769231 0.000490902 0.0163783 0.000529857 -0.00386884 -0.0037553 -0.00407269
319 31.85 0.0153846 0.00500071 0.00874955 0.00711529 -0.0031456 -0.00353747 -0.00443656
320 31.95 0.00769231 0.0127776 0.00374379 0.00253451 -0.00150835 -0.00299672 -0.00411487
321 32.05 0.0115385 0.0284708 0.00185438 0.00381633 -0.00176289 -0.00167523 -0.00370674
322 32.15 0.00384615 0.000214839 0.00143948 0.00101989 -0.00153711 -0.00134527 -0.00355621
323 32.25 0.0269231 0.0310879 0.0125791 0.00966133 -0.00158049 -0.00160851 -0.00363964
324 32.35 0.0153846 0.00592237 0.00512747 0.00604131 -0.00155274 -0.00131526 -0.00369558
325 32.45 0 0 0 0 -0.00149294 -0.00129254 -0.00368355
326 32.55 0.0192308 0.0153377 0.00690084 0.0185703 -0.00150305 -0.00134267 -0.00367202
327 32.65 0.0115385 0.00745629 0.00589841 0.000860671 -0.00138688 -0.000893355 -0.00264164
328 32.75 0.0346154 0.0286861 0.0331358 0.0113257 -0.00104833 -0.000736331 -0.00165142
329 32.85 0.0115385 0.00349977 0.0206227 0.0102136 -0.000802073 -0.000908841 -0.00175731
330 32.95 0.0115385 0.0115539 0.00503886 0.00165748 -0.000808695 -0.00106685 -0.00178269
331 33.05 0.0192308 0.0118753 0.00759786 0.00303663 -0.00559795 -0.00456247 0.000583301
332 33.15 0.0153846 0.00479436 0.0127465 0.00136075 0.000176255 0.000934898 0.00285071
333 33.25 0.0153846 0.0156722 0.00621024 0.0154948 0.000227636 0.000947534 0.00275247
334 33.35 0.0115385 0.00414245 0.00653842 0.000913705 -0.000581264 0.000721346 0.0023285
335 33.45 0 0 0 0 -0.000514401 0.000933112 0.00251005
336 33.55 0.0153846 0.0173061 0.00978218 0.00880042 -0.000828433 0.00114469 0.00268115
337 33.65 0.0115385 0.000315249 0.00113551 0.00642955 -0.00137171 0.000981553 0.00267222
338 33.75 0.0230769 0.0217233 0.0113327 0.00789529 -0.00160933 -0.000265878 0.0024659
339 33.85 0.0192308 0.00207196 0.00865852 0.0157238 -0.00232626 -0.00346549 0.000213053
340 33.95 0.00769231 0.000973201 0.00770961 0.00833636 -0.00281671 -0.00489866 -0.0024716
341 34.05 0.0153846 0.00752993 0.00973692 0.00991755 -0.00233838 -0.00410616 -0.00236353
342 34.15 0.0153846 0.00325536 0.00571464 0.0052879 -0.00523975 -0.00423578 -0.00221023
343 34.25 0.0153846 0.0106799 0.0081421 0.004751 -0.00442156 -0.00333376 -0.00215272
344 34.35 0.0153846 0.00772205 0.0130467 0.0118802 -0.0124294 -0.00241421 -0.00163851
345 34.45 0.0115385 0.00861444 0.00617129 0.0242774 -0.000646088 -0.00110878 -0.00148548
346 34.55 0.00769231 0.000128339 0.0124167 0.0021231 -0.000653216 -0.00110092 -0.00150897
347 34.65 0.0192308 0.00673458 0.0288132 0.00891432 -0.000625744 -0.00107677 -0.00205653
348 34.75 0.0307692 0.0141077 0.0188497 0.0507844 0.00241582 -0.00017981 -0.00147468
349 34.85 0.00384615 0.000961581 0.0019952 0.00135039 0.00553593 0.00170371 -0.000922228
350 34.95 0.0153846 0.013377 0.00525223 0.00495365 0.00542765 0.00164463 -0.00169967
351 35.05 0.0423077 0.0171572 0.0325212 0.0130707 0.00345766 0.00064761 -0.00182724
352 35.15 0.0115385 0.0122978 0.00314362 0.0143782 -0.00071433 -0.00195675 -0.000808241
353 35.25 0 0 0 0 -0.000721066 -0.0019386 -0.000828709
354 35.35 0.0192308 0.0117351 0.00812474 0.0223122 -0.000812709 -0.00203434 -0.000944629
355 35.45 0.0192308 0.00752298 0.0123324 0.029564 0.00120262 0.000142157 -0.000323123
356 35.55 0.0307692 0.00638989 0.00960863 0.0137946 0.000794199 0.000213622 8.86338e-06
357 35.65 0.00384615 0.00488719 0.00162611 0.00613614 0.00191249 0.000402125 0.000606466
358 35.75 0.0115385 0.0120281 0.00904364 0.00443353 0.00113784 0.00014494 -0.000466065
359 35.85 0.00384615 0.013349 0.00384378 0.00115165 -0.000255383 -0.000322018 -0.00202438
360 35.95 0.0269231 0.00662366 0.0261223 0.00274896 0.000319797 -0.00115291 -0.00181407
