# Chunk-averaged data for fix f2 and group all
# Timestep Number-of-chunks Total-count
# Chunk Coord1 Ncount c_sa[1] c_sa[2] c_sa[3]
0 396 2000
  1 0.03 1 0.0597664 0.0597664 0.134651
  2 0.09 0 0 0 0
  3 0.15 0 0 0 0
  4 0.21 0 0 0 0
  5 0.27 1 0.0599324 0.0599324 0.134004
  6 0.33 0 0 0 0
  7 0.39 0 0 0 0
  8 0.45 0 0 0 0
  9 0.51 2 0.121804 0.121804 0.267008
  10 0.57 0 0 0 0
  11 0.63 0 0 0 0
  12 0.69 1 0.0617799 0.0617799 0.13328
  13 0.75 0 0 0 0
  14 0.81 1 0.0627655 0.0627655 0.132921
  15 0.87 0 0 0 0
  16 0.93 0 0 0 0
  17 0.99 1 0.0644109 0.0644109 0.132053
  18 1.05 1 0.0651293 0.0651293 0.131554
  19 1.11 0 0 0 0
  20 1.17 0 0 0 0
  21 1.23 0 0 0 0
  22 1.29 1 0.0675351 0.0675351 0.130183
  23 1.35 0 0 0 0
  24 1.41 0 0 0 0
  25 1.47 0 0 0 0
  26 1.53 1 0.0706254 0.0706254 0.129341
  27 1.59 0 0 0 0
  28 1.65 2 0.144562 0.144562 0.25743
  29 1.71 1 0.0732935 0.0732935 0.128268
  30 1.77 1 0.0747199 0.0747199 0.127634
  31 1.83 1 0.0755766 0.0755766 0.127263
  32 1.89 0 0 0 0
  33 1.95 1 0.0770481 0.0770481 0.12692
  34 2.01 0 0 0 0
  35 2.07 1 0.0794211 0.0794211 0.126268
  36 2.13 0 0 0 0
  37 2.19 1 0.081507 0.081507 0.12565
  38 2.25 2 0.165971 0.165971 0.250269
  39 2.31 1 0.0840847 0.0840847 0.124804
  40 2.37 1 0.085507 0.085507 0.124456
  41 2.43 4 0.34358 0.34358 0.497452
  42 2.49 1 0.0868242 0.0868242 0.124072
  43 2.55 2 0.177414 0.177414 0.247255
  44 2.61 3 0.269861 0.269861 0.370393
  45 2.67 1 0.0911736 0.0911736 0.123357
  46 2.73 2 0.184765 0.184765 0.24655
  47 2.79 2 0.187397 0.187397 0.24651
  48 2.85 4 0.380946 0.380946 0.492725
  49 2.91 4 0.385623 0.385623 0.492292
  50 2.97 2 0.196326 0.196326 0.245675
  51 3.03 4 0.396905 0.396905 0.491062
  52 3.09 3 0.301609 0.301609 0.368367
  53 3.15 0 0 0 0
  54 3.21 3 0.308376 0.308376 0.368532
  55 3.27 1 0.104492 0.104492 0.122858
  56 3.33 4 0.422723 0.422723 0.491084
  57 3.39 3 0.32172 0.32172 0.368031
  58 3.45 4 0.434746 0.434746 0.490225
  59 3.51 5 0.551904 0.551904 0.612145
  60 3.57 4 0.447047 0.447047 0.489635
  61 3.63 4 0.452639 0.452639 0.489758
  62 3.69 4 0.457211 0.457211 0.489856
  63 3.75 3 0.347449 0.347449 0.367718
  64 3.81 6 0.704308 0.704308 0.736377
  65 3.87 7 0.83308 0.83308 0.860428
  66 3.93 2 0.240151 0.240151 0.24615
  67 3.99 8 0.974648 0.974648 0.986709
  68 4.05 3 0.370482 0.370482 0.370775
  69 4.11 2 0.248494 0.248494 0.247461
  70 4.17 5 0.629868 0.629868 0.620569
  71 4.23 7 0.895125 0.895125 0.871489
  72 4.29 5 0.646219 0.646219 0.623935
  73 4.35 4 0.524743 0.524743 0.500284
  74 4.41 6 0.794631 0.794631 0.751644
  75 4.47 6 0.802731 0.802731 0.753108
  76 4.53 5 0.676075 0.676075 0.629077
  77 4.59 3 0.410571 0.410571 0.378523
  78 4.65 5 0.690568 0.690568 0.632406
  79 4.71 7 0.978415 0.978415 0.888394
  80 4.77 7 0.988266 0.988266 0.891723
  81 4.83 3 0.426512 0.426512 0.383382
  82 4.89 4 0.57538 0.57538 0.513813
  83 4.95 8 1.16274 1.16274 1.03299
  84 5.01 6 0.880405 0.880405 0.779072
  85 5.07 7 1.03787 1.03787 0.91409
  86 5.13 4 0.597401 0.597401 0.524221
  87 5.19 4 0.603472 0.603472 0.526484
  88 5.25 8 1.221 1.221 1.05824
  89 5.31 4 0.616298 0.616298 0.531568
  90 5.37 3 0.466622 0.466622 0.400525
  91 5.43 5 0.783413 0.783413 0.670355
  92 5.49 10 1.58337 1.58337 1.35015
  93 5.55 10 1.59653 1.59653 1.35825
  94 5.61 8 1.29087 1.29087 1.09508
  95 5.67 4 0.647771 0.647771 0.548881
  96 5.73 6 0.981593 0.981593 0.829809
  97 5.79 5 0.823237 0.823237 0.695108
  98 5.85 1 0.165727 0.165727 0.139762
  99 5.91 6 1.00566 1.00566 0.846517
  100 5.97 7 1.18258 1.18258 0.994331
  101 6.03 8 1.36204 1.36204 1.1437
  102 6.09 5 0.8576 0.8576 0.719557
  103 6.15 6 1.03501 1.03501 0.86809
  104 6.21 6 1.04254 1.04254 0.874466
  105 6.27 5 0.873797 0.873797 0.733314
  106 6.33 8 1.41109 1.41109 1.18463
  107 6.39 6 1.06435 1.06435 0.89398
  108 6.45 8 1.42671 1.42671 1.19857
  109 6.51 3 0.539277 0.539277 0.45356
  110 6.57 5 0.90463 0.90463 0.762018
  111 6.63 3 0.545066 0.545066 0.459507
  112 6.69 7 1.27961 1.27961 1.08016
  113 6.75 7 1.2886 1.2886 1.09011
  114 6.81 10 1.85083 1.85083 1.56919
  115 6.87 8 1.48954 1.48954 1.26624
  116 6.93 8 1.49764 1.49764 1.27474
  117 6.99 4 0.752666 0.752666 0.641275
  118 7.05 2 0.378132 0.378132 0.322493
  119 7.11 6 1.14076 1.14076 0.973746
  120 7.17 9 1.71951 1.71951 1.46941
  121 7.23 8 1.536 1.536 1.31498
  122 7.29 11 2.12104 2.12104 1.81945
  123 7.35 7 1.35814 1.35814 1.16881
  124 7.41 6 1.16825 1.16825 1.00766
  125 7.47 6 1.17268 1.17268 1.01369
  126 7.53 4 0.785521 0.785521 0.680765
  127 7.59 6 1.1832 1.1832 1.0269
  128 7.65 9 1.78319 1.78319 1.5503
  129 7.71 2 0.397627 0.397627 0.346209
  130 7.77 11 2.19622 2.19622 1.91584
  131 7.83 5 1.00219 1.00219 0.876308
  132 7.89 6 1.20697 1.20697 1.05733
  133 7.95 9 1.81699 1.81699 1.594
  134 8.01 6 1.21613 1.21613 1.06806
  135 8.07 6 1.22023 1.22023 1.0724
  136 8.13 7 1.42895 1.42895 1.25715
  137 8.19 8 1.63703 1.63703 1.44187
  138 8.25 9 1.8488 1.8488 1.63168
  139 8.31 11 2.26651 2.26651 2.00272
  140 8.37 6 1.2399 1.2399 1.09642
  141 8.43 7 1.45092 1.45092 1.28432
  142 8.49 6 1.24789 1.24789 1.10548
  143 8.55 5 1.04174 1.04174 0.923003
  144 8.61 8 1.67211 1.67211 1.48313
  145 8.67 6 1.25737 1.25737 1.11671
  146 8.73 6 1.26118 1.26118 1.12204
  147 8.79 5 1.05429 1.05429 0.939087
  148 8.85 8 1.68996 1.68996 1.50622
  149 8.91 5 1.0588 1.0588 0.944976
  150 8.97 6 1.27399 1.27399 1.13805
  151 9.03 11 2.34023 2.34023 2.09143
  152 9.09 11 2.3458 2.3458 2.09793
  153 9.15 8 1.70911 1.70911 1.52955
  154 9.21 9 1.92698 1.92698 1.72619
  155 9.27 6 1.28781 1.28781 1.15477
  156 9.33 9 1.93565 1.93565 1.73626
  157 9.39 4 0.862097 0.862097 0.773373
  158 9.45 7 1.51161 1.51161 1.35619
  159 9.51 5 1.08169 1.08169 0.970867
  160 9.57 11 2.38482 2.38482 2.14069
  161 9.63 7 1.5197 1.5197 1.36411
  162 9.69 7 1.52304 1.52304 1.36717
  163 9.75 6 1.30752 1.30752 1.17418
  164 9.81 8 1.74594 1.74594 1.56863
  165 9.87 8 1.74904 1.74904 1.57345
  166 9.93 8 1.75158 1.75158 1.57815
  167 9.99 13 2.85124 2.85124 2.57207
  168 10.05 5 1.09862 1.09862 0.990781
  169 10.11 9 1.9805 1.9805 1.78561
  170 10.17 3 0.66105 0.66105 0.596087
  171 10.23 8 1.76477 1.76477 1.59164
  172 10.29 12 2.65065 2.65065 2.39049
  173 10.35 5 1.10619 1.10619 0.998137
  174 10.41 7 1.54985 1.54985 1.39858
  175 10.47 3 0.665108 0.665108 0.600066
  176 10.53 10 2.21962 2.21962 2.0027
  177 10.59 8 1.77732 1.77732 1.60477
  178 10.65 5 1.11192 1.11192 1.00491
  179 10.71 7 1.55822 1.55822 1.40971
  180 10.77 7 1.55988 1.55988 1.41342
  181 10.83 9 2.0076 2.0076 1.82156
  182 10.89 12 2.67856 2.67856 2.4324
  183 10.95 8 1.78729 1.78729 1.62482
  184 11.01 7 1.56513 1.56513 1.42405
  185 11.07 9 2.01381 2.01381 1.83426
  186 11.13 6 1.34352 1.34352 1.22499
  187 11.19 6 1.34443 1.34443 1.22669
  188 11.25 7 1.56957 1.56957 1.43253
  189 11.31 6 1.34601 1.34601 1.22776
  190 11.37 6 1.34682 1.34682 1.2267
  191 11.43 11 2.47014 2.47014 2.24748
  192 11.49 11 2.47144 2.47144 2.24564
  193 11.55 8 1.798 1.798 1.63263
  194 11.61 6 1.34901 1.34901 1.22456
  195 11.67 7 1.57426 1.57426 1.42939
  196 11.73 7 1.57457 1.57457 1.43043
  197 11.79 2 0.449986 0.449986 0.409183
  198 11.85 10 2.25019 2.25019 2.04639
  199 11.91 12 2.70057 2.70057 2.45743
  200 11.97 8 1.80049 1.80049 1.63969
  201 12.03 7 1.57547 1.57547 1.43574
  202 12.09 8 1.80051 1.80051 1.6406
  203 12.15 3 0.675124 0.675124 0.615185
  204 12.21 11 2.47513 2.47513 2.25398
  205 12.27 3 0.674942 0.674942 0.614203
  206 12.33 14 3.14904 3.14904 2.86345
  207 12.39 4 0.899474 0.899474 0.816984
  208 12.45 12 2.69725 2.69725 2.44708
  209 12.51 5 1.12352 1.12352 1.01891
  210 12.57 5 1.12294 1.12294 1.01849
  211 12.63 6 1.34702 1.34702 1.22245
  212 12.69 8 1.79514 1.79514 1.6313
  213 12.75 7 1.57001 1.57001 1.42879
  214 12.81 7 1.56922 1.56922 1.43078
  215 12.87 7 1.5682 1.5682 1.43198
  216 12.93 12 2.68688 2.68688 2.45584
  217 12.99 5 1.11873 1.11873 1.02384
  218 13.05 5 1.11815 1.11815 1.02382
  219 13.11 8 1.7874 1.7874 1.63606
  220 13.17 8 1.78592 1.78592 1.63322
  221 13.23 9 2.00752 2.00752 1.83485
  222 13.29 11 2.45154 2.45154 2.23927
  223 13.35 12 2.67184 2.67184 2.43714
  224 13.41 5 1.11229 1.11229 1.01339
  225 13.47 7 1.55546 1.55546 1.41681
  226 13.53 5 1.10968 1.10968 1.01126
  227 13.59 5 1.1088 1.1088 1.0111
  228 13.65 5 1.10747 1.10747 1.00993
  229 13.71 5 1.10621 1.10621 1.00871
  230 13.77 7 1.54712 1.54712 1.41114
  231 13.83 11 2.42704 2.42704 2.2135
  232 13.89 6 1.32203 1.32203 1.20509
  233 13.95 15 3.30103 3.30103 3.00718
  234 14.01 8 1.75912 1.75912 1.6011
  235 14.07 8 1.7564 1.7564 1.5949
  236 14.13 4 0.876815 0.876815 0.794936
  237 14.19 8 1.75072 1.75072 1.58537
  238 14.25 9 1.96659 1.96659 1.77951
  239 14.31 5 1.09056 1.09056 0.985589
  240 14.37 9 1.9601 1.9601 1.76941
  241 14.43 8 1.73906 1.73906 1.56742
  242 14.49 4 0.868065 0.868065 0.781798
  243 14.55 7 1.51642 1.51642 1.36483
  244 14.61 8 1.73009 1.73009 1.55568
  245 14.67 7 1.5108 1.5108 1.3571
  246 14.73 5 1.07677 1.07677 0.966279
  247 14.79 8 1.71945 1.71945 1.54206
  248 14.85 6 1.28674 1.28674 1.15261
  249 14.91 6 1.28364 1.28364 1.14709
  250 14.97 10 2.13478 2.13478 1.9036
  251 15.03 8 1.70372 1.70372 1.51556
  252 15.09 10 2.1257 2.1257 1.88724
  253 15.15 7 1.48459 1.48459 1.31553
  254 15.21 12 2.53731 2.53731 2.24424
  255 15.27 8 1.68722 1.68722 1.49016
  256 15.33 11 2.31388 2.31388 2.0405
  257 15.39 3 0.629485 0.629485 0.554484
  258 15.45 9 1.88305 1.88305 1.65648
  259 15.51 6 1.25072 1.25072 1.09758
  260 15.57 2 0.41657 0.41657 0.365301
  261 15.63 7 1.45144 1.45144 1.2682
  262 15.69 3 0.620042 0.620042 0.540463
  263 15.75 9 1.85492 1.85492 1.61272
  264 15.81 8 1.64432 1.64432 1.42643
  265 15.87 7 1.43309 1.43309 1.23923
  266 15.93 4 0.81555 0.81555 0.703056
  267 15.99 8 1.6259 1.6259 1.39771
  268 16.05 15 3.03952 3.03952 2.60552
  269 16.11 4 0.806946 0.806946 0.689275
  270 16.17 10 2.01065 2.01065 1.71427
  271 16.23 8 1.60219 1.60219 1.36409
  272 16.29 4 0.797088 0.797088 0.677385
  273 16.35 6 1.19123 1.19123 1.01077
  274 16.41 7 1.38319 1.38319 1.17107
  275 16.47 2 0.393954 0.393954 0.333081
  276 16.53 5 0.979208 0.979208 0.825472
  277 16.59 3 0.585322 0.585322 0.492845
  278 16.65 3 0.582565 0.582565 0.489917
  279 16.71 9 1.7389 1.7389 1.45985
  280 16.77 8 1.53623 1.53623 1.28661
  281 16.83 12 2.29519 2.29519 1.91989
  282 16.89 4 0.761303 0.761303 0.635952
  283 16.95 13 2.4608 2.4608 2.05209
  284 17.01 6 1.12982 1.12982 0.940947
  285 17.07 11 2.0598 2.0598 1.71381
  286 17.13 1 0.186303 0.186303 0.154958
  287 17.19 7 1.29547 1.29547 1.07763
  288 17.25 8 1.4713 1.4713 1.22379
  289 17.31 9 1.64748 1.64748 1.36973
  290 17.37 5 0.910051 0.910051 0.756014
  291 17.43 2 0.361255 0.361255 0.29977
  292 17.49 5 0.897149 0.897149 0.744447
  293 17.55 6 1.06857 1.06857 0.887044
  294 17.61 7 1.23992 1.23992 1.02981
  295 17.67 8 1.40936 1.40936 1.17181
  296 17.73 5 0.873266 0.873266 0.727991
  297 17.79 9 1.56084 1.56084 1.30411
  298 17.85 8 1.38031 1.38031 1.15553
  299 17.91 8 1.3662 1.3662 1.14803
  300 17.97 11 1.86533 1.86533 1.57014
  301 18.03 3 0.505807 0.505807 0.425793
  302 18.09 4 0.669664 0.669664 0.564089
  303 18.15 6 0.993605 0.993605 0.838825
  304 18.21 3 0.495045 0.495045 0.418312
  305 18.27 6 0.981101 0.981101 0.831111
  306 18.33 9 1.45586 1.45586 1.23742
  307 18.39 6 0.963157 0.963157 0.821003
  308 18.45 4 0.635719 0.635719 0.543896
  309 18.51 6 0.948952 0.948952 0.81347
  310 18.57 7 1.09373 1.09373 0.943421
  311 18.63 4 0.619937 0.619937 0.537072
  312 18.69 9 1.38204 1.38204 1.20326
  313 18.75 4 0.606873 0.606873 0.532291
  314 18.81 10 1.5075 1.5075 1.32794
  315 18.87 5 0.746949 0.746949 0.661847
  316 18.93 5 0.73905 0.73905 0.659605
  317 18.99 6 0.877257 0.877257 0.789237
  318 19.05 4 0.580141 0.580141 0.525066
  319 19.11 2 0.286839 0.286839 0.261536
  320 19.17 6 0.851194 0.851194 0.781178
  321 19.23 5 0.702483 0.702483 0.648481
  322 19.29 5 0.695696 0.695696 0.645864
  323 19.35 7 0.962647 0.962647 0.899363
  324 19.41 5 0.677877 0.677877 0.637969
  325 19.47 4 0.537205 0.537205 0.508424
  326 19.53 5 0.666203 0.666203 0.633731
  327 19.59 4 0.527393 0.527393 0.505143
  328 19.65 8 1.04031 1.04031 1.00705
  329 19.71 7 0.900459 0.900459 0.879789
  330 19.77 8 1.01389 1.01389 1.00345
  331 19.83 1 0.125596 0.125596 0.1252
  332 19.89 5 0.618533 0.618533 0.624592
  333 19.95 4 0.488578 0.488578 0.499256
  334 20.01 4 0.484212 0.484212 0.498976
  335 20.07 0 0 0 0
  336 20.13 2 0.236287 0.236287 0.248386
  337 20.19 2 0.232845 0.232845 0.247754
  338 20.25 3 0.345026 0.345026 0.370808
  339 20.31 3 0.341487 0.341487 0.370196
  340 20.37 7 0.786008 0.786008 0.862219
  341 20.43 2 0.222091 0.222091 0.246066
  342 20.49 4 0.436724 0.436724 0.491662
  343 20.55 3 0.323414 0.323414 0.368948
  344 20.61 4 0.426682 0.426682 0.492254
  345 20.67 7 0.734474 0.734474 0.86322
  346 20.73 3 0.30956 0.30956 0.37105
  347 20.79 1 0.101857 0.101857 0.12398
  348 20.85 5 0.503543 0.503543 0.62052
  349 20.91 0 0 0 0
  350 20.97 2 0.194789 0.194789 0.248606
  351 21.03 1 0.0965494 0.0965494 0.124309
  352 21.09 2 0.189459 0.189459 0.248537
  353 21.15 2 0.186576 0.186576 0.248648
  354 21.21 2 0.185207 0.185207 0.248809
  355 21.27 2 0.182882 0.182882 0.249107
  356 21.33 0 0 0 0
  357 21.39 2 0.176824 0.176824 0.249368
  358 21.45 1 0.0878256 0.0878256 0.124744
  359 21.51 4 0.344503 0.344503 0.500429
  360 21.57 1 0.0851485 0.0851485 0.125355
  361 21.63 2 0.167388 0.167388 0.25149
  362 21.69 3 0.245966 0.245966 0.37843
  363 21.75 2 0.16152 0.16152 0.253037
  364 21.81 1 0.0803458 0.0803458 0.126659
  365 21.87 2 0.157539 0.157539 0.254017
  366 21.93 3 0.23358 0.23358 0.381805
  367 21.99 1 0.0769696 0.0769696 0.127516
  368 22.05 0 0 0 0
  369 22.11 1 0.0745617 0.0745617 0.128042
  370 22.17 1 0.0739673 0.0739673 0.128262
  371 22.23 0 0 0 0
  372 22.29 2 0.143456 0.143456 0.258046
  373 22.35 1 0.0705117 0.0705117 0.129521
  374 22.41 0 0 0 0
  375 22.47 0 0 0 0
  376 22.53 0 0 0 0
  377 22.59 0 0 0 0
  378 22.65 3 0.200889 0.200889 0.393184
  379 22.71 0 0 0 0
  380 22.77 0 0 0 0
  381 22.83 2 0.129788 0.129788 0.263737
  382 22.89 1 0.0643113 0.0643113 0.131948
  383 22.95 0 0 0 0
  384 23.01 0 0 0 0
  385 23.07 1 0.0627695 0.0627695 0.132545
  386 23.13 2 0.124123 0.124123 0.265975
  387 23.19 0 0 0 0
  388 23.25 1 0.0614087 0.0614087 0.133553
  389 23.31 1 0.0610012 0.0610012 0.133896
  390 23.37 0 0 0 0
  391 23.43 0 0 0 0
  392 23.49 0 0 0 0
  393 23.55 0 0 0 0
  394 23.61 0 0 0 0
  395 23.67 0 0 0 0
  396 23.73 1 0.0597795 0.0597795 0.13469
8000 396 4000
  1 0.03 0.5 0.0298832 0.0298832 0.0673257
  2 0.09 0.5 0.0283325 0.0283325 0.0665643
  3 0.15 0 0 0 0
  4 0.21 0 0 0 0
  5 0.27 0.5 0.0299662 0.0299662 0.0670018
  6 0.33 0 0 0 0
  7 0.39 0 0 0 0
  8 0.45 0.5 0.0284115 0.0284115 0.0666015
  9 0.51 1.5 0.0894426 0.0894426 0.199979
  10 0.57 0.5 0.0286775 0.0286775 0.0663351
  11 0.63 0 0 0 0
  12 0.69 0.5 0.03089 0.03089 0.06664
  13 0.75 0 0 0 0
  14 0.81 1 0.060573 0.060573 0.132743
  15 0.87 1 0.0589477 0.0589477 0.132427
  16 0.93 0 0 0 0
  17 0.99 0.5 0.0322054 0.0322054 0.0660264
  18 1.05 0.5 0.0325647 0.0325647 0.065777
  19 1.11 0 0 0 0
  20 1.17 0 0 0 0
  21 1.23 0.5 0.0311219 0.0311219 0.0654574
  22 1.29 0.5 0.0337676 0.0337676 0.0650915
  23 1.35 0.5 0.031958 0.031958 0.0651281
  24 1.41 0 0 0 0
  25 1.47 0 0 0 0
  26 1.53 1.5 0.101096 0.101096 0.194504
  27 1.59 0.5 0.0333842 0.0333842 0.0647803
  28 1.65 1 0.0722812 0.0722812 0.128715
  29 1.71 1 0.0709657 0.0709657 0.128655
  30 1.77 0.5 0.0373599 0.0373599 0.0638171
  31 1.83 0.5 0.0377883 0.0377883 0.0636316
  32 1.89 0.5 0.0359747 0.0359747 0.0641094
  33 1.95 1.5 0.111534 0.111534 0.191482
  34 2.01 0.5 0.0370213 0.0370213 0.0638874
  35 2.07 1.5 0.114723 0.114723 0.19056
  36 2.13 1.5 0.114411 0.114411 0.190126
  37 2.19 1.5 0.118366 0.118366 0.188987
  38 2.25 2 0.161346 0.161346 0.251043
  39 2.31 1 0.0820109 0.0820109 0.125117
  40 2.37 0.5 0.0427535 0.0427535 0.062228
  41 2.43 2 0.17179 0.17179 0.248726
  42 2.49 1 0.0852361 0.0852361 0.124498
  43 2.55 2 0.173894 0.173894 0.248402
  44 2.61 1.5 0.134931 0.134931 0.185196
  45 2.67 1.5 0.132842 0.132842 0.186297
  46 2.73 2.5 0.225665 0.225665 0.310177
  47 2.79 1 0.0936986 0.0936986 0.123255
  48 2.85 3.5 0.327688 0.327688 0.433345
  49 2.91 4 0.377831 0.377831 0.495552
  50 2.97 2 0.191941 0.191941 0.247616
  51 3.03 3 0.294031 0.294031 0.370247
  52 3.09 1.5 0.150805 0.150805 0.184184
  53 3.15 2 0.197489 0.197489 0.248757
  54 3.21 3 0.304496 0.304496 0.370638
  55 3.27 2.5 0.254851 0.254851 0.309743
  56 3.33 3 0.313719 0.313719 0.369621
  57 3.39 2 0.21309 0.21309 0.246053
  58 3.45 2 0.217373 0.217373 0.245113
  59 3.51 4 0.437674 0.437674 0.492406
  60 3.57 2.5 0.277491 0.277491 0.30693
  61 3.63 3.5 0.391709 0.391709 0.431527
  62 3.69 3.5 0.396779 0.396779 0.431713
  63 3.75 4.5 0.513355 0.513355 0.557303
  64 3.81 5.5 0.639453 0.639453 0.679386
  65 3.87 5 0.591454 0.591454 0.616982
  66 3.93 3 0.356075 0.356075 0.372202
  67 3.99 7 0.845761 0.845761 0.86728
  68 4.05 4.5 0.548072 0.548072 0.559637
  69 4.11 4 0.491544 0.491544 0.498415
  70 4.17 4 0.500268 0.500268 0.497811
  71 4.23 4 0.510351 0.510351 0.498373
  72 4.29 5 0.641209 0.641209 0.625791
  73 4.35 5.5 0.713854 0.713854 0.690935
  74 4.41 6 0.78873 0.78873 0.754888
  75 4.47 5 0.665512 0.665512 0.629999
  76 4.53 6 0.805707 0.805707 0.759308
  77 4.59 2 0.272901 0.272901 0.253032
  78 4.65 3 0.413193 0.413193 0.380051
  79 4.71 6.5 0.903391 0.903391 0.828987
  80 4.77 7 0.982904 0.982904 0.895489
  81 4.83 4 0.565714 0.565714 0.5133
  82 4.89 6.5 0.929235 0.929235 0.836724
  83 4.95 6 0.870521 0.870521 0.774651
  84 5.01 8 1.16885 1.16885 1.03569
  85 5.07 6.5 0.959507 0.959507 0.845481
  86 5.13 4 0.596069 0.596069 0.522066
  87 5.19 4 0.602104 0.602104 0.524243
  88 5.25 8 1.21651 1.21651 1.05309
  89 5.31 3.5 0.537596 0.537596 0.463132
  90 5.37 3 0.464961 0.464961 0.398632
  91 5.43 6 0.938082 0.938082 0.800727
  92 5.49 7 1.10683 1.10683 0.942437
  93 5.55 8.5 1.35431 1.35431 1.14917
  94 5.61 7.5 1.20772 1.20772 1.02027
  95 5.67 5 0.808538 0.808538 0.680589
  96 5.73 5.5 0.898941 0.898941 0.754963
  97 5.79 6.5 1.07046 1.07046 0.894019
  98 5.85 5.5 0.911716 0.911716 0.755377
  99 5.91 5 0.837638 0.837638 0.699076
  100 5.97 9 1.52031 1.52031 1.2602
  101 6.03 7 1.19085 1.19085 0.989968
  102 6.09 8.5 1.45613 1.45613 1.20123
  103 6.15 5 0.863138 0.863138 0.716844
  104 6.21 5 0.868912 0.868912 0.721528
  105 6.27 5.5 0.962889 0.962889 0.796452
  106 6.33 5 0.881967 0.881967 0.736268
  107 6.39 6.5 1.15429 1.15429 0.953688
  108 6.45 7.5 1.33917 1.33917 1.10856
  109 6.51 5 0.900039 0.900039 0.739534
  110 6.57 5.5 0.996912 0.996912 0.823653
  111 6.63 6.5 1.18524 1.18524 0.971019
  112 6.69 4.5 0.823482 0.823482 0.689114
  113 6.75 7 1.29152 1.29152 1.07016
  114 6.81 8.5 1.57573 1.57573 1.31247
  115 6.87 6 1.11905 1.11905 0.937219
  116 6.93 9.5 1.78436 1.78436 1.47957
  117 6.99 6.5 1.22755 1.22755 1.01365
  118 7.05 5 0.949612 0.949612 0.781295
  119 7.11 6.5 1.23957 1.23957 1.03345
  120 7.17 7.5 1.43658 1.43658 1.20699
  121 7.23 7 1.34761 1.34761 1.13288
  122 7.29 7.5 1.44882 1.44882 1.22871
  123 7.35 6.5 1.26498 1.26498 1.0665
  124 7.41 5.5 1.07433 1.07433 0.907768
  125 7.47 7.5 1.47343 1.47343 1.24011
  126 7.53 4 0.788413 0.788413 0.668246
  127 7.59 6.5 1.28767 1.28767 1.09248
  128 7.65 10 1.98965 1.98965 1.69188
  129 7.71 6.5 1.30132 1.30132 1.09686
  130 7.77 9 1.80339 1.80339 1.55141
  131 7.83 5 1.00601 1.00601 0.863644
  132 7.89 6.5 1.31316 1.31316 1.12794
  133 7.95 7.5 1.51897 1.51897 1.31359
  134 8.01 7.5 1.52761 1.52761 1.31453
  135 8.07 5.5 1.12277 1.12277 0.972434
  136 8.13 6.5 1.3314 1.3314 1.15446
  137 8.19 8.5 1.74718 1.74718 1.51433
  138 8.25 7.5 1.54588 1.54588 1.34864
  139 8.31 7.5 1.5489 1.5489 1.35904
  140 8.37 6 1.24519 1.24519 1.08794
  141 8.43 9 1.87459 1.87459 1.63648
  142 8.49 6 1.25246 1.25246 1.09785
  143 8.55 4.5 0.940934 0.940934 0.826515
  144 8.61 8.5 1.78398 1.78398 1.56715
  145 8.67 9.5 2.00209 2.00209 1.7584
  146 8.73 9.5 2.00709 2.00709 1.76742
  147 8.79 5 1.05796 1.05796 0.9364
  148 8.85 8 1.69606 1.69606 1.50338
  149 8.91 6 1.27592 1.27592 1.13228
  150 8.97 6.5 1.38502 1.38502 1.23126
  151 9.03 8 1.70589 1.70589 1.52108
  152 9.09 8 1.70951 1.70951 1.52541
  153 9.15 6 1.2848 1.2848 1.14746
  154 9.21 9.5 2.04137 2.04137 1.82382
  155 9.27 5 1.07577 1.07577 0.962971
  156 9.33 8.5 1.83327 1.83327 1.64252
  157 9.39 6.5 1.40666 1.40666 1.26136
  158 9.45 6 1.29846 1.29846 1.16516
  159 9.51 7.5 1.62836 1.62836 1.46345
  160 9.57 11.5 2.4998 2.4998 2.24889
  161 9.63 8.5 1.85078 1.85078 1.66729
  162 9.69 6.5 1.41721 1.41721 1.27718
  163 9.75 7 1.52925 1.52925 1.38156
  164 9.81 7.5 1.64014 1.64014 1.4821
  165 9.87 7 1.53287 1.53287 1.38646
  166 9.93 7 1.53509 1.53509 1.39078
  167 9.99 8.5 1.86572 1.86572 1.68834
  168 10.05 5 1.10013 1.10013 0.999427
  169 10.11 7.5 1.65202 1.65202 1.49855
  170 10.17 5 1.10341 1.10341 1.00553
  171 10.23 8 1.76676 1.76676 1.60568
  172 10.29 12.5 2.7639 2.7639 2.51329
  173 10.35 7 1.55018 1.55018 1.41335
  174 10.41 7 1.55134 1.55134 1.41195
  175 10.47 5.5 1.22079 1.22079 1.11614
  176 10.53 9.5 2.10991 2.10991 1.92106
  177 10.59 9.5 2.11231 2.11231 1.92957
  178 10.65 5.5 1.22385 1.22385 1.11829
  179 10.71 6 1.33621 1.33621 1.21921
  180 10.77 7 1.56077 1.56077 1.42905
  181 10.83 7.5 1.67356 1.67356 1.5308
  182 10.89 8.5 1.89777 1.89777 1.73355
  183 10.95 8 1.78791 1.78791 1.64152
  184 11.01 7 1.56561 1.56561 1.43822
  185 11.07 6.5 1.45456 1.45456 1.3323
  186 11.13 8.5 1.90373 1.90373 1.75481
  187 11.19 7.5 1.68077 1.68077 1.54827
  188 11.25 8 1.79399 1.79399 1.65168
  189 11.31 6.5 1.45839 1.45839 1.34215
  190 11.37 6.5 1.45917 1.45917 1.34259
  191 11.43 7.5 1.68429 1.68429 1.54099
  192 11.49 10.5 2.35923 2.35923 2.16679
  193 11.55 8.5 1.91061 1.91061 1.75577
  194 11.61 4 0.899405 0.899405 0.821049
  195 11.67 10.5 2.36165 2.36165 2.17625
  196 11.73 5.5 1.23726 1.23726 1.13286
  197 11.79 8.5 1.91273 1.91273 1.77049
  198 11.85 8 1.8003 1.8003 1.6493
  199 11.91 9 2.0256 2.0256 1.85482
  200 11.97 6.5 1.46309 1.46309 1.34167
  201 12.03 7.5 1.68836 1.68836 1.55261
  202 12.09 7 1.57576 1.57576 1.44608
  203 12.15 4 0.9005 0.9005 0.828783
  204 12.21 8.5 1.91308 1.91308 1.75198
  205 12.27 4 0.900374 0.900374 0.827428
  206 12.33 11.5 2.58763 2.58763 2.36796
  207 12.39 6.5 1.46272 1.46272 1.34509
  208 12.45 11.5 2.58647 2.58647 2.36848
  209 12.51 7 1.57429 1.57429 1.44562
  210 12.57 5.5 1.23624 1.23624 1.13274
  211 12.63 7 1.57294 1.57294 1.4422
  212 12.69 6.5 1.45952 1.45952 1.33455
  213 12.75 7 1.57142 1.57142 1.4394
  214 12.81 8 1.79531 1.79531 1.64585
  215 12.87 6.5 1.45757 1.45757 1.33526
  216 12.93 12 2.68987 2.68987 2.46498
  217 12.99 6 1.3443 1.3443 1.23214
  218 13.05 6 1.3436 1.3436 1.2312
  219 13.11 6 1.34167 1.34167 1.22852
  220 13.17 7.5 1.67659 1.67659 1.53455
  221 13.23 8.5 1.89874 1.89874 1.73698
  222 13.29 9.5 2.12013 2.12013 1.93784
  223 13.35 11.5 2.56493 2.56493 2.34189
  224 13.41 6.5 1.44922 1.44922 1.3221
  225 13.47 7 1.55857 1.55857 1.42045
  226 13.53 6 1.33479 1.33479 1.21603
  227 13.59 4.5 0.999737 0.999737 0.910957
  228 13.65 5 1.10997 1.10997 1.0109
  229 13.71 7 1.55311 1.55311 1.41238
  230 13.77 7.5 1.66147 1.66147 1.51043
  231 13.83 7.5 1.65714 1.65714 1.50837
  232 13.89 9.5 2.10077 2.10077 1.90269
  233 13.95 10 2.20351 2.20351 2.00214
  234 14.01 6.5 1.4322 1.4322 1.29854
  235 14.07 10.5 2.31276 2.31276 2.08963
  236 14.13 5.5 1.20988 1.20988 1.09254
  237 14.19 8 1.75581 1.75581 1.58631
  238 14.25 7.5 1.64275 1.64275 1.48396
  239 14.31 6.5 1.42321 1.42321 1.28314
  240 14.37 8 1.7474 1.7474 1.57493
  241 14.43 8 1.74502 1.74502 1.57002
  242 14.49 5 1.0895 1.0895 0.978737
  243 14.55 6.5 1.4124 1.4124 1.26797
  244 14.61 7.5 1.62688 1.62688 1.45841
  245 14.67 8.5 1.84184 1.84184 1.64709
  246 14.73 6 1.29758 1.29758 1.15885
  247 14.79 9.5 2.05051 2.05051 1.82918
  248 14.85 7 1.50778 1.50778 1.34324
  249 14.91 6.5 1.39693 1.39693 1.24261
  250 14.97 8.5 1.82076 1.82076 1.61822
  251 15.03 7.5 1.60351 1.60351 1.42146
  252 15.09 10 2.13437 2.13437 1.88816
  253 15.15 6.5 1.38371 1.38371 1.22209
  254 15.21 9 1.90866 1.90866 1.68396
  255 15.27 6.5 1.37578 1.37578 1.21128
  256 15.33 9.5 2.00641 2.00641 1.76286
  257 15.39 6 1.26784 1.26784 1.10857
  258 15.45 11 2.31443 2.31443 2.02303
  259 15.51 7.5 1.57358 1.57358 1.37268
  260 15.57 4.5 0.943854 0.943854 0.820831
  261 15.63 5 1.04004 1.04004 0.906482
  262 15.69 3 0.623428 0.623428 0.541546
  263 15.75 9.5 1.96873 1.96873 1.70591
  264 15.81 6.5 1.34133 1.34133 1.16093
  265 15.87 7.5 1.54424 1.54424 1.33126
  266 15.93 5 1.02641 1.02641 0.882076
  267 15.99 8.5 1.73825 1.73825 1.49102
  268 16.05 12.5 2.54409 2.54409 2.17766
  269 16.11 6.5 1.32206 1.32206 1.12724
  270 16.17 9 1.81908 1.81908 1.54894
  271 16.23 6 1.2063 1.2063 1.02573
  272 16.29 3.5 0.701602 0.701602 0.595342
  273 16.35 7 1.40014 1.40014 1.18538
  274 16.41 7 1.39274 1.39274 1.17707
  275 16.47 6.5 1.29361 1.29361 1.08942
  276 16.53 6 1.18498 1.18498 0.996697
  277 16.59 4 0.786864 0.786864 0.660448
  278 16.65 6 1.17687 1.17687 0.985502
  279 16.71 7 1.35956 1.35956 1.13908
  280 16.77 5.5 1.06045 1.06045 0.886764
  281 16.83 9 1.73022 1.73022 1.44458
  282 16.89 6 1.15313 1.15313 0.959491
  283 16.95 9 1.71061 1.71061 1.42391
  284 17.01 6.5 1.23437 1.23437 1.0241
  285 17.07 8.5 1.60112 1.60112 1.32867
  286 17.13 5.5 1.0386 1.0386 0.857417
  287 17.19 9 1.6814 1.6814 1.39088
  288 17.25 7 1.29631 1.29631 1.07372
  289 17.31 9 1.6616 1.6616 1.37454
  290 17.37 5 0.916309 0.916309 0.756929
  291 17.43 4 0.732196 0.732196 0.6025
  292 17.49 5 0.905087 0.905087 0.746087
  293 17.55 4 0.715795 0.715795 0.592026
  294 17.61 6 1.07005 1.07005 0.882988
  295 17.67 7.5 1.33173 1.33173 1.09883
  296 17.73 7.5 1.32599 1.32599 1.09227
  297 17.79 9.5 1.66258 1.66258 1.37536
  298 17.85 7 1.21576 1.21576 1.00895
  299 17.91 5.5 0.943282 0.943282 0.787661
  300 17.97 7 1.1915 1.1915 0.997773
  301 18.03 5.5 0.938156 0.938156 0.776787
  302 18.09 3.5 0.590035 0.590035 0.492432
  303 18.15 6.5 1.08676 1.08676 0.90681
  304 18.21 7 1.16814 1.16814 0.971193
  305 18.27 4.5 0.739966 0.739966 0.622417
  306 18.33 8.5 1.38552 1.38552 1.16641
  307 18.39 6 0.970705 0.970705 0.819248
  308 18.45 5 0.803283 0.803283 0.678986
  309 18.51 6 0.954722 0.954722 0.811666
  310 18.57 5.5 0.864625 0.864625 0.740843
  311 18.63 5 0.782502 0.782502 0.671054
  312 18.69 7.5 1.15765 1.15765 1.00245
  313 18.75 6 0.921711 0.921711 0.79942
  314 18.81 7.5 1.1365 1.1365 0.996167
  315 18.87 6 0.903732 0.903732 0.793908
  316 18.93 7 1.04258 1.04258 0.921841
  317 18.99 5 0.73571 0.73571 0.657095
  318 19.05 6 0.877112 0.877112 0.78519
  319 19.11 4 0.578311 0.578311 0.520864
  320 19.17 4 0.569471 0.569471 0.520244
  321 19.23 5.5 0.778474 0.778474 0.711941
  322 19.29 4.5 0.629314 0.629314 0.58053
  323 19.35 6.5 0.898768 0.898768 0.834875
  324 19.41 4.5 0.615038 0.615038 0.575236
  325 19.47 4 0.541094 0.541094 0.509477
  326 19.53 4 0.534844 0.534844 0.50738
  327 19.59 3.5 0.463727 0.463727 0.442463
  328 19.65 8 1.04565 1.04565 1.00757
  329 19.71 5.5 0.710341 0.710341 0.691391
  330 19.77 6.5 0.827369 0.827369 0.815363
  331 19.83 2.5 0.316709 0.316709 0.31315
  332 19.89 5 0.622903 0.622903 0.625081
  333 19.95 4.5 0.553711 0.553711 0.562089
  334 20.01 5.5 0.669523 0.669523 0.686374
  335 20.07 3 0.361923 0.361923 0.373944
  336 20.13 3 0.356321 0.356321 0.373108
  337 20.19 3 0.351293 0.351293 0.372321
  338 20.25 4 0.463737 0.463737 0.495621
  339 20.31 2.5 0.285265 0.285265 0.308996
  340 20.37 5 0.562698 0.562698 0.616855
  341 20.43 3 0.334353 0.334353 0.37061
  342 20.49 4 0.438554 0.438554 0.493371
  343 20.55 3 0.324293 0.324293 0.369928
  344 20.61 3.5 0.373295 0.373295 0.431382
  345 20.67 5.5 0.578751 0.578751 0.678499
  346 20.73 4 0.414241 0.414241 0.493772
  347 20.79 0.5 0.0509285 0.0509285 0.0619902
  348 20.85 4 0.40329 0.40329 0.495357
  349 20.91 2 0.199082 0.199082 0.247051
  350 20.97 2 0.195795 0.195795 0.247958
  351 21.03 0.5 0.0482747 0.0482747 0.0621543
  352 21.09 2.5 0.237937 0.237937 0.31022
  353 21.15 3 0.281294 0.281294 0.372651
  354 21.21 2.5 0.231425 0.231425 0.310836
  355 21.27 2.5 0.229062 0.229062 0.311051
  356 21.33 1.5 0.134988 0.134988 0.18639
  357 21.39 1.5 0.132949 0.132949 0.186803
  358 21.45 1.5 0.131722 0.131722 0.186649
  359 21.51 2.5 0.215508 0.215508 0.312381
  360 21.57 1 0.0850346 0.0850346 0.12493
  361 21.63 1 0.0836939 0.0836939 0.125745
  362 21.69 2 0.164131 0.164131 0.251831
  363 21.75 2 0.161903 0.161903 0.252033
  364 21.81 3.5 0.28037 0.28037 0.440432
  365 21.87 1 0.0787697 0.0787697 0.127008
  366 21.93 1.5 0.11679 0.11679 0.190902
  367 21.99 0.5 0.0384848 0.0384848 0.0637582
  368 22.05 0 0 0 0
  369 22.11 0.5 0.0372809 0.0372809 0.0640208
  370 22.17 0.5 0.0369836 0.0369836 0.0641311
  371 22.23 0 0 0 0
  372 22.29 1 0.0717281 0.0717281 0.129023
  373 22.35 0.5 0.0352558 0.0352558 0.0647603
  374 22.41 0 0 0 0
  375 22.47 0 0 0 0
  376 22.53 0.5 0.0335771 0.0335771 0.0642515
  377 22.59 0.5 0.0330981 0.0330981 0.0644307
  378 22.65 2 0.133173 0.133173 0.261141
  379 22.71 0 0 0 0
  380 22.77 0.5 0.0320075 0.0320075 0.0647417
  381 22.83 1.5 0.0966702 0.0966702 0.196657
  382 22.89 1 0.0633827 0.0633827 0.130955
  383 22.95 0 0 0 0
  384 23.01 1.5 0.0922911 0.0922911 0.195226
  385 23.07 0.5 0.0313847 0.0313847 0.0662723
  386 23.13 1 0.0620613 0.0620613 0.132987
  387 23.19 0 0 0 0
  388 23.25 1.5 0.0899283 0.0899283 0.197327
  389 23.31 0.5 0.0305006 0.0305006 0.0669478
  390 23.37 0 0 0 0
  391 23.43 0 0 0 0
  392 23.49 0 0 0 0
  393 23.55 0 0 0 0
  394 23.61 0 0 0 0
  395 23.67 0 0 0 0
  396 23.73 0.5 0.0298898 0.0298898 0.067345
16000 396 6000
  1 0.03 0.666667 0.0397567 0.0397567 0.0898748
  2 0.09 0.333333 0.0188883 0.0188883 0.0443762
  3 0.15 0 0 0 0
  4 0.21 0 0 0 0
  5 0.27 0.666667 0.0400473 0.0400473 0.0894729
  6 0.33 0 0 0 0
  7 0.39 0 0 0 0
  8 0.45 0.333333 0.018941 0.018941 0.044401
  9 0.51 1.33333 0.0801389 0.0801389 0.177798
  10 0.57 0.666667 0.0398535 0.0398535 0.0885837
  11 0.63 0 0 0 0
  12 0.69 0.333333 0.0205933 0.0205933 0.0444267
  13 0.75 0.666667 0.0422536 0.0422536 0.0883961
  14 0.81 1.33333 0.0829353 0.0829353 0.176723
  15 0.87 1.66667 0.104059 0.104059 0.220119
  16 0.93 0.333333 0.021871 0.021871 0.0437511
  17 0.99 0.333333 0.0214703 0.0214703 0.0440176
  18 1.05 0.333333 0.0217098 0.0217098 0.0438514
  19 1.11 0.333333 0.0224509 0.0224509 0.0432885
  20 1.17 0 0 0 0
  21 1.23 0.333333 0.0207479 0.0207479 0.0436383
  22 1.29 1 0.0689314 0.0689314 0.129209
  23 1.35 0.333333 0.0213054 0.0213054 0.0434187
  24 1.41 0.666667 0.0477106 0.0477106 0.0853911
  25 1.47 0.333333 0.0243795 0.0243795 0.0425848
  26 1.53 1.33333 0.091817 0.091817 0.172248
  27 1.59 0.666667 0.0471258 0.0471258 0.0856823
  28 1.65 1 0.0733311 0.0733311 0.128246
  29 1.71 1 0.0727424 0.0727424 0.128136
  30 1.77 0.333333 0.0249066 0.0249066 0.0425447
  31 1.83 0.333333 0.0251922 0.0251922 0.042421
  32 1.89 0.333333 0.0239831 0.0239831 0.0427396
  33 1.95 1 0.0743559 0.0743559 0.127655
  34 2.01 1.66667 0.134487 0.134487 0.210207
  35 2.07 1.66667 0.132434 0.132434 0.210841
  36 2.13 1 0.0762739 0.0762739 0.12675
  37 2.19 1 0.0789105 0.0789105 0.125991
  38 2.25 2 0.165852 0.165852 0.251056
  39 2.31 1 0.0841072 0.0841072 0.125213
  40 2.37 0.333333 0.0285023 0.0285023 0.0414853
  41 2.43 1.33333 0.114527 0.114527 0.165817
  42 2.49 2 0.179753 0.179753 0.249478
  43 2.55 1.66667 0.147068 0.147068 0.20715
  44 2.61 1.66667 0.153135 0.153135 0.206457
  45 2.67 1.33333 0.120578 0.120578 0.165687
  46 2.73 1.66667 0.150443 0.150443 0.206785
  47 2.79 2.33333 0.227937 0.227937 0.289353
  48 2.85 2.66667 0.252005 0.252005 0.330308
  49 2.91 5 0.489356 0.489356 0.620239
  50 2.97 2.33333 0.23131 0.23131 0.289232
  51 3.03 3.66667 0.370347 0.370347 0.453645
  52 3.09 2.33333 0.241861 0.241861 0.288173
  53 3.15 2.66667 0.274764 0.274764 0.330987
  54 3.21 3.33333 0.348203 0.348203 0.411897
  55 3.27 3.33333 0.353548 0.353548 0.412249
  56 3.33 3 0.32129 0.32129 0.369761
  57 3.39 2 0.217541 0.217541 0.246263
  58 3.45 2.33333 0.259784 0.259784 0.28675
  59 3.51 3.66667 0.408014 0.408014 0.451518
  60 3.57 3 0.341636 0.341636 0.368859
  61 3.63 2.66667 0.300972 0.300972 0.328783
  62 3.69 4 0.465677 0.465677 0.493505
  63 3.75 5 0.585831 0.585831 0.618767
  64 3.81 5.33333 0.632571 0.632571 0.659572
  65 3.87 5.66667 0.686254 0.686254 0.701038
  66 3.93 4 0.49053 0.49053 0.49696
  67 3.99 5.66667 0.691512 0.691512 0.702722
  68 4.05 5 0.624713 0.624713 0.622348
  69 4.11 4.66667 0.589702 0.589702 0.581848
  70 4.17 4.33333 0.554401 0.554401 0.540356
  71 4.23 4.66667 0.608117 0.608117 0.583059
  72 4.29 4.66667 0.607807 0.607807 0.584916
  73 4.35 5.33333 0.703874 0.703874 0.670992
  74 4.41 5 0.663795 0.663795 0.629879
  75 4.47 4.66667 0.629773 0.629773 0.58951
  76 4.53 5.66667 0.77268 0.77268 0.718991
  77 4.59 3 0.420219 0.420219 0.38228
  78 4.65 3 0.419881 0.419881 0.382017
  79 4.71 6 0.84528 0.84528 0.767911
  80 4.77 7.33333 1.04629 1.04629 0.942192
  81 4.83 5 0.723552 0.723552 0.645743
  82 4.89 6.66667 0.96934 0.96934 0.862647
  83 4.95 7.33333 1.08402 1.08402 0.953309
  84 5.01 7.33333 1.08439 1.08439 0.953546
  85 5.07 5.33333 0.793363 0.793363 0.695494
  86 5.13 4 0.604524 0.604524 0.524395
  87 5.19 4.33333 0.662832 0.662832 0.5708
  88 5.25 7.66667 1.1798 1.1798 1.013
  89 5.31 3.66667 0.570773 0.570773 0.487141
  90 5.37 4 0.632546 0.632546 0.5353
  91 5.43 5.66667 0.895668 0.895668 0.759268
  92 5.49 6.66667 1.06486 1.06486 0.900616
  93 5.55 9.33333 1.50751 1.50751 1.26901
  94 5.61 6.33333 1.02671 1.02671 0.864141
  95 5.67 7 1.15238 1.15238 0.962183
  96 5.73 6.33333 1.04938 1.04938 0.875737
  97 5.79 5.66667 0.940097 0.940097 0.783244
  98 5.85 5.66667 0.95056 0.95056 0.786722
  99 5.91 4.66667 0.788168 0.788168 0.655639
  100 5.97 7.33333 1.24516 1.24516 1.03114
  101 6.03 6.66667 1.14395 1.14395 0.948531
  102 6.09 8 1.38232 1.38232 1.13979
  103 6.15 6.33333 1.10714 1.10714 0.915752
  104 6.21 6 1.05515 1.05515 0.873158
  105 6.27 7.33333 1.30078 1.30078 1.07418
  106 6.33 4.66667 0.829536 0.829536 0.690116
  107 6.39 6.33333 1.13336 1.13336 0.936179
  108 6.45 7.66667 1.3805 1.3805 1.14247
  109 6.51 5 0.906973 0.906973 0.747831
  110 6.57 4 0.726136 0.726136 0.600241
  111 6.63 6.66667 1.22457 1.22457 1.00957
  112 6.69 5.66667 1.04751 1.04751 0.875896
  113 6.75 7.66667 1.42594 1.42594 1.18748
  114 6.81 8 1.49205 1.49205 1.24669
  115 6.87 5.33333 0.999766 0.999766 0.839027
  116 6.93 9.33333 1.76252 1.76252 1.47083
  117 6.99 6.66667 1.26627 1.26627 1.0553
  118 7.05 5.66667 1.08344 1.08344 0.903502
  119 7.11 8 1.53649 1.53649 1.29314
  120 7.17 6.66667 1.2819 1.2819 1.08105
  121 7.23 6.66667 1.28914 1.28914 1.08905
  122 7.29 6.66667 1.29324 1.29324 1.09922
  123 7.35 6.33333 1.23778 1.23778 1.0489
  124 7.41 6.33333 1.24436 1.24436 1.05832
  125 7.47 8.66667 1.71107 1.71107 1.45292
  126 7.53 3 0.59207 0.59207 0.502696
  127 7.59 5.33333 1.05842 1.05842 0.900749
  128 7.65 9 1.79515 1.79515 1.53348
  129 7.71 5.33333 1.0692 1.0692 0.906316
  130 7.77 10.3333 2.07938 2.07938 1.79755
  131 7.83 5 1.00877 1.00877 0.870476
  132 7.89 6.66667 1.35069 1.35069 1.16743
  133 7.95 9.33333 1.89778 1.89778 1.65113
  134 8.01 7.66667 1.56471 1.56471 1.35574
  135 8.07 4.66667 0.953959 0.953959 0.828963
  136 8.13 5.66667 1.16245 1.16245 1.0118
  137 8.19 8 1.64682 1.64682 1.43484
  138 8.25 6.66667 1.37625 1.37625 1.20476
  139 8.31 8 1.65599 1.65599 1.45789
  140 8.37 6 1.24703 1.24703 1.095
  141 8.43 9 1.87648 1.87648 1.64759
  142 8.49 6 1.25391 1.25391 1.10475
  143 8.55 6.66667 1.39692 1.39692 1.23713
  144 8.61 7.33333 1.54029 1.54029 1.35842
  145 8.67 8.66667 1.82692 1.82692 1.61262
  146 8.73 8.66667 1.83148 1.83148 1.62053
  147 8.79 5.33333 1.12906 1.12906 1.00454
  148 8.85 8 1.69703 1.69703 1.51147
  149 8.91 6.66667 1.41814 1.41814 1.26631
  150 8.97 7.33333 1.563 1.563 1.39794
  151 9.03 8.66667 1.84914 1.84914 1.65661
  152 9.09 8 1.71021 1.71021 1.53226
  153 9.15 5.33333 1.14245 1.14245 1.02377
  154 9.21 8.66667 1.862 1.862 1.67004
  155 9.27 5 1.0758 1.0758 0.96754
  156 9.33 7.66667 1.65315 1.65315 1.48671
  157 9.39 6 1.29747 1.29747 1.16837
  158 9.45 5.66667 1.22618 1.22618 1.10606
  159 9.51 7.66667 1.66324 1.66324 1.50413
  160 9.57 11 2.3895 2.3895 2.16141
  161 9.63 8.66667 1.88555 1.88555 1.70889
  162 9.69 6.66667 1.45239 1.45239 1.31668
  163 9.75 7 1.52784 1.52784 1.38668
  164 9.81 7.33333 1.60241 1.60241 1.45399
  165 9.87 9 1.96807 1.96807 1.79027
  166 9.93 7.33333 1.60663 1.60663 1.46105
  167 9.99 7.66667 1.68175 1.68175 1.52654
  168 10.05 6 1.31789 1.31789 1.20174
  169 10.11 7 1.54023 1.54023 1.40179
  170 10.17 5.33333 1.17501 1.17501 1.07438
  171 10.23 9.33333 2.05745 2.05745 1.88004
  172 10.29 10.3333 2.28291 2.28291 2.0806
  173 10.35 6.33333 1.40065 1.40065 1.27998
  174 10.41 6.66667 1.47533 1.47533 1.34705
  175 10.47 4.66667 1.03461 1.03461 0.947131
  176 10.53 11 2.43791 2.43791 2.22912
  177 10.59 9 1.99799 1.99799 1.82871
  178 10.65 5 1.11102 1.11102 1.01702
  179 10.71 7.33333 1.62923 1.62923 1.49233
  180 10.77 6.66667 1.48387 1.48387 1.36075
  181 10.83 9 2.00311 2.00311 1.83756
  182 10.89 8 1.78315 1.78315 1.63286
  183 10.95 7.33333 1.63619 1.63619 1.50398
  184 11.01 6.66667 1.48829 1.48829 1.36909
  185 11.07 7.33333 1.63702 1.63702 1.50474
  186 11.13 7.33333 1.64012 1.64012 1.51243
  187 11.19 8.66667 1.93707 1.93707 1.78569
  188 11.25 7.66667 1.71588 1.71588 1.58043
  189 11.31 7 1.56668 1.56668 1.4422
  190 11.37 7 1.56752 1.56752 1.44203
  191 11.43 8.33333 1.86663 1.86663 1.71091
  192 11.49 7.66667 1.72163 1.72163 1.5812
  193 11.55 8 1.79475 1.79475 1.64847
  194 11.61 5.33333 1.19524 1.19524 1.09347
  195 11.67 9.66667 2.17023 2.17023 1.99718
  196 11.73 6.33333 1.42072 1.42072 1.30188
  197 11.79 8 1.79666 1.79666 1.65899
  198 11.85 7.33333 1.64725 1.64725 1.50977
  199 11.91 7.66667 1.72297 1.72297 1.57846
  200 11.97 7.33333 1.64602 1.64602 1.50977
  201 12.03 7.66667 1.72169 1.72169 1.58137
  202 12.09 7.33333 1.6466 1.6466 1.51005
  203 12.15 4.66667 1.04736 1.04736 0.962163
  204 12.21 8.66667 1.94587 1.94587 1.78259
  205 12.27 4.66667 1.04718 1.04718 0.961462
  206 12.33 11 2.46982 2.46982 2.26192
  207 12.39 6 1.34744 1.34744 1.23836
  208 12.45 10 2.24537 2.24537 2.05708
  209 12.51 8 1.79368 1.79368 1.64639
  210 12.57 7.33333 1.64241 1.64241 1.50532
  211 12.63 8 1.79218 1.79218 1.64278
  212 12.69 6 1.34466 1.34466 1.23015
  213 12.75 6.66667 1.49334 1.49334 1.36767
  214 12.81 6.33333 1.41967 1.41967 1.30113
  215 12.87 6.66667 1.49114 1.49114 1.36502
  216 12.93 11.3333 2.53487 2.53487 2.32093
  217 12.99 6 1.3409 1.3409 1.2276
  218 13.05 5.66667 1.26614 1.26614 1.15898
  219 13.11 6.33333 1.41253 1.41253 1.29162
  220 13.17 8.33333 1.85738 1.85738 1.69744
  221 13.23 8.33333 1.85701 1.85701 1.69636
  222 13.29 9 2.00409 2.00409 1.82945
  223 13.35 9.66667 2.15263 2.15263 1.96405
  224 13.41 5.33333 1.18733 1.18733 1.0826
  225 13.47 8.66667 1.92268 1.92268 1.75075
  226 13.53 6.66667 1.47844 1.47844 1.34621
  227 13.59 6.33333 1.40142 1.40142 1.27575
  228 13.65 7.33333 1.62076 1.62076 1.47421
  229 13.71 6.33333 1.40198 1.40198 1.27436
  230 13.77 8.33333 1.83987 1.83987 1.67109
  231 13.83 6.33333 1.39721 1.39721 1.27059
  232 13.89 8.33333 1.83873 1.83873 1.66518
  233 13.95 9.66667 2.12534 2.12534 1.92826
  234 14.01 5.66667 1.24614 1.24614 1.12892
  235 14.07 8 1.76 1.76 1.58997
  236 14.13 5 1.09706 1.09706 0.990152
  237 14.19 10 2.18512 2.18512 1.9705
  238 14.25 8.66667 1.89137 1.89137 1.70518
  239 14.31 5.33333 1.16563 1.16563 1.0501
  240 14.37 9 1.95848 1.95848 1.76138
  241 14.43 7 1.52329 1.52329 1.36905
  242 14.49 5.66667 1.22935 1.22935 1.10252
  243 14.55 8.33333 1.80245 1.80245 1.61472
  244 14.61 6.66667 1.44258 1.44258 1.29169
  245 14.67 8.33333 1.79941 1.79941 1.60726
  246 14.73 6.33333 1.36416 1.36416 1.21677
  247 14.79 7.66667 1.6515 1.6515 1.47212
  248 14.85 6.66667 1.43118 1.43118 1.27325
  249 14.91 6 1.28533 1.28533 1.14167
  250 14.97 8 1.70858 1.70858 1.51587
  251 15.03 8 1.70322 1.70322 1.50656
  252 15.09 11 2.33739 2.33739 2.06347
  253 15.15 6.33333 1.34335 1.34335 1.18412
  254 15.21 10.6667 2.25172 2.25172 1.98002
  255 15.27 7.66667 1.61475 1.61475 1.41634
  256 15.33 7.66667 1.61596 1.61596 1.41753
  257 15.39 6 1.26151 1.26151 1.1003
  258 15.45 9 1.8887 1.8887 1.64785
  259 15.51 8 1.66976 1.66976 1.45129
  260 15.57 4.33333 0.904275 0.904275 0.78439
  261 15.63 6.33333 1.31042 1.31042 1.13552
  262 15.69 3.33333 0.688828 0.688828 0.595718
  263 15.75 9.33333 1.92546 1.92546 1.66282
  264 15.81 6.33333 1.30141 1.30141 1.12233
  265 15.87 7.66667 1.57057 1.57057 1.3496
  266 15.93 5.66667 1.15624 1.15624 0.990492
  267 15.99 7.33333 1.49434 1.49434 1.27938
  268 16.05 9.66667 1.96378 1.96378 1.67923
  269 16.11 6.33333 1.28088 1.28088 1.0901
  270 16.17 9.66667 1.94234 1.94234 1.65004
  271 16.23 6 1.2008 1.2008 1.01892
  272 16.29 4 0.796903 0.796903 0.674442
  273 16.35 8 1.5887 1.5887 1.34138
  274 16.41 7.33333 1.45038 1.45038 1.22269
  275 16.47 7 1.38159 1.38159 1.16101
  276 16.53 5.66667 1.1133 1.1133 0.934682
  277 16.59 5 0.974953 0.974953 0.815523
  278 16.65 6 1.16808 1.16808 0.975068
  279 16.71 7.33333 1.41585 1.41585 1.18084
  280 16.77 7 1.34031 1.34031 1.11329
  281 16.83 8.66667 1.65754 1.65754 1.3774
  282 16.89 4.66667 0.89403 0.89403 0.742443
  283 16.95 7.33333 1.38942 1.38942 1.1532
  284 17.01 5.33333 1.00908 1.00908 0.835032
  285 17.07 8.66667 1.62163 1.62163 1.33836
  286 17.13 6 1.12082 1.12082 0.921202
  287 17.19 9.33333 1.73013 1.73013 1.42409
  288 17.25 6.33333 1.1666 1.1666 0.9623
  289 17.31 8.33333 1.52758 1.52758 1.25857
  290 17.37 6.33333 1.14756 1.14756 0.942098
  291 17.43 5 0.902499 0.902499 0.739787
  292 17.49 5.33333 0.956185 0.956185 0.785695
  293 17.55 5.33333 0.944356 0.944356 0.776794
  294 17.61 5.66667 1.00348 1.00348 0.826101
  295 17.67 7 1.23341 1.23341 1.01565
  296 17.73 7.66667 1.34144 1.34144 1.10322
  297 17.79 8 1.39156 1.39156 1.14942
  298 17.85 5 0.866561 0.866561 0.718781
  299 17.91 6.33333 1.07489 1.07489 0.89305
  300 17.97 7 1.1814 1.1814 0.9856
  301 18.03 5 0.844827 0.844827 0.700083
  302 18.09 5.33333 0.884084 0.884084 0.737133
  303 18.15 6.33333 1.04835 1.04835 0.876169
  304 18.21 6 0.99227 0.99227 0.827972
  305 18.27 5 0.812326 0.812326 0.685156
  306 18.33 7.66667 1.23964 1.23964 1.04648
  307 18.39 5.33333 0.855353 0.855353 0.724446
  308 18.45 7.66667 1.20675 1.20675 1.03013
  309 18.51 5.33333 0.841184 0.841184 0.718263
  310 18.57 5.33333 0.830115 0.830115 0.714636
  311 18.63 4 0.622426 0.622426 0.535404
  312 18.69 8 1.21904 1.21904 1.06249
  313 18.75 5.66667 0.860314 0.860314 0.751169
  314 18.81 7 1.05046 1.05046 0.925448
  315 18.87 5 0.746914 0.746914 0.659532
  316 18.93 7 1.02929 1.02929 0.918045
  317 18.99 5.33333 0.773235 0.773235 0.697671
  318 19.05 7 1.00467 1.00467 0.912354
  319 19.11 4.33333 0.616554 0.616554 0.562804
  320 19.17 4.33333 0.607857 0.607857 0.561784
  321 19.23 6 0.835189 0.835189 0.774754
  322 19.29 3.66667 0.508605 0.508605 0.472308
  323 19.35 5.66667 0.776092 0.776092 0.726739
  324 19.41 3.66667 0.497324 0.497324 0.468254
  325 19.47 3.33333 0.44673 0.44673 0.424161
  326 19.53 5.33333 0.698241 0.698241 0.675811
  327 19.59 3.66667 0.478309 0.478309 0.463403
  328 19.65 7 0.905685 0.905685 0.881783
  329 19.71 5 0.637882 0.637882 0.628692
  330 19.77 5.66667 0.714628 0.714628 0.711213
  331 19.83 3.66667 0.451529 0.451529 0.459769
  332 19.89 4.66667 0.574177 0.574177 0.583934
  333 19.95 4.33333 0.52577 0.52577 0.541722
  334 20.01 4 0.485174 0.485174 0.499316
  335 20.07 4.66667 0.5464 0.5464 0.583208
  336 20.13 2.66667 0.312869 0.312869 0.332298
  337 20.19 3.33333 0.383195 0.383195 0.415465
  338 20.25 4.33333 0.492968 0.492968 0.539572
  339 20.31 3.33333 0.371007 0.371007 0.41538
  340 20.37 4.33333 0.482016 0.482016 0.536979
  341 20.43 4 0.433827 0.433827 0.498674
  342 20.49 3.33333 0.361593 0.361593 0.412818
  343 20.55 3 0.319165 0.319165 0.372463
  344 20.61 3.66667 0.383736 0.383736 0.455418
  345 20.67 4.33333 0.45261 0.45261 0.536284
  346 20.73 4 0.40782 0.40782 0.497071
  347 20.79 1 0.0987036 0.0987036 0.125211
  348 20.85 2.66667 0.26886 0.26886 0.330238
  349 20.91 2.33333 0.227202 0.227202 0.290417
  350 20.97 1.66667 0.161764 0.161764 0.207228
  351 21.03 1 0.0932229 0.0932229 0.125456
  352 21.09 2 0.189039 0.189039 0.248843
  353 21.15 2 0.187529 0.187529 0.248434
  354 21.21 2 0.183727 0.183727 0.249375
  355 21.27 2.33333 0.210285 0.210285 0.291743
  356 21.33 1.33333 0.118354 0.118354 0.166487
  357 21.39 1 0.088633 0.088633 0.124535
  358 21.45 1.33333 0.115429 0.115429 0.166688
  359 21.51 2 0.170963 0.170963 0.250527
  360 21.57 1.33333 0.110718 0.110718 0.167863
  361 21.63 0.666667 0.055796 0.055796 0.0838299
  362 21.69 1.33333 0.109421 0.109421 0.167888
  363 21.75 1.33333 0.107936 0.107936 0.168022
  364 21.81 2.66667 0.212365 0.212365 0.336083
  365 21.87 0.666667 0.0525132 0.0525132 0.0846722
  366 21.93 1.33333 0.10253 0.10253 0.169929
  367 21.99 1 0.0745291 0.0745291 0.127995
  368 22.05 0 0 0 0
  369 22.11 0.666667 0.0485375 0.0485375 0.0856611
  370 22.17 0.333333 0.0246558 0.0246558 0.0427541
  371 22.23 1.33333 0.0931469 0.0931469 0.172649
  372 22.29 1 0.0707336 0.0707336 0.129336
  373 22.35 0.333333 0.0235039 0.0235039 0.0431735
  374 22.41 0 0 0 0
  375 22.47 0.333333 0.0221351 0.0221351 0.043757
  376 22.53 0.666667 0.0443202 0.0443202 0.0867028
  377 22.59 0.333333 0.0220654 0.0220654 0.0429538
  378 22.65 1.66667 0.110316 0.110316 0.218203
  379 22.71 0 0 0 0
  380 22.77 1 0.0634359 0.0634359 0.131992
  381 22.83 1.33333 0.0854063 0.0854063 0.175557
  382 22.89 1 0.0630744 0.0630744 0.131816
  383 22.95 0 0 0 0
  384 23.01 1.33333 0.0819724 0.0819724 0.17483
  385 23.07 0.333333 0.0209232 0.0209232 0.0441816
  386 23.13 1 0.061579 0.061579 0.133354
  387 23.19 0 0 0 0
  388 23.25 1.33333 0.0800236 0.0800236 0.176266
  389 23.31 0.333333 0.0203337 0.0203337 0.0446319
  390 23.37 0.333333 0.0199027 0.0199027 0.0447619
  391 23.43 0 0 0 0
  392 23.49 0 0 0 0
  393 23.55 0 0 0 0
  394 23.61 0.333333 0.0198059 0.0198059 0.0449855
  395 23.67 0 0 0 0
  396 23.73 0.333333 0.0199265 0.0199265 0.0448967
24000 396 8000
  1 0.03 0.75 0.0454309 0.0454309 0.100786
  2 0.09 0.5 0.0298335 0.0298335 0.0666015
  3 0.15 0.5 0.0314044 0.0314044 0.066559
  4 0.21 0 0 0 0
  5 0.27 0.5 0.0300355 0.0300355 0.0671047
  6 0.33 0 0 0 0
  7 0.39 0.25 0.0159968 0.0159968 0.032993
  8 0.45 0.5 0.0302168 0.0302168 0.0662797
  9 0.51 1 0.0601041 0.0601041 0.133348
  10 0.57 0.5 0.0298902 0.0298902 0.0664377
  11 0.63 0.25 0.0164271 0.0164271 0.0326551
  12 0.69 0.25 0.015445 0.015445 0.03332
  13 0.75 0.5 0.0316902 0.0316902 0.0662971
  14 0.81 1.5 0.0957268 0.0957268 0.197327
  15 0.87 1.5 0.0949965 0.0949965 0.197359
  16 0.93 0.75 0.0504151 0.0504151 0.0972976
  17 0.99 0.5 0.0333716 0.0333716 0.0651264
  18 1.05 0.25 0.0162823 0.0162823 0.0328885
  19 1.11 0.5 0.0344551 0.0344551 0.0644253
  20 1.17 0 0 0 0
  21 1.23 0.75 0.0515324 0.0515324 0.0962238
  22 1.29 0.75 0.0516986 0.0516986 0.0969068
  23 1.35 0.25 0.015979 0.015979 0.032564
  24 1.41 1.25 0.091681 0.091681 0.158189
  25 1.47 0.5 0.0371283 0.0371283 0.0631958
  26 1.53 1.25 0.0880146 0.0880146 0.160306
  27 1.59 1 0.0741075 0.0741075 0.126351
  28 1.65 1 0.074503 0.074503 0.127183
  29 1.71 0.75 0.0545568 0.0545568 0.0961021
  30 1.77 1 0.0791775 0.0791775 0.124274
  31 1.83 0.5 0.0392447 0.0392447 0.062573
  32 1.89 0.75 0.0593321 0.0593321 0.0934373
  33 1.95 1 0.0766274 0.0766274 0.126396
  34 2.01 2 0.164419 0.164419 0.249472
  35 2.07 1.5 0.120877 0.120877 0.188711
  36 2.13 1.25 0.100733 0.100733 0.156158
  37 2.19 1.5 0.125453 0.125453 0.185939
  38 2.25 1.5 0.124389 0.124389 0.188292
  39 2.31 0.75 0.0630804 0.0630804 0.0939095
  40 2.37 0.5 0.0444555 0.0444555 0.061493
  41 2.43 1.5 0.132548 0.132548 0.18511
  42 2.49 3.25 0.300734 0.300734 0.399618
  43 2.55 2.5 0.229903 0.229903 0.307076
  44 2.61 2.25 0.212206 0.212206 0.276151
  45 2.67 1.75 0.16455 0.16455 0.215203
  46 2.73 2 0.187342 0.187342 0.246028
  47 2.79 2.75 0.272125 0.272125 0.338388
  48 2.85 3 0.291552 0.291552 0.369215
  49 2.91 4.25 0.419085 0.419085 0.525997
  50 2.97 3 0.305229 0.305229 0.369117
  51 3.03 4 0.410742 0.410742 0.49253
  52 3.09 2.5 0.262292 0.262292 0.307572
  53 3.15 2.25 0.233569 0.233569 0.278779
  54 3.21 3 0.316585 0.316585 0.370062
  55 3.27 3.5 0.37721 0.37721 0.431666
  56 3.33 3.25 0.354057 0.354057 0.399986
  57 3.39 2.5 0.277927 0.277927 0.307652
  58 3.45 3 0.34036 0.34036 0.368948
  59 3.51 3.5 0.394454 0.394454 0.431099
  60 3.57 3.75 0.434408 0.434408 0.461744
  61 3.63 2.25 0.255839 0.255839 0.27749
  62 3.69 4.5 0.532371 0.532371 0.55596
  63 3.75 5 0.593542 0.593542 0.619251
  64 3.81 6 0.724323 0.724323 0.74336
  65 3.87 5 0.609276 0.609276 0.619157
  66 3.93 3.75 0.46344 0.46344 0.466262
  67 3.99 4.75 0.582982 0.582982 0.589554
  68 4.05 4.25 0.533941 0.533941 0.529573
  69 4.11 4.5 0.574168 0.574168 0.562311
  70 4.17 4.75 0.616375 0.616375 0.594953
  71 4.23 5 0.657949 0.657949 0.627377
  72 4.29 4.25 0.557763 0.557763 0.534061
  73 4.35 5.25 0.699729 0.699729 0.662957
  74 4.41 4.75 0.636682 0.636682 0.60079
  75 4.47 4.75 0.648141 0.648141 0.603531
  76 4.53 6 0.82723 0.82723 0.765823
  77 4.59 3 0.422407 0.422407 0.38413
  78 4.65 4.25 0.60422 0.60422 0.547337
  79 4.71 5.75 0.816588 0.816588 0.739642
  80 4.77 6.5 0.931867 0.931867 0.838075
  81 4.83 4 0.579825 0.579825 0.51734
  82 4.89 6.75 0.989278 0.989278 0.879268
  83 4.95 6.25 0.926187 0.926187 0.814901
  84 5.01 7 1.04212 1.04212 0.9163
  85 5.07 6 0.902703 0.902703 0.79128
  86 5.13 5.75 0.880133 0.880133 0.766416
  87 5.19 4.25 0.653366 0.653366 0.564413
  88 5.25 7.75 1.19987 1.19987 1.0339
  89 5.31 4.25 0.666653 0.666653 0.572426
  90 5.37 4.5 0.714476 0.714476 0.609502
  91 5.43 6 0.954229 0.954229 0.813828
  92 5.49 5.25 0.839201 0.839201 0.710523
  93 5.55 8.5 1.37617 1.37617 1.16355
  94 5.61 6.5 1.05888 1.05888 0.896719
  95 5.67 7 1.15582 1.15582 0.972097
  96 5.73 5.75 0.954311 0.954311 0.800465
  97 5.79 5.25 0.873961 0.873961 0.73246
  98 5.85 6.5 1.09501 1.09501 0.918117
  99 5.91 4.75 0.805113 0.805113 0.675493
  100 5.97 6.75 1.14917 1.14917 0.95835
  101 6.03 6 1.03121 1.03121 0.860346
  102 6.09 9.25 1.60399 1.60399 1.34261
  103 6.15 6 1.04962 1.04962 0.875409
  104 6.21 6.75 1.18916 1.18916 0.997005
  105 6.27 6 1.06462 1.06462 0.882226
  106 6.33 5 0.89036 0.89036 0.748434
  107 6.39 6 1.07535 1.07535 0.896555
  108 6.45 8.25 1.48799 1.48799 1.24798
  109 6.51 5.5 0.998612 0.998612 0.836616
  110 6.57 4.75 0.864999 0.864999 0.728296
  111 6.63 6.75 1.2406 1.2406 1.03714
  112 6.69 4.75 0.877957 0.877957 0.737195
  113 6.75 7.25 1.34822 1.34822 1.1334
  114 6.81 8 1.49279 1.49279 1.26083
  115 6.87 5.75 1.07868 1.07868 0.915935
  116 6.93 8.75 1.65244 1.65244 1.39123
  117 6.99 7.25 1.37652 1.37652 1.16357
  118 7.05 5.75 1.09825 1.09825 0.926655
  119 7.11 6.75 1.29574 1.29574 1.09478
  120 7.17 7 1.34617 1.34617 1.14575
  121 7.23 6.5 1.25684 1.25684 1.06934
  122 7.29 6.5 1.26096 1.26096 1.07788
  123 7.35 7.75 1.51305 1.51305 1.29589
  124 7.41 7 1.3735 1.3735 1.17731
  125 7.47 7.5 1.47966 1.47966 1.26097
  126 7.53 4 0.789086 0.789086 0.678368
  127 7.59 6.25 1.23928 1.23928 1.06495
  128 7.65 7.75 1.54515 1.54515 1.32411
  129 7.71 6 1.20126 1.20126 1.03032
  130 7.77 10.25 2.06014 2.06014 1.78825
  131 7.83 5 1.00784 1.00784 0.873961
  132 7.89 6.25 1.26514 1.26514 1.09739
  133 7.95 8 1.62569 1.62569 1.41639
  134 8.01 7.5 1.529 1.529 1.32976
  135 8.07 5.25 1.07208 1.07208 0.935985
  136 8.13 6 1.22969 1.22969 1.07467
  137 8.19 7.5 1.54271 1.54271 1.34804
  138 8.25 6.75 1.39234 1.39234 1.22242
  139 8.31 7.25 1.49998 1.49998 1.32196
  140 8.37 6.25 1.29749 1.29749 1.14238
  141 8.43 9.25 1.92637 1.92637 1.69637
  142 8.49 6.5 1.35686 1.35686 1.19881
  143 8.55 8.75 1.83037 1.83037 1.62462
  144 8.61 6 1.25979 1.25979 1.11205
  145 8.67 7.75 1.63237 1.63237 1.44385
  146 8.73 8 1.68888 1.68888 1.4977
  147 8.79 5.75 1.21574 1.21574 1.08446
  148 8.85 8 1.69561 1.69561 1.51375
  149 8.91 6 1.27544 1.27544 1.14052
  150 8.97 7.5 1.59697 1.59697 1.4317
  151 9.03 7.5 1.59954 1.59954 1.43462
  152 9.09 8.25 1.76263 1.76263 1.58377
  153 9.15 6.75 1.44459 1.44459 1.30032
  154 9.21 7.5 1.61064 1.61064 1.44657
  155 9.27 6.25 1.34338 1.34338 1.21197
  156 9.33 7.5 1.61612 1.61612 1.45613
  157 9.39 5.75 1.2424 1.2424 1.12041
  158 9.45 7 1.51328 1.51328 1.36761
  159 9.51 8 1.73399 1.73399 1.56905
  160 9.57 9.5 2.06283 2.06283 1.86646
  161 9.63 7.75 1.68524 1.68524 1.52748
  162 9.69 7 1.52387 1.52387 1.38177
  163 9.75 6.75 1.47238 1.47238 1.33636
  164 9.81 7.25 1.58334 1.58334 1.43712
  165 9.87 8.75 1.91274 1.91274 1.7398
  166 9.93 7 1.53297 1.53297 1.39438
  167 9.99 8 1.75403 1.75403 1.5939
  168 10.05 6.5 1.42686 1.42686 1.3012
  169 10.11 7.25 1.59428 1.59428 1.45223
  170 10.17 6.75 1.48577 1.48577 1.35748
  171 10.23 8.75 1.92823 1.92823 1.76145
  172 10.29 9 1.98762 1.98762 1.81163
  173 10.35 5.75 1.27104 1.27104 1.16104
  174 10.41 7.75 1.71387 1.71387 1.56389
  175 10.47 3.75 0.831252 0.831252 0.760739
  176 10.53 10.5 2.32639 2.32639 2.12553
  177 10.59 9.75 2.16306 2.16306 1.97673
  178 10.65 4.75 1.05495 1.05495 0.964612
  179 10.71 7.25 1.61029 1.61029 1.47303
  180 10.77 8 1.77916 1.77916 1.62766
  181 10.83 9.75 2.16908 2.16908 1.9858
  182 10.89 7.75 1.72659 1.72659 1.57946
  183 10.95 7.25 1.61666 1.61666 1.4832
  184 11.01 6.5 1.45029 1.45029 1.33148
  185 11.07 8.5 1.89633 1.89633 1.73831
  186 11.13 7.25 1.62033 1.62033 1.49013
  187 11.19 7.5 1.67588 1.67588 1.54264
  188 11.25 8.5 1.90068 1.90068 1.74487
  189 11.31 6.25 1.3983 1.3983 1.28522
  190 11.37 6.75 1.51069 1.51069 1.38691
  191 11.43 7.25 1.62345 1.62345 1.48664
  192 11.49 8 1.79415 1.79415 1.64348
  193 11.55 8 1.79324 1.79324 1.64296
  194 11.61 5 1.12007 1.12007 1.02333
  195 11.67 8.25 1.85136 1.85136 1.70102
  196 11.73 7.5 1.68079 1.68079 1.53529
  197 11.79 8.75 1.96283 1.96283 1.8033
  198 11.85 8.25 1.85082 1.85082 1.69129
  199 11.91 7.75 1.73983 1.73983 1.59046
  200 11.97 7.25 1.6262 1.6262 1.48827
  201 12.03 6.75 1.51509 1.51509 1.38949
  202 12.09 8 1.7945 1.7945 1.64124
  203 12.15 5 1.12123 1.12123 1.02674
  204 12.21 9 2.01886 2.01886 1.8452
  205 12.27 5.5 1.23288 1.23288 1.12754
  206 12.33 10.5 2.3557 2.3557 2.15355
  207 12.39 5.5 1.23423 1.23423 1.13197
  208 12.45 9.25 2.07531 2.07531 1.89848
  209 12.51 7.75 1.73636 1.73636 1.59018
  210 12.57 6 1.34351 1.34351 1.23038
  211 12.63 8.25 1.84659 1.84659 1.68776
  212 12.69 6.25 1.39913 1.39913 1.27665
  213 12.75 7.75 1.73355 1.73355 1.5814
  214 12.81 7 1.56647 1.56647 1.42999
  215 12.87 6.25 1.39691 1.39691 1.27577
  216 12.93 11 2.45798 2.45798 2.24439
  217 12.99 7 1.56207 1.56207 1.42419
  218 13.05 6.5 1.44993 1.44993 1.32209
  219 13.11 6.5 1.44828 1.44828 1.32083
  220 13.17 7.75 1.72611 1.72611 1.57467
  221 13.23 7.5 1.6701 1.6701 1.52344
  222 13.29 9.25 2.05726 2.05726 1.87398
  223 13.35 9.25 2.05735 2.05735 1.87391
  224 13.41 5.75 1.27765 1.27765 1.16223
  225 13.47 8.75 1.93924 1.93924 1.76296
  226 13.53 6.5 1.43992 1.43992 1.30891
  227 13.59 6.75 1.49205 1.49205 1.35498
  228 13.65 7.25 1.60097 1.60097 1.45347
  229 13.71 6.25 1.38137 1.38137 1.2534
  230 13.77 8.25 1.81922 1.81922 1.64957
  231 13.83 6.25 1.37688 1.37688 1.24955
  232 13.89 7.25 1.5981 1.5981 1.44633
  233 13.95 10.25 2.25032 2.25032 2.03747
  234 14.01 5.5 1.2076 1.2076 1.09249
  235 14.07 8.5 1.86513 1.86513 1.68292
  236 14.13 6.5 1.42164 1.42164 1.28108
  237 14.19 8.5 1.85617 1.85617 1.67303
  238 14.25 10 2.17814 2.17814 1.96019
  239 14.31 5 1.09079 1.09079 0.981427
  240 14.37 8.75 1.90135 1.90135 1.70765
  241 14.43 7 1.52016 1.52016 1.36392
  242 14.49 6 1.29874 1.29874 1.1627
  243 14.55 7.75 1.67429 1.67429 1.49838
  244 14.61 6 1.29643 1.29643 1.15968
  245 14.67 7.75 1.67036 1.67036 1.49025
  246 14.73 8 1.71686 1.71686 1.52793
  247 14.79 7.25 1.558 1.558 1.38701
  248 14.85 6.25 1.33893 1.33893 1.18976
  249 14.91 6 1.28191 1.28191 1.13684
  250 14.97 8 1.70427 1.70427 1.50952
  251 15.03 8 1.69878 1.69878 1.50063
  252 15.09 10.5 2.22606 2.22606 1.96317
  253 15.15 6.5 1.3747 1.3747 1.21019
  254 15.21 10 2.10692 2.10692 1.85089
  255 15.27 7.25 1.52368 1.52368 1.33528
  256 15.33 7.75 1.62795 1.62795 1.42603
  257 15.39 5.75 1.20534 1.20534 1.05091
  258 15.45 8.75 1.8298 1.8298 1.59516
  259 15.51 6.75 1.40689 1.40689 1.22272
  260 15.57 5.5 1.1404 1.1404 0.989021
  261 15.63 6.75 1.39221 1.39221 1.20603
  262 15.69 3.25 0.669516 0.669516 0.579062
  263 15.75 8.25 1.69796 1.69796 1.46675
  264 15.81 6.5 1.33068 1.33068 1.14848
  265 15.87 7.5 1.53118 1.53118 1.31722
  266 15.93 6.5 1.31962 1.31962 1.13256
  267 15.99 7.5 1.52142 1.52142 1.304
  268 16.05 9.5 1.92172 1.92172 1.64471
  269 16.11 7 1.40769 1.40769 1.20057
  270 16.17 9.75 1.95104 1.95104 1.65995
  271 16.23 5.5 1.09781 1.09781 0.93256
  272 16.29 4.75 0.940943 0.940943 0.798159
  273 16.35 6.75 1.33775 1.33775 1.13012
  274 16.41 7.5 1.47647 1.47647 1.24632
  275 16.47 7.5 1.47167 1.47167 1.23904
  276 16.53 6 1.17181 1.17181 0.985294
  277 16.59 5.25 1.01825 1.01825 0.853406
  278 16.65 5.75 1.11423 1.11423 0.931703
  279 16.71 8 1.53561 1.53561 1.28385
  280 16.77 6.5 1.24104 1.24104 1.03296
  281 16.83 8.25 1.57175 1.57175 1.3085
  282 16.89 4.5 0.856955 0.856955 0.712768
  283 16.95 6.75 1.27388 1.27388 1.05853
  284 17.01 6.25 1.17172 1.17172 0.972234
  285 17.07 8.25 1.53687 1.53687 1.27066
  286 17.13 6 1.11375 1.11375 0.91786
  287 17.19 8 1.47838 1.47838 1.218
  288 17.25 7.25 1.32463 1.32463 1.09435
  289 17.31 8.25 1.50269 1.50269 1.23956
  290 17.37 6.25 1.12672 1.12672 0.926755
  291 17.43 4.75 0.85299 0.85299 0.700516
  292 17.49 6.75 1.19858 1.19858 0.987356
  293 17.55 4.75 0.838517 0.838517 0.690285
  294 17.61 5.5 0.968165 0.968165 0.797904
  295 17.67 6.75 1.18208 1.18208 0.97451
  296 17.73 7.75 1.34591 1.34591 1.10912
  297 17.79 7.75 1.33885 1.33885 1.10714
  298 17.85 5.75 0.984554 0.984554 0.817505
  299 17.91 6 1.01362 1.01362 0.84286
  300 17.97 6.75 1.13304 1.13304 0.945883
  301 18.03 5.25 0.878523 0.878523 0.730719
  302 18.09 5.25 0.865476 0.865476 0.723374
  303 18.15 6.5 1.06706 1.06706 0.89425
  304 18.21 6 0.98262 0.98262 0.822997
  305 18.27 5.75 0.924945 0.924945 0.78202
  306 18.33 7.5 1.20335 1.20335 1.01801
  307 18.39 5.5 0.873768 0.873768 0.741984
  308 18.45 6.75 1.05845 1.05845 0.90433
  309 18.51 5.5 0.858596 0.858596 0.735335
  310 18.57 5.75 0.885682 0.885682 0.764359
  311 18.63 4.75 0.727933 0.727933 0.629245
  312 18.69 6.75 1.02506 1.02506 0.894163
  313 18.75 5 0.754754 0.754754 0.660343
  314 18.81 6.5 0.968324 0.968324 0.85514
  315 18.87 4.5 0.667509 0.667509 0.591045
  316 18.93 6.25 0.913803 0.913803 0.816751
  317 18.99 5.25 0.754804 0.754804 0.68297
  318 19.05 6.75 0.961871 0.961871 0.875685
  319 19.11 4.5 0.633836 0.633836 0.581251
  320 19.17 4.75 0.659264 0.659264 0.611802
  321 19.23 5.25 0.727197 0.727197 0.676144
  322 19.29 4 0.547315 0.547315 0.512374
  323 19.35 5.75 0.779232 0.779232 0.734513
  324 19.41 4.5 0.600219 0.600219 0.571848
  325 19.47 4 0.526782 0.526782 0.507024
  326 19.53 5.5 0.713988 0.713988 0.695678
  327 19.59 3 0.390142 0.390142 0.379004
  328 19.65 6.25 0.803019 0.803019 0.787047
  329 19.71 4.25 0.539265 0.539265 0.534412
  330 19.77 6 0.746752 0.746752 0.753755
  331 19.83 3.75 0.45773 0.45773 0.47082
  332 19.89 5 0.607788 0.607788 0.627039
  333 19.95 3.5 0.423405 0.423405 0.437831
  334 20.01 3.75 0.45017 0.45017 0.469131
  335 20.07 5.5 0.636464 0.636464 0.689842
  336 20.13 3.25 0.374697 0.374697 0.406987
  337 20.19 3.25 0.369942 0.369942 0.406197
  338 20.25 4 0.451203 0.451203 0.499225
  339 20.31 3.75 0.412582 0.412582 0.469132
  340 20.37 3.75 0.414481 0.414481 0.465845
  341 20.43 4.25 0.456099 0.456099 0.531968
  342 20.49 3 0.32299 0.32299 0.372832
  343 20.55 4 0.417687 0.417687 0.500897
  344 20.61 2.75 0.287802 0.287802 0.341564
  345 20.67 3.75 0.388947 0.388947 0.465672
  346 20.73 4.5 0.452692 0.452692 0.563375
  347 20.79 1 0.0981653 0.0981653 0.125695
  348 20.85 2 0.201645 0.201645 0.247679
  349 20.91 2.75 0.264357 0.264357 0.345239
  350 20.97 1.5 0.144551 0.144551 0.187335
  351 21.03 1.25 0.115519 0.115519 0.158106
  352 21.09 2 0.186591 0.186591 0.25081
  353 21.15 2 0.185069 0.185069 0.250595
  354 21.21 1.5 0.137795 0.137795 0.187031
  355 21.27 1.75 0.157714 0.157714 0.218807
  356 21.33 2 0.174131 0.174131 0.254276
  357 21.39 1 0.0873558 0.0873558 0.125842
  358 21.45 1 0.0865718 0.0865718 0.125016
  359 21.51 1.75 0.148757 0.148757 0.220427
  360 21.57 1 0.0830384 0.0830384 0.125897
  361 21.63 1 0.0816548 0.0816548 0.12826
  362 21.69 1.25 0.101807 0.101807 0.158659
  363 21.75 1.25 0.100294 0.100294 0.158881
  364 21.81 2 0.159274 0.159274 0.252062
  365 21.87 0.75 0.0583937 0.0583937 0.0964617
  366 21.93 1 0.0768978 0.0768978 0.127447
  367 21.99 1 0.0742802 0.0742802 0.129118
  368 22.05 0.5 0.0365389 0.0365389 0.0663296
  369 22.11 0.75 0.0545092 0.0545092 0.0974816
  370 22.17 0.25 0.0184918 0.0184918 0.0320656
  371 22.23 1 0.0698601 0.0698601 0.129486
  372 22.29 0.75 0.0530502 0.0530502 0.0970023
  373 22.35 0.25 0.0176279 0.0176279 0.0323802
  374 22.41 0 0 0 0
  375 22.47 0.5 0.033645 0.033645 0.0664451
  376 22.53 0.75 0.0500755 0.0500755 0.0986896
  377 22.59 0.25 0.0165491 0.0165491 0.0322154
  378 22.65 1.25 0.0827369 0.0827369 0.163652
  379 22.71 0 0 0 0
  380 22.77 1 0.0638489 0.0638489 0.132655
  381 22.83 1 0.0640547 0.0640547 0.131668
  382 22.89 1.25 0.0795974 0.0795974 0.166179
  383 22.95 0 0 0 0
  384 23.01 1 0.0614793 0.0614793 0.131122
  385 23.07 0.25 0.0156924 0.0156924 0.0331362
  386 23.13 0.75 0.0461843 0.0461843 0.100015
  387 23.19 0 0 0 0
  388 23.25 1 0.0600177 0.0600177 0.1322
  389 23.31 0.5 0.0309043 0.0309043 0.067257
  390 23.37 0.25 0.014927 0.014927 0.0335714
  391 23.43 0.25 0.0155911 0.0155911 0.0337463
  392 23.49 0 0 0 0
  393 23.55 0.25 0.0155695 0.0155695 0.0336501
  394 23.61 0.5 0.0304274 0.0304274 0.067268
  395 23.67 0 0 0 0
  396 23.73 0.25 0.0149449 0.0149449 0.0336725
32000 396 10000
  1 0.03 0.6 0.0363447 0.0363447 0.0806287
  2 0.09 0.4 0.0238668 0.0238668 0.0532812
  3 0.15 0.4 0.0251235 0.0251235 0.0532472
  4 0.21 0.2 0.0121448 0.0121448 0.0266893
  5 0.27 0.4 0.0240284 0.0240284 0.0536837
  6 0.33 0 0 0 0
  7 0.39 0.4 0.0250327 0.0250327 0.0531283
  8 0.45 0.4 0.0241734 0.0241734 0.0530238
  9 0.51 1 0.0604106 0.0604106 0.133454
  10 0.57 0.4 0.0239121 0.0239121 0.0531502
  11 0.63 0.4 0.0256161 0.0256161 0.0529738
  12 0.69 0.4 0.0248697 0.0248697 0.0535152
  13 0.75 0.6 0.0379615 0.0379615 0.0799225
  14 0.81 1.2 0.0765814 0.0765814 0.157862
  15 0.87 1.2 0.0759972 0.0759972 0.157887
  16 0.93 0.6 0.0403321 0.0403321 0.077838
  17 0.99 0.6 0.039734 0.039734 0.0789109
  18 1.05 0.2 0.0130259 0.0130259 0.0263108
  19 1.11 0.6 0.0407822 0.0407822 0.0782756
  20 1.17 0 0 0 0
  21 1.23 0.6 0.0412259 0.0412259 0.076979
  22 1.29 0.8 0.0549617 0.0549617 0.104111
  23 1.35 0.4 0.0265705 0.0265705 0.0525817
  24 1.41 1 0.0733448 0.0733448 0.126551
  25 1.47 0.6 0.0437249 0.0437249 0.0770614
  26 1.53 1 0.0704117 0.0704117 0.128245
  27 1.59 1.2 0.0881058 0.0881058 0.154009
  28 1.65 0.8 0.0596024 0.0596024 0.101747
  29 1.71 0.8 0.0583793 0.0583793 0.103221
  30 1.77 0.8 0.063342 0.063342 0.0994192
  31 1.83 0.6 0.046513 0.046513 0.0762376
  32 1.89 1 0.0782838 0.0782838 0.12687
  33 1.95 1 0.0768918 0.0768918 0.127106
  34 2.01 1.8 0.147343 0.147343 0.225503
  35 2.07 1.6 0.128661 0.128661 0.202733
  36 2.13 1.2 0.0968794 0.0968794 0.150749
  37 2.19 1.2 0.100362 0.100362 0.148751
  38 2.25 1.6 0.132639 0.132639 0.202225
  39 2.31 0.6 0.0504643 0.0504643 0.0751276
  40 2.37 0.4 0.0355644 0.0355644 0.0491944
  41 2.43 2 0.175598 0.175598 0.250911
  42 2.49 3 0.275702 0.275702 0.371093
  43 2.55 2 0.183922 0.183922 0.245661
  44 2.61 1.8 0.169765 0.169765 0.220921
  45 2.67 1.6 0.149973 0.149973 0.197737
  46 2.73 2.4 0.224506 0.224506 0.29886
  47 2.79 3 0.293685 0.293685 0.372461
  48 2.85 3 0.290893 0.290893 0.371555
  49 2.91 3.8 0.374087 0.374087 0.471518
  50 2.97 2.8 0.283682 0.283682 0.345894
  51 3.03 3.2 0.328593 0.328593 0.394024
  52 3.09 2.4 0.25039 0.25039 0.296544
  53 3.15 2 0.207465 0.207465 0.248239
  54 3.21 3 0.315814 0.315814 0.371695
  55 3.27 3.4 0.364924 0.364924 0.421011
  56 3.33 3 0.326123 0.326123 0.370502
  57 3.39 3 0.331456 0.331456 0.372646
  58 3.45 2.8 0.316298 0.316298 0.345813
  59 3.51 3.4 0.3828 0.3828 0.420967
  60 3.57 4 0.460776 0.460776 0.496229
  61 3.63 3 0.342123 0.342123 0.374161
  62 3.69 5.2 0.611443 0.611443 0.647645
  63 3.75 4.6 0.545359 0.545359 0.571558
  64 3.81 6.6 0.794139 0.794139 0.823334
  65 3.87 4.6 0.559955 0.559955 0.571572
  66 3.93 4.6 0.566303 0.566303 0.57647
  67 3.99 4.4 0.540701 0.540701 0.547919
  68 4.05 3.8 0.477104 0.477104 0.474477
  69 4.11 4.2 0.535366 0.535366 0.526083
  70 4.17 4.6 0.595573 0.595573 0.57773
  71 4.23 4.6 0.604622 0.604622 0.578475
  72 4.29 4.6 0.604031 0.604031 0.580712
  73 4.35 5.2 0.692847 0.692847 0.658648
  74 4.41 4.4 0.590222 0.590222 0.557833
  75 4.47 4.6 0.627294 0.627294 0.585935
  76 4.53 5.6 0.771713 0.771713 0.715984
  77 4.59 3.6 0.505284 0.505284 0.462662
  78 4.65 4.8 0.680407 0.680407 0.619366
  79 4.71 6 0.85249 0.85249 0.773435
  80 4.77 5.6 0.803057 0.803057 0.72243
  81 4.83 5.8 0.840777 0.840777 0.751775
  82 4.89 6.4 0.938019 0.938019 0.833529
  83 4.95 5.6 0.829886 0.829886 0.730197
  84 5.01 7.6 1.13292 1.13292 0.99477
  85 5.07 6.2 0.933813 0.933813 0.816896
  86 5.13 5.2 0.795507 0.795507 0.692155
  87 5.19 4.2 0.646011 0.646011 0.5574
  88 5.25 7.6 1.17732 1.17732 1.01294
  89 5.31 3.8 0.596164 0.596164 0.511286
  90 5.37 4.8 0.761446 0.761446 0.648205
  91 5.43 5.8 0.923373 0.923373 0.785664
  92 5.49 5.2 0.832425 0.832425 0.703462
  93 5.55 8.4 1.3609 1.3609 1.14799
  94 5.61 7.6 1.24075 1.24075 1.04513
  95 5.67 6.8 1.12274 1.12274 0.942291
  96 5.73 5.8 0.96381 0.96381 0.806316
  97 5.79 5.4 0.901128 0.901128 0.75284
  98 5.85 6.4 1.07964 1.07964 0.902377
  99 5.91 4.8 0.81454 0.81454 0.680785
  100 5.97 6.2 1.05718 1.05718 0.880004
  101 6.03 5.4 0.928934 0.928934 0.773698
  102 6.09 8.8 1.52793 1.52793 1.27501
  103 6.15 5.4 0.94535 0.94535 0.786968
  104 6.21 7.6 1.34106 1.34106 1.11668
  105 6.27 6 1.06554 1.06554 0.880579
  106 6.33 4.4 0.784061 0.784061 0.657352
  107 6.39 6.2 1.11354 1.11354 0.923918
  108 6.45 8.6 1.55455 1.55455 1.29539
  109 6.51 6 1.09223 1.09223 0.908654
  110 6.57 6.2 1.13433 1.13433 0.944095
  111 6.63 6.4 1.17775 1.17775 0.981446
  112 6.69 5.6 1.03836 1.03836 0.865815
  113 6.75 6.8 1.26614 1.26614 1.06114
  114 6.81 8 1.49607 1.49607 1.25773
  115 6.87 5.6 1.05262 1.05262 0.889481
  116 6.93 8.8 1.66538 1.66538 1.39696
  117 6.99 6.8 1.29309 1.29309 1.08968
  118 7.05 5.4 1.03298 1.03298 0.869353
  119 7.11 6.8 1.30778 1.30778 1.101
  120 7.17 5.8 1.11579 1.11579 0.948892
  121 7.23 6.4 1.24013 1.24013 1.05112
  122 7.29 6.6 1.28381 1.28381 1.09224
  123 7.35 7.4 1.44723 1.44723 1.2353
  124 7.41 8 1.57474 1.57474 1.34227
  125 7.47 7.2 1.42272 1.42272 1.21044
  126 7.53 5.4 1.0709 1.0709 0.914749
  127 7.59 6.8 1.35266 1.35266 1.15884
  128 7.65 7.2 1.4375 1.4375 1.23082
  129 7.71 6 1.20395 1.20395 1.03186
  130 7.77 9.6 1.93239 1.93239 1.6739
  131 7.83 5.8 1.17296 1.17296 1.01334
  132 7.89 6.6 1.33943 1.33943 1.15866
  133 7.95 8.8 1.79298 1.79298 1.55588
  134 8.01 7.2 1.47012 1.47012 1.27595
  135 8.07 4.6 0.940232 0.940232 0.819813
  136 8.13 6 1.23245 1.23245 1.07407
  137 8.19 7 1.44197 1.44197 1.25774
  138 8.25 6.4 1.32245 1.32245 1.15829
  139 8.31 7.4 1.53465 1.53465 1.34755
  140 8.37 7 1.45733 1.45733 1.27787
  141 8.43 9.4 1.96171 1.96171 1.72307
  142 8.49 6.4 1.33851 1.33851 1.17976
  143 8.55 9.4 1.97156 1.97156 1.74329
  144 8.61 6.4 1.34692 1.34692 1.18699
  145 8.67 8.4 1.77354 1.77354 1.56642
  146 8.73 7.6 1.60683 1.60683 1.42371
  147 8.79 6.4 1.35666 1.35666 1.20682
  148 8.85 7.2 1.52763 1.52763 1.36254
  149 8.91 5.4 1.14902 1.14902 1.02648
  150 8.97 7 1.49245 1.49245 1.33605
  151 9.03 7.6 1.62411 1.62411 1.45364
  152 9.09 8 1.71211 1.71211 1.5354
  153 9.15 7 1.50155 1.50155 1.34789
  154 9.21 7.4 1.59158 1.59158 1.42702
  155 9.27 6.8 1.46525 1.46525 1.31748
  156 9.33 6.8 1.46683 1.46683 1.31998
  157 9.39 6.6 1.42938 1.42938 1.2848
  158 9.45 6.8 1.47224 1.47224 1.32767
  159 9.51 7.8 1.69304 1.69304 1.52867
  160 9.57 8.2 1.78149 1.78149 1.61056
  161 9.63 8.4 1.83017 1.83017 1.65332
  162 9.69 7.4 1.61414 1.61414 1.45896
  163 9.75 7 1.52948 1.52948 1.38389
  164 9.81 7.2 1.57468 1.57468 1.42568
  165 9.87 8 1.75042 1.75042 1.58929
  166 9.93 7.2 1.57923 1.57923 1.4321
  167 9.99 7.8 1.71238 1.71238 1.55285
  168 10.05 6.2 1.3625 1.3625 1.23972
  169 10.11 8.2 1.80643 1.80643 1.63993
  170 10.17 8.2 1.80877 1.80877 1.64506
  171 10.23 8.2 1.80863 1.80863 1.64929
  172 10.29 8.2 1.81199 1.81199 1.64973
  173 10.35 6.2 1.37212 1.37212 1.25003
  174 10.41 8 1.77115 1.77115 1.61355
  175 10.47 3.2 0.709502 0.709502 0.649029
  176 10.53 9.4 2.08368 2.08368 1.90282
  177 10.59 9.2 2.04229 2.04229 1.86513
  178 10.65 5.2 1.15595 1.15595 1.05553
  179 10.71 7.6 1.68955 1.68955 1.54359
  180 10.77 8.4 1.86949 1.86949 1.70809
  181 10.83 10 2.22632 2.22632 2.03554
  182 10.89 8.2 1.82784 1.82784 1.67003
  183 10.95 7.2 1.60609 1.60609 1.47142
  184 11.01 6.6 1.47311 1.47311 1.35019
  185 11.07 8.4 1.87474 1.87474 1.71653
  186 11.13 7.2 1.60931 1.60931 1.47748
  187 11.19 7.4 1.65386 1.65386 1.51968
  188 11.25 7.8 1.74427 1.74427 1.60014
  189 11.31 6.2 1.38715 1.38715 1.27372
  190 11.37 7.8 1.74562 1.74562 1.60145
  191 11.43 7 1.56731 1.56731 1.43587
  192 11.49 7.2 1.61436 1.61436 1.47934
  193 11.55 8 1.79267 1.79267 1.64361
  194 11.61 6 1.34362 1.34362 1.2303
  195 11.67 7.6 1.70485 1.70485 1.56664
  196 11.73 8.6 1.92635 1.92635 1.76315
  197 11.79 8.6 1.92819 1.92819 1.7717
  198 11.85 7.4 1.65959 1.65959 1.51755
  199 11.91 7.8 1.74963 1.74963 1.60145
  200 11.97 7.6 1.70334 1.70334 1.56085
  201 12.03 6 1.34615 1.34615 1.23489
  202 12.09 8.6 1.92712 1.92712 1.76501
  203 12.15 5.6 1.25432 1.25432 1.15011
  204 12.21 9 2.01695 2.01695 1.84589
  205 12.27 5.6 1.25407 1.25407 1.1487
  206 12.33 9.6 2.15222 2.15222 1.96969
  207 12.39 5.6 1.25491 1.25491 1.15248
  208 12.45 8.2 1.83853 1.83853 1.68332
  209 12.51 8.8 1.96814 1.96814 1.80623
  210 12.57 6.2 1.3864 1.3864 1.27145
  211 12.63 7.6 1.69968 1.69968 1.55496
  212 12.69 6.4 1.43045 1.43045 1.30738
  213 12.75 7.2 1.60894 1.60894 1.46905
  214 12.81 7.6 1.69708 1.69708 1.55099
  215 12.87 7 1.56115 1.56115 1.42693
  216 12.93 10.8 2.40954 2.40954 2.20114
  217 12.99 6.6 1.4711 1.4711 1.34207
  218 13.05 6.6 1.46969 1.46969 1.3414
  219 13.11 6.8 1.51229 1.51229 1.38081
  220 13.17 8 1.77834 1.77834 1.62416
  221 13.23 7.8 1.73317 1.73317 1.5829
  222 13.29 9.2 2.04248 2.04248 1.86295
  223 13.35 9 1.99814 1.99814 1.82217
  224 13.41 5.8 1.28601 1.28601 1.17176
  225 13.47 8.4 1.85897 1.85897 1.69216
  226 13.53 6.8 1.50306 1.50306 1.36858
  227 13.59 6.8 1.50046 1.50046 1.36477
  228 13.65 7 1.54342 1.54342 1.40312
  229 13.71 6.2 1.36739 1.36739 1.24269
  230 13.77 7.4 1.63 1.63 1.47935
  231 13.83 6.4 1.40674 1.40674 1.27862
  232 13.89 7.8 1.71383 1.71383 1.55462
  233 13.95 9.6 2.10449 2.10449 1.90764
  234 14.01 5.6 1.22642 1.22642 1.11154
  235 14.07 9.2 2.01213 2.01213 1.82084
  236 14.13 6.6 1.44008 1.44008 1.30102
  237 14.19 8.2 1.78725 1.78725 1.61379
  238 14.25 9.4 2.04423 2.04423 1.84256
  239 14.31 5.2 1.13077 1.13077 1.01965
  240 14.37 7.8 1.69283 1.69283 1.52192
  241 14.43 6.6 1.43051 1.43051 1.28542
  242 14.49 6.6 1.42413 1.42413 1.27868
  243 14.55 8.6 1.85199 1.85199 1.66225
  244 14.61 6 1.29283 1.29283 1.15894
  245 14.67 7.2 1.549 1.549 1.38447
  246 14.73 8 1.71309 1.71309 1.52911
  247 14.79 7 1.50044 1.50044 1.33888
  248 14.85 6.6 1.40912 1.40912 1.25655
  249 14.91 5.8 1.23615 1.23615 1.09904
  250 14.97 8.2 1.7419 1.7419 1.54793
  251 15.03 8.2 1.73651 1.73651 1.53939
  252 15.09 10 2.11534 2.11534 1.87038
  253 15.15 6.6 1.39203 1.39203 1.22987
  254 15.21 9.4 1.9768 1.9768 1.74077
  255 15.27 6.2 1.30198 1.30198 1.1422
  256 15.33 7.2 1.50924 1.50924 1.32454
  257 15.39 6.6 1.37701 1.37701 1.20638
  258 15.45 8.8 1.83413 1.83413 1.60322
  259 15.51 6.6 1.37175 1.37175 1.19523
  260 15.57 5.4 1.11698 1.11698 0.971287
  261 15.63 7.8 1.60282 1.60282 1.3941
  262 15.69 4.4 0.901555 0.901555 0.784123
  263 15.75 7.8 1.60155 1.60155 1.38639
  264 15.81 5.8 1.18566 1.18566 1.02464
  265 15.87 6.8 1.38591 1.38591 1.19417
  266 15.93 6.6 1.33604 1.33604 1.14994
  267 15.99 7.8 1.57661 1.57661 1.35542
  268 16.05 9.2 1.85542 1.85542 1.59149
  269 16.11 7.4 1.48253 1.48253 1.2688
  270 16.17 8.6 1.71881 1.71881 1.46443
  271 16.23 5.8 1.15344 1.15344 0.983155
  272 16.29 5 0.987652 0.987652 0.840553
  273 16.35 6.8 1.34312 1.34312 1.13847
  274 16.41 8.2 1.60812 1.60812 1.36332
  275 16.47 7.6 1.48651 1.48651 1.25625
  276 16.53 6 1.1683 1.1683 0.986
  277 16.59 5.6 1.08236 1.08236 0.911685
  278 16.65 6 1.15816 1.15816 0.973325
  279 16.71 7.2 1.38016 1.38016 1.1566
  280 16.77 6.4 1.21932 1.21932 1.01976
  281 16.83 7.6 1.44512 1.44512 1.207
  282 16.89 5 0.94709 0.94709 0.793186
  283 16.95 6 1.13076 1.13076 0.941984
  284 17.01 6.6 1.23279 1.23279 1.02911
  285 17.07 7.6 1.41316 1.41316 1.17262
  286 17.13 6.4 1.18374 1.18374 0.982967
  287 17.19 7.8 1.43698 1.43698 1.19037
  288 17.25 7.2 1.31281 1.31281 1.09045
  289 17.31 8 1.45362 1.45362 1.20509
  290 17.37 6.8 1.22264 1.22264 1.01379
  291 17.43 6 1.07261 1.07261 0.890875
  292 17.49 5.8 1.02947 1.02947 0.849635
  293 17.55 5.6 0.986141 0.986141 0.818781
  294 17.61 5 0.87878 0.87878 0.726366
  295 17.67 6.8 1.1878 1.1878 0.984043
  296 17.73 7.6 1.31693 1.31693 1.09013
  297 17.79 7.8 1.34381 1.34381 1.11617
  298 17.85 5 0.855587 0.855587 0.711451
  299 17.91 6.2 1.04653 1.04653 0.873773
  300 17.97 6.6 1.10661 1.10661 0.926434
  301 18.03 5.4 0.901534 0.901534 0.753336
  302 18.09 5.4 0.889546 0.889546 0.746381
  303 18.15 6.2 1.01727 1.01727 0.854649
  304 18.21 5.6 0.915499 0.915499 0.768743
  305 18.27 5.8 0.933076 0.933076 0.790476
  306 18.33 7.8 1.24983 1.24983 1.06006
  307 18.39 5.6 0.888282 0.888282 0.756153
  308 18.45 6.6 1.03503 1.03503 0.885555
  309 18.51 5.4 0.842404 0.842404 0.722717
  310 18.57 6.2 0.955128 0.955128 0.825386
  311 18.63 5 0.765687 0.765687 0.66298
  312 18.69 6.4 0.971235 0.971235 0.847559
  313 18.75 4.8 0.72369 0.72369 0.63357
  314 18.81 6 0.893487 0.893487 0.788985
  315 18.87 4.4 0.651957 0.651957 0.577365
  316 18.93 6.4 0.935208 0.935208 0.835525
  317 18.99 5 0.719591 0.719591 0.650116
  318 19.05 6 0.855101 0.855101 0.777875
  319 19.11 6.2 0.874964 0.874964 0.799027
  320 19.17 5 0.695288 0.695288 0.642896
  321 19.23 6 0.831731 0.831731 0.770505
  322 19.29 4.2 0.575309 0.575309 0.537047
  323 19.35 5 0.677662 0.677662 0.638342
  324 19.41 4.6 0.614754 0.614754 0.584109
  325 19.47 4.2 0.5548 0.5548 0.532012
  326 19.53 5 0.650382 0.650382 0.632176
  327 19.59 2.6 0.338134 0.338134 0.328327
  328 19.65 5.6 0.719632 0.719632 0.704865
  329 19.71 3.8 0.482343 0.482343 0.477528
  330 19.77 6.4 0.79888 0.79888 0.802305
  331 19.83 3.8 0.46587 0.46587 0.476051
  332 19.89 5.2 0.633735 0.633735 0.650445
  333 19.95 3.6 0.435724 0.435724 0.449407
  334 20.01 3.4 0.407901 0.407901 0.424798
  335 20.07 5.6 0.651664 0.651664 0.700306
  336 20.13 3.6 0.417171 0.417171 0.449189
  337 20.19 2.6 0.295954 0.295954 0.324958
  338 20.25 4.2 0.475337 0.475337 0.522652
  339 20.31 3.4 0.375259 0.375259 0.424576
  340 20.37 3.8 0.420516 0.420516 0.471184
  341 20.43 3.8 0.409074 0.409074 0.474815
  342 20.49 3 0.323555 0.323555 0.371954
  343 20.55 4.4 0.462998 0.462998 0.547855
  344 20.61 3 0.314442 0.314442 0.371175
  345 20.67 3.4 0.353003 0.353003 0.421472
  346 20.73 4 0.403279 0.403279 0.499585
  347 20.79 1.6 0.159867 0.159867 0.198294
  348 20.85 2 0.201586 0.201586 0.247012
  349 20.91 2.8 0.27057 0.27057 0.349542
  350 20.97 2.4 0.232759 0.232759 0.296655
  351 21.03 1 0.0924151 0.0924151 0.126484
  352 21.09 1.8 0.168388 0.168388 0.225172
  353 21.15 1.8 0.166743 0.166743 0.225051
  354 21.21 1.8 0.165564 0.165564 0.223451
  355 21.27 2 0.180773 0.180773 0.248963
  356 21.33 2.8 0.246923 0.246923 0.351449
  357 21.39 1 0.0875218 0.0875218 0.125368
  358 21.45 1 0.0868356 0.0868356 0.12471
  359 21.51 2.2 0.188031 0.188031 0.275139
  360 21.57 1.2 0.100338 0.100338 0.150172
  361 21.63 1 0.0821225 0.0821225 0.127354
  362 21.69 1.2 0.0979874 0.0979874 0.151706
  363 21.75 1.6 0.129404 0.129404 0.201498
  364 21.81 1.8 0.143476 0.143476 0.226495
  365 21.87 1 0.0785852 0.0785852 0.126878
  366 21.93 1 0.077081 0.077081 0.126881
  367 21.99 1 0.0748945 0.0748945 0.128236
  368 22.05 0.4 0.0292311 0.0292311 0.0530637
  369 22.11 1.2 0.0886805 0.0886805 0.153175
  370 22.17 0.4 0.0295807 0.0295807 0.0507897
  371 22.23 1 0.0705268 0.0705268 0.12878
  372 22.29 0.6 0.0424402 0.0424402 0.0776018
  373 22.35 0.6 0.0427978 0.0427978 0.0764811
  374 22.41 0 0 0 0
  375 22.47 0.6 0.0408814 0.0408814 0.0786221
  376 22.53 0.8 0.0539376 0.0539376 0.104453
  377 22.59 0.2 0.0132393 0.0132393 0.0257723
  378 22.65 1.2 0.0796651 0.0796651 0.156555
  379 22.71 0 0 0 0
  380 22.77 0.8 0.0510791 0.0510791 0.106124
  381 22.83 1.2 0.0775001 0.0775001 0.15693
  382 22.89 1.2 0.0767224 0.0767224 0.158798
  383 22.95 0 0 0 0
  384 23.01 1 0.0619763 0.0619763 0.130966
  385 23.07 0.2 0.0125539 0.0125539 0.0265089
  386 23.13 0.6 0.0369474 0.0369474 0.0800123
  387 23.19 0 0 0 0
  388 23.25 0.8 0.0480142 0.0480142 0.10576
  389 23.31 0.8 0.0494718 0.0494718 0.106764
  390 23.37 0.4 0.0242311 0.0242311 0.0534098
  391 23.43 0.2 0.0124728 0.0124728 0.026997
  392 23.49 0.2 0.0122124 0.0122124 0.0265767
  393 23.55 0.2 0.0124556 0.0124556 0.0269201
  394 23.61 0.4 0.024342 0.024342 0.0538144
  395 23.67 0.4 0.024272 0.024272 0.0532703
  396 23.73 0.2 0.0119559 0.0119559 0.026938
40000 396 12000
  1 0.03 0.833333 0.0500744 0.0500744 0.112418
  2 0.09 0.333333 0.019889 0.019889 0.044401
  3 0.15 0.333333 0.0209363 0.0209363 0.0443727
  4 0.21 0.166667 0.0101206 0.0101206 0.0222411
  5 0.27 0.333333 0.0200237 0.0200237 0.0447364
  6 0.33 0.166667 0.00993384 0.00993384 0.0226186
  7 0.39 0.333333 0.0208606 0.0208606 0.0442736
  8 0.45 0.5 0.0301502 0.0301502 0.0668203
  9 0.51 0.833333 0.0503421 0.0503421 0.111212
  10 0.57 0.333333 0.0199268 0.0199268 0.0442918
  11 0.63 0.333333 0.0213468 0.0213468 0.0441449
  12 0.69 0.333333 0.0207248 0.0207248 0.044596
  13 0.75 0.5 0.0316346 0.0316346 0.0666021
  14 0.81 1 0.0638179 0.0638179 0.131552
  15 0.87 1 0.063331 0.063331 0.131573
  16 0.93 0.666667 0.0440771 0.0440771 0.0871669
  17 0.99 0.5 0.0331116 0.0331116 0.0657591
  18 1.05 0.333333 0.0215309 0.0215309 0.0441467
  19 1.11 0.5 0.0339852 0.0339852 0.0652296
  20 1.17 0.166667 0.0108383 0.0108383 0.0221512
  21 1.23 0.5 0.0343549 0.0343549 0.0641492
  22 1.29 0.833333 0.0568787 0.0568787 0.10879
  23 1.35 0.333333 0.0221421 0.0221421 0.0438181
  24 1.41 1 0.0725089 0.0725089 0.127363
  25 1.47 0.5 0.0364374 0.0364374 0.0642178
  26 1.53 0.833333 0.0586764 0.0586764 0.106871
  27 1.59 1 0.0734215 0.0734215 0.128341
  28 1.65 0.666667 0.0496686 0.0496686 0.0847888
  29 1.71 0.833333 0.0607758 0.0607758 0.107636
  30 1.77 0.666667 0.052785 0.052785 0.0828493
  31 1.83 0.666667 0.0512277 0.0512277 0.0850435
  32 1.89 0.833333 0.0652365 0.0652365 0.105725
  33 1.95 1.16667 0.0894917 0.0894917 0.148791
  34 2.01 1.5 0.122785 0.122785 0.187919
  35 2.07 1.5 0.120388 0.120388 0.19023
  36 2.13 1.33333 0.107242 0.107242 0.168138
  37 2.19 1.16667 0.0971248 0.0971248 0.145142
  38 2.25 1.66667 0.137902 0.137902 0.210787
  39 2.31 0.833333 0.0697948 0.0697948 0.104729
  40 2.37 0.666667 0.0578299 0.0578299 0.0829394
  41 2.43 1.83333 0.160679 0.160679 0.229994
  42 2.49 2.66667 0.24421 0.24421 0.330122
  43 2.55 1.83333 0.168032 0.168032 0.225537
  44 2.61 1.83333 0.171229 0.171229 0.225702
  45 2.67 2.16667 0.200563 0.200563 0.268587
  46 2.73 2.16667 0.202356 0.202356 0.269777
  47 2.79 2.66667 0.260281 0.260281 0.331043
  48 2.85 3 0.289629 0.289629 0.371492
  49 2.91 3.66667 0.359654 0.359654 0.454695
  50 2.97 3 0.301358 0.301358 0.370489
  51 3.03 2.83333 0.290191 0.290191 0.348906
  52 3.09 2.5 0.258512 0.258512 0.308746
  53 3.15 2.33333 0.240689 0.240689 0.289061
  54 3.21 3.33333 0.34888 0.34888 0.41256
  55 3.27 3.5 0.373477 0.373477 0.433156
  56 3.33 2.83333 0.306961 0.306961 0.349916
  57 3.39 3.16667 0.347922 0.347922 0.392924
  58 3.45 2.83333 0.318056 0.318056 0.350015
  59 3.51 3.33333 0.374036 0.374036 0.412693
  60 3.57 3.83333 0.440013 0.440013 0.475516
  61 3.63 2.83333 0.322825 0.322825 0.353163
  62 3.69 4.83333 0.56706 0.56706 0.601829
  63 3.75 4.66667 0.551714 0.551714 0.579918
  64 3.81 6.66667 0.799494 0.799494 0.831216
  65 3.87 4.33333 0.526387 0.526387 0.53855
  66 3.93 4.5 0.552516 0.552516 0.563481
  67 3.99 4.83333 0.593168 0.593168 0.602182
  68 4.05 3.66667 0.459831 0.459831 0.457902
  69 4.11 4.5 0.571782 0.571782 0.563473
  70 4.17 4.83333 0.623187 0.623187 0.606579
  71 4.23 4.66667 0.611004 0.611004 0.586475
  72 4.29 4.5 0.590266 0.590266 0.56759
  73 4.35 5 0.664953 0.664953 0.632574
  74 4.41 4.5 0.602383 0.602383 0.569582
  75 4.47 4.5 0.612749 0.612749 0.572286
  76 4.53 5.83333 0.802173 0.802173 0.743968
  77 4.59 4 0.558856 0.558856 0.51208
  78 4.65 4.5 0.636484 0.636484 0.579534
  79 4.71 5.83333 0.827925 0.827925 0.75063
  80 4.77 5.66667 0.811718 0.811718 0.729782
  81 4.83 6 0.86861 0.86861 0.776078
  82 4.89 5.83333 0.854238 0.854238 0.758909
  83 4.95 5.66667 0.83867 0.83867 0.737817
  84 5.01 7.5 1.11697 1.11697 0.980407
  85 5.07 6 0.902939 0.902939 0.789503
  86 5.13 6.16667 0.940173 0.940173 0.817261
  87 5.19 4.16667 0.640126 0.640126 0.552284
  88 5.25 7.16667 1.10923 1.10923 0.954146
  89 5.31 4.33333 0.678532 0.678532 0.58086
  90 5.37 4.83333 0.765261 0.765261 0.651058
  91 5.43 5.66667 0.901589 0.901589 0.766134
  92 5.49 4.5 0.720387 0.720387 0.608621
  93 5.55 8.33333 1.34904 1.34904 1.13646
  94 5.61 7.5 1.22417 1.22417 1.02935
  95 5.67 6.5 1.07247 1.07247 0.898897
  96 5.73 5.66667 0.941078 0.941078 0.786155
  97 5.79 5.5 0.917847 0.917847 0.765213
  98 5.85 6.33333 1.06757 1.06757 0.890433
  99 5.91 5.16667 0.876232 0.876232 0.73
  100 5.97 6.16667 1.0517 1.0517 0.873966
  101 6.03 5.66667 0.974692 0.974692 0.810011
  102 6.09 8.66667 1.50442 1.50442 1.25319
  103 6.15 4.83333 0.845761 0.845761 0.703658
  104 6.21 7.66667 1.35158 1.35158 1.12396
  105 6.27 6.83333 1.21215 1.21215 1.00169
  106 6.33 4.33333 0.772123 0.772123 0.64594
  107 6.39 5.66667 1.01736 1.01736 0.843868
  108 6.45 8.16667 1.47573 1.47573 1.22863
  109 6.51 6 1.0916 1.0916 0.907471
  110 6.57 6 1.0974 1.0974 0.912911
  111 6.63 6.83333 1.25705 1.25705 1.04673
  112 6.69 6.83333 1.2656 1.2656 1.05431
  113 6.75 6.33333 1.17921 1.17921 0.987585
  114 6.81 7.33333 1.37133 1.37133 1.15196
  115 6.87 5.66667 1.06503 1.06503 0.898126
  116 6.93 8.33333 1.57664 1.57664 1.32222
  117 6.99 6.5 1.23593 1.23593 1.04106
  118 7.05 5.66667 1.0835 1.0835 0.911881
  119 7.11 6.33333 1.21763 1.21763 1.0253
  120 7.17 6.16667 1.18699 1.18699 1.00847
  121 7.23 6.33333 1.22719 1.22719 1.04033
  122 7.29 7.5 1.45872 1.45872 1.24051
  123 7.35 7 1.36908 1.36908 1.16801
  124 7.41 7.83333 1.54134 1.54134 1.31336
  125 7.47 7.33333 1.44869 1.44869 1.23277
  126 7.53 5.33333 1.0576 1.0576 0.903249
  127 7.59 7.16667 1.42565 1.42565 1.22084
  128 7.65 7 1.39772 1.39772 1.19687
  129 7.71 6.33333 1.27048 1.27048 1.0892
  130 7.77 10 2.01307 2.01307 1.74167
  131 7.83 5.16667 1.04479 1.04479 0.902528
  132 7.89 6.83333 1.38657 1.38657 1.19945
  133 7.95 8.66667 1.76556 1.76556 1.53198
  134 8.01 7 1.42934 1.42934 1.24083
  135 8.07 5.5 1.12489 1.12489 0.980459
  136 8.13 6.33333 1.30108 1.30108 1.13402
  137 8.19 6.66667 1.37348 1.37348 1.19805
  138 8.25 6.83333 1.41244 1.41244 1.23612
  139 8.31 7.5 1.55539 1.55539 1.36434
  140 8.37 7 1.45724 1.45724 1.27702
  141 8.43 8.5 1.77387 1.77387 1.55758
  142 8.49 6.16667 1.28981 1.28981 1.13596
  143 8.55 9.66667 2.02767 2.02767 1.79038
  144 8.61 6.16667 1.29787 1.29787 1.14328
  145 8.67 8.5 1.79449 1.79449 1.58367
  146 8.73 7 1.48003 1.48003 1.31057
  147 8.79 6.5 1.37792 1.37792 1.22383
  148 8.85 7.66667 1.62723 1.62723 1.44819
  149 8.91 5.16667 1.09946 1.09946 0.980837
  150 8.97 6.5 1.38596 1.38596 1.23925
  151 9.03 8.16667 1.74572 1.74572 1.55889
  152 9.09 8.33333 1.78424 1.78424 1.59642
  153 9.15 7.83333 1.68101 1.68101 1.50443
  154 9.21 7.16667 1.54159 1.54159 1.38015
  155 9.27 7.16667 1.54442 1.54442 1.38472
  156 9.33 6.83333 1.4745 1.4745 1.32372
  157 9.39 6.5 1.40758 1.40758 1.26285
  158 9.45 6.83333 1.4799 1.4799 1.33139
  159 9.51 7.66667 1.66414 1.66414 1.49926
  160 9.57 7.66667 1.66583 1.66583 1.50377
  161 9.63 8.83333 1.92461 1.92461 1.73478
  162 9.69 7.5 1.63617 1.63617 1.47639
  163 9.75 7.16667 1.56602 1.56602 1.41458
  164 9.81 6.5 1.42169 1.42169 1.28639
  165 9.87 7.33333 1.6048 1.6048 1.4558
  166 9.93 7 1.53552 1.53552 1.39108
  167 9.99 7.83333 1.72006 1.72006 1.55835
  168 10.05 6 1.31883 1.31883 1.19875
  169 10.11 8.5 1.87263 1.87263 1.69868
  170 10.17 8.66667 1.91184 1.91184 1.73712
  171 10.23 8.33333 1.83844 1.83844 1.67445
  172 10.29 7.5 1.65735 1.65735 1.50832
  173 10.35 7 1.54915 1.54915 1.40952
  174 10.41 7.83333 1.7344 1.7344 1.57915
  175 10.47 3.33333 0.739118 0.739118 0.67538
  176 10.53 9.33333 2.0693 2.0693 1.88886
  177 10.59 9.33333 2.07212 2.07212 1.89191
  178 10.65 5.33333 1.1856 1.1856 1.08261
  179 10.71 7.66667 1.70461 1.70461 1.55738
  180 10.77 8 1.78057 1.78057 1.62681
  181 10.83 9.16667 2.04096 2.04096 1.86597
  182 10.89 8.16667 1.82052 1.82052 1.66355
  183 10.95 7 1.56152 1.56152 1.43031
  184 11.01 6.83333 1.52525 1.52525 1.39775
  185 11.07 8.33333 1.86008 1.86008 1.70353
  186 11.13 6.83333 1.52732 1.52732 1.40231
  187 11.19 8.33333 1.86262 1.86262 1.71204
  188 11.25 8.16667 1.82631 1.82631 1.67684
  189 11.31 7.16667 1.6034 1.6034 1.47404
  190 11.37 7.5 1.67849 1.67849 1.54111
  191 11.43 6.5 1.45534 1.45534 1.3344
  192 11.49 7 1.56923 1.56923 1.43965
  193 11.55 7.83333 1.75519 1.75519 1.61108
  194 11.61 6.83333 1.53038 1.53038 1.40477
  195 11.67 7.16667 1.60742 1.60742 1.47811
  196 11.73 8.33333 1.8667 1.8667 1.71101
  197 11.79 8.16667 1.8309 1.8309 1.68376
  198 11.85 7.66667 1.71912 1.71912 1.57568
  199 11.91 7.33333 1.64477 1.64477 1.50737
  200 11.97 7.5 1.68088 1.68088 1.54265
  201 12.03 6.83333 1.53257 1.53257 1.40911
  202 12.09 9.33333 2.09137 2.09137 1.91972
  203 12.15 6.33333 1.41862 1.41862 1.30326
  204 12.21 8.5 1.90477 1.90477 1.74493
  205 12.27 5.83333 1.30631 1.30631 1.19811
  206 12.33 8.33333 1.86814 1.86814 1.71013
  207 12.39 5.66667 1.26956 1.26956 1.16627
  208 12.45 8.33333 1.86771 1.86771 1.71132
  209 12.51 9 2.01286 2.01286 1.84773
  210 12.57 6.16667 1.37891 1.37891 1.26487
  211 12.63 7.66667 1.71437 1.71437 1.56924
  212 12.69 6.5 1.45262 1.45262 1.32841
  213 12.75 7 1.56402 1.56402 1.42873
  214 12.81 7.66667 1.71172 1.71172 1.56496
  215 12.87 6.83333 1.52394 1.52394 1.39324
  216 12.93 10.5 2.34219 2.34219 2.14012
  217 12.99 7 1.55992 1.55992 1.42395
  218 13.05 6.66667 1.48437 1.48437 1.35532
  219 13.11 6.33333 1.40843 1.40843 1.28619
  220 13.17 8.5 1.88915 1.88915 1.72563
  221 13.23 8 1.77719 1.77719 1.62315
  222 13.29 8.33333 1.84986 1.84986 1.68732
  223 13.35 8.16667 1.81277 1.81277 1.65313
  224 13.41 5.83333 1.29293 1.29293 1.17809
  225 13.47 8.16667 1.80707 1.80707 1.64505
  226 13.53 7 1.54699 1.54699 1.40821
  227 13.59 7 1.54448 1.54448 1.40432
  228 13.65 7.16667 1.57997 1.57997 1.43579
  229 13.71 6.33333 1.39623 1.39623 1.26819
  230 13.77 7.33333 1.61479 1.61479 1.46473
  231 13.83 6.83333 1.50166 1.50166 1.36285
  232 13.89 7.5 1.64746 1.64746 1.49321
  233 13.95 9.5 2.0822 2.0822 1.88569
  234 14.01 5.5 1.2042 1.2042 1.09044
  235 14.07 9.33333 2.04067 2.04067 1.84537
  236 14.13 6.83333 1.49055 1.49055 1.34626
  237 14.19 8.83333 1.92456 1.92456 1.73758
  238 14.25 8.5 1.8483 1.8483 1.66608
  239 14.31 5.5 1.19535 1.19535 1.07798
  240 14.37 7.16667 1.555 1.555 1.39845
  241 14.43 6.16667 1.33614 1.33614 1.20102
  242 14.49 7.5 1.61811 1.61811 1.45416
  243 14.55 8.83333 1.9021 1.9021 1.7082
  244 14.61 5.83333 1.25648 1.25648 1.12686
  245 14.67 7.66667 1.64825 1.64825 1.47439
  246 14.73 8.33333 1.78433 1.78433 1.59393
  247 14.79 6.5 1.39268 1.39268 1.24308
  248 14.85 6.83333 1.45846 1.45846 1.30132
  249 14.91 6.16667 1.31356 1.31356 1.16927
  250 14.97 7.66667 1.62839 1.62839 1.44802
  251 15.03 7.16667 1.51761 1.51761 1.3459
  252 15.09 10.3333 2.18507 2.18507 1.93636
  253 15.15 6.66667 1.40583 1.40583 1.24477
  254 15.21 8.66667 1.82244 1.82244 1.60735
  255 15.27 6.33333 1.32945 1.32945 1.17042
  256 15.33 7.66667 1.60606 1.60606 1.41458
  257 15.39 6.66667 1.39065 1.39065 1.22153
  258 15.45 9.5 1.97889 1.97889 1.73554
  259 15.51 6.66667 1.38501 1.38501 1.21004
  260 15.57 4.83333 0.99973 0.99973 0.870237
  261 15.63 7.66667 1.57624 1.57624 1.37364
  262 15.69 4.66667 0.956847 0.956847 0.833983
  263 15.75 7.5 1.53934 1.53934 1.33451
  264 15.81 6.33333 1.29432 1.29432 1.12134
  265 15.87 7.16667 1.46001 1.46001 1.2609
  266 15.93 7 1.41734 1.41734 1.22267
  267 15.99 7.66667 1.54957 1.54957 1.3344
  268 16.05 8.66667 1.74763 1.74763 1.50118
  269 16.11 7.5 1.50299 1.50299 1.28924
  270 16.17 8.5 1.69864 1.69864 1.45062
  271 16.23 6.33333 1.25973 1.25973 1.07689
  272 16.29 5 0.988242 0.988242 0.842602
  273 16.35 6.33333 1.25087 1.25087 1.06156
  274 16.41 8.16667 1.60224 1.60224 1.36024
  275 16.47 7.5 1.46706 1.46706 1.24148
  276 16.53 6.16667 1.2011 1.2011 1.01512
  277 16.59 6.33333 1.22555 1.22555 1.03403
  278 16.65 5.66667 1.09395 1.09395 0.920013
  279 16.71 7 1.34263 1.34263 1.12629
  280 16.77 6.16667 1.17575 1.17575 0.98424
  281 16.83 7.66667 1.45843 1.45843 1.21952
  282 16.89 4.83333 0.915725 0.915725 0.767179
  283 16.95 6.5 1.2255 1.2255 1.02255
  284 17.01 6.83333 1.27763 1.27763 1.06726
  285 17.07 6.83333 1.27095 1.27095 1.05526
  286 17.13 6.33333 1.17207 1.17207 0.974379
  287 17.19 7.16667 1.32052 1.32052 1.09485
  288 17.25 7 1.27756 1.27756 1.06201
  289 17.31 7.66667 1.39392 1.39392 1.15658
  290 17.37 7 1.26094 1.26094 1.04671
  291 17.43 6.66667 1.19423 1.19423 0.992999
  292 17.49 6.33333 1.12673 1.12673 0.932415
  293 17.55 5.5 0.970404 0.970404 0.806433
  294 17.61 4.83333 0.850191 0.850191 0.703861
  295 17.67 7 1.22416 1.22416 1.01612
  296 17.73 8.33333 1.44629 1.44629 1.20068
  297 17.79 7 1.20666 1.20666 1.00292
  298 17.85 5.16667 0.885059 0.885059 0.737264
  299 17.91 5.83333 0.986009 0.986009 0.823818
  300 17.97 5.83333 0.978842 0.978842 0.819668
  301 18.03 5.33333 0.891546 0.891546 0.745958
  302 18.09 5.5 0.908666 0.908666 0.763128
  303 18.15 6.16667 1.01363 1.01363 0.852368
  304 18.21 5.16667 0.845354 0.845354 0.71034
  305 18.27 6 0.968105 0.968105 0.820087
  306 18.33 8.16667 1.31086 1.31086 1.11204
  307 18.39 5.33333 0.847379 0.847379 0.721253
  308 18.45 6.66667 1.04869 1.04869 0.896762
  309 18.51 5.83333 0.912714 0.912714 0.782795
  310 18.57 6.5 1.00456 1.00456 0.867254
  311 18.63 5.5 0.844988 0.844988 0.731033
  312 18.69 5.5 0.83504 0.83504 0.728528
  313 18.75 5 0.755275 0.755275 0.660305
  314 18.81 6 0.895221 0.895221 0.789025
  315 18.87 4 0.593063 0.593063 0.524772
  316 18.93 6 0.877995 0.877995 0.783185
  317 18.99 5 0.721999 0.721999 0.650009
  318 19.05 6 0.857711 0.857711 0.777565
  319 19.11 5.83333 0.825115 0.825115 0.751876
  320 19.17 5.16667 0.721408 0.721408 0.664199
  321 19.23 6.5 0.904253 0.904253 0.834296
  322 19.29 4.83333 0.665082 0.665082 0.617957
  323 19.35 5.66667 0.771354 0.771354 0.723151
  324 19.41 4.83333 0.648209 0.648209 0.613744
  325 19.47 4.16667 0.552073 0.552073 0.52773
  326 19.53 5 0.65302 0.65302 0.631884
  327 19.59 3 0.391381 0.391381 0.378249
  328 19.65 5.5 0.70817 0.70817 0.691752
  329 19.71 4 0.509234 0.509234 0.502062
  330 19.77 6.16667 0.771792 0.771792 0.772537
  331 19.83 3.33333 0.409287 0.409287 0.417477
  332 19.89 4.66667 0.56943 0.56943 0.583428
  333 19.95 3.33333 0.403875 0.403875 0.415791
  334 20.01 3.66667 0.440789 0.440789 0.456974
  335 20.07 5 0.582977 0.582977 0.624687
  336 20.13 3.5 0.406677 0.406677 0.435809
  337 20.19 3 0.344079 0.344079 0.373111
  338 20.25 4.83333 0.549961 0.549961 0.598837
  339 20.31 4.5 0.502508 0.502508 0.557387
  340 20.37 3.66667 0.406635 0.406635 0.453616
  341 20.43 3.83333 0.414882 0.414882 0.476892
  342 20.49 3.16667 0.342875 0.342875 0.391132
  343 20.55 3.66667 0.385832 0.385832 0.456546
  344 20.61 3 0.315249 0.315249 0.370032
  345 20.67 3.33333 0.34656 0.34656 0.411879
  346 20.73 3.5 0.353343 0.353343 0.436528
  347 20.79 1.66667 0.167178 0.167178 0.205648
  348 20.85 2.16667 0.218387 0.218387 0.266434
  349 20.91 2.66667 0.258424 0.258424 0.331687
  350 20.97 2.16667 0.210299 0.210299 0.267414
  351 21.03 1 0.0930216 0.0930216 0.125606
  352 21.09 2.33333 0.219561 0.219561 0.288699
  353 21.15 1.66667 0.154587 0.154587 0.207776
  354 21.21 2.66667 0.245921 0.245921 0.328081
  355 21.27 1.83333 0.165775 0.165775 0.227797
  356 21.33 2.83333 0.250737 0.250737 0.35396
  357 21.39 1.33333 0.11726 0.11726 0.165714
  358 21.45 1 0.0868362 0.0868362 0.124404
  359 21.51 2.16667 0.185417 0.185417 0.270273
  360 21.57 1 0.0836154 0.0836154 0.125144
  361 21.63 1.33333 0.110288 0.110288 0.167872
  362 21.69 1.33333 0.109171 0.109171 0.167692
  363 21.75 1.83333 0.148576 0.148576 0.229931
  364 21.81 1.66667 0.132977 0.132977 0.209447
  365 21.87 1 0.0785989 0.0785989 0.126519
  366 21.93 1 0.0772567 0.0772567 0.126548
  367 21.99 1.5 0.113561 0.113561 0.190481
  368 22.05 0.5 0.0370159 0.0370159 0.0651925
  369 22.11 1.16667 0.0863808 0.0863808 0.148708
  370 22.17 0.5 0.036918 0.036918 0.0634968
  371 22.23 0.833333 0.0587724 0.0587724 0.107317
  372 22.29 0.666667 0.0473016 0.0473016 0.0860589
  373 22.35 0.666667 0.0475859 0.0475859 0.0851356
  374 22.41 0 0 0 0
  375 22.47 0.666667 0.0456296 0.0456296 0.0871304
  376 22.53 0.666667 0.044948 0.044948 0.0870442
  377 22.59 0.333333 0.0223596 0.0223596 0.0432185
  378 22.65 1 0.0663876 0.0663876 0.130463
  379 22.71 0.166667 0.0110449 0.0110449 0.0218635
  380 22.77 0.666667 0.0425659 0.0425659 0.0884368
  381 22.83 1 0.0645834 0.0645834 0.130775
  382 22.89 1 0.0639354 0.0639354 0.132332
  383 22.95 0 0 0 0
  384 23.01 0.833333 0.0516469 0.0516469 0.109139
  385 23.07 0.166667 0.0104616 0.0104616 0.0220908
  386 23.13 0.5 0.0307895 0.0307895 0.0666769
  387 23.19 0.166667 0.0102518 0.0102518 0.0224513
  388 23.25 0.666667 0.0400118 0.0400118 0.0881331
  389 23.31 0.833333 0.0513541 0.0513541 0.111499
  390 23.37 0.5 0.0302674 0.0302674 0.0670553
  391 23.43 0.333333 0.0204167 0.0204167 0.045072
  392 23.49 0.166667 0.010177 0.010177 0.0221473
  393 23.55 0.166667 0.0103797 0.0103797 0.0224334
  394 23.61 0.333333 0.020285 0.020285 0.0448453
  395 23.67 0.333333 0.0202266 0.0202266 0.0443919
  396 23.73 0.166667 0.00996326 0.00996326 0.0224483
48000 396 14000
  1 0.03 0.857143 0.0512017 0.0512017 0.115273
  2 0.09 0.428571 0.0253223 0.0253223 0.0569651
  3 0.15 0.714286 0.0427564 0.0427564 0.0946021
  4 0.21 0.142857 0.00867484 0.00867484 0.0190638
  5 0.27 0.285714 0.0171631 0.0171631 0.0383455
  6 0.33 0.142857 0.00851472 0.00851472 0.0193873
  7 0.39 0.285714 0.0178805 0.0178805 0.0379488
  8 0.45 0.571429 0.0341759 0.0341759 0.0760734
  9 0.51 0.857143 0.051532 0.051532 0.11415
  10 0.57 0.285714 0.0170801 0.0170801 0.0379644
  11 0.63 0.285714 0.0182972 0.0182972 0.0378384
  12 0.69 0.285714 0.0177641 0.0177641 0.0382252
  13 0.75 0.714286 0.0442179 0.0442179 0.0947831
  14 0.81 0.857143 0.054701 0.054701 0.112759
  15 0.87 1 0.0629528 0.0629528 0.131579
  16 0.93 0.714286 0.0465573 0.0465573 0.0934728
  17 0.99 0.571429 0.0371697 0.0371697 0.0751197
  18 1.05 0.285714 0.018455 0.018455 0.03784
  19 1.11 0.428571 0.0291302 0.0291302 0.0559111
  20 1.17 0.285714 0.0184088 0.0184088 0.0376769
  21 1.23 0.571429 0.038648 0.038648 0.0736638
  22 1.29 0.857143 0.0580197 0.0580197 0.111923
  23 1.35 0.285714 0.0189789 0.0189789 0.0375583
  24 1.41 0.857143 0.0621504 0.0621504 0.109168
  25 1.47 0.571429 0.0407877 0.0407877 0.0736664
  26 1.53 0.714286 0.050294 0.050294 0.0916035
  27 1.59 0.857143 0.0629327 0.0629327 0.110007
  28 1.65 0.714286 0.0525477 0.0525477 0.091198
  29 1.71 0.714286 0.0520936 0.0520936 0.0922595
  30 1.77 0.714286 0.0554159 0.0554159 0.0895066
  31 1.83 0.571429 0.0439095 0.0439095 0.0728945
  32 1.89 0.857143 0.0663689 0.0663689 0.109041
  33 1.95 1.28571 0.0981417 0.0981417 0.164255
  34 2.01 1.42857 0.116073 0.116073 0.179419
  35 2.07 1.42857 0.114103 0.114103 0.181393
  36 2.13 1.28571 0.103001 0.103001 0.162434
  37 2.19 1.28571 0.105883 0.105883 0.160958
  38 2.25 1.57143 0.129675 0.129675 0.198926
  39 2.31 0.857143 0.0714403 0.0714403 0.107994
  40 2.37 0.571429 0.0495685 0.0495685 0.0710909
  41 2.43 2 0.17386 0.17386 0.251626
  42 2.49 2.42857 0.221467 0.221467 0.301108
  43 2.55 1.85714 0.168782 0.168782 0.229513
  44 2.61 1.71429 0.159272 0.159272 0.211542
  45 2.67 2.28571 0.210005 0.210005 0.284444
  46 2.73 2.14286 0.19926 0.19926 0.267369
  47 2.79 2.71429 0.262488 0.262488 0.33794
  48 2.85 2.71429 0.261561 0.261561 0.33648
  49 2.91 3.28571 0.321748 0.321748 0.40778
  50 2.97 2.85714 0.285735 0.285735 0.353581
  51 3.03 2.57143 0.262597 0.262597 0.317062
  52 3.09 2.42857 0.249785 0.249785 0.300589
  53 3.15 2.42857 0.24923 0.24923 0.301599
  54 3.21 3.28571 0.342765 0.342765 0.407382
  55 3.27 3 0.320124 0.320124 0.371277
  56 3.33 2.57143 0.278022 0.278022 0.317834
  57 3.39 3.14286 0.343664 0.343664 0.39056
  58 3.45 3 0.334031 0.334031 0.37177
  59 3.51 3.14286 0.351684 0.351684 0.389632
  60 3.57 3.57143 0.408739 0.408739 0.443496
  61 3.63 2.85714 0.32477 0.32477 0.356622
  62 3.69 5.14286 0.599466 0.599466 0.641817
  63 3.75 4.57143 0.53877 0.53877 0.569199
  64 3.81 6.71429 0.801939 0.801939 0.838914
  65 3.87 4.85714 0.586038 0.586038 0.606306
  66 3.93 4.28571 0.524747 0.524747 0.537307
  67 3.99 4.85714 0.595011 0.595011 0.606818
  68 4.05 4.14286 0.516844 0.516844 0.519433
  69 4.11 4.57143 0.578989 0.578989 0.573652
  70 4.17 4.42857 0.570025 0.570025 0.55622
  71 4.23 4.57143 0.59645 0.59645 0.57536
  72 4.29 4.14286 0.542666 0.542666 0.522883
  73 4.35 4.57143 0.607292 0.607292 0.578663
  74 4.41 4.42857 0.591884 0.591884 0.561235
  75 4.47 4.28571 0.58232 0.58232 0.545359
  76 4.53 5.71429 0.783907 0.783907 0.729255
  77 4.59 4.42857 0.61551 0.61551 0.56743
  78 4.65 5 0.703388 0.703388 0.64403
  79 4.71 5.85714 0.829469 0.829469 0.754169
  80 4.77 6 0.856734 0.856734 0.773439
  81 4.83 6.14286 0.887555 0.887555 0.795002
  82 4.89 5.42857 0.794033 0.794033 0.706234
  83 4.95 5.28571 0.781445 0.781445 0.688305
  84 5.01 6.85714 1.0205 1.0205 0.896331
  85 5.07 5.71429 0.859151 0.859151 0.751635
  86 5.13 6.42857 0.977686 0.977686 0.85083
  87 5.19 4.14286 0.635379 0.635379 0.548824
  88 5.25 7 1.08211 1.08211 0.931371
  89 5.31 4.57143 0.714129 0.714129 0.611776
  90 5.37 5.57143 0.878637 0.878637 0.748534
  91 5.43 5.71429 0.907814 0.907814 0.771432
  92 5.49 4.85714 0.776458 0.776458 0.656018
  93 5.55 7.85714 1.27094 1.27094 1.07051
  94 5.61 7.42857 1.21133 1.21133 1.01797
  95 5.67 6 0.989265 0.989265 0.828922
  96 5.73 6.42857 1.06575 1.06575 0.889518
  97 5.79 5.57143 0.929159 0.929159 0.77413
  98 5.85 6.28571 1.05884 1.05884 0.882267
  99 5.91 4.85714 0.82331 0.82331 0.685452
  100 5.97 5.71429 0.974362 0.974362 0.809186
  101 6.03 6 1.03173 1.03173 0.855434
  102 6.09 8.71429 1.51169 1.51169 1.25618
  103 6.15 5.28571 0.923983 0.923983 0.765798
  104 6.21 7.57143 1.33417 1.33417 1.10667
  105 6.27 6.57143 1.16525 1.16525 0.961486
  106 6.33 4.71429 0.839999 0.839999 0.69885
  107 6.39 6.14286 1.10256 1.10256 0.911218
  108 6.45 8 1.44565 1.44565 1.20058
  109 6.51 6 1.09129 1.09129 0.904928
  110 6.57 5.57143 1.01916 1.01916 0.846733
  111 6.63 6.42857 1.18271 1.18271 0.983352
  112 6.69 7.42857 1.37588 1.37588 1.14219
  113 6.75 6.14286 1.1441 1.1441 0.955873
  114 6.81 7.42857 1.38991 1.38991 1.16333
  115 6.87 6.14286 1.15517 1.15517 0.968535
  116 6.93 8 1.51382 1.51382 1.26651
  117 6.99 6.28571 1.1956 1.1956 1.00401
  118 7.05 6.57143 1.25749 1.25749 1.051
  119 7.11 6.14286 1.18128 1.18128 0.991584
  120 7.17 6.14286 1.1836 1.1836 1.00082
  121 7.23 6.42857 1.2467 1.2467 1.05201
  122 7.29 6.85714 1.33415 1.33415 1.13237
  123 7.35 6.85714 1.34224 1.34224 1.1408
  124 7.41 7.85714 1.54714 1.54714 1.31343
  125 7.47 7.57143 1.49694 1.49694 1.26923
  126 7.53 5.71429 1.13443 1.13443 0.964796
  127 7.59 6.85714 1.365 1.365 1.16646
  128 7.65 6.85714 1.37047 1.37047 1.17126
  129 7.71 6.42857 1.29092 1.29092 1.1044
  130 7.77 9.42857 1.89942 1.89942 1.64047
  131 7.83 5.71429 1.15719 1.15719 0.996049
  132 7.89 7.28571 1.48035 1.48035 1.27679
  133 7.95 8.85714 1.80656 1.80656 1.56355
  134 8.01 7.57143 1.54864 1.54864 1.34015
  135 8.07 5.42857 1.11173 1.11173 0.966704
  136 8.13 5.57143 1.14481 1.14481 0.997396
  137 8.19 7 1.44462 1.44462 1.25644
  138 8.25 6.14286 1.27026 1.27026 1.11078
  139 8.31 8.14286 1.69184 1.69184 1.47844
  140 8.37 7.42857 1.54912 1.54912 1.35403
  141 8.43 7.71429 1.61071 1.61071 1.41334
  142 8.49 6.14286 1.28651 1.28651 1.13111
  143 8.55 9.28571 1.94972 1.94972 1.71941
  144 8.61 6.42857 1.35513 1.35513 1.19248
  145 8.67 8.71429 1.8423 1.8423 1.6245
  146 8.73 7 1.48204 1.48204 1.31117
  147 8.79 6.71429 1.4256 1.4256 1.26455
  148 8.85 7.42857 1.57867 1.57867 1.40376
  149 8.91 5.71429 1.21882 1.21882 1.08513
  150 8.97 6.57143 1.40345 1.40345 1.25291
  151 9.03 7.42857 1.58889 1.58889 1.4182
  152 9.09 8.28571 1.7768 1.7768 1.58811
  153 9.15 8 1.7199 1.7199 1.538
  154 9.21 7.42857 1.60082 1.60082 1.43229
  155 9.27 7 1.51049 1.51049 1.35383
  156 9.33 6.42857 1.38857 1.38857 1.24633
  157 9.39 7.71429 1.67494 1.67494 1.50273
  158 9.45 6.57143 1.42497 1.42497 1.28178
  159 9.51 7.42857 1.61449 1.61449 1.45411
  160 9.57 7.28571 1.58479 1.58479 1.43003
  161 9.63 8.42857 1.83836 1.83836 1.65682
  162 9.69 7.42857 1.62293 1.62293 1.46425
  163 9.75 7.85714 1.72079 1.72079 1.55396
  164 9.81 6.42857 1.40818 1.40818 1.27382
  165 9.87 7.85714 1.7236 1.7236 1.56237
  166 9.93 7.14286 1.56955 1.56955 1.42145
  167 9.99 8.14286 1.79151 1.79151 1.62276
  168 10.05 6 1.32103 1.32103 1.20028
  169 10.11 8.28571 1.82768 1.82768 1.65793
  170 10.17 8 1.76604 1.76604 1.60458
  171 10.23 7.85714 1.73515 1.73515 1.57994
  172 10.29 7.28571 1.61199 1.61199 1.46669
  173 10.35 7.28571 1.61525 1.61525 1.46931
  174 10.41 7.42857 1.64643 1.64643 1.49879
  175 10.47 3.57143 0.79351 0.79351 0.724272
  176 10.53 9.57143 2.12587 2.12587 1.93896
  177 10.59 9.28571 2.06449 2.06449 1.88371
  178 10.65 6 1.33694 1.33694 1.21984
  179 10.71 7.57143 1.68575 1.68575 1.5396
  180 10.77 8.42857 1.87942 1.87942 1.7165
  181 10.83 9.42857 2.10287 2.10287 1.92194
  182 10.89 8.57143 1.91415 1.91415 1.7485
  183 10.95 6.85714 1.53145 1.53145 1.40194
  184 11.01 7.14286 1.59701 1.59701 1.46207
  185 11.07 7.85714 1.75536 1.75536 1.60686
  186 11.13 6 1.34135 1.34135 1.23132
  187 11.19 8.14286 1.82214 1.82214 1.6729
  188 11.25 8.14286 1.82331 1.82331 1.67212
  189 11.31 6.85714 1.53559 1.53559 1.41029
  190 11.37 7.71429 1.72902 1.72902 1.58546
  191 11.43 6.57143 1.47329 1.47329 1.34964
  192 11.49 6.85714 1.53868 1.53868 1.41051
  193 11.55 7.85714 1.76264 1.76264 1.61637
  194 11.61 7.14286 1.60225 1.60225 1.46907
  195 11.67 7.57143 1.70057 1.70057 1.56154
  196 11.73 8.14286 1.82598 1.82598 1.67291
  197 11.79 8.28571 1.85985 1.85985 1.70875
  198 11.85 7.28571 1.63491 1.63491 1.4982
  199 11.91 7.57143 1.70024 1.70024 1.55775
  200 11.97 8 1.7957 1.7957 1.64696
  201 12.03 6.42857 1.44268 1.44268 1.32573
  202 12.09 8.85714 1.98614 1.98614 1.82214
  203 12.15 6.42857 1.4417 1.4417 1.32296
  204 12.21 8.85714 1.98728 1.98728 1.81889
  205 12.27 5.57143 1.2486 1.2486 1.14438
  206 12.33 8.28571 1.85901 1.85901 1.7005
  207 12.39 5.57143 1.2492 1.2492 1.14626
  208 12.45 8 1.79402 1.79402 1.64277
  209 12.51 9.28571 2.07924 2.07924 1.90638
  210 12.57 6.57143 1.47133 1.47133 1.34838
  211 12.63 7.57143 1.69444 1.69444 1.55078
  212 12.69 6.57143 1.46996 1.46996 1.3445
  213 12.75 7.14286 1.59742 1.59742 1.45979
  214 12.81 7.42857 1.65971 1.65971 1.51758
  215 12.87 7.85714 1.75513 1.75513 1.60476
  216 12.93 10.7143 2.39205 2.39205 2.18573
  217 12.99 6.71429 1.49715 1.49715 1.36668
  218 13.05 6.42857 1.43225 1.43225 1.30762
  219 13.11 6 1.33508 1.33508 1.21903
  220 13.17 8.42857 1.87477 1.87477 1.71203
  221 13.23 8.14286 1.81048 1.81048 1.65288
  222 13.29 8.28571 1.84061 1.84061 1.67855
  223 13.35 7.85714 1.74485 1.74485 1.5911
  224 13.41 6.85714 1.5217 1.5217 1.38667
  225 13.47 8.14286 1.80316 1.80316 1.64171
  226 13.53 6.57143 1.45299 1.45299 1.32272
  227 13.59 6.85714 1.51407 1.51407 1.37701
  228 13.65 7.28571 1.6076 1.6076 1.46153
  229 13.71 6.85714 1.51308 1.51308 1.37531
  230 13.77 6.85714 1.51044 1.51044 1.3706
  231 13.83 7.14286 1.57106 1.57106 1.42676
  232 13.89 7.57143 1.66415 1.66415 1.50933
  233 13.95 9.42857 2.06787 2.06787 1.87369
  234 14.01 5.71429 1.25206 1.25206 1.13424
  235 14.07 8.71429 1.90598 1.90598 1.72386
  236 14.13 6.57143 1.43418 1.43418 1.29547
  237 14.19 9.71429 2.11875 2.11875 1.91297
  238 14.25 8.14286 1.77146 1.77146 1.59691
  239 14.31 5.85714 1.27387 1.27387 1.14871
  240 14.37 6.85714 1.48837 1.48837 1.3388
  241 14.43 6.42857 1.39362 1.39362 1.25308
  242 14.49 7.42857 1.60393 1.60393 1.44177
  243 14.55 8.28571 1.78504 1.78504 1.60339
  244 14.61 5.71429 1.23128 1.23128 1.10463
  245 14.67 7.57143 1.62836 1.62836 1.45754
  246 14.73 8.14286 1.7446 1.7446 1.55955
  247 14.79 7.28571 1.56176 1.56176 1.39572
  248 14.85 7.28571 1.55604 1.55604 1.38937
  249 14.91 6.42857 1.37006 1.37006 1.22041
  250 14.97 7 1.48708 1.48708 1.32255
  251 15.03 7.28571 1.54386 1.54386 1.3697
  252 15.09 9.57143 2.02445 2.02445 1.79402
  253 15.15 7 1.47697 1.47697 1.3074
  254 15.21 8.42857 1.77305 1.77305 1.56409
  255 15.27 6.28571 1.31999 1.31999 1.16248
  256 15.33 7.42857 1.55659 1.55659 1.37116
  257 15.39 7.14286 1.49098 1.49098 1.31051
  258 15.45 9 1.87507 1.87507 1.64515
  259 15.51 6.71429 1.39501 1.39501 1.22009
  260 15.57 4.85714 1.00493 1.00493 0.876097
  261 15.63 7.57143 1.55789 1.55789 1.35919
  262 15.69 4.85714 0.996827 0.996827 0.86993
  263 15.75 7.28571 1.49548 1.49548 1.29805
  264 15.81 7 1.43117 1.43117 1.24232
  265 15.87 6.85714 1.39718 1.39718 1.20781
  266 15.93 7 1.41829 1.41829 1.22498
  267 15.99 7.85714 1.58873 1.58873 1.36974
  268 16.05 8.57143 1.72874 1.72874 1.48642
  269 16.11 7.57143 1.518 1.518 1.30335
  270 16.17 8.42857 1.68475 1.68475 1.44046
  271 16.23 6.28571 1.25082 1.25082 1.07022
  272 16.29 5.14286 1.01736 1.01736 0.868507
  273 16.35 5.71429 1.12864 1.12864 0.958338
  274 16.41 7.85714 1.54206 1.54206 1.31047
  275 16.47 6.85714 1.34145 1.34145 1.13602
  276 16.53 5.85714 1.14093 1.14093 0.965365
  277 16.59 6.85714 1.32764 1.32764 1.123
  278 16.65 6.14286 1.18594 1.18594 1.00033
  279 16.71 7.42857 1.42558 1.42558 1.19953
  280 16.77 6.85714 1.3085 1.3085 1.09955
  281 16.83 7.28571 1.38614 1.38614 1.16091
  282 16.89 5.42857 1.0283 1.0283 0.863934
  283 16.95 6.28571 1.18484 1.18484 0.990121
  284 17.01 7.42857 1.38929 1.38929 1.16293
  285 17.07 6.71429 1.24909 1.24909 1.03902
  286 17.13 6 1.11031 1.11031 0.924074
  287 17.19 6.85714 1.26344 1.26344 1.0491
  288 17.25 6.28571 1.14729 1.14729 0.954191
  289 17.31 7.28571 1.32466 1.32466 1.10039
  290 17.37 7.28571 1.31325 1.31325 1.09227
  291 17.43 6.85714 1.22881 1.22881 1.02335
  292 17.49 6.14286 1.09333 1.09333 0.906179
  293 17.55 5.57143 0.983561 0.983561 0.818379
  294 17.61 5.14286 0.905166 0.905166 0.751093
  295 17.67 7.28571 1.27435 1.27435 1.05956
  296 17.73 8 1.38856 1.38856 1.1539
  297 17.79 7.28571 1.25597 1.25597 1.0454
  298 17.85 5.14286 0.880805 0.880805 0.734401
  299 17.91 6 1.01517 1.01517 0.848812
  300 17.97 6 1.00762 1.00762 0.844213
  301 18.03 5.71429 0.955726 0.955726 0.80041
  302 18.09 5.42857 0.897618 0.897618 0.754088
  303 18.15 5.85714 0.962999 0.962999 0.810086
  304 18.21 5.57143 0.911386 0.911386 0.76677
  305 18.27 5.85714 0.945614 0.945614 0.800977
  306 18.33 7.57143 1.21545 1.21545 1.03109
  307 18.39 5.71429 0.908603 0.908603 0.77316
  308 18.45 6.28571 0.989372 0.989372 0.845756
  309 18.51 6.14286 0.961459 0.961459 0.824146
  310 18.57 6 0.92773 0.92773 0.800546
  311 18.63 5.28571 0.81222 0.81222 0.702435
  312 18.69 5.42857 0.824622 0.824622 0.718834
  313 18.75 5.28571 0.798713 0.798713 0.697675
  314 18.81 6.14286 0.917154 0.917154 0.807398
  315 18.87 4 0.592998 0.592998 0.524269
  316 18.93 6 0.878443 0.878443 0.782444
  317 18.99 5.57143 0.805578 0.805578 0.722921
  318 19.05 5.71429 0.81747 0.81747 0.739887
  319 19.11 5.42857 0.768302 0.768302 0.699291
  320 19.17 5.14286 0.718856 0.718856 0.660314
  321 19.23 6.42857 0.894738 0.894738 0.824033
  322 19.29 4.57143 0.629071 0.629071 0.583912
  323 19.35 5.71429 0.777851 0.777851 0.728027
  324 19.41 5 0.671199 0.671199 0.634012
  325 19.47 4.14286 0.549539 0.549539 0.524153
  326 19.53 4.71429 0.616291 0.616291 0.59537
  327 19.59 3.85714 0.503319 0.503319 0.485218
  328 19.65 5.14286 0.662248 0.662248 0.646514
  329 19.71 4.57143 0.582333 0.582333 0.573103
  330 19.77 6.28571 0.787338 0.787338 0.787003
  331 19.83 3.57143 0.439617 0.439617 0.446887
  332 19.89 4.42857 0.540973 0.540973 0.553468
  333 19.95 3.42857 0.41577 0.41577 0.427465
  334 20.01 3.42857 0.412002 0.412002 0.42714
  335 20.07 4.85714 0.567639 0.567639 0.60627
  336 20.13 3.57143 0.415492 0.415492 0.444227
  337 20.19 2.85714 0.327938 0.327938 0.355086
  338 20.25 4.57143 0.520161 0.520161 0.566083
  339 20.31 4.42857 0.495175 0.495175 0.548081
  340 20.37 3.71429 0.412041 0.412041 0.45909
  341 20.43 3.85714 0.418431 0.418431 0.479063
  342 20.49 3.14286 0.34038 0.34038 0.388031
  343 20.55 3.42857 0.361169 0.361169 0.42659
  344 20.61 3.28571 0.345478 0.345478 0.405499
  345 20.67 3.28571 0.341619 0.341619 0.406107
  346 20.73 3.57143 0.361421 0.361421 0.444937
  347 20.79 1.85714 0.186764 0.186764 0.229315
  348 20.85 2.28571 0.230112 0.230112 0.281366
  349 20.91 2.85714 0.277718 0.277718 0.354918
  350 20.97 1.85714 0.180256 0.180256 0.229212
  351 21.03 1 0.0933538 0.0933538 0.125286
  352 21.09 2.42857 0.228801 0.228801 0.300291
  353 21.15 1.42857 0.132504 0.132504 0.178094
  354 21.21 2.85714 0.263269 0.263269 0.351563
  355 21.27 2 0.180998 0.180998 0.248025
  356 21.33 2.57143 0.227695 0.227695 0.32101
  357 21.39 1.42857 0.12548 0.12548 0.17737
  358 21.45 1.14286 0.0990541 0.0990541 0.142014
  359 21.51 2.14286 0.183284 0.183284 0.267078
  360 21.57 1.14286 0.0956649 0.0956649 0.142751
  361 21.63 1.28571 0.106383 0.106383 0.161652
  362 21.69 1.57143 0.128671 0.128671 0.197094
  363 21.75 1.71429 0.138891 0.138891 0.214895
  364 21.81 1.57143 0.125372 0.125372 0.197356
  365 21.87 1 0.0785211 0.0785211 0.126294
  366 21.93 1 0.0771634 0.0771634 0.126342
  367 21.99 1.42857 0.108192 0.108192 0.181153
  368 22.05 0.571429 0.0423915 0.0423915 0.0737678
  369 22.11 1.14286 0.0845947 0.0845947 0.145358
  370 22.17 0.714286 0.0524984 0.0524984 0.0902549
  371 22.23 0.857143 0.0606466 0.0606466 0.10993
  372 22.29 0.571429 0.0405442 0.0405442 0.0737648
  373 22.35 0.714286 0.0507832 0.0507832 0.0909666
  374 22.41 0 0 0 0
  375 22.47 0.571429 0.0391111 0.0391111 0.0746832
  376 22.53 0.714286 0.0481886 0.0481886 0.0926664
  377 22.59 0.428571 0.0286447 0.0286447 0.0551325
  378 22.65 1 0.0663418 0.0663418 0.129927
  379 22.71 0.285714 0.0187936 0.0187936 0.0368898
  380 22.77 0.571429 0.0364851 0.0364851 0.075803
  381 22.83 1 0.0645052 0.0645052 0.130307
  382 22.89 1 0.063847 0.063847 0.131688
  383 22.95 0 0 0 0
  384 23.01 0.714286 0.0442688 0.0442688 0.0935475
  385 23.07 0.142857 0.00896707 0.00896707 0.018935
  386 23.13 0.428571 0.026391 0.026391 0.0571517
  387 23.19 0.142857 0.00878729 0.00878729 0.019244
  388 23.25 0.571429 0.0342958 0.0342958 0.0755427
  389 23.31 0.714286 0.0440178 0.0440178 0.0955702
  390 23.37 0.428571 0.0259434 0.0259434 0.057476
  391 23.43 0.285714 0.0175 0.0175 0.0386331
  392 23.49 0.285714 0.0171245 0.0171245 0.0377789
  393 23.55 0.285714 0.0172581 0.0172581 0.0380845
  394 23.61 0.285714 0.0173871 0.0173871 0.0384388
  395 23.67 0.285714 0.0173371 0.0173371 0.0380502
  396 23.73 0.142857 0.00853993 0.00853993 0.0192414
56000 396 16000
  1 0.03 0.875 0.0524375 0.0524375 0.117612
  2 0.09 0.375 0.022157 0.022157 0.0498445
  3 0.15 0.625 0.0374118 0.0374118 0.0827769
  4 0.21 0.125 0.00759049 0.00759049 0.0166808
  5 0.27 0.375 0.0227243 0.0227243 0.0502226
  6 0.33 0.375 0.0229559 0.0229559 0.0501624
  7 0.39 0.25 0.0156454 0.0156454 0.0332052
  8 0.45 0.5 0.0299039 0.0299039 0.0665642
  9 0.51 0.75 0.0450905 0.0450905 0.0998813
  10 0.57 0.375 0.0228782 0.0228782 0.0496574
  11 0.63 0.375 0.0240008 0.0240008 0.049518
  12 0.69 0.5 0.0316539 0.0316539 0.0661931
  13 0.75 0.625 0.0386907 0.0386907 0.0829352
  14 0.81 0.875 0.0560349 0.0560349 0.114966
  15 0.87 0.875 0.0550837 0.0550837 0.115132
  16 0.93 0.625 0.0407376 0.0407376 0.0817887
  17 0.99 0.5 0.0325235 0.0325235 0.0657298
  18 1.05 0.25 0.0161481 0.0161481 0.03311
  19 1.11 0.375 0.0254889 0.0254889 0.0489222
  20 1.17 0.5 0.0334618 0.0334618 0.0651383
  21 1.23 0.625 0.042597 0.042597 0.0804922
  22 1.29 0.875 0.0596218 0.0596218 0.11394
  23 1.35 0.25 0.0166066 0.0166066 0.0328635
  24 1.41 1.125 0.0816256 0.0816256 0.143291
  25 1.47 0.625 0.0449438 0.0449438 0.0803088
  26 1.53 0.625 0.0440073 0.0440073 0.0801531
  27 1.59 0.875 0.0645235 0.0645235 0.112049
  28 1.65 0.875 0.0651109 0.0651109 0.111321
  29 1.71 0.875 0.0649545 0.0649545 0.11218
  30 1.77 0.75 0.0582714 0.0582714 0.0940217
  31 1.83 0.75 0.0582152 0.0582152 0.0951224
  32 1.89 0.875 0.0681332 0.0681332 0.111026
  33 1.95 1.125 0.085874 0.085874 0.143723
  34 2.01 1.625 0.132663 0.132663 0.203591
  35 2.07 1.375 0.110334 0.110334 0.174229
  36 2.13 1.125 0.0901257 0.0901257 0.14213
  37 2.19 1.375 0.114113 0.114113 0.17178
  38 2.25 1.875 0.157019 0.157019 0.235867
  39 2.31 0.875 0.073512 0.073512 0.109939
  40 2.37 0.625 0.0545405 0.0545405 0.0776379
  41 2.43 2 0.174813 0.174813 0.251018
  42 2.49 2.25 0.205315 0.205315 0.278887
  43 2.55 1.875 0.170931 0.170931 0.231651
  44 2.61 1.75 0.162862 0.162862 0.21591
  45 2.67 2.5 0.231639 0.231639 0.310474
  46 2.73 2.125 0.198706 0.198706 0.26473
  47 2.79 2.5 0.242032 0.242032 0.311054
  48 2.85 2.625 0.253762 0.253762 0.3251
  49 2.91 3.25 0.319431 0.319431 0.402764
  50 2.97 3.125 0.313886 0.313886 0.3859
  51 3.03 2.625 0.268519 0.268519 0.32329
  52 3.09 2.375 0.244843 0.244843 0.293564
  53 3.15 2.375 0.244649 0.244649 0.294443
  54 3.21 3.5 0.367385 0.367385 0.432898
  55 3.27 3.125 0.334733 0.334733 0.386115
  56 3.33 2.25 0.243269 0.243269 0.278105
  57 3.39 3.125 0.34266 0.34266 0.387832
  58 3.45 3 0.334663 0.334663 0.371437
  59 3.51 3.25 0.365202 0.365202 0.402504
  60 3.57 3.75 0.430321 0.430321 0.4651
  61 3.63 3 0.342949 0.342949 0.373743
  62 3.69 5.25 0.613954 0.613954 0.654262
  63 3.75 4.625 0.546689 0.546689 0.575371
  64 3.81 6.125 0.732173 0.732173 0.765036
  65 3.87 5 0.605209 0.605209 0.623672
  66 3.93 4.375 0.53717 0.53717 0.547954
  67 3.99 5 0.615167 0.615167 0.624563
  68 4.05 4.25 0.531995 0.531995 0.532758
  69 4.11 4.25 0.538883 0.538883 0.533323
  70 4.17 4.375 0.563991 0.563991 0.54957
  71 4.23 5.125 0.670261 0.670261 0.64535
  72 4.29 4.625 0.608232 0.608232 0.58413
  73 4.35 4.75 0.632593 0.632593 0.601587
  74 4.41 4.375 0.586039 0.586039 0.554779
  75 4.47 4.25 0.578351 0.578351 0.541106
  76 4.53 5.375 0.737976 0.737976 0.686177
  77 4.59 5.125 0.714204 0.714204 0.657307
  78 4.65 5 0.70427 0.70427 0.644169
  79 4.71 5.75 0.815398 0.815398 0.740793
  80 4.77 5.875 0.840203 0.840203 0.757943
  81 4.83 5.75 0.831342 0.831342 0.744466
  82 4.89 5.125 0.750155 0.750155 0.667027
  83 4.95 5.375 0.795485 0.795485 0.700838
  84 5.01 7.125 1.06218 1.06218 0.933002
  85 5.07 5.75 0.865702 0.865702 0.75744
  86 5.13 6.5 0.989408 0.989408 0.861413
  87 5.19 4.125 0.633161 0.633161 0.54742
  88 5.25 6.75 1.04424 1.04424 0.89944
  89 5.31 4.625 0.723062 0.723062 0.620253
  90 5.37 5.875 0.927407 0.927407 0.791659
  91 5.43 5.75 0.913956 0.913956 0.777852
  92 5.49 4.75 0.759924 0.759924 0.642975
  93 5.55 7.75 1.25428 1.25428 1.0581
  94 5.61 7 1.14161 1.14161 0.960315
  95 5.67 6.125 1.00968 1.00968 0.847526
  96 5.73 6.75 1.11967 1.11967 0.936436
  97 5.79 5.75 0.959648 0.959648 0.800937
  98 5.85 6.25 1.05312 1.05312 0.878484
  99 5.91 5 0.847673 0.847673 0.706713
  100 5.97 5.5 0.938087 0.938087 0.779835
  101 6.03 6 1.03196 1.03196 0.856962
  102 6.09 8.375 1.45285 1.45285 1.20843
  103 6.15 5.375 0.939609 0.939609 0.78027
  104 6.21 7.125 1.25529 1.25529 1.0423
  105 6.27 6.375 1.13009 1.13009 0.934393
  106 6.33 5.125 0.912915 0.912915 0.761442
  107 6.39 6 1.07656 1.07656 0.891607
  108 6.45 7.75 1.40007 1.40007 1.16445
  109 6.51 6.375 1.15881 1.15881 0.963721
  110 6.57 5.375 0.982877 0.982877 0.817685
  111 6.63 6.5 1.1953 1.1953 0.995699
  112 6.69 7 1.29613 1.29613 1.07727
  113 6.75 7.125 1.32508 1.32508 1.11004
  114 6.81 7.125 1.33249 1.33249 1.11628
  115 6.87 6 1.12786 1.12786 0.946779
  116 6.93 7.875 1.48924 1.48924 1.24815
  117 6.99 6.25 1.18788 1.18788 0.999267
  118 7.05 6.375 1.21911 1.21911 1.02121
  119 7.11 6.125 1.17663 1.17663 0.990102
  120 7.17 5.625 1.08358 1.08358 0.916888
  121 7.23 6.375 1.23542 1.23542 1.04504
  122 7.29 7.125 1.38529 1.38529 1.17897
  123 7.35 7 1.36896 1.36896 1.1665
  124 7.41 8 1.57336 1.57336 1.33974
  125 7.47 7.625 1.5058 1.5058 1.281
  126 7.53 5.875 1.16488 1.16488 0.994483
  127 7.59 6.625 1.3178 1.3178 1.12859
  128 7.65 7.125 1.42213 1.42213 1.22035
  129 7.71 6.125 1.22899 1.22899 1.05376
  130 7.77 9.125 1.83674 1.83674 1.58942
  131 7.83 5.875 1.18802 1.18802 1.0267
  132 7.89 7.25 1.47126 1.47126 1.27317
  133 7.95 8.25 1.68164 1.68164 1.45787
  134 8.01 7.75 1.58291 1.58291 1.37591
  135 8.07 6 1.22673 1.22673 1.07285
  136 8.13 5.75 1.17997 1.17997 1.03231
  137 8.19 6.75 1.39189 1.39189 1.21414
  138 8.25 6.125 1.2653 1.2653 1.11022
  139 8.31 8.375 1.73748 1.73748 1.52508
  140 8.37 6.875 1.43286 1.43286 1.25452
  141 8.43 8 1.66798 1.66798 1.46995
  142 8.49 6.5 1.35915 1.35915 1.20048
  143 8.55 9.5 1.99212 1.99212 1.76304
  144 8.61 6.25 1.31614 1.31614 1.16137
  145 8.67 8.375 1.76899 1.76899 1.56348
  146 8.73 7 1.48033 1.48033 1.31342
  147 8.79 6.375 1.3525 1.3525 1.20165
  148 8.85 7.75 1.64485 1.64485 1.46699
  149 8.91 5.25 1.11926 1.11926 0.997344
  150 8.97 6.5 1.38682 1.38682 1.24047
  151 9.03 7.625 1.6291 1.6291 1.45806
  152 9.09 8.25 1.76746 1.76746 1.58323
  153 9.15 8.125 1.74485 1.74485 1.56423
  154 9.21 7.375 1.58776 1.58776 1.42365
  155 9.27 7 1.50911 1.50911 1.35551
  156 9.33 7.25 1.56379 1.56379 1.40894
  157 9.39 7.5 1.6269 1.6269 1.46217
  158 9.45 6.5 1.40846 1.40846 1.26896
  159 9.51 7.625 1.65565 1.65565 1.49372
  160 9.57 7.875 1.71123 1.71123 1.54687
  161 9.63 8.25 1.79812 1.79812 1.62235
  162 9.69 7 1.52865 1.52865 1.38014
  163 9.75 7.625 1.6688 1.6688 1.50839
  164 9.81 6.125 1.3411 1.3411 1.21394
  165 9.87 7.5 1.64451 1.64451 1.49139
  166 9.93 7.375 1.61924 1.61924 1.46775
  167 9.99 7.75 1.7044 1.7044 1.54453
  168 10.05 5.875 1.29294 1.29294 1.17511
  169 10.11 8.125 1.7913 1.7913 1.6257
  170 10.17 7.875 1.73771 1.73771 1.57934
  171 10.23 7.75 1.71092 1.71092 1.55802
  172 10.29 8 1.76879 1.76879 1.60997
  173 10.35 7.25 1.60656 1.60656 1.46174
  174 10.41 8.25 1.82749 1.82749 1.66382
  175 10.47 4 0.887954 0.887954 0.810054
  176 10.53 9.375 2.08169 2.08169 1.89825
  177 10.59 8.625 1.91735 1.91735 1.74917
  178 10.65 6 1.33634 1.33634 1.21886
  179 10.71 7.625 1.6973 1.6973 1.54936
  180 10.77 8.125 1.81135 1.81135 1.65373
  181 10.83 8.875 1.97923 1.97923 1.80836
  182 10.89 8.375 1.8699 1.8699 1.70747
  183 10.95 6.5 1.45156 1.45156 1.32828
  184 11.01 7.125 1.59275 1.59275 1.45719
  185 11.07 8.25 1.84312 1.84312 1.6857
  186 11.13 6.25 1.39729 1.39729 1.281
  187 11.19 8.125 1.8181 1.8181 1.6675
  188 11.25 8.5 1.90326 1.90326 1.74353
  189 11.31 6.75 1.51166 1.51166 1.38706
  190 11.37 7.625 1.70903 1.70903 1.56596
  191 11.43 6.75 1.51336 1.51336 1.38521
  192 11.49 7 1.57069 1.57069 1.43854
  193 11.55 7.5 1.68258 1.68258 1.54207
  194 11.61 7.25 1.62645 1.62645 1.48986
  195 11.67 7.625 1.71256 1.71256 1.57084
  196 11.73 8 1.79427 1.79427 1.64283
  197 11.79 7.75 1.7397 1.7397 1.59755
  198 11.85 7 1.57099 1.57099 1.43902
  199 11.91 7.75 1.74057 1.74057 1.59361
  200 11.97 8.5 1.90843 1.90843 1.74841
  201 12.03 6.5 1.45905 1.45905 1.33924
  202 12.09 9.125 2.04699 2.04699 1.87574
  203 12.15 6.375 1.43009 1.43009 1.31088
  204 12.21 9.125 2.04795 2.04795 1.87227
  205 12.27 5.5 1.23299 1.23299 1.12879
  206 12.33 7.75 1.73899 1.73899 1.58985
  207 12.39 6.125 1.3739 1.3739 1.25768
  208 12.45 8 1.79438 1.79438 1.64113
  209 12.51 9.25 2.07196 2.07196 1.89717
  210 12.57 6.875 1.53993 1.53993 1.40882
  211 12.63 7.75 1.73506 1.73506 1.58582
  212 12.69 6.375 1.42638 1.42638 1.30348
  213 12.75 7.625 1.706 1.706 1.55654
  214 12.81 7.375 1.64834 1.64834 1.50544
  215 12.87 7.5 1.67574 1.67574 1.5309
  216 12.93 9.875 2.20496 2.20496 2.01363
  217 12.99 7.125 1.58968 1.58968 1.44841
  218 13.05 6.625 1.47678 1.47678 1.34594
  219 13.11 6.375 1.41955 1.41955 1.29337
  220 13.17 8.125 1.80786 1.80786 1.64898
  221 13.23 7.75 1.72357 1.72357 1.57194
  222 13.29 8.5 1.8891 1.8891 1.71993
  223 13.35 8.75 1.94425 1.94425 1.76861
  224 13.41 7.25 1.60957 1.60957 1.46372
  225 13.47 7.875 1.74446 1.74446 1.58636
  226 13.53 6.375 1.41013 1.41013 1.28198
  227 13.59 6.5 1.43569 1.43569 1.30427
  228 13.65 7.25 1.60048 1.60048 1.45222
  229 13.71 6.875 1.51754 1.51754 1.37634
  230 13.77 6.5 1.43213 1.43213 1.29787
  231 13.83 7.875 1.73341 1.73341 1.56817
  232 13.89 7.375 1.62151 1.62151 1.46795
  233 13.95 9.25 2.0296 2.0296 1.83547
  234 14.01 5.375 1.17801 1.17801 1.06576
  235 14.07 9.125 1.99712 1.99712 1.80097
  236 14.13 6.75 1.47406 1.47406 1.32813
  237 14.19 9.625 2.10009 2.10009 1.89245
  238 14.25 8 1.74117 1.74117 1.56707
  239 14.31 6.5 1.41446 1.41446 1.27134
  240 14.37 6.625 1.43844 1.43844 1.29227
  241 14.43 6.875 1.49105 1.49105 1.33731
  242 14.49 7.25 1.56609 1.56609 1.40559
  243 14.55 7.75 1.67018 1.67018 1.49876
  244 14.61 6.25 1.34743 1.34743 1.20517
  245 14.67 7.25 1.55959 1.55959 1.39434
  246 14.73 7.75 1.66096 1.66096 1.48316
  247 14.79 6.75 1.44705 1.44705 1.29218
  248 14.85 7.125 1.5222 1.5222 1.3571
  249 14.91 7.125 1.51939 1.51939 1.34964
  250 14.97 7.375 1.56772 1.56772 1.39117
  251 15.03 7 1.48387 1.48387 1.31512
  252 15.09 9.75 2.06306 2.06306 1.82511
  253 15.15 7 1.47751 1.47751 1.3059
  254 15.21 8.5 1.78886 1.78886 1.57588
  255 15.27 6.75 1.41812 1.41812 1.24653
  256 15.33 6.875 1.4407 1.4407 1.26822
  257 15.39 6.75 1.40926 1.40926 1.23765
  258 15.45 8.875 1.84926 1.84926 1.62054
  259 15.51 6.75 1.40256 1.40256 1.22526
  260 15.57 5 1.03485 1.03485 0.901259
  261 15.63 7.25 1.49213 1.49213 1.30077
  262 15.69 4.75 0.975178 0.975178 0.850109
  263 15.75 7.75 1.59072 1.59072 1.37919
  264 15.81 6.875 1.4056 1.4056 1.21905
  265 15.87 7.625 1.5536 1.5536 1.34149
  266 15.93 7.25 1.46922 1.46922 1.26782
  267 15.99 7.75 1.56702 1.56702 1.35017
  268 16.05 8.375 1.68885 1.68885 1.45132
  269 16.11 7.625 1.5287 1.5287 1.31141
  270 16.17 8.375 1.67349 1.67349 1.42991
  271 16.23 6.125 1.21861 1.21861 1.04181
  272 16.29 5 0.989059 0.989059 0.84369
  273 16.35 5.375 1.06132 1.06132 0.900939
  274 16.41 7.875 1.54537 1.54537 1.31242
  275 16.47 6.625 1.29568 1.29568 1.09693
  276 16.53 5.5 1.07113 1.07113 0.906048
  277 16.59 7.25 1.40281 1.40281 1.18547
  278 16.65 6.625 1.27769 1.27769 1.07695
  279 16.71 7.375 1.41459 1.41459 1.1899
  280 16.77 6.75 1.28748 1.28748 1.08153
  281 16.83 7.625 1.4491 1.4491 1.2134
  282 16.89 6.25 1.18157 1.18157 0.991335
  283 16.95 5.75 1.08344 1.08344 0.90535
  284 17.01 7.75 1.44775 1.44775 1.21129
  285 17.07 6.25 1.16224 1.16224 0.966962
  286 17.13 5.375 0.994399 0.994399 0.827641
  287 17.19 6.75 1.24233 1.24233 1.03201
  288 17.25 6.25 1.13961 1.13961 0.948114
  289 17.31 7.25 1.31662 1.31662 1.09434
  290 17.37 7.75 1.39502 1.39502 1.16106
  291 17.43 6.875 1.23063 1.23063 1.02505
  292 17.49 6.125 1.08874 1.08874 0.902942
  293 17.55 5.75 1.01391 1.01391 0.843786
  294 17.61 5 0.878914 0.878914 0.729654
  295 17.67 6.75 1.17971 1.17971 0.981102
  296 17.73 8.25 1.429 1.429 1.18871
  297 17.79 7.25 1.24766 1.24766 1.03947
  298 17.85 5.375 0.918292 0.918292 0.766768
  299 17.91 6.5 1.09719 1.09719 0.918988
  300 17.97 5.625 0.943925 0.943925 0.791334
  301 18.03 5.625 0.939207 0.939207 0.787692
  302 18.09 5.25 0.867056 0.867056 0.729361
  303 18.15 6 0.98441 0.98441 0.830039
  304 18.21 5.25 0.857683 0.857683 0.722631
  305 18.27 6.25 1.00631 1.00631 0.855154
  306 18.33 7 1.1225 1.1225 0.953319
  307 18.39 5.5 0.873339 0.873339 0.744497
  308 18.45 6.125 0.962451 0.962451 0.824462
  309 18.51 6.25 0.97559 0.97559 0.838756
  310 18.57 6 0.925936 0.925936 0.800846
  311 18.63 5.25 0.804744 0.804744 0.697794
  312 18.69 6.25 0.945144 0.945144 0.827668
  313 18.75 5 0.754309 0.754309 0.659984
  314 18.81 6.5 0.966919 0.966919 0.854541
  315 18.87 4.375 0.645717 0.645717 0.573688
  316 18.93 6 0.87644 0.87644 0.782991
  317 18.99 5.5 0.793611 0.793611 0.714237
  318 19.05 5.625 0.803064 0.803064 0.728826
  319 19.11 5.375 0.759107 0.759107 0.693073
  320 19.17 5 0.697803 0.697803 0.642534
  321 19.23 6 0.833941 0.833941 0.769433
  322 19.29 4.625 0.634308 0.634308 0.591191
  323 19.35 5.625 0.763453 0.763453 0.717023
  324 19.41 4.875 0.652814 0.652814 0.618634
  325 19.47 4.125 0.545908 0.545908 0.522439
  326 19.53 4.625 0.603478 0.603478 0.584609
  327 19.59 3.875 0.504043 0.504043 0.488136
  328 19.65 5.25 0.673629 0.673629 0.660977
  329 19.71 4.875 0.617937 0.617937 0.6126
  330 19.77 6.375 0.796065 0.796065 0.799699
  331 19.83 3.625 0.445139 0.445139 0.454455
  332 19.89 4.5 0.54791 0.54791 0.563487
  333 19.95 3.625 0.43752 0.43752 0.453135
  334 20.01 3.625 0.433443 0.433443 0.452721
  335 20.07 4.375 0.511009 0.511009 0.546238
  336 20.13 3.25 0.377725 0.377725 0.404428
  337 20.19 3 0.343116 0.343116 0.373563
  338 20.25 4.25 0.482866 0.482866 0.526708
  339 20.31 4 0.446915 0.446915 0.495251
  340 20.37 3.5 0.387413 0.387413 0.433078
  341 20.43 4 0.432709 0.432709 0.497621
  342 20.49 3.125 0.337223 0.337223 0.386607
  343 20.55 3.375 0.354828 0.354828 0.420408
  344 20.61 3.125 0.327786 0.327786 0.386296
  345 20.67 3.5 0.361888 0.361888 0.43411
  346 20.73 3.25 0.328706 0.328706 0.405079
  347 20.79 2 0.200148 0.200148 0.247974
  348 20.85 2.375 0.237595 0.237595 0.293556
  349 20.91 2.625 0.254996 0.254996 0.326344
  350 20.97 1.875 0.181187 0.181187 0.232129
  351 21.03 1.125 0.104957 0.104957 0.141196
  352 21.09 2.5 0.234651 0.234651 0.310104
  353 21.15 1.5 0.138489 0.138489 0.187448
  354 21.21 2.5 0.230361 0.230361 0.307618
  355 21.27 1.875 0.169385 0.169385 0.232885
  356 21.33 2.625 0.231737 0.231737 0.328599
  357 21.39 1.375 0.120451 0.120451 0.171135
  358 21.45 1.125 0.0972401 0.0972401 0.140208
  359 21.51 2 0.170795 0.170795 0.249655
  360 21.57 1.375 0.114437 0.114437 0.172839
  361 21.63 1.125 0.0930855 0.0930855 0.141445
  362 21.69 1.375 0.112587 0.112587 0.172457
  363 21.75 1.625 0.131394 0.131394 0.204081
  364 21.81 1.5 0.119438 0.119438 0.188761
  365 21.87 1.125 0.0878442 0.0878442 0.142713
  366 21.93 1 0.0769841 0.0769841 0.126668
  367 21.99 1.25 0.0946679 0.0946679 0.158509
  368 22.05 0.625 0.0463017 0.0463017 0.0806935
  369 22.11 1 0.0740204 0.0740204 0.127188
  370 22.17 0.875 0.0639679 0.0639679 0.111355
  371 22.23 0.875 0.0620087 0.0620087 0.112399
  372 22.29 0.625 0.0442661 0.0442661 0.0808088
  373 22.35 0.875 0.0618646 0.0618646 0.11218
  374 22.41 0.25 0.0171622 0.0171622 0.0327045
  375 22.47 0.625 0.0427113 0.0427113 0.0817472
  376 22.53 0.75 0.0505938 0.0505938 0.0975121
  377 22.59 0.5 0.0334019 0.0334019 0.0647166
  378 22.65 1 0.0663321 0.0663321 0.130197
  379 22.71 0.25 0.0164444 0.0164444 0.0322786
  380 22.77 0.625 0.0400222 0.0400222 0.0829068
  381 22.83 0.875 0.0564421 0.0564421 0.114019
  382 22.89 1 0.0638372 0.0638372 0.131828
  383 22.95 0 0 0 0
  384 23.01 0.625 0.0387352 0.0387352 0.0818541
  385 23.07 0.25 0.0156804 0.0156804 0.0331675
  386 23.13 0.375 0.0230921 0.0230921 0.0500077
  387 23.19 0.25 0.0154495 0.0154495 0.0334565
  388 23.25 0.5 0.0300089 0.0300089 0.0660998
  389 23.31 0.625 0.0385156 0.0385156 0.0836239
  390 23.37 0.375 0.0227005 0.0227005 0.0502915
  391 23.43 0.5 0.0305957 0.0305957 0.0672548
  392 23.49 0.25 0.014984 0.014984 0.0330566
  393 23.55 0.25 0.0151008 0.0151008 0.033324
  394 23.61 0.25 0.0152137 0.0152137 0.033634
  395 23.67 0.375 0.022792 0.022792 0.0500563
  396 23.73 0.125 0.00747244 0.00747244 0.0168362
64000 396 18000
  1 0.03 0.888889 0.0534631 0.0534631 0.118771
  2 0.09 0.333333 0.0196951 0.0196951 0.0443062
  3 0.15 0.555556 0.033255 0.033255 0.0735794
  4 0.21 0.222222 0.0136341 0.0136341 0.0290731
  5 0.27 0.333333 0.0201994 0.0201994 0.0446423
  6 0.33 0.444444 0.027342 0.027342 0.0588123
  7 0.39 0.222222 0.013907 0.013907 0.0295157
  8 0.45 0.555556 0.0336019 0.0336019 0.0733518
  9 0.51 0.666667 0.0400805 0.0400805 0.0887834
  10 0.57 0.444444 0.0274533 0.0274533 0.0583159
  11 0.63 0.555556 0.0356264 0.0356264 0.0723542
  12 0.69 0.444444 0.0281368 0.0281368 0.0588383
  13 0.75 0.555556 0.0343917 0.0343917 0.0737202
  14 0.81 0.777778 0.0498088 0.0498088 0.102192
  15 0.87 0.777778 0.0489633 0.0489633 0.102339
  16 0.93 0.666667 0.0436571 0.0436571 0.0868306
  17 0.99 0.444444 0.0289097 0.0289097 0.0584265
  18 1.05 0.444444 0.0295329 0.0295329 0.057728
  19 1.11 0.555556 0.0379378 0.0379378 0.0717987
  20 1.17 0.444444 0.0297439 0.0297439 0.0579008
  21 1.23 0.666667 0.0456487 0.0456487 0.0857291
  22 1.29 0.777778 0.0529971 0.0529971 0.10128
  23 1.35 0.222222 0.0147614 0.0147614 0.029212
  24 1.41 1 0.0725561 0.0725561 0.127369
  25 1.47 0.666667 0.0481561 0.0481561 0.0856409
  26 1.53 0.777778 0.0556797 0.0556797 0.099782
  27 1.59 1 0.0741236 0.0741236 0.12813
  28 1.65 0.888889 0.0663138 0.0663138 0.113208
  29 1.71 1 0.0747909 0.0747909 0.128207
  30 1.77 0.666667 0.0517968 0.0517968 0.0835748
  31 1.83 0.666667 0.0517468 0.0517468 0.0845532
  32 1.89 0.777778 0.0605628 0.0605628 0.0986895
  33 1.95 1.22222 0.094297 0.094297 0.156015
  34 2.01 1.55556 0.127044 0.127044 0.195074
  35 2.07 1.44444 0.116593 0.116593 0.18303
  36 2.13 1.44444 0.117779 0.117779 0.182589
  37 2.19 1.55556 0.129962 0.129962 0.194879
  38 2.25 1.66667 0.139572 0.139572 0.20966
  39 2.31 1 0.084913 0.084913 0.125845
  40 2.37 1.33333 0.117549 0.117549 0.167395
  41 2.43 2 0.17541 0.17541 0.251212
  42 2.49 2.11111 0.192702 0.192702 0.261937
  43 2.55 1.88889 0.172564 0.172564 0.233983
  44 2.61 1.88889 0.176036 0.176036 0.234026
  45 2.67 2.55556 0.237558 0.237558 0.318084
  46 2.73 2.11111 0.198134 0.198134 0.263375
  47 2.79 2.33333 0.225948 0.225948 0.290524
  48 2.85 2.44444 0.236579 0.236579 0.303012
  49 2.91 3.11111 0.306324 0.306324 0.386113
  50 2.97 2.77778 0.279009 0.279009 0.343022
  51 3.03 2.66667 0.273124 0.273124 0.329552
  52 3.09 2.11111 0.217639 0.217639 0.260946
  53 3.15 2.22222 0.229276 0.229276 0.275764
  54 3.21 3.88889 0.409849 0.409849 0.483046
  55 3.27 3.66667 0.394046 0.394046 0.455494
  56 3.33 2.22222 0.240594 0.240594 0.275276
  57 3.39 3.22222 0.354304 0.354304 0.40093
  58 3.45 3.33333 0.37283 0.37283 0.414508
  59 3.51 3.11111 0.350061 0.350061 0.385944
  60 3.57 3.55556 0.408123 0.408123 0.441625
  61 3.63 3.11111 0.357096 0.357096 0.388815
  62 3.69 5 0.585306 0.585306 0.624055
  63 3.75 4.55556 0.539381 0.539381 0.568161
  64 3.81 5.77778 0.691129 0.691129 0.722589
  65 3.87 4.77778 0.579027 0.579027 0.596948
  66 3.93 4.33333 0.532939 0.532939 0.543918
  67 3.99 5 0.616693 0.616693 0.62631
  68 4.05 4 0.501144 0.501144 0.502075
  69 4.11 4.77778 0.607849 0.607849 0.602572
  70 4.17 4.22222 0.54488 0.54488 0.531403
  71 4.23 5.33333 0.698345 0.698345 0.67386
  72 4.29 4.88889 0.644232 0.644232 0.619572
  73 4.35 4.44444 0.592233 0.592233 0.563462
  74 4.41 4.22222 0.566357 0.566357 0.536334
  75 4.47 4.22222 0.575362 0.575362 0.538787
  76 4.53 5.44444 0.748615 0.748615 0.69688
  77 4.59 5.66667 0.79094 0.79094 0.729807
  78 4.65 5.33333 0.752114 0.752114 0.689437
  79 4.71 5.44444 0.772542 0.772542 0.702425
  80 4.77 5.77778 0.827282 0.827282 0.747225
  81 4.83 5.22222 0.755267 0.755267 0.676515
  82 4.89 5.11111 0.748854 0.748854 0.666938
  83 4.95 5.44444 0.806501 0.806501 0.712118
  84 5.01 7.11111 1.06117 1.06117 0.933663
  85 5.07 5.55556 0.836884 0.836884 0.733072
  86 5.13 6.44444 0.981585 0.981585 0.855816
  87 5.19 4.33333 0.665999 0.665999 0.577173
  88 5.25 6.55556 1.01481 1.01481 0.875256
  89 5.31 4.44444 0.695227 0.695227 0.597047
  90 5.37 5.66667 0.895057 0.895057 0.764991
  91 5.43 5.77778 0.919298 0.919298 0.783812
  92 5.49 5.11111 0.819283 0.819283 0.695472
  93 5.55 8.11111 1.31412 1.31412 1.11186
  94 5.61 6.88889 1.12412 1.12412 0.947495
  95 5.67 6.33333 1.04482 1.04482 0.879437
  96 5.73 7 1.16227 1.16227 0.97491
  97 5.79 5.77778 0.965136 0.965136 0.807388
  98 5.85 6.22222 1.04915 1.04915 0.876892
  99 5.91 4.88889 0.829205 0.829205 0.692427
  100 5.97 5.11111 0.871991 0.871991 0.725496
  101 6.03 6.33333 1.09046 1.09046 0.908415
  102 6.09 7.66667 1.33015 1.33015 1.10698
  103 6.15 5.33333 0.932661 0.932661 0.776239
  104 6.21 7.22222 1.27292 1.27292 1.05976
  105 6.27 6.55556 1.16291 1.16291 0.965006
  106 6.33 5.55556 0.990676 0.990676 0.829004
  107 6.39 5.77778 1.03704 1.03704 0.860488
  108 6.45 7.77778 1.40583 1.40583 1.17169
  109 6.51 6.33333 1.15178 1.15178 0.959629
  110 6.57 5.11111 0.934847 0.934847 0.778558
  111 6.63 7.22222 1.32955 1.32955 1.11064
  112 6.69 6.66667 1.2347 1.2347 1.0273
  113 6.75 6.88889 1.28174 1.28174 1.07442
  114 6.81 7.33333 1.37232 1.37232 1.15086
  115 6.87 5.77778 1.08654 1.08654 0.912499
  116 6.93 8.22222 1.55628 1.55628 1.30609
  117 6.99 6.44444 1.22586 1.22586 1.03221
  118 7.05 6.44444 1.23305 1.23305 1.0345
  119 7.11 6.22222 1.196 1.196 1.0076
  120 7.17 5.66667 1.09264 1.09264 0.925255
  121 7.23 6.33333 1.22821 1.22821 1.03995
  122 7.29 7 1.36196 1.36196 1.1596
  123 7.35 7 1.37 1.37 1.16794
  124 7.41 7.66667 1.50846 1.50846 1.28499
  125 7.47 7.22222 1.42684 1.42684 1.21438
  126 7.53 5.77778 1.14634 1.14634 0.979111
  127 7.59 7.11111 1.41631 1.41631 1.21363
  128 7.65 7.44444 1.48772 1.48772 1.27733
  129 7.71 6.22222 1.2496 1.2496 1.07227
  130 7.77 9.44444 1.90316 1.90316 1.6466
  131 7.83 5.88889 1.19174 1.19174 1.03012
  132 7.89 6.55556 1.33053 1.33053 1.15146
  133 7.95 8 1.63152 1.63152 1.41483
  134 8.01 7.77778 1.5901 1.5901 1.38279
  135 8.07 6.55556 1.34298 1.34298 1.17441
  136 8.13 5.77778 1.18703 1.18703 1.0385
  137 8.19 6.77778 1.39895 1.39895 1.22094
  138 8.25 6.66667 1.37985 1.37985 1.21079
  139 8.31 7.66667 1.59099 1.59099 1.39651
  140 8.37 6.66667 1.39024 1.39024 1.21754
  141 8.43 7.66667 1.5996 1.5996 1.40948
  142 8.49 6.55556 1.3724 1.3724 1.21186
  143 8.55 9.11111 1.91199 1.91199 1.69179
  144 8.61 6.77778 1.42955 1.42955 1.26174
  145 8.67 8.44444 1.78535 1.78535 1.57797
  146 8.73 7.11111 1.50569 1.50569 1.33546
  147 8.79 6.44444 1.36877 1.36877 1.21564
  148 8.85 7.88889 1.67673 1.67673 1.49425
  149 8.91 5.22222 1.1144 1.1144 0.992574
  150 8.97 7.11111 1.52015 1.52015 1.35803
  151 9.03 7.11111 1.52014 1.52014 1.36017
  152 9.09 8 1.71553 1.71553 1.53614
  153 9.15 8 1.71985 1.71985 1.5412
  154 9.21 7.55556 1.62894 1.62894 1.45994
  155 9.27 6.77778 1.46253 1.46253 1.31321
  156 9.33 7.44444 1.60845 1.60845 1.4479
  157 9.39 7.66667 1.66503 1.66503 1.49603
  158 9.45 6.33333 1.37382 1.37382 1.2374
  159 9.51 7.66667 1.66698 1.66698 1.50334
  160 9.57 7.66667 1.66777 1.66777 1.50695
  161 9.63 8.44444 1.84326 1.84326 1.66256
  162 9.69 6.88889 1.50596 1.50596 1.35931
  163 9.75 7.88889 1.72899 1.72899 1.56192
  164 9.81 6.44444 1.41352 1.41352 1.27823
  165 9.87 7.33333 1.60961 1.60961 1.45856
  166 9.93 7 1.53802 1.53802 1.39332
  167 9.99 7.22222 1.58913 1.58913 1.43949
  168 10.05 5.88889 1.29772 1.29772 1.17796
  169 10.11 8.66667 1.91429 1.91429 1.73468
  170 10.17 7.66667 1.69345 1.69345 1.5378
  171 10.23 7.44444 1.64498 1.64498 1.49678
  172 10.29 8.22222 1.82083 1.82083 1.65533
  173 10.35 8.22222 1.82615 1.82615 1.65865
  174 10.41 7.88889 1.74899 1.74899 1.59143
  175 10.47 4.55556 1.01367 1.01367 0.922744
  176 10.53 9.11111 2.02509 2.02509 1.84526
  177 10.59 8.44444 1.87917 1.87917 1.71304
  178 10.65 6.11111 1.36285 1.36285 1.24187
  179 10.71 7.44444 1.6588 1.6588 1.51313
  180 10.77 8.33333 1.86042 1.86042 1.69681
  181 10.83 8.44444 1.88459 1.88459 1.721
  182 10.89 8.11111 1.81256 1.81256 1.65417
  183 10.95 6.88889 1.54111 1.54111 1.40832
  184 11.01 7.11111 1.59148 1.59148 1.45476
  185 11.07 8.77778 1.96478 1.96478 1.79469
  186 11.13 5.77778 1.29228 1.29228 1.18426
  187 11.19 8 1.79204 1.79204 1.64179
  188 11.25 8.55556 1.9181 1.9181 1.75505
  189 11.31 7.11111 1.59527 1.59527 1.46121
  190 11.37 8.11111 1.82114 1.82114 1.66613
  191 11.43 6.22222 1.39557 1.39557 1.27701
  192 11.49 7.11111 1.59764 1.59764 1.46169
  193 11.55 7.22222 1.62157 1.62157 1.48523
  194 11.61 7 1.5717 1.5717 1.43894
  195 11.67 8.22222 1.84983 1.84983 1.69444
  196 11.73 8 1.79651 1.79651 1.64377
  197 11.79 7.55556 1.69762 1.69762 1.55761
  198 11.85 7 1.57286 1.57286 1.4395
  199 11.91 7.88889 1.77401 1.77401 1.62265
  200 11.97 7.77778 1.74679 1.74679 1.59995
  201 12.03 7.77778 1.75055 1.75055 1.60272
  202 12.09 8.88889 1.99593 1.99593 1.82761
  203 12.15 6.33333 1.42235 1.42235 1.30239
  204 12.21 9.22222 2.07229 2.07229 1.89255
  205 12.27 5.88889 1.32263 1.32263 1.20851
  206 12.33 7.22222 1.62129 1.62129 1.48153
  207 12.39 6.33333 1.42258 1.42258 1.30011
  208 12.45 8 1.79625 1.79625 1.64091
  209 12.51 9 2.01779 2.01779 1.84576
  210 12.57 6.88889 1.54477 1.54477 1.41173
  211 12.63 7.77778 1.74325 1.74325 1.59175
  212 12.69 6.33333 1.41852 1.41852 1.29503
  213 12.75 7.66667 1.71717 1.71717 1.56513
  214 12.81 7.55556 1.69088 1.69088 1.54216
  215 12.87 7.55556 1.69 1.69 1.54168
  216 12.93 9.44444 2.11017 2.11017 1.92524
  217 12.99 7 1.56314 1.56314 1.42257
  218 13.05 6.33333 1.41267 1.41267 1.28633
  219 13.11 7.44444 1.66136 1.66136 1.50905
  220 13.17 7.88889 1.75667 1.75667 1.6004
  221 13.23 8 1.78128 1.78128 1.62134
  222 13.29 8.22222 1.82856 1.82856 1.66305
  223 13.35 8.44444 1.87742 1.87742 1.7061
  224 13.41 7.88889 1.75362 1.75362 1.59086
  225 13.47 7.77778 1.72428 1.72428 1.56578
  226 13.53 6.11111 1.35252 1.35252 1.22824
  227 13.59 6.55556 1.44935 1.44935 1.31426
  228 13.65 7.44444 1.64497 1.64497 1.48958
  229 13.71 7.11111 1.57101 1.57101 1.42174
  230 13.77 6.55556 1.44549 1.44549 1.3075
  231 13.83 7.66667 1.6884 1.6884 1.52534
  232 13.89 7.55556 1.66234 1.66234 1.50131
  233 13.95 8.66667 1.90213 1.90213 1.71855
  234 14.01 5.66667 1.24289 1.24289 1.12101
  235 14.07 8.88889 1.94619 1.94619 1.75252
  236 14.13 6.88889 1.50529 1.50529 1.3534
  237 14.19 9 1.96404 1.96404 1.76832
  238 14.25 8.22222 1.7905 1.7905 1.60792
  239 14.31 6.66667 1.45113 1.45113 1.30169
  240 14.37 6.55556 1.42359 1.42359 1.27685
  241 14.43 7 1.51835 1.51835 1.35912
  242 14.49 6.88889 1.48838 1.48838 1.33436
  243 14.55 7.88889 1.70064 1.70064 1.52246
  244 14.61 6.33333 1.36544 1.36544 1.21882
  245 14.67 7.22222 1.55357 1.55357 1.38636
  246 14.73 7.77778 1.66703 1.66703 1.48561
  247 14.79 6.77778 1.45261 1.45261 1.29445
  248 14.85 7.33333 1.56641 1.56641 1.39328
  249 14.91 6.88889 1.46876 1.46876 1.30322
  250 14.97 7.44444 1.58205 1.58205 1.40163
  251 15.03 7.11111 1.50696 1.50696 1.33347
  252 15.09 9.66667 2.04457 2.04457 1.80657
  253 15.15 7.11111 1.50018 1.50018 1.32407
  254 15.21 8 1.68327 1.68327 1.48215
  255 15.27 6.55556 1.37657 1.37657 1.20916
  256 15.33 7.33333 1.53488 1.53488 1.34851
  257 15.39 6.88889 1.43713 1.43713 1.26036
  258 15.45 8.77778 1.82753 1.82753 1.59968
  259 15.51 6.66667 1.3841 1.3841 1.20801
  260 15.57 5 1.03388 1.03388 0.899628
  261 15.63 7.33333 1.50815 1.50815 1.31308
  262 15.69 5.33333 1.09311 1.09311 0.950495
  263 15.75 7.33333 1.50416 1.50416 1.30351
  264 15.81 7.11111 1.45161 1.45161 1.2573
  265 15.87 7.66667 1.55988 1.55988 1.34594
  266 15.93 7.11111 1.4395 1.4395 1.24134
  267 15.99 7.77778 1.57026 1.57026 1.35196
  268 16.05 8.55556 1.72187 1.72187 1.47862
  269 16.11 7.77778 1.55656 1.55656 1.33417
  270 16.17 8.11111 1.61877 1.61877 1.38257
  271 16.23 6.11111 1.21388 1.21388 1.03688
  272 16.29 4.44444 0.879163 0.879163 0.749946
  273 16.35 6 1.18017 1.18017 1.00066
  274 16.41 7.55556 1.48099 1.48099 1.25712
  275 16.47 6.22222 1.21568 1.21568 1.02894
  276 16.53 6.22222 1.20662 1.20662 1.01957
  277 16.59 7.55556 1.45796 1.45796 1.23126
  278 16.65 6.77778 1.30328 1.30328 1.09823
  279 16.71 7.33333 1.4037 1.4037 1.18076
  280 16.77 6.66667 1.26881 1.26881 1.06611
  281 16.83 7.55556 1.43259 1.43259 1.20034
  282 16.89 6 1.13232 1.13232 0.950404
  283 16.95 5.66667 1.06491 1.06491 0.890849
  284 17.01 7.33333 1.36795 1.36795 1.14533
  285 17.07 6 1.11368 1.11368 0.927853
  286 17.13 5.66667 1.04389 1.04389 0.871661
  287 17.19 7.44444 1.36249 1.36249 1.1371
  288 17.25 5.88889 1.0721 1.0721 0.893155
  289 17.31 7.33333 1.3272 1.3272 1.10662
  290 17.37 7.66667 1.37611 1.37611 1.14839
  291 17.43 6.88889 1.22913 1.22913 1.02687
  292 17.49 6.44444 1.14032 1.14032 0.950401
  293 17.55 5.55556 0.97748 0.97748 0.815409
  294 17.61 5 0.875777 0.875777 0.729823
  295 17.67 6.66667 1.16109 1.16109 0.968961
  296 17.73 8.22222 1.41907 1.41907 1.18502
  297 17.79 6.88889 1.18299 1.18299 0.987838
  298 17.85 5.55556 0.944438 0.944438 0.792522
  299 17.91 6.44444 1.08434 1.08434 0.911455
  300 17.97 5.44444 0.911275 0.911275 0.766174
  301 18.03 5.66667 0.942235 0.942235 0.793838
  302 18.09 5.55556 0.91289 0.91289 0.77274
  303 18.15 5.66667 0.927917 0.927917 0.784256
  304 18.21 5.22222 0.849513 0.849513 0.719283
  305 18.27 6 0.963626 0.963626 0.821462
  306 18.33 6.88889 1.10071 1.10071 0.939057
  307 18.39 5.55556 0.878227 0.878227 0.753038
  308 18.45 5.88889 0.922752 0.922752 0.793414
  309 18.51 6.44444 1.00062 1.00062 0.86629
  310 18.57 5.88889 0.905527 0.905527 0.787045
  311 18.63 5.22222 0.797009 0.797009 0.695204
  312 18.69 5.88889 0.888777 0.888777 0.780577
  313 18.75 4.88889 0.734602 0.734602 0.646295
  314 18.81 6.22222 0.922901 0.922901 0.819052
  315 18.87 4.77778 0.699726 0.699726 0.628523
  316 18.93 5.88889 0.856875 0.856875 0.769875
  317 18.99 5 0.720872 0.720872 0.649624
  318 19.05 5.77778 0.820486 0.820486 0.75073
  319 19.11 5.11111 0.7199 0.7199 0.660031
  320 19.17 5.66667 0.784266 0.784266 0.73193
  321 19.23 6.11111 0.844615 0.844615 0.785982
  322 19.29 4.44444 0.607474 0.607474 0.569135
  323 19.35 5.44444 0.736457 0.736457 0.695488
  324 19.41 4.88889 0.651547 0.651547 0.622366
  325 19.47 4.33333 0.569741 0.569741 0.551126
  326 19.53 4.33333 0.564262 0.564262 0.548495
  327 19.59 4.44444 0.572189 0.572189 0.563519
  328 19.65 4.77778 0.612374 0.612374 0.601907
  329 19.71 4.66667 0.589581 0.589581 0.587559
  330 19.77 6 0.747444 0.747444 0.753767
  331 19.83 3.66667 0.448209 0.448209 0.461087
  332 19.89 4.33333 0.525884 0.525884 0.543623
  333 19.95 3.88889 0.46569 0.46569 0.488102
  334 20.01 3.88889 0.461203 0.461203 0.487581
  335 20.07 4.22222 0.49174 0.49174 0.528043
  336 20.13 3.33333 0.384943 0.384943 0.415964
  337 20.19 2.66667 0.304992 0.304992 0.332056
  338 20.25 4.33333 0.489084 0.489084 0.538387
  339 20.31 3.66667 0.409116 0.409116 0.454251
  340 20.37 3.22222 0.356007 0.356007 0.398974
  341 20.43 3.77778 0.407638 0.407638 0.470323
  342 20.49 2.88889 0.3111 0.3111 0.357645
  343 20.55 3.44444 0.360435 0.360435 0.429655
  344 20.61 2.88889 0.302521 0.302521 0.357352
  345 20.67 3.33333 0.343659 0.343659 0.413797
  346 20.73 2.88889 0.292183 0.292183 0.36007
  347 20.79 1.88889 0.188534 0.188534 0.234328
  348 20.85 2.22222 0.221774 0.221774 0.274838
  349 20.91 2.77778 0.268366 0.268366 0.345556
  350 20.97 2 0.191725 0.191725 0.247898
  351 21.03 1.44444 0.133701 0.133701 0.180918
  352 21.09 2.33333 0.218529 0.218529 0.289508
  353 21.15 1.66667 0.152763 0.152763 0.208219
  354 21.21 2.55556 0.233963 0.233963 0.315079
  355 21.27 1.66667 0.150565 0.150565 0.207009
  356 21.33 3 0.262816 0.262816 0.375437
  357 21.39 1.44444 0.125676 0.125676 0.179904
  358 21.45 1.11111 0.0955851 0.0955851 0.138513
  359 21.51 2 0.170072 0.170072 0.24968
  360 21.57 1.55556 0.128577 0.128577 0.195261
  361 21.63 1.11111 0.0916182 0.0916182 0.139608
  362 21.69 1.55556 0.126235 0.126235 0.194982
  363 21.75 1.66667 0.133994 0.133994 0.209225
  364 21.81 1.44444 0.114674 0.114674 0.181711
  365 21.87 1.11111 0.0865262 0.0865262 0.140793
  366 21.93 0.888889 0.0684304 0.0684304 0.112593
  367 21.99 1.11111 0.0841493 0.0841493 0.140897
  368 22.05 0.777778 0.0573598 0.0573598 0.0996799
  369 22.11 1.11111 0.081922 0.081922 0.141016
  370 22.17 0.777778 0.0568604 0.0568604 0.098982
  371 22.23 0.777778 0.0551188 0.0551188 0.0999103
  372 22.29 0.777778 0.05492 0.05492 0.0997876
  373 22.35 0.888889 0.0626957 0.0626957 0.113704
  374 22.41 0.333333 0.0228961 0.0228961 0.0430623
  375 22.47 0.555556 0.0379656 0.0379656 0.0726642
  376 22.53 0.666667 0.0449723 0.0449723 0.0866774
  377 22.59 0.444444 0.0296906 0.0296906 0.0575258
  378 22.65 0.888889 0.0589619 0.0589619 0.115731
  379 22.71 0.444444 0.0292185 0.0292185 0.0567416
  380 22.77 0.666667 0.042804 0.042804 0.087758
  381 22.83 1.11111 0.071765 0.071765 0.143598
  382 22.89 0.888889 0.0567442 0.0567442 0.11718
  383 22.95 0.111111 0.00708023 0.00708023 0.0141721
  384 23.01 0.555556 0.0344313 0.0344313 0.0727592
  385 23.07 0.222222 0.0139381 0.0139381 0.0294823
  386 23.13 0.555556 0.034476 0.034476 0.0729274
  387 23.19 0.222222 0.0137329 0.0137329 0.0297391
  388 23.25 0.444444 0.0266745 0.0266745 0.0587554
  389 23.31 0.666667 0.041125 0.041125 0.0885687
  390 23.37 0.444444 0.0270549 0.0270549 0.0589357
  391 23.43 0.444444 0.0271962 0.0271962 0.0597821
  392 23.49 0.333333 0.0201668 0.0201668 0.0436162
  393 23.55 0.333333 0.0202613 0.0202613 0.0438481
  394 23.61 0.333333 0.0203589 0.0203589 0.0441155
  395 23.67 0.555556 0.0339353 0.0339353 0.0729345
  396 23.73 0.111111 0.00664217 0.00664217 0.0149656
72000 396 20000
  1 0.03 0.9 0.05409 0.05409 0.120283
  2 0.09 0.3 0.0177256 0.0177256 0.0398756
  3 0.15 0.6 0.0359082 0.0359082 0.0796531
  4 0.21 0.3 0.0182586 0.0182586 0.0396076
  5 0.27 0.3 0.0181795 0.0181795 0.0401781
  6 0.33 0.4 0.0246078 0.0246078 0.0529311
  7 0.39 0.2 0.0125163 0.0125163 0.0265642
  8 0.45 0.6 0.0363126 0.0363126 0.0794564
  9 0.51 0.6 0.0360724 0.0360724 0.0799051
  10 0.57 0.5 0.0308377 0.0308377 0.0658938
  11 0.63 0.6 0.0382121 0.0382121 0.0785177
  12 0.69 0.6 0.0377499 0.0377499 0.0796919
  13 0.75 0.5 0.0309526 0.0309526 0.0663482
  14 0.81 0.7 0.0448279 0.0448279 0.0919728
  15 0.87 0.7 0.0440669 0.0440669 0.0921052
  16 0.93 0.6 0.0392914 0.0392914 0.0781475
  17 0.99 0.4 0.0260188 0.0260188 0.0525838
  18 1.05 0.5 0.0331012 0.0331012 0.065209
  19 1.11 0.5 0.034144 0.034144 0.0646188
  20 1.17 0.4 0.0267695 0.0267695 0.0521107
  21 1.23 0.6 0.0410838 0.0410838 0.0771562
  22 1.29 0.7 0.0476974 0.0476974 0.0911523
  23 1.35 0.3 0.0201224 0.0201224 0.0393708
  24 1.41 1 0.0722652 0.0722652 0.12765
  25 1.47 0.6 0.0433405 0.0433405 0.0770768
  26 1.53 0.9 0.0643856 0.0643856 0.115642
  27 1.59 1.1 0.0810821 0.0810821 0.141102
  28 1.65 0.8 0.0596824 0.0596824 0.101887
  29 1.71 1 0.074748 0.074748 0.128195
  30 1.77 0.7 0.0541103 0.0541103 0.0880044
  31 1.83 0.7 0.0541731 0.0541731 0.0888508
  32 1.89 0.8 0.0621814 0.0621814 0.101555
  33 1.95 1.1 0.0848673 0.0848673 0.140414
  34 2.01 1.5 0.122285 0.122285 0.188224
  35 2.07 1.6 0.129004 0.129004 0.202656
  36 2.13 1.3 0.106001 0.106001 0.16433
  37 2.19 1.4 0.116966 0.116966 0.175391
  38 2.25 1.6 0.133964 0.133964 0.201304
  39 2.31 1.1 0.093406 0.093406 0.138442
  40 2.37 1.5 0.131632 0.131632 0.188371
  41 2.43 2 0.175428 0.175428 0.251159
  42 2.49 2.1 0.191241 0.191241 0.26076
  43 2.55 1.9 0.173282 0.173282 0.235572
  44 2.61 2 0.185613 0.185613 0.248076
  45 2.67 2.5 0.232211 0.232211 0.311204
  46 2.73 2 0.187718 0.187718 0.249472
  47 2.79 2.4 0.231895 0.231895 0.298744
  48 2.85 2.2 0.212921 0.212921 0.272711
  49 2.91 2.8 0.275692 0.275692 0.347502
  50 2.97 2.8 0.280885 0.280885 0.345873
  51 3.03 2.7 0.276035 0.276035 0.333729
  52 3.09 2.7 0.2775 0.2775 0.33382
  53 3.15 2.5 0.257944 0.257944 0.310015
  54 3.21 3.8 0.400278 0.400278 0.471813
  55 3.27 3.9 0.418391 0.418391 0.484024
  56 3.33 2.1 0.227309 0.227309 0.260085
  57 3.39 3.1 0.34061 0.34061 0.385498
  58 3.45 3.5 0.390844 0.390844 0.434713
  59 3.51 3.1 0.348723 0.348723 0.384368
  60 3.57 3.4 0.390119 0.390119 0.422162
  61 3.63 3.2 0.367507 0.367507 0.399363
  62 3.69 4.8 0.561635 0.561635 0.59874
  63 3.75 4.7 0.556212 0.556212 0.585599
  64 3.81 5.4 0.645887 0.645887 0.675115
  65 3.87 4.6 0.557365 0.557365 0.574497
  66 3.93 4.3 0.528477 0.528477 0.53927
  67 3.99 4.8 0.592009 0.592009 0.601047
  68 4.05 3.9 0.488702 0.488702 0.489339
  69 4.11 4.6 0.585181 0.585181 0.579875
  70 4.17 4.4 0.567466 0.567466 0.553568
  71 4.23 5.5 0.719527 0.719527 0.69449
  72 4.29 5 0.658544 0.658544 0.633144
  73 4.35 4.6 0.612688 0.612688 0.582799
  74 4.41 4.4 0.590186 0.590186 0.558532
  75 4.47 4.4 0.599439 0.599439 0.560993
  76 4.53 5.7 0.783672 0.783672 0.728831
  77 4.59 5.6 0.781195 0.781195 0.720495
  78 4.65 5.1 0.718921 0.718921 0.658797
  79 4.71 5.3 0.751992 0.751992 0.683435
  80 4.77 5.9 0.844869 0.844869 0.762514
  81 4.83 5.3 0.766571 0.766571 0.686274
  82 4.89 4.9 0.71783 0.71783 0.639088
  83 4.95 5.5 0.814375 0.814375 0.718847
  84 5.01 6.8 1.01465 1.01465 0.892473
  85 5.07 5.7 0.858585 0.858585 0.751515
  86 5.13 6.3 0.959361 0.959361 0.836069
  87 5.19 4.6 0.706622 0.706622 0.612022
  88 5.25 6.8 1.05236 1.05236 0.907253
  89 5.31 4.5 0.703795 0.703795 0.604173
  90 5.37 5.8 0.916062 0.916062 0.782626
  91 5.43 6.1 0.970462 0.970462 0.827007
  92 5.49 5.3 0.849764 0.849764 0.72116
  93 5.55 7.4 1.19884 1.19884 1.01432
  94 5.61 6.7 1.09343 1.09343 0.921658
  95 5.67 6.1 1.0061 1.0061 0.846872
  96 5.73 7.2 1.19525 1.19525 1.00284
  97 5.79 5.7 0.952195 0.952195 0.796753
  98 5.85 6.2 1.04528 1.04528 0.873752
  99 5.91 5.2 0.882169 0.882169 0.736556
  100 5.97 5.3 0.904415 0.904415 0.752608
  101 6.03 5.9 1.01583 1.01583 0.846214
  102 6.09 7.4 1.28397 1.28397 1.06845
  103 6.15 5.5 0.961765 0.961765 0.800275
  104 6.21 7.1 1.25119 1.25119 1.04153
  105 6.27 6.4 1.13517 1.13517 0.94222
  106 6.33 6.2 1.10539 1.10539 0.924374
  107 6.39 5.8 1.04093 1.04093 0.864286
  108 6.45 7.6 1.37346 1.37346 1.14496
  109 6.51 6.4 1.16376 1.16376 0.969993
  110 6.57 5.1 0.932771 0.932771 0.777191
  111 6.63 7.1 1.30692 1.30692 1.09197
  112 6.69 6.4 1.18516 1.18516 0.986525
  113 6.75 6.7 1.24649 1.24649 1.04488
  114 6.81 7.5 1.40338 1.40338 1.17691
  115 6.87 6.2 1.16596 1.16596 0.979154
  116 6.93 7.9 1.49526 1.49526 1.25511
  117 6.99 6.2 1.17932 1.17932 0.993143
  118 7.05 6.6 1.26253 1.26253 1.06027
  119 7.11 6.4 1.23001 1.23001 1.03725
  120 7.17 6.1 1.17643 1.17643 0.997053
  121 7.23 6.2 1.20228 1.20228 1.01857
  122 7.29 7.2 1.40109 1.40109 1.1935
  123 7.35 6.8 1.33081 1.33081 1.13485
  124 7.41 7.4 1.45597 1.45597 1.2408
  125 7.47 7.2 1.42245 1.42245 1.21168
  126 7.53 5.9 1.17049 1.17049 1.00054
  127 7.59 7.2 1.4341 1.4341 1.2296
  128 7.65 7.2 1.43891 1.43891 1.23579
  129 7.71 6.3 1.26512 1.26512 1.08631
  130 7.77 9 1.81359 1.81359 1.56902
  131 7.83 6.1 1.23451 1.23451 1.06729
  132 7.89 6.6 1.33963 1.33963 1.15958
  133 7.95 8.1 1.65178 1.65178 1.43277
  134 8.01 7.7 1.57428 1.57428 1.36932
  135 8.07 6.4 1.3113 1.3113 1.14671
  136 8.13 5.9 1.2125 1.2125 1.06118
  137 8.19 7.1 1.46555 1.46555 1.28053
  138 8.25 6.8 1.40752 1.40752 1.23578
  139 8.31 7.7 1.59822 1.59822 1.40387
  140 8.37 6.5 1.35547 1.35547 1.18808
  141 8.43 7.6 1.586 1.586 1.39827
  142 8.49 7 1.46576 1.46576 1.29538
  143 8.55 8.6 1.80491 1.80491 1.59734
  144 8.61 6.8 1.43419 1.43419 1.26672
  145 8.67 8.1 1.71254 1.71254 1.51424
  146 8.73 7.1 1.50351 1.50351 1.33418
  147 8.79 6.6 1.40181 1.40181 1.24573
  148 8.85 8 1.70073 1.70073 1.51613
  149 8.91 5.3 1.13104 1.13104 1.00788
  150 8.97 7.1 1.51793 1.51793 1.35641
  151 9.03 7 1.49674 1.49674 1.33949
  152 9.09 8.1 1.73747 1.73747 1.55623
  153 9.15 8 1.72019 1.72019 1.5419
  154 9.21 7.5 1.61712 1.61712 1.44979
  155 9.27 6.8 1.46772 1.46772 1.31812
  156 9.33 7.5 1.62088 1.62088 1.45906
  157 9.39 7.5 1.62878 1.62878 1.46376
  158 9.45 6.1 1.32341 1.32341 1.19206
  159 9.51 7.8 1.69634 1.69634 1.52974
  160 9.57 7.6 1.6538 1.6538 1.49391
  161 9.63 8.4 1.83389 1.83389 1.65396
  162 9.69 7.2 1.5744 1.5744 1.42088
  163 9.75 8 1.75357 1.75357 1.58382
  164 9.81 6.7 1.46989 1.46989 1.32867
  165 9.87 7.4 1.62466 1.62466 1.4714
  166 9.93 6.9 1.51642 1.51642 1.37322
  167 9.99 7.4 1.62887 1.62887 1.4747
  168 10.05 5.8 1.27843 1.27843 1.1598
  169 10.11 8.2 1.81137 1.81137 1.64106
  170 10.17 7.5 1.65703 1.65703 1.50404
  171 10.23 7.2 1.5914 1.5914 1.44737
  172 10.29 8.4 1.86086 1.86086 1.69095
  173 10.35 8.2 1.82138 1.82138 1.65396
  174 10.41 8.3 1.84114 1.84114 1.67432
  175 10.47 5 1.11283 1.11283 1.01209
  176 10.53 8.7 1.93408 1.93408 1.76166
  177 10.59 8.4 1.86983 1.86983 1.70341
  178 10.65 6.3 1.40529 1.40529 1.27954
  179 10.71 7.9 1.76121 1.76121 1.60491
  180 10.77 8.1 1.80864 1.80864 1.64892
  181 10.83 8 1.78571 1.78571 1.63022
  182 10.89 8.2 1.833 1.833 1.67192
  183 10.95 6.6 1.47669 1.47669 1.34896
  184 11.01 6.9 1.5445 1.5445 1.41122
  185 11.07 8.3 1.85811 1.85811 1.69688
  186 11.13 6.4 1.43259 1.43259 1.31101
  187 11.19 7.8 1.74769 1.74769 1.60031
  188 11.25 8.5 1.90616 1.90616 1.74319
  189 11.31 7.6 1.70566 1.70566 1.56064
  190 11.37 8.3 1.86405 1.86405 1.70421
  191 11.43 6 1.34606 1.34606 1.23125
  192 11.49 7.2 1.61801 1.61801 1.47948
  193 11.55 7.7 1.7297 1.7297 1.58278
  194 11.61 7.2 1.61729 1.61729 1.47968
  195 11.67 8 1.80005 1.80005 1.64809
  196 11.73 8.3 1.86477 1.86477 1.70516
  197 11.79 7.2 1.61801 1.61801 1.48398
  198 11.85 6.8 1.52828 1.52828 1.39831
  199 11.91 7.7 1.73186 1.73186 1.58379
  200 11.97 7.6 1.70736 1.70736 1.5634
  201 12.03 7.7 1.73328 1.73328 1.5865
  202 12.09 8.8 1.97666 1.97666 1.80954
  203 12.15 6.7 1.50549 1.50549 1.37813
  204 12.21 9.3 2.0904 2.0904 1.90926
  205 12.27 6 1.34808 1.34808 1.23166
  206 12.33 7.2 1.61683 1.61683 1.47716
  207 12.39 6.6 1.48298 1.48298 1.35472
  208 12.45 7.8 1.75169 1.75169 1.59974
  209 12.51 9.2 2.06354 2.06354 1.88624
  210 12.57 6.8 1.52525 1.52525 1.39314
  211 12.63 7.4 1.65886 1.65886 1.51422
  212 12.69 6.4 1.43395 1.43395 1.30825
  213 12.75 7.5 1.68021 1.68021 1.53091
  214 12.81 7.9 1.76871 1.76871 1.61207
  215 12.87 7.8 1.74533 1.74533 1.59108
  216 12.93 8.9 1.98883 1.98883 1.81402
  217 12.99 7.2 1.60842 1.60842 1.46292
  218 13.05 6.7 1.49525 1.49525 1.36038
  219 13.11 7.3 1.62943 1.62943 1.47964
  220 13.17 7.9 1.75976 1.75976 1.60219
  221 13.23 7.8 1.73709 1.73709 1.58046
  222 13.29 8 1.7795 1.7795 1.61782
  223 13.35 8.5 1.8902 1.8902 1.71678
  224 13.41 7.7 1.71178 1.71178 1.55239
  225 13.47 8.1 1.79639 1.79639 1.62993
  226 13.53 6.5 1.43932 1.43932 1.30574
  227 13.59 6.7 1.48178 1.48178 1.34278
  228 13.65 7.1 1.56905 1.56905 1.42053
  229 13.71 7.5 1.6572 1.6572 1.49918
  230 13.77 6.8 1.49974 1.49974 1.35618
  231 13.83 7.2 1.58572 1.58572 1.43247
  232 13.89 7.7 1.69432 1.69432 1.52988
  233 13.95 8.2 1.79989 1.79989 1.62599
  234 14.01 6.2 1.36018 1.36018 1.22655
  235 14.07 8.5 1.86125 1.86125 1.67598
  236 14.13 6.8 1.48615 1.48615 1.33611
  237 14.19 8.6 1.87691 1.87691 1.68956
  238 14.25 7.8 1.69872 1.69872 1.52535
  239 14.31 7.2 1.56732 1.56732 1.40549
  240 14.37 6.9 1.49859 1.49859 1.34357
  241 14.43 7.3 1.58343 1.58343 1.41694
  242 14.49 7 1.51274 1.51274 1.3554
  243 14.55 7.3 1.5738 1.5738 1.40872
  244 14.61 6.6 1.42289 1.42289 1.26955
  245 14.67 7 1.50574 1.50574 1.3433
  246 14.73 7.5 1.60758 1.60758 1.43225
  247 14.79 7.3 1.56426 1.56426 1.39274
  248 14.85 7.2 1.5379 1.5379 1.36736
  249 14.91 6.9 1.47101 1.47101 1.30469
  250 14.97 7.3 1.55142 1.55142 1.37408
  251 15.03 7.4 1.56823 1.56823 1.38702
  252 15.09 9.2 1.94578 1.94578 1.7191
  253 15.15 7.1 1.49781 1.49781 1.32192
  254 15.21 8.1 1.70417 1.70417 1.50097
  255 15.27 6.4 1.34373 1.34373 1.18077
  256 15.33 7.2 1.50685 1.50685 1.32437
  257 15.39 7.3 1.52256 1.52256 1.33616
  258 15.45 8.8 1.83167 1.83167 1.60416
  259 15.51 6.2 1.28711 1.28711 1.12363
  260 15.57 5.7 1.17812 1.17812 1.02719
  261 15.63 7.1 1.46025 1.46025 1.27208
  262 15.69 5.5 1.12721 1.12721 0.981016
  263 15.75 7.2 1.47636 1.47636 1.28035
  264 15.81 6.9 1.40827 1.40827 1.22038
  265 15.87 7.8 1.58649 1.58649 1.37034
  266 15.93 7 1.41681 1.41681 1.22262
  267 15.99 7.9 1.59448 1.59448 1.37412
  268 16.05 8.2 1.64993 1.64993 1.41772
  269 16.11 7.7 1.54076 1.54076 1.32198
  270 16.17 8.3 1.65588 1.65588 1.41655
  271 16.23 6.6 1.31058 1.31058 1.12169
  272 16.29 4.6 0.909636 0.909636 0.777051
  273 16.35 6.4 1.25865 1.25865 1.06982
  274 16.41 7.1 1.39153 1.39153 1.18181
  275 16.47 6.3 1.23052 1.23052 1.04317
  276 16.53 6.3 1.22151 1.22151 1.03378
  277 16.59 7.3 1.40859 1.40859 1.19064
  278 16.65 6.8 1.30728 1.30728 1.1032
  279 16.71 6.9 1.32067 1.32067 1.11166
  280 16.77 6.8 1.29392 1.29392 1.08923
  281 16.83 7.7 1.45947 1.45947 1.22535
  282 16.89 6.3 1.18838 1.18838 0.999391
  283 16.95 5.6 1.05196 1.05196 0.881173
  284 17.01 7.1 1.32417 1.32417 1.10964
  285 17.07 6 1.11329 1.11329 0.928978
  286 17.13 5.5 1.01298 1.01298 0.846526
  287 17.19 7.4 1.35409 1.35409 1.13119
  288 17.25 6.5 1.18278 1.18278 0.987413
  289 17.31 6.9 1.24871 1.24871 1.04161
  290 17.37 7.6 1.36408 1.36408 1.13922
  291 17.43 7.2 1.28461 1.28461 1.07427
  292 17.49 6 1.06178 1.06178 0.885229
  293 17.55 5.6 0.985408 0.985408 0.822749
  294 17.61 4.8 0.840528 0.840528 0.700833
  295 17.67 6.4 1.11424 1.11424 0.930317
  296 17.73 8.2 1.41503 1.41503 1.18252
  297 17.79 6.8 1.16747 1.16747 0.975543
  298 17.85 5.4 0.917925 0.917925 0.770467
  299 17.91 6.5 1.09382 1.09382 0.919763
  300 17.97 5.8 0.97069 0.97069 0.816734
  301 18.03 6.5 1.08028 1.08028 0.910967
  302 18.09 5.4 0.88741 0.88741 0.751237
  303 18.15 5.9 0.965775 0.965775 0.8168
  304 18.21 5.6 0.91041 0.91041 0.77159
  305 18.27 5.8 0.931564 0.931564 0.794303
  306 18.33 6.7 1.07026 1.07026 0.913588
  307 18.39 5.4 0.853534 0.853534 0.732199
  308 18.45 5.4 0.846184 0.846184 0.727646
  309 18.51 6.4 0.993517 0.993517 0.860299
  310 18.57 6.1 0.938018 0.938018 0.815363
  311 18.63 4.9 0.747804 0.747804 0.652319
  312 18.69 5.5 0.83013 0.83013 0.729039
  313 18.75 5.4 0.810696 0.810696 0.713656
  314 18.81 6.4 0.948899 0.948899 0.842212
  315 18.87 4.9 0.717728 0.717728 0.644182
  316 18.93 5.5 0.800218 0.800218 0.718956
  317 18.99 5 0.720823 0.720823 0.64963
  318 19.05 5.4 0.76695 0.76695 0.701541
  319 19.11 4.9 0.690027 0.690027 0.632659
  320 19.17 5.8 0.803366 0.803366 0.748649
  321 19.23 6.1 0.84294 0.84294 0.784222
  322 19.29 4.5 0.614872 0.614872 0.576033
  323 19.35 5.8 0.784389 0.784389 0.740563
  324 19.41 4.6 0.613081 0.613081 0.585537
  325 19.47 4.3 0.56554 0.56554 0.546685
  326 19.53 3.9 0.507836 0.507836 0.493646
  327 19.59 4.8 0.618263 0.618263 0.608029
  328 19.65 5 0.640338 0.640338 0.629705
  329 19.71 5.1 0.643984 0.643984 0.641725
  330 19.77 5.5 0.68517 0.68517 0.690919
  331 19.83 3.8 0.464816 0.464816 0.477517
  332 19.89 4.5 0.546281 0.546281 0.564245
  333 19.95 3.9 0.467237 0.467237 0.489223
  334 20.01 3.9 0.462453 0.462453 0.488667
  335 20.07 4 0.465974 0.465974 0.500136
  336 20.13 3.6 0.415864 0.415864 0.449023
  337 20.19 2.7 0.308666 0.308666 0.336139
  338 20.25 4.4 0.49649 0.49649 0.546589
  339 20.31 3.4 0.379362 0.379362 0.421214
  340 20.37 3.2 0.353392 0.353392 0.396161
  341 20.43 3.8 0.410246 0.410246 0.472627
  342 20.49 3.1 0.33334 0.33334 0.383403
  343 20.55 3.4 0.355854 0.355854 0.423537
  344 20.61 2.7 0.28272 0.28272 0.333896
  345 20.67 3.4 0.350401 0.350401 0.421482
  346 20.73 3 0.303517 0.303517 0.373118
  347 20.79 2.2 0.219833 0.219833 0.272236
  348 20.85 2.6 0.258705 0.258705 0.32096
  349 20.91 2.7 0.260961 0.260961 0.335526
  350 20.97 1.9 0.182137 0.182137 0.235368
  351 21.03 1.5 0.139162 0.139162 0.18736
  352 21.09 2.3 0.215313 0.215313 0.285103
  353 21.15 1.7 0.155886 0.155886 0.21197
  354 21.21 2.5 0.228602 0.228602 0.308216
  355 21.27 1.7 0.153393 0.153393 0.210978
  356 21.33 2.9 0.254096 0.254096 0.362583
  357 21.39 1.4 0.121759 0.121759 0.174269
  358 21.45 1.2 0.103025 0.103025 0.149389
  359 21.51 1.9 0.161444 0.161444 0.237091
  360 21.57 1.4 0.115719 0.115719 0.175735
  361 21.63 1.1 0.0906602 0.0906602 0.138056
  362 21.69 1.6 0.129793 0.129793 0.200379
  363 21.75 1.6 0.128545 0.128545 0.200799
  364 21.81 1.3 0.103206 0.103206 0.16354
  365 21.87 1 0.0778736 0.0778736 0.126713
  366 21.93 1.3 0.0998089 0.0998089 0.164375
  367 21.99 1.1 0.0833234 0.0833234 0.139439
  368 22.05 0.7 0.0516238 0.0516238 0.089712
  369 22.11 1.1 0.0810583 0.0810583 0.139616
  370 22.17 0.8 0.0584201 0.0584201 0.101799
  371 22.23 0.7 0.0496069 0.0496069 0.0899192
  372 22.29 0.8 0.0565379 0.0565379 0.102539
  373 22.35 1.2 0.0843617 0.0843617 0.153312
  374 22.41 0.4 0.0275195 0.0275195 0.0515111
  375 22.47 0.6 0.0410305 0.0410305 0.0781667
  376 22.53 0.6 0.0404751 0.0404751 0.0780097
  377 22.59 0.4 0.0267215 0.0267215 0.0517733
  378 22.65 0.8 0.0530657 0.0530657 0.104158
  379 22.71 0.6 0.039415 0.039415 0.0769502
  380 22.77 0.6 0.0385236 0.0385236 0.0789822
  381 22.83 1 0.0645885 0.0645885 0.129239
  382 22.89 0.8 0.0510698 0.0510698 0.105462
  383 22.95 0.2 0.0127225 0.0127225 0.0258383
  384 23.01 0.5 0.0309881 0.0309881 0.0654832
  385 23.07 0.2 0.0125443 0.0125443 0.026534
  386 23.13 0.6 0.037235 0.037235 0.078789
  387 23.19 0.2 0.0123596 0.0123596 0.0267652
  388 23.25 0.4 0.0240071 0.0240071 0.0528799
  389 23.31 0.6 0.0370125 0.0370125 0.0797118
  390 23.37 0.5 0.0304081 0.0304081 0.0663153
  391 23.43 0.5 0.0305149 0.0305149 0.0670933
  392 23.49 0.3 0.0181501 0.0181501 0.0392546
  393 23.55 0.3 0.0182352 0.0182352 0.0394633
  394 23.61 0.3 0.018323 0.018323 0.039704
  395 23.67 0.5 0.0305417 0.0305417 0.0656411
  396 23.73 0.1 0.00597795 0.00597795 0.013469
80000 396 22000
  1 0.03 0.818182 0.0491727 0.0491727 0.109349
  2 0.09 0.272727 0.0161142 0.0161142 0.0362505
  3 0.15 0.545455 0.0326439 0.0326439 0.0724119
  4 0.21 0.272727 0.0165987 0.0165987 0.0360069
  5 0.27 0.272727 0.0165268 0.0165268 0.0365255
  6 0.33 0.363636 0.0223707 0.0223707 0.0481192
  7 0.39 0.181818 0.0113785 0.0113785 0.0241492
  8 0.45 0.636364 0.038592 0.038592 0.0843527
  9 0.51 0.545455 0.0327931 0.0327931 0.072641
  10 0.57 0.454545 0.0280343 0.0280343 0.0599035
  11 0.63 0.545455 0.0347383 0.0347383 0.0713798
  12 0.69 0.545455 0.0343181 0.0343181 0.0724472
  13 0.75 0.545455 0.033843 0.033843 0.0723032
  14 0.81 0.636364 0.0407526 0.0407526 0.0836116
  15 0.87 0.636364 0.0400609 0.0400609 0.083732
  16 0.93 0.636364 0.0415081 0.0415081 0.0829571
  17 0.99 0.363636 0.0236534 0.0236534 0.0478035
  18 1.05 0.545455 0.0359878 0.0359878 0.0711268
  19 1.11 0.454545 0.03104 0.03104 0.0587444
  20 1.17 0.363636 0.0243359 0.0243359 0.0473733
  21 1.23 0.636364 0.0433978 0.0433978 0.0819579
  22 1.29 0.636364 0.0433613 0.0433613 0.0828657
  23 1.35 0.272727 0.0182931 0.0182931 0.0357916
  24 1.41 0.909091 0.0656956 0.0656956 0.116045
  25 1.47 0.545455 0.0394005 0.0394005 0.0700698
  26 1.53 0.818182 0.0585324 0.0585324 0.10513
  27 1.59 1.09091 0.0800933 0.0800933 0.140007
  28 1.65 0.727273 0.0542568 0.0542568 0.0926247
  29 1.71 0.909091 0.0679528 0.0679528 0.116541
  30 1.77 0.727273 0.0558526 0.0558526 0.0916432
  31 1.83 0.818182 0.0626777 0.0626777 0.104026
  32 1.89 0.727273 0.0565285 0.0565285 0.0923231
  33 1.95 1 0.0771521 0.0771521 0.127649
  34 2.01 1.63636 0.132156 0.132156 0.205856
  35 2.07 1.54545 0.124356 0.124356 0.195796
  36 2.13 1.45455 0.117867 0.117867 0.184026
  37 2.19 1.27273 0.106332 0.106332 0.159446
  38 2.25 1.54545 0.129141 0.129141 0.194508
  39 2.31 1.09091 0.0923203 0.0923203 0.137348
  40 2.37 1.54545 0.134692 0.134692 0.194153
  41 2.43 2 0.174795 0.174795 0.251144
  42 2.49 2.18182 0.197097 0.197097 0.271222
  43 2.55 1.72727 0.157529 0.157529 0.214156
  44 2.61 1.90909 0.176661 0.176661 0.236876
  45 2.67 2.45455 0.227268 0.227268 0.305555
  46 2.73 2.09091 0.195289 0.195289 0.26071
  47 2.79 2.45455 0.235748 0.235748 0.305473
  48 2.85 2.09091 0.201946 0.201946 0.259208
  49 2.91 2.72727 0.267727 0.267727 0.338469
  50 2.97 2.81818 0.281313 0.281313 0.348279
  51 3.03 2.90909 0.294834 0.294834 0.359819
  52 3.09 2.72727 0.27903 0.27903 0.337327
  53 3.15 2.63636 0.27047 0.27047 0.32696
  54 3.21 3.81818 0.400445 0.400445 0.474065
  55 3.27 3.72727 0.398876 0.398876 0.462598
  56 3.33 2.27273 0.24426 0.24426 0.281594
  57 3.39 3.09091 0.338202 0.338202 0.384326
  58 3.45 3.54545 0.393948 0.393948 0.440378
  59 3.51 3 0.336535 0.336535 0.372016
  60 3.57 3.54545 0.404124 0.404124 0.4402
  61 3.63 3.18182 0.364098 0.364098 0.396881
  62 3.69 4.90909 0.571551 0.571551 0.611947
  63 3.75 4.63636 0.546828 0.546828 0.577473
  64 3.81 5.54545 0.660095 0.660095 0.692738
  65 3.87 4.27273 0.517235 0.517235 0.53357
  66 3.93 4.36364 0.533961 0.533961 0.546838
  67 3.99 4.81818 0.592352 0.592352 0.603082
  68 4.05 3.72727 0.466189 0.466189 0.467541
  69 4.11 4.72727 0.598627 0.598627 0.595282
  70 4.17 4.09091 0.527041 0.527041 0.5146
  71 4.23 5.36364 0.699668 0.699668 0.676837
  72 4.29 5.18182 0.679179 0.679179 0.655255
  73 4.35 4.54545 0.603511 0.603511 0.575425
  74 4.41 4.36364 0.58358 0.58358 0.553463
  75 4.47 4.36364 0.592589 0.592589 0.555824
  76 4.53 5.63636 0.77259 0.77259 0.720011
  77 4.59 5.54545 0.770969 0.770969 0.712562
  78 4.65 4.81818 0.678235 0.678235 0.622011
  79 4.71 5.36364 0.758289 0.758289 0.690797
  80 4.77 6 0.856203 0.856203 0.774589
  81 4.83 5.45455 0.785776 0.785776 0.705577
  82 4.89 4.72727 0.691207 0.691207 0.616253
  83 4.95 5.63636 0.830978 0.830978 0.735985
  84 5.01 6.27273 0.935569 0.935569 0.823198
  85 5.07 5.72727 0.860085 0.860085 0.754576
  86 5.13 5.81818 0.885588 0.885588 0.772004
  87 5.19 5 0.763969 0.763969 0.664011
  88 5.25 6.81818 1.05205 1.05205 0.908726
  89 5.31 4.27273 0.667283 0.667283 0.573318
  90 5.37 6.09091 0.957924 0.957924 0.820525
  91 5.43 6.18182 0.980414 0.980414 0.837047
  92 5.49 5.18182 0.829051 0.829051 0.704525
  93 5.55 7.45455 1.20415 1.20415 1.02069
  94 5.61 6.72727 1.09493 1.09493 0.924744
  95 5.67 5.63636 0.92916 0.92916 0.78237
  96 5.73 7 1.15982 1.15982 0.974522
  97 5.79 5.54545 0.924719 0.924719 0.775006
  98 5.85 6.18182 1.03962 1.03962 0.870901
  99 5.91 5.18182 0.877087 0.877087 0.733854
  100 5.97 5.63636 0.958499 0.958499 0.800691
  101 6.03 5.90909 1.01498 1.01498 0.847486
  102 6.09 7.27273 1.25923 1.25923 1.04988
  103 6.15 5.72727 0.998118 0.998118 0.833014
  104 6.21 7.18182 1.26224 1.26224 1.05307
  105 6.27 6.45455 1.14197 1.14197 0.950105
  106 6.33 6.54545 1.163 1.163 0.9747
  107 6.39 5.45455 0.978122 0.978122 0.812749
  108 6.45 7.18182 1.29669 1.29669 1.08175
  109 6.51 6.54545 1.18716 1.18716 0.991742
  110 6.57 5.45455 0.994176 0.994176 0.831
  111 6.63 6.63636 1.22079 1.22079 1.02054
  112 6.69 6.36364 1.17612 1.17612 0.980961
  113 6.75 6.72727 1.24902 1.24902 1.04871
  114 6.81 7.36364 1.37571 1.37571 1.15517
  115 6.87 6.36364 1.19402 1.19402 1.0046
  116 6.93 7.45455 1.40997 1.40997 1.18434
  117 6.99 6.36364 1.20757 1.20757 1.01889
  118 7.05 6.81818 1.30124 1.30124 1.09558
  119 7.11 6.63636 1.27236 1.27236 1.07533
  120 7.17 5.72727 1.10388 1.10388 0.935968
  121 7.23 6.54545 1.26603 1.26603 1.07481
  122 7.29 7.09091 1.37811 1.37811 1.17489
  123 7.35 6.72727 1.31475 1.31475 1.12212
  124 7.41 7.45455 1.46415 1.46415 1.24926
  125 7.47 7.36364 1.45203 1.45203 1.23865
  126 7.53 6.09091 1.20594 1.20594 1.03197
  127 7.59 7.09091 1.41062 1.41062 1.21
  128 7.65 6.81818 1.36176 1.36176 1.1697
  129 7.71 6.27273 1.25786 1.25786 1.08045
  130 7.77 8.72727 1.75701 1.75701 1.51988
  131 7.83 6.09091 1.23111 1.23111 1.06435
  132 7.89 6.72727 1.36343 1.36343 1.18011
  133 7.95 7.72727 1.57474 1.57474 1.36587
  134 8.01 8.27273 1.68793 1.68793 1.46749
  135 8.07 6.36364 1.3027 1.3027 1.13846
  136 8.13 6.09091 1.25012 1.25012 1.09307
  137 8.19 7.36364 1.51784 1.51784 1.32524
  138 8.25 6.72727 1.39141 1.39141 1.22072
  139 8.31 7.09091 1.47158 1.47158 1.29248
  140 8.37 6.81818 1.41969 1.41969 1.24324
  141 8.43 7.36364 1.53584 1.53584 1.35308
  142 8.49 7.09091 1.48355 1.48355 1.30942
  143 8.55 8.54545 1.7922 1.7922 1.58431
  144 8.61 6.81818 1.43664 1.43664 1.26763
  145 8.67 8 1.69017 1.69017 1.4932
  146 8.73 7 1.4814 1.4814 1.31319
  147 8.79 6.27273 1.33184 1.33184 1.18284
  148 8.85 7.90909 1.68065 1.68065 1.49634
  149 8.91 6 1.2787 1.2787 1.13634
  150 8.97 7 1.49579 1.49579 1.33497
  151 9.03 7.36364 1.57365 1.57365 1.40523
  152 9.09 8.54545 1.83184 1.83184 1.63725
  153 9.15 7.81818 1.68052 1.68052 1.50478
  154 9.21 7.27273 1.56761 1.56761 1.40421
  155 9.27 6.63636 1.43208 1.43208 1.28489
  156 9.33 7.27273 1.57154 1.57154 1.41334
  157 9.39 7.63636 1.65745 1.65745 1.48762
  158 9.45 6.18182 1.34088 1.34088 1.20617
  159 9.51 7.45455 1.62098 1.62098 1.46082
  160 9.57 7.27273 1.58251 1.58251 1.42849
  161 9.63 8.63636 1.8849 1.8849 1.69749
  162 9.69 7.09091 1.55025 1.55025 1.39767
  163 9.75 8 1.75316 1.75316 1.58152
  164 9.81 6.90909 1.51544 1.51544 1.36766
  165 9.87 7.72727 1.69626 1.69626 1.53329
  166 9.93 6.63636 1.45844 1.45844 1.31969
  167 9.99 7.54545 1.66085 1.66085 1.50155
  168 10.05 6.63636 1.46271 1.46271 1.32305
  169 10.11 7.81818 1.72697 1.72697 1.56369
  170 10.17 7.54545 1.66715 1.66715 1.51127
  171 10.23 7.09091 1.56739 1.56739 1.42392
  172 10.29 8.27273 1.83263 1.83263 1.66368
  173 10.35 7.90909 1.75662 1.75662 1.59415
  174 10.41 8.09091 1.7949 1.7949 1.63097
  175 10.47 5.18182 1.15315 1.15315 1.04733
  176 10.53 8.81818 1.96062 1.96062 1.78357
  177 10.59 8.54545 1.90243 1.90243 1.73065
  178 10.65 6.36364 1.41946 1.41946 1.29074
  179 10.71 7.81818 1.74317 1.74317 1.58669
  180 10.77 8.45455 1.888 1.888 1.71821
  181 10.83 7.63636 1.70471 1.70471 1.55521
  182 10.89 7.90909 1.76812 1.76812 1.61155
  183 10.95 6.81818 1.52574 1.52574 1.3915
  184 11.01 7 1.56713 1.56713 1.42991
  185 11.07 8.27273 1.85232 1.85232 1.68975
  186 11.13 6.54545 1.46558 1.46558 1.33912
  187 11.19 7.54545 1.69088 1.69088 1.54702
  188 11.25 8.54545 1.9167 1.9167 1.75091
  189 11.31 7.72727 1.73452 1.73452 1.58511
  190 11.37 8.09091 1.81726 1.81726 1.66031
  191 11.43 6.72727 1.50999 1.50999 1.37863
  192 11.49 7.27273 1.63458 1.63458 1.49325
  193 11.55 7.81818 1.75663 1.75663 1.6057
  194 11.61 7 1.57262 1.57262 1.43784
  195 11.67 7.63636 1.71831 1.71831 1.57242
  196 11.73 7.81818 1.75669 1.75669 1.60579
  197 11.79 7.09091 1.59382 1.59382 1.46038
  198 11.85 6.90909 1.55323 1.55323 1.4197
  199 11.91 7.90909 1.77929 1.77929 1.6256
  200 11.97 7.63636 1.71604 1.71604 1.56995
  201 12.03 7.90909 1.78057 1.78057 1.62813
  202 12.09 8.90909 2.0018 2.0018 1.83087
  203 12.15 6.63636 1.49151 1.49151 1.36431
  204 12.21 9.18182 2.06417 2.06417 1.88422
  205 12.27 6.27273 1.40978 1.40978 1.28677
  206 12.33 6.90909 1.55171 1.55171 1.41715
  207 12.39 6.72727 1.51185 1.51185 1.38018
  208 12.45 7.72727 1.73563 1.73563 1.58441
  209 12.51 9.09091 2.03951 2.03951 1.86357
  210 12.57 7 1.57054 1.57054 1.43388
  211 12.63 7.54545 1.69192 1.69192 1.5439
  212 12.69 6.63636 1.48737 1.48737 1.35657
  213 12.75 7.09091 1.58868 1.58868 1.44742
  214 12.81 7.63636 1.70989 1.70989 1.55827
  215 12.87 7.81818 1.74972 1.74972 1.59483
  216 12.93 8.72727 1.9506 1.9506 1.77896
  217 12.99 7.36364 1.64538 1.64538 1.49681
  218 13.05 6.90909 1.54233 1.54233 1.40346
  219 13.11 7.36364 1.64385 1.64385 1.4931
  220 13.17 7.90909 1.76221 1.76221 1.60417
  221 13.23 7.72727 1.72116 1.72116 1.56569
  222 13.29 7.81818 1.73932 1.73932 1.5811
  223 13.35 8.36364 1.86007 1.86007 1.68931
  224 13.41 7.72727 1.71796 1.71796 1.55808
  225 13.47 8.18182 1.81489 1.81489 1.64669
  226 13.53 6.90909 1.53044 1.53044 1.38841
  227 13.59 6.54545 1.44784 1.44784 1.31219
  228 13.65 7.54545 1.66796 1.66796 1.51084
  229 13.71 7.45455 1.64726 1.64726 1.49088
  230 13.77 6.63636 1.4638 1.4638 1.32428
  231 13.83 7.54545 1.66213 1.66213 1.50307
  232 13.89 7.27273 1.6004 1.6004 1.44552
  233 13.95 8.18182 1.79624 1.79624 1.62371
  234 14.01 6.36364 1.39626 1.39626 1.26032
  235 14.07 8.09091 1.77179 1.77179 1.5961
  236 14.13 6.63636 1.45059 1.45059 1.30503
  237 14.19 8.36364 1.82547 1.82547 1.64405
  238 14.25 7.45455 1.62363 1.62363 1.45852
  239 14.31 7.54545 1.64264 1.64264 1.47464
  240 14.37 6.81818 1.48091 1.48091 1.32852
  241 14.43 7.90909 1.71567 1.71567 1.53752
  242 14.49 7.36364 1.59176 1.59176 1.42768
  243 14.55 7.63636 1.64689 1.64689 1.47582
  244 14.61 6.09091 1.31313 1.31313 1.17183
  245 14.67 7.09091 1.52548 1.52548 1.36253
  246 14.73 7.36364 1.57859 1.57859 1.40774
  247 14.79 7.09091 1.51943 1.51943 1.35386
  248 14.85 7.36364 1.57304 1.57304 1.40055
  249 14.91 7 1.49244 1.49244 1.32573
  250 14.97 7.45455 1.58452 1.58452 1.40595
  251 15.03 7 1.48356 1.48356 1.31306
  252 15.09 8.90909 1.88447 1.88447 1.66687
  253 15.15 6.72727 1.41928 1.41928 1.25362
  254 15.21 8.36364 1.76007 1.76007 1.55407
  255 15.27 6.63636 1.39362 1.39362 1.22789
  256 15.33 7 1.46512 1.46512 1.28932
  257 15.39 7.45455 1.55519 1.55519 1.36771
  258 15.45 8.72727 1.81684 1.81684 1.59375
  259 15.51 6.18182 1.28354 1.28354 1.12245
  260 15.57 5.90909 1.22185 1.22185 1.06768
  261 15.63 7.27273 1.49664 1.49664 1.30615
  262 15.69 5.45455 1.11842 1.11842 0.974585
  263 15.75 7.36364 1.51028 1.51028 1.31225
  264 15.81 6.81818 1.39197 1.39197 1.20787
  265 15.87 7.81818 1.59075 1.59075 1.37643
  266 15.93 7.18182 1.45444 1.45444 1.25775
  267 15.99 7.54545 1.52325 1.52325 1.31391
  268 16.05 8.27273 1.66521 1.66521 1.4337
  269 16.11 7.45455 1.49216 1.49216 1.28183
  270 16.17 8 1.59655 1.59655 1.36744
  271 16.23 6.45455 1.28222 1.28222 1.09882
  272 16.29 4.54545 0.899321 0.899321 0.769314
  273 16.35 6.72727 1.32452 1.32452 1.12883
  274 16.41 6.90909 1.35476 1.35476 1.15195
  275 16.47 6.45455 1.26151 1.26151 1.07149
  276 16.53 6.45455 1.25288 1.25288 1.06241
  277 16.59 7.36364 1.42225 1.42225 1.20409
  278 16.65 7 1.34713 1.34713 1.13879
  279 16.71 7.27273 1.39375 1.39375 1.17556
  280 16.77 6.72727 1.28099 1.28099 1.07938
  281 16.83 7.45455 1.41366 1.41366 1.18787
  282 16.89 5.90909 1.11491 1.11491 0.937921
  283 16.95 5.72727 1.07678 1.07678 0.903416
  284 17.01 7.09091 1.32358 1.32358 1.11049
  285 17.07 6.45455 1.19933 1.19933 1.00346
  286 17.13 5.36364 0.988657 0.988657 0.827075
  287 17.19 7.18182 1.31517 1.31517 1.09971
  288 17.25 6.45455 1.17569 1.17569 0.982744
  289 17.31 7 1.26853 1.26853 1.0599
  290 17.37 7.45455 1.33933 1.33933 1.11977
  291 17.43 7 1.25013 1.25013 1.04634
  292 17.49 6.09091 1.07989 1.07989 0.901862
  293 17.55 5.63636 0.99336 0.99336 0.830518
  294 17.61 4.54545 0.796488 0.796488 0.664503
  295 17.67 6.54545 1.14116 1.14116 0.954074
  296 17.73 8.18182 1.41392 1.41392 1.18272
  297 17.79 6.72727 1.15643 1.15643 0.96715
  298 17.85 5.81818 0.991739 0.991739 0.833146
  299 17.91 6.36364 1.07249 1.07249 0.902046
  300 17.97 6.09091 1.022 1.022 0.860273
  301 18.03 6.09091 1.01285 1.01285 0.854138
  302 18.09 5.45455 0.898489 0.898489 0.760453
  303 18.15 6 0.98433 0.98433 0.832493
  304 18.21 6.18182 1.00836 1.00836 0.854707
  305 18.27 5.27273 0.846876 0.846876 0.722094
  306 18.33 6.72727 1.07666 1.07666 0.91901
  307 18.39 5.27273 0.834801 0.834801 0.715996
  308 18.45 5.45455 0.856752 0.856752 0.736607
  309 18.51 6.27273 0.975454 0.975454 0.844258
  310 18.57 5.81818 0.895764 0.895764 0.778302
  311 18.63 5 0.764997 0.764997 0.666572
  312 18.69 5.54545 0.839028 0.839028 0.735857
  313 18.75 5.90909 0.890494 0.890494 0.782207
  314 18.81 6 0.890316 0.890316 0.789808
  315 18.87 4.81818 0.707342 0.707342 0.633744
  316 18.93 5.36364 0.781744 0.781744 0.701489
  317 18.99 5.09091 0.736021 0.736021 0.662142
  318 19.05 5.36364 0.763861 0.763861 0.697168
  319 19.11 5.18182 0.732843 0.732843 0.669848
  320 19.17 6.27273 0.874039 0.874039 0.810457
  321 19.23 6.18182 0.85687 0.85687 0.795369
  322 19.29 4.45455 0.610228 0.610228 0.570627
  323 19.35 5.90909 0.801779 0.801779 0.755155
  324 19.41 4.54545 0.607547 0.607547 0.578999
  325 19.47 4.27273 0.56382 0.56382 0.543527
  326 19.53 3.90909 0.510853 0.510853 0.495154
  327 19.59 4.81818 0.622662 0.622662 0.610489
  328 19.65 5 0.642073 0.642073 0.629995
  329 19.71 5.18182 0.656793 0.656793 0.652247
  330 19.77 5.18182 0.646443 0.646443 0.650993
  331 19.83 4 0.492406 0.492406 0.502502
  332 19.89 4.72727 0.576786 0.576786 0.592375
  333 19.95 3.54545 0.424761 0.424761 0.444748
  334 20.01 3.81818 0.454112 0.454112 0.478108
  335 20.07 4.18182 0.490112 0.490112 0.522193
  336 20.13 3.54545 0.410977 0.410977 0.441895
  337 20.19 3.36364 0.388878 0.388878 0.417647
  338 20.25 4.45455 0.504799 0.504799 0.552862
  339 20.31 3.45455 0.387112 0.387112 0.427661
  340 20.37 3 0.331672 0.331672 0.371321
  341 20.43 3.81818 0.414113 0.414113 0.474346
  342 20.49 3.09091 0.333553 0.333553 0.38207
  343 20.55 3.54545 0.373582 0.373582 0.440877
  344 20.61 2.63636 0.276937 0.276937 0.325874
  345 20.67 3.36364 0.347925 0.347925 0.416632
  346 20.73 2.90909 0.295142 0.295142 0.361459
  347 20.79 2.09091 0.209399 0.209399 0.258611
  348 20.85 2.63636 0.263373 0.263373 0.325108
  349 20.91 2.63636 0.25578 0.25578 0.327232
  350 20.97 1.90909 0.183789 0.183789 0.236192
  351 21.03 1.54545 0.144602 0.144602 0.192556
  352 21.09 2.18182 0.204619 0.204619 0.270303
  353 21.15 2.09091 0.194462 0.194462 0.259407
  354 21.21 2.36364 0.216419 0.216419 0.291331
  355 21.27 1.72727 0.156449 0.156449 0.214094
  356 21.33 2.81818 0.247912 0.247912 0.351926
  357 21.39 1.81818 0.160531 0.160531 0.225469
  358 21.45 1.27273 0.109988 0.109988 0.158214
  359 21.51 2 0.17092 0.17092 0.249212
  360 21.57 1.45455 0.121169 0.121169 0.182238
  361 21.63 1 0.0824183 0.0824183 0.125506
  362 21.69 1.54545 0.125701 0.125701 0.193499
  363 21.75 1.63636 0.132159 0.132159 0.205259
  364 21.81 1.36364 0.108952 0.108952 0.171439
  365 21.87 1 0.0782477 0.0782477 0.12661
  366 21.93 1.36364 0.105357 0.105357 0.172332
  367 21.99 1.27273 0.0974166 0.0974166 0.161186
  368 22.05 0.727273 0.0540528 0.0540528 0.0930598
  369 22.11 1 0.0736893 0.0736893 0.126923
  370 22.17 1 0.0739644 0.0739644 0.127225
  371 22.23 0.727273 0.051994 0.051994 0.0933236
  372 22.29 0.818182 0.0581445 0.0581445 0.104838
  373 22.35 1.09091 0.0766925 0.0766925 0.139374
  374 22.41 0.545455 0.03825 0.03825 0.0701823
  375 22.47 0.545455 0.0373005 0.0373005 0.0710606
  376 22.53 0.545455 0.0367955 0.0367955 0.0709179
  377 22.59 0.454545 0.0307098 0.0307098 0.0588546
  378 22.65 0.727273 0.0482416 0.0482416 0.0946888
  379 22.71 0.545455 0.0358318 0.0358318 0.0699547
  380 22.77 0.636364 0.0411874 0.0411874 0.083771
  381 22.83 0.909091 0.0587168 0.0587168 0.11749
  382 22.89 0.727273 0.0464271 0.0464271 0.0958748
  383 22.95 0.272727 0.017591 0.017591 0.0355485
  384 23.01 0.545455 0.0341288 0.0341288 0.0716348
  385 23.07 0.272727 0.0173069 0.0173069 0.0362652
  386 23.13 0.545455 0.03385 0.03385 0.0716264
  387 23.19 0.272727 0.0170705 0.0170705 0.0365246
  388 23.25 0.545455 0.0334006 0.0334006 0.072487
  389 23.31 0.636364 0.0394002 0.0394002 0.0846762
  390 23.37 0.545455 0.0333391 0.0333391 0.0725025
  391 23.43 0.454545 0.0277408 0.0277408 0.0609939
  392 23.49 0.454545 0.0277964 0.0277964 0.0601151
  393 23.55 0.272727 0.0165774 0.0165774 0.0358757
  394 23.61 0.363636 0.0222576 0.0222576 0.048296
  395 23.67 0.545455 0.0333583 0.0333583 0.0718737
  396 23.73 0.181818 0.0110102 0.0110102 0.0244371
88000 396 24000
  1 0.03 0.75 0.045075 0.045075 0.100236
  2 0.09 0.25 0.0147713 0.0147713 0.0332297
  3 0.15 0.5 0.0299235 0.0299235 0.0663776
  4 0.21 0.416667 0.0259868 0.0259868 0.0548387
  5 0.27 0.25 0.0151496 0.0151496 0.0334817
  6 0.33 0.416667 0.0259243 0.0259243 0.0550267
  7 0.39 0.166667 0.0104303 0.0104303 0.0221368
  8 0.45 0.583333 0.035376 0.035376 0.0773233
  9 0.51 0.583333 0.035535 0.035535 0.0774663
  10 0.57 0.583333 0.0367152 0.0367152 0.0766356
  11 0.63 0.583333 0.0373897 0.0373897 0.0762748
  12 0.69 0.5 0.0314582 0.0314582 0.0664099
  13 0.75 0.666667 0.0422476 0.0422476 0.0879003
  14 0.81 0.75 0.0486406 0.0486406 0.0982521
  15 0.87 0.583333 0.0367224 0.0367224 0.0767544
  16 0.93 0.75 0.049521 0.049521 0.0976638
  17 0.99 0.416667 0.0274691 0.0274691 0.0546427
  18 1.05 0.833333 0.0563439 0.0563439 0.108539
  19 1.11 0.5 0.0343259 0.0343259 0.0646854
  20 1.17 0.416667 0.0282806 0.0282806 0.054243
  21 1.23 0.666667 0.0458039 0.0458039 0.0859325
  22 1.29 0.833333 0.0578986 0.0578986 0.108358
  23 1.35 0.25 0.0167687 0.0167687 0.032809
  24 1.41 1 0.07261 0.07261 0.127909
  25 1.47 0.5 0.0361171 0.0361171 0.0642307
  26 1.53 0.833333 0.0599486 0.0599486 0.107127
  27 1.59 1 0.0734189 0.0734189 0.12834
  28 1.65 0.833333 0.0626885 0.0626885 0.106384
  29 1.71 0.833333 0.06229 0.06229 0.106829
  30 1.77 0.666667 0.0511982 0.0511982 0.0840063
  31 1.83 0.916667 0.0708278 0.0708278 0.116762
  32 1.89 0.666667 0.0518178 0.0518178 0.0846295
  33 1.95 1.08333 0.0844212 0.0844212 0.138394
  34 2.01 1.5 0.121143 0.121143 0.188701
  35 2.07 1.66667 0.135147 0.135147 0.211545
  36 2.13 1.5 0.122304 0.122304 0.190053
  37 2.19 1.25 0.104715 0.104715 0.156822
  38 2.25 1.5 0.125679 0.125679 0.188952
  39 2.31 1.08333 0.0919895 0.0919895 0.136544
  40 2.37 1.66667 0.146013 0.146013 0.209831
  41 2.43 2.25 0.198189 0.198189 0.283247
  42 2.49 2 0.180672 0.180672 0.24862
  43 2.55 1.75 0.159974 0.159974 0.217473
  44 2.61 1.83333 0.169876 0.169876 0.227696
  45 2.67 2.41667 0.22437 0.22437 0.301187
  46 2.73 2.25 0.211501 0.211501 0.281114
  47 2.79 2.25 0.216102 0.216102 0.280016
  48 2.85 2.08333 0.201764 0.201764 0.258662
  49 2.91 2.5 0.245416 0.245416 0.310263
  50 2.97 2.91667 0.291919 0.291919 0.361429
  51 3.03 2.66667 0.270264 0.270264 0.329834
  52 3.09 3.08333 0.317024 0.317024 0.383076
  53 3.15 2.58333 0.265651 0.265651 0.320824
  54 3.21 3.83333 0.402822 0.402822 0.476785
  55 3.27 3.66667 0.392848 0.392848 0.455715
  56 3.33 2.08333 0.223905 0.223905 0.258128
  57 3.39 3.25 0.356561 0.356561 0.405057
  58 3.45 3.75 0.41759 0.41759 0.467006
  59 3.51 3.16667 0.356027 0.356027 0.393795
  60 3.57 3.75 0.428371 0.428371 0.466927
  61 3.63 3.16667 0.36308 0.36308 0.395577
  62 3.69 4.58333 0.533778 0.533778 0.571556
  63 3.75 4.66667 0.551215 0.551215 0.582523
  64 3.81 5.08333 0.605087 0.605087 0.63501
  65 3.87 4.25 0.515075 0.515075 0.531867
  66 3.93 4.41667 0.541259 0.541259 0.55485
  67 3.99 4.66667 0.574375 0.574375 0.585028
  68 4.05 3.91667 0.490947 0.490947 0.493111
  69 4.11 4.83333 0.612987 0.612987 0.610334
  70 4.17 4 0.515554 0.515554 0.504132
  71 4.23 5.33333 0.695943 0.695943 0.674608
  72 4.29 5.16667 0.677942 0.677942 0.655029
  73 4.35 4.83333 0.642727 0.642727 0.61476
  74 4.41 4.58333 0.613973 0.613973 0.583966
  75 4.47 4.25 0.577414 0.577414 0.542489
  76 4.53 5.5 0.754235 0.754235 0.704152
  77 4.59 5.58333 0.776618 0.776618 0.71968
  78 4.65 4.83333 0.680414 0.680414 0.625737
  79 4.71 5.25 0.742637 0.742637 0.677852
  80 4.77 5.75 0.820881 0.820881 0.74362
  81 4.83 5.25 0.756572 0.756572 0.680442
  82 4.89 4.58333 0.670396 0.670396 0.598729
  83 4.95 5.75 0.848078 0.848078 0.753729
  84 5.01 6.33333 0.94488 0.94488 0.833939
  85 5.07 6 0.901722 0.901722 0.793934
  86 5.13 5.75 0.875126 0.875126 0.764558
  87 5.19 5.58333 0.853991 0.853991 0.745784
  88 5.25 6.5 1.00319 1.00319 0.867407
  89 5.31 4.5 0.703065 0.703065 0.606098
  90 5.37 5.83333 0.917502 0.917502 0.786753
  91 5.43 6.08333 0.964966 0.964966 0.825224
  92 5.49 5.25 0.840162 0.840162 0.715635
  93 5.55 7.5 1.21159 1.21159 1.02908
  94 5.61 7 1.13964 1.13964 0.965014
  95 5.67 5.58333 0.920164 0.920164 0.776056
  96 5.73 6.66667 1.10459 1.10459 0.928782
  97 5.79 5.66667 0.945051 0.945051 0.793526
  98 5.85 5.91667 0.99505 0.99505 0.834115
  99 5.91 5.08333 0.860557 0.860557 0.720688
  100 5.97 5.75 0.978227 0.978227 0.818316
  101 6.03 5.83333 1.00201 1.00201 0.837412
  102 6.09 7.58333 1.31302 1.31302 1.09635
  103 6.15 6 1.04573 1.04573 0.873768
  104 6.21 7.08333 1.2448 1.2448 1.03914
  105 6.27 6.25 1.10569 1.10569 0.920459
  106 6.33 6.58333 1.16989 1.16989 0.980828
  107 6.39 5.66667 1.0159 1.0159 0.845438
  108 6.45 7.16667 1.29375 1.29375 1.08008
  109 6.51 6.41667 1.16383 1.16383 0.97268
  110 6.57 5.66667 1.03293 1.03293 0.863989
  111 6.63 6.58333 1.21086 1.21086 1.01266
  112 6.69 6.41667 1.18575 1.18575 0.989717
  113 6.75 6.5 1.20682 1.20682 1.01337
  114 6.81 6.91667 1.29221 1.29221 1.08512
  115 6.87 6.25 1.17274 1.17274 0.986763
  116 6.93 7.58333 1.43409 1.43409 1.20516
  117 6.99 6.5 1.23328 1.23328 1.04074
  118 7.05 6.75 1.28814 1.28814 1.08497
  119 7.11 6.83333 1.31005 1.31005 1.10759
  120 7.17 6 1.15638 1.15638 0.980725
  121 7.23 6.5 1.25724 1.25724 1.06749
  122 7.29 7.16667 1.39289 1.39289 1.18736
  123 7.35 6.66667 1.30286 1.30286 1.11191
  124 7.41 7.25 1.4239 1.4239 1.21497
  125 7.47 7.41667 1.46242 1.46242 1.24768
  126 7.53 5.83333 1.1549 1.1549 0.98823
  127 7.59 7.08333 1.40899 1.40899 1.20828
  128 7.65 6.66667 1.33138 1.33138 1.14331
  129 7.71 6.25 1.25315 1.25315 1.07613
  130 7.77 8.83333 1.77815 1.77815 1.53683
  131 7.83 6.25 1.26307 1.26307 1.09113
  132 7.89 6.83333 1.38492 1.38492 1.19805
  133 7.95 7.58333 1.54511 1.54511 1.33965
  134 8.01 8.5 1.73422 1.73422 1.50682
  135 8.07 6.08333 1.24532 1.24532 1.08797
  136 8.13 6 1.23151 1.23151 1.07632
  137 8.19 7.5 1.54584 1.54584 1.34922
  138 8.25 6.91667 1.43045 1.43045 1.25397
  139 8.31 6.83333 1.41805 1.41805 1.245
  140 8.37 6.66667 1.38797 1.38797 1.21519
  141 8.43 7.16667 1.49469 1.49469 1.31614
  142 8.49 7.5 1.56885 1.56885 1.38272
  143 8.55 8.58333 1.79996 1.79996 1.58956
  144 8.61 7 1.47448 1.47448 1.2998
  145 8.67 7.91667 1.67215 1.67215 1.47631
  146 8.73 6.91667 1.46344 1.46344 1.29626
  147 8.79 6.33333 1.34429 1.34429 1.19288
  148 8.85 7.83333 1.66428 1.66428 1.48076
  149 8.91 6.41667 1.36689 1.36689 1.21402
  150 8.97 7 1.49542 1.49542 1.33418
  151 9.03 7.58333 1.62038 1.62038 1.44654
  152 9.09 8.08333 1.73264 1.73264 1.54853
  153 9.15 7.58333 1.62981 1.62981 1.45927
  154 9.21 7.41667 1.59801 1.59801 1.43132
  155 9.27 6.75 1.45622 1.45622 1.30623
  156 9.33 7.16667 1.54836 1.54836 1.39204
  157 9.39 7.41667 1.60935 1.60935 1.44426
  158 9.45 6.33333 1.37333 1.37333 1.23484
  159 9.51 7.5 1.6303 1.6303 1.46858
  160 9.57 7.41667 1.61331 1.61331 1.45546
  161 9.63 8.83333 1.9271 1.9271 1.73512
  162 9.69 7.25 1.58429 1.58429 1.42794
  163 9.75 7.75 1.6979 1.6979 1.53148
  164 9.81 6.83333 1.4983 1.4983 1.35203
  165 9.87 7.66667 1.6824 1.6824 1.52057
  166 9.93 6.75 1.48284 1.48284 1.34176
  167 9.99 7.25 1.5955 1.5955 1.44266
  168 10.05 7.08333 1.56022 1.56022 1.41198
  169 10.11 7.75 1.7112 1.7112 1.54989
  170 10.17 7.16667 1.58322 1.58322 1.43536
  171 10.23 6.91667 1.52853 1.52853 1.38875
  172 10.29 8.16667 1.80852 1.80852 1.64207
  173 10.35 8 1.77573 1.77573 1.61193
  174 10.41 8.25 1.82941 1.82941 1.66264
  175 10.47 5.58333 1.24134 1.24134 1.12788
  176 10.53 8.75 1.94482 1.94482 1.76932
  177 10.59 8.41667 1.87313 1.87313 1.70408
  178 10.65 6.5 1.449 1.449 1.31769
  179 10.71 7.66667 1.70886 1.70886 1.55539
  180 10.77 8.41667 1.87872 1.87872 1.70968
  181 10.83 7.5 1.67377 1.67377 1.52671
  182 10.89 7.75 1.73199 1.73199 1.57857
  183 10.95 6.91667 1.54695 1.54695 1.41082
  184 11.01 7.25 1.62207 1.62207 1.47996
  185 11.07 8.16667 1.82792 1.82792 1.66758
  186 11.13 6.58333 1.47349 1.47349 1.34628
  187 11.19 7.91667 1.77298 1.77298 1.62181
  188 11.25 8.25 1.84994 1.84994 1.68993
  189 11.31 7.83333 1.75736 1.75736 1.60594
  190 11.37 8.25 1.85186 1.85186 1.69191
  191 11.43 6.83333 1.53305 1.53305 1.39965
  192 11.49 7.16667 1.61006 1.61006 1.47069
  193 11.55 7.83333 1.7592 1.7592 1.60764
  194 11.61 6.83333 1.53468 1.53468 1.40282
  195 11.67 7.58333 1.70549 1.70549 1.56009
  196 11.73 8 1.79654 1.79654 1.64163
  197 11.79 6.91667 1.55412 1.55412 1.42358
  198 11.85 6.75 1.51691 1.51691 1.38635
  199 11.91 7.83333 1.76135 1.76135 1.60914
  200 11.97 7.5 1.68474 1.68474 1.54112
  201 12.03 8.08333 1.81833 1.81833 1.66246
  202 12.09 8.83333 1.98385 1.98385 1.81426
  203 12.15 6.83333 1.53467 1.53467 1.4036
  204 12.21 9.33333 2.09676 2.09676 1.9142
  205 12.27 6.25 1.40386 1.40386 1.28147
  206 12.33 6.83333 1.53392 1.53392 1.40091
  207 12.39 7 1.57162 1.57162 1.43487
  208 12.45 7.66667 1.72098 1.72098 1.57117
  209 12.51 8.75 1.96233 1.96233 1.79311
  210 12.57 6.83333 1.53239 1.53239 1.39918
  211 12.63 7.41667 1.66214 1.66214 1.51694
  212 12.69 6.33333 1.41899 1.41899 1.29435
  213 12.75 6.91667 1.54884 1.54884 1.41149
  214 12.81 7.75 1.73386 1.73386 1.58081
  215 12.87 7.5 1.67782 1.67782 1.5296
  216 12.93 9.16667 2.04658 2.04658 1.86733
  217 12.99 7.41667 1.65591 1.65591 1.50712
  218 13.05 7.08333 1.57973 1.57973 1.43796
  219 13.11 7.33333 1.63579 1.63579 1.4862
  220 13.17 8 1.78095 1.78095 1.62133
  221 13.23 8.08333 1.79835 1.79835 1.636
  222 13.29 7.75 1.72294 1.72294 1.56624
  223 13.35 8.25 1.83345 1.83345 1.66523
  224 13.41 7.41667 1.64809 1.64809 1.49488
  225 13.47 7.91667 1.75516 1.75516 1.59269
  226 13.53 7.16667 1.58568 1.58568 1.43884
  227 13.59 6.5 1.43671 1.43671 1.30235
  228 13.65 7.25 1.60187 1.60187 1.45118
  229 13.71 7.58333 1.67383 1.67383 1.51533
  230 13.77 6.5 1.43271 1.43271 1.29634
  231 13.83 7.5 1.65068 1.65068 1.493
  232 13.89 7.25 1.5939 1.5939 1.43995
  233 13.95 8.16667 1.79137 1.79137 1.61946
  234 14.01 6.58333 1.44255 1.44255 1.30236
  235 14.07 8.25 1.80454 1.80454 1.62602
  236 14.13 6.83333 1.49182 1.49182 1.34248
  237 14.19 8.41667 1.83514 1.83514 1.65272
  238 14.25 7.41667 1.61395 1.61395 1.44996
  239 14.31 7.41667 1.61326 1.61326 1.44841
  240 14.37 6.75 1.46482 1.46482 1.31424
  241 14.43 7.91667 1.71542 1.71542 1.53753
  242 14.49 7.75 1.67281 1.67281 1.50045
  243 14.55 7.41667 1.59847 1.59847 1.43245
  244 14.61 6.5 1.39873 1.39873 1.24877
  245 14.67 6.75 1.45145 1.45145 1.29648
  246 14.73 7.41667 1.58824 1.58824 1.41657
  247 14.79 7 1.49849 1.49849 1.33535
  248 14.85 7.33333 1.56495 1.56495 1.39346
  249 14.91 7.25 1.54325 1.54325 1.37125
  250 14.97 7.16667 1.52242 1.52242 1.35104
  251 15.03 6.91667 1.46453 1.46453 1.2966
  252 15.09 9 1.90136 1.90136 1.68236
  253 15.15 6.5 1.37037 1.37037 1.21057
  254 15.21 8.33333 1.75178 1.75178 1.54689
  255 15.27 6.66667 1.39822 1.39822 1.23205
  256 15.33 7.25 1.51493 1.51493 1.33313
  257 15.39 7.83333 1.63135 1.63135 1.4344
  258 15.45 8.5 1.76796 1.76796 1.55066
  259 15.51 6.5 1.34695 1.34695 1.17761
  260 15.57 5.83333 1.20493 1.20493 1.05262
  261 15.63 7.08333 1.45652 1.45652 1.27078
  262 15.69 5.33333 1.09268 1.09268 0.951863
  263 15.75 7 1.43482 1.43482 1.2465
  264 15.81 6.66667 1.35969 1.35969 1.1795
  265 15.87 7.83333 1.59178 1.59178 1.37695
  266 15.93 7.41667 1.49959 1.49959 1.29627
  267 15.99 7.25 1.46257 1.46257 1.26144
  268 16.05 8.5 1.70787 1.70787 1.47014
  269 16.11 7.25 1.44994 1.44994 1.24545
  270 16.17 8 1.59439 1.59439 1.36552
  271 16.23 6.75 1.33836 1.33836 1.14644
  272 16.29 4.58333 0.905539 0.905539 0.774341
  273 16.35 6.58333 1.29494 1.29494 1.10339
  274 16.41 6.83333 1.33842 1.33842 1.13779
  275 16.47 6.58333 1.28444 1.28444 1.09043
  276 16.53 6.33333 1.22815 1.22815 1.04108
  277 16.59 6.91667 1.33546 1.33546 1.13048
  278 16.65 7.16667 1.37694 1.37694 1.16342
  279 16.71 6.91667 1.32464 1.32464 1.11717
  280 16.77 7.08333 1.34591 1.34591 1.13399
  281 16.83 7.33333 1.38909 1.38909 1.16746
  282 16.89 6.25 1.17633 1.17633 0.990017
  283 16.95 6.08333 1.14072 1.14072 0.957931
  284 17.01 6.91667 1.28973 1.28973 1.08253
  285 17.07 6.33333 1.17531 1.17531 0.983983
  286 17.13 5.58333 1.02716 1.02716 0.860303
  287 17.19 7.33333 1.34069 1.34069 1.1223
  288 17.25 6.16667 1.12239 1.12239 0.938618
  289 17.31 6.66667 1.20721 1.20721 1.00909
  290 17.37 7.25 1.30131 1.30131 1.08867
  291 17.43 6.91667 1.2337 1.2337 1.03342
  292 17.49 6.41667 1.13535 1.13535 0.949979
  293 17.55 5.41667 0.953877 0.953877 0.798072
  294 17.61 4.75 0.830372 0.830372 0.694403
  295 17.67 6.58333 1.14561 1.14561 0.959457
  296 17.73 7.75 1.3385 1.3385 1.12041
  297 17.79 6.83333 1.17234 1.17234 0.982809
  298 17.85 6.16667 1.04836 1.04836 0.883506
  299 17.91 6.16667 1.03842 1.03842 0.87461
  300 17.97 6.16667 1.03282 1.03282 0.871763
  301 18.03 6.16667 1.0237 1.0237 0.865801
  302 18.09 5.58333 0.918094 0.918094 0.779542
  303 18.15 6.08333 0.996145 0.996145 0.845221
  304 18.21 6.25 1.01736 1.01736 0.865149
  305 18.27 4.91667 0.789473 0.789473 0.673522
  306 18.33 6.75 1.07844 1.07844 0.923278
  307 18.39 5.16667 0.816989 0.816989 0.702275
  308 18.45 5.41667 0.849498 0.849498 0.732409
  309 18.51 6.08333 0.945063 0.945063 0.819442
  310 18.57 6 0.922012 0.922012 0.804079
  311 18.63 4.83333 0.738698 0.738698 0.64483
  312 18.69 5.66667 0.855834 0.855834 0.753099
  313 18.75 5.91667 0.889967 0.889967 0.784091
  314 18.81 6 0.88911 0.88911 0.790773
  315 18.87 4.66667 0.684449 0.684449 0.614167
  316 18.93 5.33333 0.77636 0.77636 0.698322
  317 18.99 5.25 0.757307 0.757307 0.684024
  318 19.05 5.66667 0.805205 0.805205 0.737788
  319 19.11 5.41667 0.764398 0.764398 0.701546
  320 19.17 6 0.835441 0.835441 0.775598
  321 19.23 6 0.830816 0.830816 0.772581
  322 19.29 4.33333 0.59307 0.59307 0.555614
  323 19.35 5.83333 0.790407 0.790407 0.746292
  324 19.41 4.75 0.633763 0.633763 0.606201
  325 19.47 4.08333 0.538599 0.538599 0.519726
  326 19.53 3.91667 0.511221 0.511221 0.496691
  327 19.59 4.75 0.613231 0.613231 0.602268
  328 19.65 5 0.641205 0.641205 0.630708
  329 19.71 5 0.633179 0.633179 0.629727
  330 19.77 5.08333 0.633715 0.633715 0.639146
  331 19.83 4.08333 0.502229 0.502229 0.513607
  332 19.89 4.58333 0.558887 0.558887 0.574791
  333 19.95 3.66667 0.43893 0.43893 0.460617
  334 20.01 3.91667 0.465443 0.465443 0.49117
  335 20.07 4.25 0.497824 0.497824 0.531567
  336 20.13 3.5 0.405603 0.405603 0.436792
  337 20.19 3.41667 0.394396 0.394396 0.425128
  338 20.25 4.33333 0.490732 0.490732 0.538481
  339 20.31 3.58333 0.401044 0.401044 0.444802
  340 20.37 3 0.331349 0.331349 0.372031
  341 20.43 3.66667 0.397623 0.397623 0.455921
  342 20.49 3.08333 0.332606 0.332606 0.381895
  343 20.55 3.41667 0.360006 0.360006 0.425247
  344 20.61 2.5 0.262563 0.262563 0.309276
  345 20.67 3.25 0.336146 0.336146 0.403053
  346 20.73 2.83333 0.287489 0.287489 0.352515
  347 20.79 2.25 0.225437 0.225437 0.279476
  348 20.85 2.83333 0.282761 0.282761 0.351039
  349 20.91 2.41667 0.234465 0.234465 0.299962
  350 20.97 1.91667 0.18466 0.18466 0.237718
  351 21.03 1.75 0.164407 0.164407 0.218839
  352 21.09 2.16667 0.20325 0.20325 0.268909
  353 21.15 2 0.186048 0.186048 0.248351
  354 21.21 2.25 0.205999 0.205999 0.277583
  355 21.27 1.66667 0.15102 0.15102 0.206782
  356 21.33 2.75 0.242184 0.242184 0.343644
  357 21.39 1.66667 0.147153 0.147153 0.20668
  358 21.45 1.58333 0.137296 0.137296 0.197711
  359 21.51 1.91667 0.163904 0.163904 0.238984
  360 21.57 1.58333 0.13239 0.13239 0.198686
  361 21.63 1 0.082545 0.082545 0.125609
  362 21.69 1.58333 0.129082 0.129082 0.198519
  363 21.75 1.66667 0.134824 0.134824 0.209327
  364 21.81 1.41667 0.113421 0.113421 0.178354
  365 21.87 1 0.0783923 0.0783923 0.126673
  366 21.93 1.33333 0.103175 0.103175 0.16859
  367 21.99 1.33333 0.102366 0.102366 0.169007
  368 22.05 0.833333 0.062445 0.062445 0.106579
  369 22.11 1 0.0739471 0.0739471 0.126989
  370 22.17 0.916667 0.0678007 0.0678007 0.116623
  371 22.23 0.75 0.0538919 0.0538919 0.0961835
  372 22.29 0.916667 0.0656843 0.0656843 0.117375
  373 22.35 1.08333 0.076389 0.076389 0.138409
  374 22.41 0.583333 0.0411144 0.0411144 0.0749902
  375 22.47 0.583333 0.0402022 0.0402022 0.0758058
  376 22.53 0.583333 0.0396655 0.0396655 0.0756937
  377 22.59 0.5 0.0340374 0.0340374 0.064654
  378 22.65 0.666667 0.0442214 0.0442214 0.0867981
  379 22.71 0.666667 0.0443905 0.0443905 0.0856272
  380 22.77 0.583333 0.0377551 0.0377551 0.0767901
  381 22.83 0.916667 0.059501 0.059501 0.118493
  382 22.89 0.666667 0.0425582 0.0425582 0.0878853
  383 22.95 0.25 0.0161251 0.0161251 0.0325861
  384 23.01 0.833333 0.0535369 0.0535369 0.109046
  385 23.07 0.25 0.0158646 0.0158646 0.0332431
  386 23.13 0.5 0.0310292 0.0310292 0.0656575
  387 23.19 0.333333 0.0211245 0.0211245 0.0443525
  388 23.25 0.5 0.0306172 0.0306172 0.0664464
  389 23.31 0.583333 0.0361168 0.0361168 0.0776199
  390 23.37 0.5 0.0305608 0.0305608 0.0664606
  391 23.43 0.5 0.030835 0.030835 0.0667737
  392 23.49 0.416667 0.0254801 0.0254801 0.0551055
  393 23.55 0.25 0.015196 0.015196 0.0328861
  394 23.61 0.5 0.0311395 0.0311395 0.0660192
  395 23.67 0.583333 0.0359446 0.0359446 0.0767641
  396 23.73 0.25 0.0154582 0.0154582 0.0332892
96000 396 26000
  1 0.03 0.769231 0.0463883 0.0463883 0.102802
  2 0.09 0.307692 0.0184298 0.0184298 0.0409299
  3 0.15 0.461538 0.0276217 0.0276217 0.0612716
  4 0.21 0.384615 0.0239879 0.0239879 0.0506204
  5 0.27 0.307692 0.0188537 0.0188537 0.0410689
  6 0.33 0.384615 0.0239302 0.0239302 0.0507939
  7 0.39 0.153846 0.00962795 0.00962795 0.020434
  8 0.45 0.615385 0.0375892 0.0375892 0.0814632
  9 0.51 0.538462 0.0328015 0.0328015 0.0715074
  10 0.57 0.692308 0.043941 0.043941 0.0907898
  11 0.63 0.538462 0.0345136 0.0345136 0.0704075
  12 0.69 0.538462 0.0341632 0.0341632 0.0712844
  13 0.75 0.615385 0.0389978 0.0389978 0.0811388
  14 0.81 0.769231 0.0500865 0.0500865 0.100652
  15 0.87 0.615385 0.0391467 0.0391467 0.0807761
  16 0.93 0.692308 0.0457117 0.0457117 0.0901512
  17 0.99 0.384615 0.0253561 0.0253561 0.0504394
  18 1.05 1 0.0682615 0.0682615 0.129772
  19 1.11 0.461538 0.0316854 0.0316854 0.0597096
  20 1.17 0.461538 0.031644 0.031644 0.0598954
  21 1.23 0.769231 0.0534626 0.0534626 0.0989429
  22 1.29 0.846154 0.059126 0.059126 0.109805
  23 1.35 0.384615 0.0269126 0.0269126 0.0498307
  24 1.41 0.923077 0.0670246 0.0670246 0.11807
  25 1.47 0.615385 0.0451141 0.0451141 0.0787441
  26 1.53 0.769231 0.0553372 0.0553372 0.0988864
  27 1.59 1.07692 0.0798429 0.0798429 0.137875
  28 1.65 0.769231 0.0578663 0.0578663 0.0982004
  29 1.71 0.769231 0.0574985 0.0574985 0.0986112
  30 1.77 0.615385 0.0472599 0.0472599 0.0775443
  31 1.83 1 0.0780995 0.0780995 0.127072
  32 1.89 0.692308 0.0543139 0.0543139 0.0877392
  33 1.95 1.07692 0.0845021 0.0845021 0.13736
  34 2.01 1.46154 0.118464 0.118464 0.183789
  35 2.07 1.61538 0.131463 0.131463 0.204867
  36 2.13 1.53846 0.126494 0.126494 0.194611
  37 2.19 1.30769 0.110468 0.110468 0.163939
  38 2.25 1.69231 0.144005 0.144005 0.212775
  39 2.31 1.15385 0.0990788 0.0990788 0.145225
  40 2.37 1.61538 0.141945 0.141945 0.203293
  41 2.43 2.23077 0.197522 0.197522 0.280691
  42 2.49 2.15385 0.196417 0.196417 0.267959
  43 2.55 1.69231 0.155193 0.155193 0.21037
  44 2.61 1.76923 0.164444 0.164444 0.219814
  45 2.67 2.30769 0.21484 0.21484 0.28765
  46 2.73 2.38462 0.226445 0.226445 0.297996
  47 2.79 2.46154 0.239017 0.239017 0.306589
  48 2.85 2.53846 0.250479 0.250479 0.315758
  49 2.91 2.84615 0.283448 0.283448 0.353746
  50 2.97 2.84615 0.28583 0.28583 0.352869
  51 3.03 2.92308 0.299424 0.299424 0.362172
  52 3.09 3.23077 0.334759 0.334759 0.401679
  53 3.15 2.46154 0.253793 0.253793 0.30576
  54 3.21 3.61538 0.380499 0.380499 0.44973
  55 3.27 3.76923 0.406462 0.406462 0.468777
  56 3.33 1.92308 0.206682 0.206682 0.238272
  57 3.39 3.23077 0.356115 0.356115 0.402794
  58 3.45 3.76923 0.421938 0.421938 0.469647
  59 3.51 3.15385 0.35631 0.35631 0.392477
  60 3.57 3.92308 0.451301 0.451301 0.48901
  61 3.63 3.38462 0.391754 0.391754 0.423191
  62 3.69 4.53846 0.530881 0.530881 0.5663
  63 3.75 4.76923 0.566741 0.566741 0.595817
  64 3.81 4.92308 0.587877 0.587877 0.61524
  65 3.87 4.53846 0.554412 0.554412 0.568488
  66 3.93 4.46154 0.549607 0.549607 0.56063
  67 3.99 4.61538 0.570643 0.570643 0.578845
  68 4.05 3.84615 0.483718 0.483718 0.484319
  69 4.11 4.92308 0.627712 0.627712 0.621801
  70 4.17 3.92308 0.507199 0.507199 0.494659
  71 4.23 5.30769 0.695196 0.695196 0.671765
  72 4.29 5.07692 0.668302 0.668302 0.64397
  73 4.35 4.76923 0.636443 0.636443 0.606959
  74 4.41 4.38462 0.588495 0.588495 0.558832
  75 4.47 4.46154 0.609907 0.609907 0.570194
  76 4.53 5.61538 0.773946 0.773946 0.719601
  77 4.59 5.30769 0.739308 0.739308 0.684255
  78 4.65 4.61538 0.650678 0.650678 0.59758
  79 4.71 5.69231 0.811034 0.811034 0.7359
  80 4.77 5.92308 0.84995 0.84995 0.766851
  81 4.83 5.30769 0.768099 0.768099 0.688614
  82 4.89 4.69231 0.689249 0.689249 0.613483
  83 4.95 5.69231 0.842044 0.842044 0.746692
  84 5.01 6.15385 0.919875 0.919875 0.81071
  85 5.07 5.61538 0.844373 0.844373 0.743141
  86 5.13 6.15385 0.941346 0.941346 0.819532
  87 5.19 5.38462 0.825051 0.825051 0.719631
  88 5.25 6.53846 1.01235 1.01235 0.873858
  89 5.31 4.53846 0.711286 0.711286 0.612132
  90 5.37 5.92308 0.934681 0.934681 0.800238
  91 5.43 6 0.953839 0.953839 0.814837
  92 5.49 5.30769 0.852039 0.852039 0.724799
  93 5.55 7.46154 1.20827 1.20827 1.02524
  94 5.61 7.07692 1.15551 1.15551 0.977389
  95 5.67 5.69231 0.940595 0.940595 0.792551
  96 5.73 6.84615 1.13766 1.13766 0.955878
  97 5.79 5.76923 0.964879 0.964879 0.809724
  98 5.85 5.69231 0.958331 0.958331 0.803202
  99 5.91 4.92308 0.8346 0.8346 0.698864
  100 5.97 6.07692 1.0378 1.0378 0.868013
  101 6.03 5.76923 0.992783 0.992783 0.82972
  102 6.09 7.30769 1.26654 1.26654 1.05762
  103 6.15 6 1.04772 1.04772 0.875554
  104 6.21 7.07692 1.24568 1.24568 1.04021
  105 6.27 6.15385 1.09005 1.09005 0.907927
  106 6.33 6.38462 1.13591 1.13591 0.95249
  107 6.39 6.38462 1.14882 1.14882 0.95808
  108 6.45 6.84615 1.23665 1.23665 1.03274
  109 6.51 6.46154 1.17397 1.17397 0.982007
  110 6.57 5.92308 1.08223 1.08223 0.906386
  111 6.63 6.84615 1.26137 1.26137 1.05638
  112 6.69 6.38462 1.18117 1.18117 0.987112
  113 6.75 6.46154 1.20105 1.20105 1.00953
  114 6.81 6.92308 1.29493 1.29493 1.08888
  115 6.87 6.38462 1.19964 1.19964 1.01105
  116 6.93 7.53846 1.42681 1.42681 1.20066
  117 6.99 6.76923 1.28624 1.28624 1.08718
  118 7.05 6.38462 1.21876 1.21876 1.02692
  119 7.11 6.69231 1.2838 1.2838 1.08611
  120 7.17 6 1.15729 1.15729 0.982161
  121 7.23 6.92308 1.34094 1.34094 1.13986
  122 7.29 6.92308 1.34621 1.34621 1.14789
  123 7.35 6.92308 1.35419 1.35419 1.15655
  124 7.41 6.84615 1.34479 1.34479 1.14771
  125 7.47 7.30769 1.44155 1.44155 1.23089
  126 7.53 6.30769 1.25002 1.25002 1.07168
  127 7.59 7.15385 1.42369 1.42369 1.22228
  128 7.65 6.53846 1.30616 1.30616 1.12256
  129 7.71 6.30769 1.26522 1.26522 1.08793
  130 7.77 8.92308 1.7969 1.7969 1.55438
  131 7.83 6.30769 1.275 1.275 1.1025
  132 7.89 6.76923 1.37223 1.37223 1.1879
  133 7.95 7.15385 1.45765 1.45765 1.26404
  134 8.01 8.30769 1.69522 1.69522 1.47346
  135 8.07 6.07692 1.24424 1.24424 1.08724
  136 8.13 5.76923 1.18427 1.18427 1.0352
  137 8.19 7.61538 1.56983 1.56983 1.37102
  138 8.25 6.84615 1.41592 1.41592 1.24157
  139 8.31 7.23077 1.50047 1.50047 1.31811
  140 8.37 6.84615 1.4252 1.4252 1.24903
  141 8.43 7.30769 1.52408 1.52408 1.34291
  142 8.49 7.46154 1.56074 1.56074 1.3765
  143 8.55 8.53846 1.79047 1.79047 1.58226
  144 8.61 6.84615 1.44189 1.44189 1.2721
  145 8.67 7.92308 1.67304 1.67304 1.47881
  146 8.73 6.76923 1.43203 1.43203 1.26953
  147 8.79 6.30769 1.33845 1.33845 1.18899
  148 8.85 7.46154 1.58518 1.58518 1.41099
  149 8.91 6.30769 1.34342 1.34342 1.1944
  150 8.97 7.38462 1.57675 1.57675 1.40907
  151 9.03 7.53846 1.61053 1.61053 1.43922
  152 9.09 7.84615 1.68152 1.68152 1.50399
  153 9.15 7.61538 1.63609 1.63609 1.46676
  154 9.21 7.23077 1.55755 1.55755 1.3964
  155 9.27 7.07692 1.52591 1.52591 1.3716
  156 9.33 7.15385 1.54505 1.54505 1.3908
  157 9.39 7.38462 1.60153 1.60153 1.43933
  158 9.45 6.15385 1.33407 1.33407 1.20068
  159 9.51 7.76923 1.68776 1.68776 1.52343
  160 9.57 7.46154 1.62237 1.62237 1.46578
  161 9.63 8.76923 1.91223 1.91223 1.72424
  162 9.69 7 1.52919 1.52919 1.37952
  163 9.75 7.69231 1.68429 1.68429 1.52133
  164 9.81 6.84615 1.5002 1.5002 1.35584
  165 9.87 7.84615 1.72056 1.72056 1.5579
  166 9.93 7 1.53655 1.53655 1.39313
  167 9.99 7.07692 1.55676 1.55676 1.40911
  168 10.05 7.30769 1.60839 1.60839 1.45849
  169 10.11 7.53846 1.66375 1.66375 1.50838
  170 10.17 7 1.54569 1.54569 1.40284
  171 10.23 6.84615 1.51214 1.51214 1.37558
  172 10.29 8.38462 1.85513 1.85513 1.68786
  173 10.35 8.15385 1.80817 1.80817 1.64474
  174 10.41 8.07692 1.79019 1.79019 1.62898
  175 10.47 5.69231 1.26435 1.26435 1.15116
  176 10.53 8.84615 1.96466 1.96466 1.79068
  177 10.59 8.23077 1.83079 1.83079 1.66762
  178 10.65 6.30769 1.40543 1.40543 1.27943
  179 10.71 7.46154 1.6623 1.6623 1.51461
  180 10.77 8.30769 1.85315 1.85315 1.68864
  181 10.83 8.15385 1.81707 1.81707 1.66195
  182 10.89 7.61538 1.70085 1.70085 1.55193
  183 10.95 7.15385 1.59818 1.59818 1.46028
  184 11.01 7.30769 1.63357 1.63357 1.49247
  185 11.07 7.69231 1.72139 1.72139 1.57088
  186 11.13 6.61538 1.4795 1.4795 1.35329
  187 11.19 7.92308 1.77307 1.77307 1.62345
  188 11.25 8.15385 1.82711 1.82711 1.67054
  189 11.31 7.53846 1.69048 1.69048 1.5456
  190 11.37 7.92308 1.77773 1.77773 1.62493
  191 11.43 7 1.56889 1.56889 1.434
  192 11.49 7.23077 1.62294 1.62294 1.48362
  193 11.55 7.92308 1.77773 1.77773 1.62562
  194 11.61 7.15385 1.60472 1.60472 1.46773
  195 11.67 7.69231 1.72822 1.72822 1.58132
  196 11.73 8.07692 1.81228 1.81228 1.6565
  197 11.79 6.84615 1.53721 1.53721 1.40809
  198 11.85 7.15385 1.60551 1.60551 1.46747
  199 11.91 7.46154 1.67719 1.67719 1.53223
  200 11.97 7.38462 1.6578 1.6578 1.51622
  201 12.03 7.69231 1.72978 1.72978 1.58134
  202 12.09 8.84615 1.9852 1.9852 1.81486
  203 12.15 6.92308 1.55344 1.55344 1.42014
  204 12.21 9.15385 2.05517 2.05517 1.87584
  205 12.27 6.07692 1.36425 1.36425 1.24508
  206 12.33 6.84615 1.53555 1.53555 1.40191
  207 12.39 7.07692 1.58739 1.58739 1.44869
  208 12.45 7.53846 1.69105 1.69105 1.54335
  209 12.51 9.07692 2.03328 2.03328 1.85662
  210 12.57 6.53846 1.46571 1.46571 1.33802
  211 12.63 7.38462 1.65365 1.65365 1.50866
  212 12.69 6.53846 1.46325 1.46325 1.33406
  213 12.75 7.23077 1.61709 1.61709 1.47297
  214 12.81 7.69231 1.71967 1.71967 1.56736
  215 12.87 7.38462 1.65086 1.65086 1.50457
  216 12.93 9.23077 2.05924 2.05924 1.87801
  217 12.99 7.15385 1.59652 1.59652 1.45286
  218 13.05 6.92308 1.54312 1.54312 1.40439
  219 13.11 7.61538 1.69663 1.69663 1.5412
  220 13.17 7.92308 1.76265 1.76265 1.60427
  221 13.23 8.30769 1.84636 1.84636 1.67923
  222 13.29 7.46154 1.6581 1.6581 1.50721
  223 13.35 8.46154 1.87842 1.87842 1.70591
  224 13.41 7.38462 1.63956 1.63956 1.48712
  225 13.47 8 1.77201 1.77201 1.60783
  226 13.53 7.30769 1.61543 1.61543 1.46567
  227 13.59 6.46154 1.42719 1.42719 1.29363
  228 13.65 7.38462 1.62995 1.62995 1.47647
  229 13.71 7.30769 1.61226 1.61226 1.45955
  230 13.77 6.69231 1.47344 1.47344 1.3331
  231 13.83 7.30769 1.60743 1.60743 1.45387
  232 13.89 7.53846 1.65527 1.65527 1.49553
  233 13.95 7.92308 1.73712 1.73712 1.57039
  234 14.01 6.61538 1.44834 1.44834 1.30751
  235 14.07 8.07692 1.76564 1.76564 1.59095
  236 14.13 6.69231 1.4602 1.4602 1.31403
  237 14.19 8.30769 1.81017 1.81017 1.63006
  238 14.25 7.69231 1.67212 1.67212 1.50227
  239 14.31 7.61538 1.65467 1.65467 1.48562
  240 14.37 6.69231 1.45125 1.45125 1.30203
  241 14.43 7.76923 1.68238 1.68238 1.50786
  242 14.49 7.84615 1.69223 1.69223 1.51748
  243 14.55 7.30769 1.57405 1.57405 1.41024
  244 14.61 6.84615 1.47138 1.47138 1.31328
  245 14.67 6.61538 1.42161 1.42161 1.26956
  246 14.73 7.23077 1.54764 1.54764 1.38006
  247 14.79 7.07692 1.51353 1.51353 1.34833
  248 14.85 7.07692 1.50959 1.50959 1.34398
  249 14.91 7.53846 1.60293 1.60293 1.42377
  250 14.97 7.23077 1.53475 1.53475 1.36138
  251 15.03 6.76923 1.43257 1.43257 1.26785
  252 15.09 9.07692 1.91605 1.91605 1.69395
  253 15.15 6.46154 1.36128 1.36128 1.20158
  254 15.21 8.30769 1.74512 1.74512 1.53947
  255 15.27 6.84615 1.43432 1.43432 1.2621
  256 15.33 7.07692 1.478 1.478 1.29962
  257 15.39 8.30769 1.72804 1.72804 1.5165
  258 15.45 8.69231 1.80612 1.80612 1.58216
  259 15.51 6.30769 1.30645 1.30645 1.14161
  260 15.57 5.53846 1.14366 1.14366 0.998744
  261 15.63 7 1.4385 1.4385 1.25398
  262 15.69 5.30769 1.08671 1.08671 0.945726
  263 15.75 7.15385 1.46454 1.46454 1.27067
  264 15.81 6.61538 1.34813 1.34813 1.16828
  265 15.87 7.76923 1.57754 1.57754 1.36328
  266 15.93 7.30769 1.47658 1.47658 1.27499
  267 15.99 7.53846 1.51883 1.51883 1.30741
  268 16.05 8.23077 1.65289 1.65289 1.42162
  269 16.11 7.23077 1.44492 1.44492 1.23946
  270 16.17 8.15385 1.62326 1.62326 1.38786
  271 16.23 6.30769 1.25048 1.25048 1.07089
  272 16.29 4.61538 0.910943 0.910943 0.777548
  273 16.35 6.69231 1.31481 1.31481 1.11824
  274 16.41 6.46154 1.26526 1.26526 1.07512
  275 16.47 6.38462 1.24488 1.24488 1.05589
  276 16.53 6.38462 1.2368 1.2368 1.04674
  277 16.59 6.76923 1.3059 1.3059 1.10426
  278 16.65 7.53846 1.44598 1.44598 1.21914
  279 16.71 6.76923 1.2952 1.2952 1.09135
  280 16.77 7.23077 1.37215 1.37215 1.15438
  281 16.83 7.38462 1.39707 1.39707 1.17281
  282 16.89 6.46154 1.21411 1.21411 1.01999
  283 16.95 5.92308 1.10973 1.10973 0.931169
  284 17.01 6.84615 1.27496 1.27496 1.069
  285 17.07 6.46154 1.19707 1.19707 1.00092
  286 17.13 5.46154 1.00377 1.00377 0.840041
  287 17.19 7.30769 1.33441 1.33441 1.11591
  288 17.25 6.15385 1.11848 1.11848 0.934439
  289 17.31 6.84615 1.23712 1.23712 1.03279
  290 17.37 7 1.25537 1.25537 1.04965
  291 17.43 7.07692 1.25996 1.25996 1.05404
  292 17.49 6.38462 1.12823 1.12823 0.943239
  293 17.55 5.38462 0.946846 0.946846 0.791567
  294 17.61 4.84615 0.845506 0.845506 0.706411
  295 17.67 6.46154 1.12282 1.12282 0.939822
  296 17.73 7.76923 1.33941 1.33941 1.12044
  297 17.79 6.61538 1.13355 1.13355 0.949987
  298 17.85 6.23077 1.05698 1.05698 0.890028
  299 17.91 6.38462 1.07245 1.07245 0.902655
  300 17.97 6.30769 1.05377 1.05377 0.88896
  301 18.03 6.15385 1.01956 1.01956 0.862064
  302 18.09 5.46154 0.896801 0.896801 0.761313
  303 18.15 6 0.980662 0.980662 0.832179
  304 18.21 6.15385 0.999719 0.999719 0.850396
  305 18.27 5.23077 0.836928 0.836928 0.714613
  306 18.33 6.69231 1.06688 1.06688 0.913884
  307 18.39 5 0.789463 0.789463 0.678928
  308 18.45 5.69231 0.889336 0.889336 0.767827
  309 18.51 5.92308 0.918605 0.918605 0.797008
  310 18.57 6.23077 0.954355 0.954355 0.833328
  311 18.63 4.76923 0.727302 0.727302 0.63559
  312 18.69 5.61538 0.846354 0.846354 0.745488
  313 18.75 5.61538 0.843761 0.843761 0.743835
  314 18.81 5.92308 0.875754 0.875754 0.779943
  315 18.87 5.23077 0.762639 0.762639 0.686657
  316 18.93 5.61538 0.813884 0.813884 0.734236
  317 18.99 5.38462 0.773615 0.773615 0.700858
  318 19.05 5.53846 0.785584 0.785584 0.72066
  319 19.11 5.46154 0.768292 0.768292 0.706883
  320 19.17 5.61538 0.781478 0.781478 0.725798
  321 19.23 5.76923 0.797508 0.797508 0.742693
  322 19.29 4.38462 0.598045 0.598045 0.562047
  323 19.35 5.61538 0.759584 0.759584 0.718332
  324 19.41 4.46154 0.594848 0.594848 0.569358
  325 19.47 4.38462 0.575278 0.575278 0.557846
  326 19.53 4.07692 0.529885 0.529885 0.51686
  327 19.59 4.76923 0.613779 0.613779 0.604455
  328 19.65 4.84615 0.620198 0.620198 0.611261
  329 19.71 4.92308 0.621764 0.621764 0.619997
  330 19.77 4.84615 0.603417 0.603417 0.609317
  331 19.83 4.30769 0.527178 0.527178 0.541685
  332 19.89 4.61538 0.560633 0.560633 0.578791
  333 19.95 3.69231 0.440686 0.440686 0.463739
  334 20.01 3.92308 0.464649 0.464649 0.491896
  335 20.07 4.46154 0.520105 0.520105 0.558002
  336 20.13 3.46154 0.400126 0.400126 0.432031
  337 20.19 3.30769 0.38097 0.38097 0.411643
  338 20.25 4.23077 0.477907 0.477907 0.525847
  339 20.31 3.53846 0.394903 0.394903 0.439388
  340 20.37 2.92308 0.322092 0.322092 0.362639
  341 20.43 3.46154 0.375014 0.375014 0.430477
  342 20.49 3 0.322748 0.322748 0.371817
  343 20.55 3.38462 0.355724 0.355724 0.421528
  344 20.61 2.38462 0.250011 0.250011 0.295193
  345 20.67 3.07692 0.317894 0.317894 0.381766
  346 20.73 2.92308 0.295218 0.295218 0.36438
  347 20.79 2.30769 0.230173 0.230173 0.287279
  348 20.85 2.92308 0.290127 0.290127 0.363131
  349 20.91 2.30769 0.223558 0.223558 0.28668
  350 20.97 1.84615 0.177521 0.177521 0.229229
  351 21.03 1.92308 0.179685 0.179685 0.24125
  352 21.09 2.15385 0.201375 0.201375 0.267864
  353 21.15 1.92308 0.178545 0.178545 0.239074
  354 21.21 2.15385 0.196847 0.196847 0.266078
  355 21.27 1.53846 0.139403 0.139403 0.190876
  356 21.33 2.53846 0.223555 0.223555 0.31721
  357 21.39 1.61538 0.142209 0.142209 0.200684
  358 21.45 1.69231 0.145717 0.145717 0.212232
  359 21.51 1.84615 0.157544 0.157544 0.230525
  360 21.57 1.46154 0.122206 0.122206 0.183403
  361 21.63 1.15385 0.0944396 0.0944396 0.145858
  362 21.69 1.53846 0.12512 0.12512 0.193259
  363 21.75 1.53846 0.124453 0.124453 0.193225
  364 21.81 1.30769 0.104697 0.104697 0.164634
  365 21.87 0.923077 0.0723621 0.0723621 0.116929
  366 21.93 1.30769 0.100941 0.100941 0.165745
  367 21.99 1.23077 0.0944915 0.0944915 0.156007
  368 22.05 0.923077 0.0687949 0.0687949 0.118714
  369 22.11 1 0.0737307 0.0737307 0.127423
  370 22.17 0.923077 0.067997 0.067997 0.117884
  371 22.23 0.692308 0.0497464 0.0497464 0.0887847
  372 22.29 0.846154 0.0606316 0.0606316 0.108346
  373 22.35 1 0.0705129 0.0705129 0.127762
  374 22.41 0.692308 0.0483886 0.0483886 0.0898862
  375 22.47 0.615385 0.0422871 0.0422871 0.0803385
  376 22.53 0.538462 0.0366143 0.0366143 0.0698711
  377 22.59 0.461538 0.0314191 0.0314191 0.0596806
  378 22.65 0.615385 0.0408198 0.0408198 0.0801213
  379 22.71 0.769231 0.0509389 0.0509389 0.0999158
  380 22.77 0.615385 0.0398058 0.0398058 0.0813267
  381 22.83 0.923077 0.0598447 0.0598447 0.119826
  382 22.89 0.692308 0.0441777 0.0441777 0.0915652
  383 22.95 0.230769 0.0148847 0.0148847 0.0300795
  384 23.01 0.769231 0.0494187 0.0494187 0.100657
  385 23.07 0.230769 0.0146443 0.0146443 0.0306859
  386 23.13 0.461538 0.0286423 0.0286423 0.060607
  387 23.19 0.307692 0.0194995 0.0194995 0.0409407
  388 23.25 0.615385 0.037817 0.037817 0.0820675
  389 23.31 0.538462 0.0333386 0.0333386 0.0716491
  390 23.37 0.615385 0.0377209 0.0377209 0.08207
  391 23.43 0.538462 0.0332181 0.0332181 0.0719981
  392 23.49 0.384615 0.0235201 0.0235201 0.0508666
  393 23.55 0.384615 0.0235389 0.0235389 0.0510393
  394 23.61 0.461538 0.0287442 0.0287442 0.0609408
  395 23.67 0.538462 0.0331796 0.0331796 0.0708591
  396 23.73 0.307692 0.0190441 0.0190441 0.0410156
104000 396 28000
  1 0.03 0.714286 0.0430749 0.0430749 0.0954594
  2 0.09 0.285714 0.0171134 0.0171134 0.0380063
  3 0.15 0.5 0.029864 0.029864 0.0662139
  4 0.21 0.428571 0.0265082 0.0265082 0.0563121
  5 0.27 0.285714 0.017507 0.017507 0.0381354
  6 0.33 0.428571 0.02651 0.02651 0.0564425
  7 0.39 0.214286 0.0132512 0.0132512 0.0282377
  8 0.45 0.571429 0.0349042 0.0349042 0.0756444
  9 0.51 0.5 0.0304585 0.0304585 0.0663997
  10 0.57 0.785714 0.0496209 0.0496209 0.102683
  11 0.63 0.5 0.0320483 0.0320483 0.0653784
  12 0.69 0.5 0.031723 0.031723 0.0661927
  13 0.75 0.571429 0.0362122 0.0362122 0.0753431
  14 0.81 0.785714 0.0510524 0.0510524 0.102575
  15 0.87 0.571429 0.0363505 0.0363505 0.0750064
  16 0.93 0.642857 0.0424466 0.0424466 0.0837118
  17 0.99 0.428571 0.0282462 0.0282462 0.0559113
  18 1.05 1.07143 0.0729068 0.0729068 0.138598
  19 1.11 0.428571 0.0294222 0.0294222 0.0554446
  20 1.17 0.428571 0.0293838 0.0293838 0.0556171
  21 1.23 0.857143 0.0595133 0.0595133 0.109888
  22 1.29 0.857143 0.0599252 0.0599252 0.110944
  23 1.35 0.357143 0.0249903 0.0249903 0.0462713
  24 1.41 0.928571 0.0673877 0.0673877 0.118581
  25 1.47 0.571429 0.0418917 0.0418917 0.0731195
  26 1.53 0.714286 0.0513845 0.0513845 0.091823
  27 1.59 1.14286 0.0848048 0.0848048 0.145821
  28 1.65 0.857143 0.064593 0.064593 0.108931
  29 1.71 0.857143 0.0643211 0.0643211 0.109294
  30 1.77 0.642857 0.0494028 0.0494028 0.0808575
  31 1.83 1.21429 0.0949566 0.0949566 0.153364
  32 1.89 0.785714 0.0618437 0.0618437 0.0991485
  33 1.95 1.07143 0.0842675 0.0842675 0.136391
  34 2.01 1.42857 0.115857 0.115857 0.179508
  35 2.07 1.64286 0.134021 0.134021 0.207946
  36 2.13 1.64286 0.135609 0.135609 0.207283
  37 2.19 1.28571 0.108736 0.108736 0.161093
  38 2.25 1.71429 0.14615 0.14615 0.215297
  39 2.31 1.14286 0.098322 0.098322 0.143695
  40 2.37 1.64286 0.144531 0.144531 0.206447
  41 2.43 2.21429 0.196388 0.196388 0.278276
  42 2.49 2.21429 0.202115 0.202115 0.275242
  43 2.55 1.57143 0.144108 0.144108 0.195343
  44 2.61 1.78571 0.166164 0.166164 0.221724
  45 2.67 2.28571 0.213174 0.213174 0.284731
  46 2.73 2.28571 0.217177 0.217177 0.285529
  47 2.79 2.35714 0.228996 0.228996 0.29351
  48 2.85 2.42857 0.239712 0.239712 0.302025
  49 2.91 2.78571 0.27771 0.27771 0.346123
  50 2.97 2.92857 0.2948 0.2948 0.362976
  51 3.03 3 0.3077 0.3077 0.371626
  52 3.09 3.35714 0.348621 0.348621 0.417146
  53 3.15 2.35714 0.243343 0.243343 0.29275
  54 3.21 3.71429 0.391933 0.391933 0.461753
  55 3.27 3.57143 0.385309 0.385309 0.444127
  56 3.33 2 0.215755 0.215755 0.247773
  57 3.39 3.28571 0.36289 0.36289 0.409424
  58 3.45 3.85714 0.432622 0.432622 0.480427
  59 3.51 3.35714 0.380309 0.380309 0.417696
  60 3.57 3.78571 0.435769 0.435769 0.47186
  61 3.63 3.64286 0.422959 0.422959 0.455249
  62 3.69 4.42857 0.518614 0.518614 0.552566
  63 3.75 4.64286 0.552247 0.552247 0.57999
  64 3.81 4.78571 0.572197 0.572197 0.598045
  65 3.87 4.5 0.550361 0.550361 0.563614
  66 3.93 4.5 0.555404 0.555404 0.565377
  67 3.99 4.57143 0.566248 0.566248 0.573413
  68 4.05 4.07143 0.513694 0.513694 0.512777
  69 4.11 4.92857 0.629395 0.629395 0.62253
  70 4.17 4.07143 0.527556 0.527556 0.513715
  71 4.23 5.35714 0.702472 0.702472 0.678252
  72 4.29 5.07143 0.668686 0.668686 0.643491
  73 4.35 4.92857 0.659218 0.659218 0.627516
  74 4.41 4.5 0.605376 0.605376 0.573785
  75 4.47 4.35714 0.59619 0.59619 0.556983
  76 4.53 5.57143 0.768954 0.768954 0.714202
  77 4.59 5.5 0.767597 0.767597 0.709168
  78 4.65 4.57143 0.645207 0.645207 0.591932
  79 4.71 5.57143 0.79448 0.79448 0.720479
  80 4.77 5.78571 0.831072 0.831072 0.749364
  81 4.83 5 0.723826 0.723826 0.648799
  82 4.89 5.07143 0.7465 0.7465 0.66362
  83 4.95 5.85714 0.867995 0.867995 0.7689
  84 5.01 6 0.897595 0.897595 0.790735
  85 5.07 5.5 0.827948 0.827948 0.728209
  86 5.13 6.21429 0.951646 0.951646 0.828134
  87 5.19 5.42857 0.833107 0.833107 0.72603
  88 5.25 6.5 1.00757 1.00757 0.86948
  89 5.31 4.64286 0.7286 0.7286 0.626729
  90 5.37 6.07143 0.959574 0.959574 0.821292
  91 5.43 6.14286 0.978175 0.978175 0.835351
  92 5.49 5.21429 0.837803 0.837803 0.712645
  93 5.55 7.21429 1.16892 1.16892 0.991868
  94 5.61 7.21429 1.17953 1.17953 0.997891
  95 5.67 5.78571 0.95691 0.95691 0.806598
  96 5.73 6.5 1.08043 1.08043 0.907893
  97 5.79 5.85714 0.980737 0.980737 0.823364
  98 5.85 5.5 0.926492 0.926492 0.77665
  99 5.91 5 0.848792 0.848792 0.710978
  100 5.97 5.92857 1.01322 1.01322 0.847609
  101 6.03 6 1.034 1.034 0.864498
  102 6.09 7.35714 1.27643 1.27643 1.06619
  103 6.15 5.92857 1.03606 1.03606 0.865921
  104 6.21 7.28571 1.28382 1.28382 1.07229
  105 6.27 6.42857 1.14016 1.14016 0.95007
  106 6.33 6.35714 1.13208 1.13208 0.949049
  107 6.39 6.42857 1.15741 1.15741 0.965396
  108 6.45 6.57143 1.18742 1.18742 0.991691
  109 6.51 6.21429 1.12952 1.12952 0.944872
  110 6.57 6 1.09729 1.09729 0.919075
  111 6.63 6.64286 1.22442 1.22442 1.02553
  112 6.69 6.57143 1.21692 1.21692 1.01747
  113 6.75 6.64286 1.23605 1.23605 1.03891
  114 6.81 6.78571 1.26992 1.26992 1.06787
  115 6.87 6.35714 1.1953 1.1953 1.00737
  116 6.93 7.42857 1.40672 1.40672 1.18406
  117 6.99 7 1.33144 1.33144 1.12572
  118 7.05 6.28571 1.20061 1.20061 1.01212
  119 7.11 7 1.34436 1.34436 1.13812
  120 7.17 6.07143 1.17201 1.17201 0.995047
  121 7.23 6.64286 1.28709 1.28709 1.09425
  122 7.29 6.92857 1.34827 1.34827 1.14996
  123 7.35 6.92857 1.35612 1.35612 1.15865
  124 7.41 6.57143 1.29118 1.29118 1.1023
  125 7.47 7.5 1.48061 1.48061 1.26574
  126 7.53 6.35714 1.26059 1.26059 1.08173
  127 7.59 7.14286 1.42214 1.42214 1.22197
  128 7.65 6.85714 1.37103 1.37103 1.18006
  129 7.71 6.35714 1.27588 1.27588 1.0982
  130 7.77 8.71429 1.75545 1.75545 1.51907
  131 7.83 6.07143 1.22754 1.22754 1.06179
  132 7.89 6.85714 1.39094 1.39094 1.20507
  133 7.95 7.07143 1.44142 1.44142 1.25077
  134 8.01 8.28571 1.69161 1.69161 1.47136
  135 8.07 6.14286 1.25848 1.25848 1.10034
  136 8.13 5.71429 1.17358 1.17358 1.02647
  137 8.19 8 1.65038 1.65038 1.44349
  138 8.25 7 1.44863 1.44863 1.2715
  139 8.31 7.07143 1.46788 1.46788 1.29012
  140 8.37 7 1.458 1.458 1.27934
  141 8.43 7.14286 1.49022 1.49022 1.31364
  142 8.49 7.35714 1.53946 1.53946 1.35838
  143 8.55 8.42857 1.7681 1.7681 1.56313
  144 8.61 6.85714 1.44474 1.44474 1.27552
  145 8.67 7.92857 1.67473 1.67473 1.48123
  146 8.73 6.64286 1.40568 1.40568 1.24662
  147 8.79 6.42857 1.36462 1.36462 1.21283
  148 8.85 7.5 1.5941 1.5941 1.4195
  149 8.91 6.28571 1.33925 1.33925 1.19129
  150 8.97 7.42857 1.58676 1.58676 1.41835
  151 9.03 7.35714 1.57231 1.57231 1.40536
  152 9.09 7.85714 1.68461 1.68461 1.50721
  153 9.15 7.92857 1.70441 1.70441 1.52848
  154 9.21 7.21429 1.55453 1.55453 1.39406
  155 9.27 6.85714 1.47887 1.47887 1.32945
  156 9.33 7.14286 1.5433 1.5433 1.38943
  157 9.39 7.21429 1.56488 1.56488 1.4067
  158 9.45 6.21429 1.3478 1.3478 1.21335
  159 9.51 7.71429 1.6764 1.6764 1.51323
  160 9.57 7.64286 1.66277 1.66277 1.50235
  161 9.63 8.64286 1.88519 1.88519 1.70015
  162 9.69 7.21429 1.5767 1.5767 1.42279
  163 9.75 7.57143 1.65819 1.65819 1.49797
  164 9.81 6.85714 1.50312 1.50312 1.35879
  165 9.87 7.64286 1.6764 1.6764 1.51808
  166 9.93 7.21429 1.5845 1.5845 1.43696
  167 9.99 7.21429 1.58771 1.58771 1.43779
  168 10.05 7.21429 1.58841 1.58841 1.44073
  169 10.11 7.57143 1.67157 1.67157 1.51602
  170 10.17 7 1.54625 1.54625 1.40379
  171 10.23 7.07143 1.56281 1.56281 1.42206
  172 10.29 8.28571 1.83383 1.83383 1.66878
  173 10.35 7.85714 1.74264 1.74264 1.58535
  174 10.41 7.85714 1.74194 1.74194 1.5853
  175 10.47 5.85714 1.30157 1.30157 1.18532
  176 10.53 9 1.99986 1.99986 1.82308
  177 10.59 8.21429 1.82777 1.82777 1.66522
  178 10.65 6.64286 1.48089 1.48089 1.34884
  179 10.71 7.5 1.67156 1.67156 1.52359
  180 10.77 8.14286 1.81686 1.81686 1.65606
  181 10.83 7.92857 1.7674 1.7674 1.6167
  182 10.89 7.64286 1.70767 1.70767 1.5588
  183 10.95 7 1.56427 1.56427 1.42963
  184 11.01 7.42857 1.66143 1.66143 1.51857
  185 11.07 8 1.79125 1.79125 1.63567
  186 11.13 6.57143 1.4703 1.4703 1.34515
  187 11.19 8 1.79122 1.79122 1.64028
  188 11.25 7.92857 1.77709 1.77709 1.625
  189 11.31 7.14286 1.60194 1.60194 1.46474
  190 11.37 7.71429 1.73131 1.73131 1.58276
  191 11.43 7.21429 1.618 1.618 1.47952
  192 11.49 7.35714 1.65212 1.65212 1.51091
  193 11.55 8.14286 1.82816 1.82816 1.6724
  194 11.61 7.42857 1.66755 1.66755 1.52577
  195 11.67 8.21429 1.84683 1.84683 1.69049
  196 11.73 7.71429 1.73126 1.73126 1.58258
  197 11.79 6.92857 1.55656 1.55656 1.42582
  198 11.85 7 1.57155 1.57155 1.43653
  199 11.91 7.14286 1.60583 1.60583 1.4671
  200 11.97 7.35714 1.65242 1.65242 1.51132
  201 12.03 7.57143 1.70311 1.70311 1.55698
  202 12.09 8.78571 1.97257 1.97257 1.80328
  203 12.15 7 1.57164 1.57164 1.43672
  204 12.21 9.07143 2.03752 2.03752 1.85975
  205 12.27 6.35714 1.42821 1.42821 1.30338
  206 12.33 6.92857 1.55496 1.55496 1.41943
  207 12.39 7.28571 1.63533 1.63533 1.49209
  208 12.45 7.42857 1.66703 1.66703 1.52109
  209 12.51 9 2.01703 2.01703 1.84114
  210 12.57 6.28571 1.40937 1.40937 1.28631
  211 12.63 7.64286 1.71272 1.71272 1.56151
  212 12.69 6.57143 1.47143 1.47143 1.3409
  213 12.75 7.28571 1.63035 1.63035 1.4844
  214 12.81 7.78571 1.7416 1.7416 1.58643
  215 12.87 7.42857 1.66154 1.66154 1.5134
  216 12.93 8.78571 1.96035 1.96035 1.78742
  217 12.99 7.21429 1.61091 1.61091 1.46501
  218 13.05 7.5 1.67351 1.67351 1.52113
  219 13.11 7.28571 1.62352 1.62352 1.47448
  220 13.17 7.78571 1.73281 1.73281 1.57631
  221 13.23 8.21429 1.82647 1.82647 1.66025
  222 13.29 7.35714 1.63557 1.63557 1.48604
  223 13.35 8.64286 1.91993 1.91993 1.74252
  224 13.41 7.35714 1.63414 1.63414 1.48167
  225 13.47 7.92857 1.75699 1.75699 1.59364
  226 13.53 7.28571 1.61147 1.61147 1.46153
  227 13.59 6.64286 1.46836 1.46836 1.33035
  228 13.65 7.21429 1.59295 1.59295 1.44261
  229 13.71 7.21429 1.5923 1.5923 1.44106
  230 13.77 6.64286 1.46325 1.46325 1.32345
  231 13.83 7.64286 1.68246 1.68246 1.52081
  232 13.89 7.57143 1.66344 1.66344 1.50237
  233 13.95 8.07143 1.77084 1.77084 1.60005
  234 14.01 6.57143 1.43943 1.43943 1.29901
  235 14.07 8 1.74964 1.74964 1.57606
  236 14.13 6.64286 1.45016 1.45016 1.30461
  237 14.19 8.28571 1.80631 1.80631 1.62586
  238 14.25 7.5 1.63094 1.63094 1.46486
  239 14.31 7.57143 1.64583 1.64583 1.47702
  240 14.37 6.78571 1.47236 1.47236 1.32017
  241 14.43 7.92857 1.71795 1.71795 1.53876
  242 14.49 7.78571 1.68012 1.68012 1.5057
  243 14.55 7.5 1.61668 1.61668 1.44712
  244 14.61 6.57143 1.41273 1.41273 1.26065
  245 14.67 6.78571 1.45901 1.45901 1.30171
  246 14.73 7.07143 1.5141 1.5141 1.34939
  247 14.79 7.35714 1.57446 1.57446 1.4009
  248 14.85 7.07143 1.50909 1.50909 1.34241
  249 14.91 7.5 1.5955 1.5955 1.41619
  250 14.97 7.35714 1.56247 1.56247 1.38474
  251 15.03 6.92857 1.46731 1.46731 1.29756
  252 15.09 9 1.90066 1.90066 1.67937
  253 15.15 6.35714 1.33975 1.33975 1.18189
  254 15.21 8.28571 1.74125 1.74125 1.53472
  255 15.27 6.71429 1.40714 1.40714 1.23735
  256 15.33 6.92857 1.44746 1.44746 1.27186
  257 15.39 8.35714 1.73931 1.73931 1.52485
  258 15.45 8.78571 1.82631 1.82631 1.59808
  259 15.51 6.35714 1.31722 1.31722 1.14982
  260 15.57 5.64286 1.16572 1.16572 1.01666
  261 15.63 6.85714 1.40966 1.40966 1.22782
  262 15.69 5.64286 1.15624 1.15624 1.00365
  263 15.75 7.42857 1.52123 1.52123 1.31688
  264 15.81 6.57143 1.33953 1.33953 1.15904
  265 15.87 7.35714 1.49399 1.49399 1.29047
  266 15.93 7.64286 1.54515 1.54515 1.33014
  267 15.99 7.42857 1.49691 1.49691 1.28658
  268 16.05 8.07143 1.62112 1.62112 1.39232
  269 16.11 7.14286 1.42763 1.42763 1.22272
  270 16.17 8.28571 1.64983 1.64983 1.40758
  271 16.23 6.07143 1.20377 1.20377 1.02988
  272 16.29 4.85714 0.95887 0.95887 0.815863
  273 16.35 6.71429 1.31922 1.31922 1.11979
  274 16.41 6.71429 1.31484 1.31484 1.11399
  275 16.47 6.35714 1.23947 1.23947 1.0493
  276 16.53 6.35714 1.23151 1.23151 1.04031
  277 16.59 6.64286 1.28154 1.28154 1.08202
  278 16.65 7.07143 1.35638 1.35638 1.14329
  279 16.71 7.21429 1.37972 1.37972 1.15858
  280 16.77 7.07143 1.34191 1.34191 1.12742
  281 16.83 7.64286 1.44548 1.44548 1.2102
  282 16.89 6.35714 1.19429 1.19429 1.00175
  283 16.95 5.85714 1.09708 1.09708 0.919005
  284 17.01 6.78571 1.26329 1.26329 1.05741
  285 17.07 6.35714 1.17727 1.17727 0.982985
  286 17.13 5.5 1.01042 1.01042 0.843851
  287 17.19 6.85714 1.25204 1.25204 1.04675
  288 17.25 6.21429 1.12878 1.12878 0.941206
  289 17.31 6.92857 1.25121 1.25121 1.04259
  290 17.37 7.14286 1.28002 1.28002 1.06803
  291 17.43 7.21429 1.2835 1.2835 1.07155
  292 17.49 6.28571 1.11026 1.11026 0.927119
  293 17.55 5.5 0.966205 0.966205 0.80637
  294 17.61 5.14286 0.896187 0.896187 0.747241
  295 17.67 6.35714 1.10381 1.10381 0.923143
  296 17.73 7.57143 1.30439 1.30439 1.0906
  297 17.79 6.71429 1.14888 1.14888 0.962141
  298 17.85 6.07143 1.02927 1.02927 0.866326
  299 17.91 6.64286 1.1143 1.1143 0.937442
  300 17.97 6.21429 1.03733 1.03733 0.874921
  301 18.03 6.28571 1.03993 1.03993 0.879168
  302 18.09 5.42857 0.890487 0.890487 0.755876
  303 18.15 6 0.979304 0.979304 0.831219
  304 18.21 6.21429 1.00765 1.00765 0.857584
  305 18.27 5.21429 0.833304 0.833304 0.711916
  306 18.33 6.57143 1.04632 1.04632 0.896817
  307 18.39 5.35714 0.843446 0.843446 0.726613
  308 18.45 5.85714 0.913377 0.913377 0.789694
  309 18.51 5.5 0.852991 0.852991 0.740079
  310 18.57 6.21429 0.950461 0.950461 0.83091
  311 18.63 5 0.76031 0.76031 0.666085
  312 18.69 5.5 0.82782 0.82782 0.730047
  313 18.75 5.28571 0.793882 0.793882 0.700137
  314 18.81 5.85714 0.864527 0.864527 0.771246
  315 18.87 5.42857 0.789481 0.789481 0.712615
  316 18.93 5.5 0.795976 0.795976 0.71919
  317 18.99 5.5 0.788039 0.788039 0.716063
  318 19.05 5.57143 0.788397 0.788397 0.724894
  319 19.11 5.71429 0.801076 0.801076 0.739749
  320 19.17 5.64286 0.783352 0.783352 0.729348
  321 19.23 5.5 0.759518 0.759518 0.70806
  322 19.29 4.42857 0.602453 0.602453 0.567885
  323 19.35 5.85714 0.788923 0.788923 0.749622
  324 19.41 4.64286 0.616679 0.616679 0.592851
  325 19.47 4.14286 0.543257 0.543257 0.527149
  326 19.53 4.21429 0.545743 0.545743 0.534706
  327 19.59 5 0.640799 0.640799 0.634164
  328 19.65 4.64286 0.593351 0.593351 0.585784
  329 19.71 4.71429 0.594601 0.594601 0.593878
  330 19.77 4.71429 0.585872 0.585872 0.592996
  331 19.83 4.21429 0.514829 0.514829 0.530149
  332 19.89 4.57143 0.55379 0.55379 0.573594
  333 19.95 3.5 0.417366 0.417366 0.439635
  334 20.01 3.71429 0.439585 0.439585 0.465778
  335 20.07 4.5 0.522977 0.522977 0.563179
  336 20.13 3.57143 0.410952 0.410952 0.44616
  337 20.19 3.35714 0.38492 0.38492 0.418204
  338 20.25 4.21429 0.474564 0.474564 0.52422
  339 20.31 3.42857 0.381837 0.381837 0.425968
  340 20.37 2.85714 0.314026 0.314026 0.354697
  341 20.43 3.28571 0.355601 0.355601 0.408703
  342 20.49 2.85714 0.306995 0.306995 0.354227
  343 20.55 3.28571 0.344657 0.344657 0.409348
  344 20.61 2.5 0.26038 0.26038 0.309965
  345 20.67 3.07143 0.316074 0.316074 0.381418
  346 20.73 3 0.301656 0.301656 0.374302
  347 20.79 2.28571 0.227311 0.227311 0.284748
  348 20.85 2.71429 0.269403 0.269403 0.337193
  349 20.91 2.21429 0.214148 0.214148 0.275207
  350 20.97 1.92857 0.184245 0.184245 0.239885
  351 21.03 2 0.186009 0.186009 0.25107
  352 21.09 2.07143 0.193244 0.193244 0.257769
  353 21.15 1.85714 0.172023 0.172023 0.23104
  354 21.21 2.14286 0.194978 0.194978 0.265228
  355 21.27 1.5 0.135453 0.135453 0.186353
  356 21.33 2.42857 0.213511 0.213511 0.303691
  357 21.39 1.57143 0.137918 0.137918 0.195508
  358 21.45 1.57143 0.135309 0.135309 0.197073
  359 21.51 1.78571 0.152013 0.152013 0.223251
  360 21.57 1.35714 0.113477 0.113477 0.170303
  361 21.63 1.07143 0.0876939 0.0876939 0.135439
  362 21.69 1.57143 0.127122 0.127122 0.19791
  363 21.75 1.42857 0.115564 0.115564 0.179423
  364 21.81 1.28571 0.102538 0.102538 0.162125
  365 21.87 0.857143 0.0671934 0.0671934 0.108577
  366 21.93 1.35714 0.104033 0.104033 0.172455
  367 21.99 1.35714 0.103065 0.103065 0.172687
  368 22.05 0.928571 0.0689233 0.0689233 0.119512
  369 22.11 0.928571 0.0684642 0.0684642 0.118322
  370 22.17 1 0.0729275 0.0729275 0.128036
  371 22.23 0.714286 0.0510482 0.0510482 0.0917316
  372 22.29 0.785714 0.0563008 0.0563008 0.100607
  373 22.35 0.928571 0.0654763 0.0654763 0.118636
  374 22.41 0.714286 0.0496284 0.0496284 0.0927676
  375 22.47 0.642857 0.043886 0.043886 0.0838916
  376 22.53 0.571429 0.0386044 0.0386044 0.0741716
  377 22.59 0.571429 0.0382697 0.0382697 0.0740309
  378 22.65 0.571429 0.0379041 0.0379041 0.0743983
  379 22.71 0.785714 0.0517358 0.0517358 0.102122
  380 22.77 0.714286 0.0457873 0.0457873 0.0942244
  381 22.83 0.857143 0.0555701 0.0555701 0.111267
  382 22.89 0.642857 0.0410221 0.0410221 0.0850249
  383 22.95 0.214286 0.0138215 0.0138215 0.027931
  384 23.01 0.714286 0.0458888 0.0458888 0.0934676
  385 23.07 0.285714 0.0178698 0.0178698 0.0379224
  386 23.13 0.428571 0.0265964 0.0265964 0.0562779
  387 23.19 0.285714 0.0181067 0.0181067 0.0380164
  388 23.25 0.642857 0.0393308 0.0393308 0.0856461
  389 23.31 0.571429 0.0351511 0.0351511 0.0759657
  390 23.37 0.642857 0.0392165 0.0392165 0.0856412
  391 23.43 0.571429 0.0350214 0.0350214 0.0762569
  392 23.49 0.357143 0.0218401 0.0218401 0.0472333
  393 23.55 0.357143 0.0218576 0.0218576 0.0473936
  394 23.61 0.428571 0.026691 0.026691 0.0565879
  395 23.67 0.5 0.0308096 0.0308096 0.0657978
  396 23.73 0.285714 0.0176838 0.0176838 0.038086
112000 396 30000
  1 0.03 0.666667 0.0402032 0.0402032 0.0890955
  2 0.09 0.266667 0.0159725 0.0159725 0.0354726
  3 0.15 0.533333 0.0319348 0.0319348 0.0705668
  4 0.21 0.4 0.024741 0.024741 0.052558
  5 0.27 0.266667 0.0163399 0.0163399 0.0355931
  6 0.33 0.4 0.0247427 0.0247427 0.0526797
  7 0.39 0.333333 0.0205672 0.0205672 0.0438856
  8 0.45 0.6 0.0366847 0.0366847 0.0793644
  9 0.51 0.6 0.03669 0.03669 0.0794941
  10 0.57 0.8 0.0504615 0.0504615 0.104593
  11 0.63 0.533333 0.034092 0.034092 0.0697726
  12 0.69 0.466667 0.0296081 0.0296081 0.0617799
  13 0.75 0.533333 0.0337981 0.0337981 0.0703203
  14 0.81 0.8 0.0519093 0.0519093 0.104454
  15 0.87 0.533333 0.0339271 0.0339271 0.070006
  16 0.93 0.6 0.0396168 0.0396168 0.078131
  17 0.99 0.466667 0.0307028 0.0307028 0.0608686
  18 1.05 1.06667 0.0724187 0.0724187 0.138034
  19 1.11 0.4 0.0274607 0.0274607 0.0517483
  20 1.17 0.4 0.0274248 0.0274248 0.0519093
  21 1.23 0.8 0.0555458 0.0555458 0.102562
  22 1.29 0.933333 0.0650655 0.0650655 0.120735
  23 1.35 0.466667 0.0325769 0.0325769 0.0603272
  24 1.41 0.866667 0.0628952 0.0628952 0.110676
  25 1.47 0.533333 0.0390989 0.0390989 0.0682449
  26 1.53 0.933333 0.0670647 0.0670647 0.119775
  27 1.59 1.13333 0.0839843 0.0839843 0.1446
  28 1.65 0.8 0.0602868 0.0602868 0.101669
  29 1.71 0.933333 0.0699175 0.0699175 0.11894
  30 1.77 0.666667 0.0511512 0.0511512 0.0839254
  31 1.83 1.13333 0.0886262 0.0886262 0.14314
  32 1.89 0.8 0.0628418 0.0628418 0.100992
  33 1.95 1.4 0.110026 0.110026 0.17785
  34 2.01 1.33333 0.108133 0.108133 0.167541
  35 2.07 1.53333 0.125086 0.125086 0.194083
  36 2.13 1.6 0.132028 0.132028 0.201841
  37 2.19 1.26667 0.106955 0.106955 0.158729
  38 2.25 1.8 0.153121 0.153121 0.226057
  39 2.31 1.13333 0.0974538 0.0974538 0.142484
  40 2.37 1.66667 0.146386 0.146386 0.209419
  41 2.43 2.2 0.194948 0.194948 0.276476
  42 2.49 2.2 0.200432 0.200432 0.273672
  43 2.55 1.53333 0.14051 0.14051 0.190718
  44 2.61 1.8 0.16718 0.16718 0.22374
  45 2.67 2.2 0.205097 0.205097 0.27415
  46 2.73 2.33333 0.221394 0.221394 0.291711
  47 2.79 2.26667 0.220066 0.220066 0.282355
  48 2.85 2.26667 0.223731 0.223731 0.28189
  49 2.91 2.73333 0.27221 0.27221 0.339903
  50 2.97 2.93333 0.294987 0.294987 0.364062
  51 3.03 2.93333 0.300552 0.300552 0.363704
  52 3.09 3.33333 0.345659 0.345659 0.414605
  53 3.15 2.4 0.247711 0.247711 0.298502
  54 3.21 3.8 0.400666 0.400666 0.473074
  55 3.27 3.33333 0.359622 0.359622 0.414519
  56 3.33 2.13333 0.23 0.23 0.264871
  57 3.39 3.2 0.353101 0.353101 0.398937
  58 3.45 4.06667 0.4552 0.4552 0.507253
  59 3.51 3.26667 0.369834 0.369834 0.40666
  60 3.57 3.86667 0.444305 0.444305 0.482398
  61 3.63 3.73333 0.43286 0.43286 0.466884
  62 3.69 4.33333 0.507198 0.507198 0.540925
  63 3.75 4.6 0.546614 0.546614 0.57493
  64 3.81 4.66667 0.557822 0.557822 0.583406
  65 3.87 4.26667 0.521665 0.521665 0.534458
  66 3.93 4.33333 0.534589 0.534589 0.544548
  67 3.99 4.33333 0.536719 0.536719 0.543632
  68 4.05 4.4 0.554222 0.554222 0.554697
  69 4.11 4.93333 0.629479 0.629479 0.623366
  70 4.17 3.93333 0.509309 0.509309 0.49642
  71 4.23 5.73333 0.75031 0.75031 0.726487
  72 4.29 5.26667 0.693738 0.693738 0.668701
  73 4.35 4.66667 0.624086 0.624086 0.594212
  74 4.41 4.6 0.618347 0.618347 0.586745
  75 4.47 4.13333 0.565431 0.565431 0.528398
  76 4.53 5.73333 0.790291 0.790291 0.735071
  77 4.59 5.33333 0.743849 0.743849 0.687604
  78 4.65 4.86667 0.685691 0.685691 0.629778
  79 4.71 5.4 0.769702 0.769702 0.698304
  80 4.77 5.6 0.804075 0.804075 0.725316
  81 4.83 5.13333 0.742475 0.742475 0.666132
  82 4.89 5 0.735339 0.735339 0.654087
  83 4.95 5.86667 0.868666 0.868666 0.769895
  84 5.01 6 0.89689 0.89689 0.790512
  85 5.07 5.6 0.842415 0.842415 0.741111
  86 5.13 6.13333 0.938428 0.938428 0.816954
  87 5.19 5.26667 0.807997 0.807997 0.70415
  88 5.25 6.33333 0.981314 0.981314 0.847009
  89 5.31 5.06667 0.793444 0.793444 0.682921
  90 5.37 5.93333 0.937233 0.937233 0.802324
  91 5.43 6.4 1.01808 1.01808 0.869621
  92 5.49 5 0.803193 0.803193 0.68325
  93 5.55 7.06667 1.14435 1.14435 0.971172
  94 5.61 7.26667 1.18697 1.18697 1.00445
  95 5.67 5.6 0.925696 0.925696 0.780409
  96 5.73 6.13333 1.01933 1.01933 0.856602
  97 5.79 5.8 0.970509 0.970509 0.814922
  98 5.85 6 1.00927 1.00927 0.846241
  99 5.91 5.46667 0.92659 0.92659 0.776171
  100 5.97 6 1.0246 1.0246 0.857124
  101 6.03 5.73333 0.98779 0.98779 0.82583
  102 6.09 7.26667 1.2601 1.2601 1.05234
  103 6.15 5.8 1.0131 1.0131 0.846518
  104 6.21 7.13333 1.25636 1.25636 1.04902
  105 6.27 6.66667 1.18111 1.18111 0.983583
  106 6.33 6.13333 1.09183 1.09183 0.914912
  107 6.39 6.2 1.11573 1.11573 0.930347
  108 6.45 6.6 1.19171 1.19171 0.994524
  109 6.51 6.66667 1.21016 1.21016 1.0107
  110 6.57 5.93333 1.08455 1.08455 0.907741
  111 6.63 6.46667 1.19132 1.19132 0.99731
  112 6.69 6.8 1.25789 1.25789 1.05078
  113 6.75 6.4 1.1905 1.1905 1.00021
  114 6.81 6.86667 1.28413 1.28413 1.07873
  115 6.87 6.6 1.23988 1.23988 1.04338
  116 6.93 7.33333 1.38783 1.38783 1.16735
  117 6.99 7.2 1.36833 1.36833 1.15531
  118 7.05 6.4 1.22156 1.22156 1.02892
  119 7.11 6.8 1.30545 1.30545 1.10464
  120 7.17 6.26667 1.20868 1.20868 1.02493
  121 7.23 6.73333 1.3038 1.3038 1.10743
  122 7.29 6.66667 1.29696 1.29696 1.10576
  123 7.35 6.93333 1.35626 1.35626 1.15786
  124 7.41 6.6 1.29608 1.29608 1.10586
  125 7.47 7.66667 1.5124 1.5124 1.29211
  126 7.53 6.46667 1.28142 1.28142 1.09874
  127 7.59 7.06667 1.40637 1.40637 1.20777
  128 7.65 6.8 1.35891 1.35891 1.16895
  129 7.71 6.4 1.28372 1.28372 1.10432
  130 7.77 8.46667 1.70506 1.70506 1.47481
  131 7.83 6 1.21251 1.21251 1.0482
  132 7.89 7.06667 1.43238 1.43238 1.2398
  133 7.95 6.93333 1.41271 1.41271 1.22538
  134 8.01 8.46667 1.72752 1.72752 1.50164
  135 8.07 6.06667 1.24237 1.24237 1.0857
  136 8.13 5.8 1.19063 1.19063 1.0408
  137 8.19 7.93333 1.6359 1.6359 1.43038
  138 8.25 7 1.44792 1.44792 1.27031
  139 8.31 7.33333 1.52112 1.52112 1.33605
  140 8.37 7 1.45714 1.45714 1.27826
  141 8.43 7.06667 1.4738 1.4738 1.29876
  142 8.49 7.13333 1.49224 1.49224 1.31646
  143 8.55 8.53333 1.78915 1.78915 1.58101
  144 8.61 6.73333 1.41806 1.41806 1.25174
  145 8.67 7.53333 1.59103 1.59103 1.40711
  146 8.73 7 1.47996 1.47996 1.31176
  147 8.79 6.46667 1.37186 1.37186 1.21881
  148 8.85 7.4 1.57222 1.57222 1.39966
  149 8.91 6.2 1.32043 1.32043 1.1744
  150 8.97 7.13333 1.52336 1.52336 1.36147
  151 9.03 7.8 1.66569 1.66569 1.48808
  152 9.09 7.8 1.6716 1.6716 1.49526
  153 9.15 8.06667 1.733 1.733 1.55366
  154 9.21 7.06667 1.52214 1.52214 1.36488
  155 9.27 6.8 1.46594 1.46594 1.3176
  156 9.33 7.06667 1.52621 1.52621 1.37379
  157 9.39 7.2 1.56087 1.56087 1.40304
  158 9.45 6.06667 1.31533 1.31533 1.18408
  159 9.51 7.66667 1.66527 1.66527 1.50308
  160 9.57 7.4 1.60951 1.60951 1.45421
  161 9.63 8.93333 1.94701 1.94701 1.75633
  162 9.69 7.26667 1.58718 1.58718 1.43256
  163 9.75 7.6 1.6634 1.6634 1.50302
  164 9.81 6.93333 1.51877 1.51877 1.37336
  165 9.87 7.66667 1.68071 1.68071 1.52252
  166 9.93 7 1.53698 1.53698 1.39412
  167 9.99 7.53333 1.65644 1.65644 1.50116
  168 10.05 7.06667 1.55533 1.55533 1.41112
  169 10.11 7.6 1.67679 1.67679 1.52144
  170 10.17 7.2 1.58916 1.58916 1.44356
  171 10.23 7.13333 1.57556 1.57556 1.4342
  172 10.29 8.13333 1.79935 1.79935 1.63786
  173 10.35 7.66667 1.69971 1.69971 1.54676
  174 10.41 7.66667 1.69912 1.69912 1.54685
  175 10.47 6 1.33217 1.33217 1.21406
  176 10.53 8.66667 1.92527 1.92527 1.75551
  177 10.59 8.13333 1.80882 1.80882 1.64882
  178 10.65 6.8 1.51452 1.51452 1.38068
  179 10.71 7.53333 1.67788 1.67788 1.53049
  180 10.77 8.66667 1.9314 1.9314 1.76301
  181 10.83 7.86667 1.75275 1.75275 1.60421
  182 10.89 7.46667 1.66757 1.66757 1.52301
  183 10.95 6.8 1.51901 1.51901 1.3889
  184 11.01 7.46667 1.66878 1.66878 1.52661
  185 11.07 7.86667 1.76046 1.76046 1.60862
  186 11.13 6.73333 1.50528 1.50528 1.37851
  187 11.19 7.73333 1.73094 1.73094 1.58565
  188 11.25 8 1.79174 1.79174 1.63983
  189 11.31 7.26667 1.62832 1.62832 1.49023
  190 11.37 7.6 1.7047 1.7047 1.55937
  191 11.43 7.6 1.70264 1.70264 1.55905
  192 11.49 7.53333 1.69011 1.69011 1.54735
  193 11.55 7.93333 1.78036 1.78036 1.62951
  194 11.61 7.13333 1.60084 1.60084 1.46521
  195 11.67 8.26667 1.85712 1.85712 1.70131
  196 11.73 7.8 1.74929 1.74929 1.60057
  197 11.79 7.13333 1.60108 1.60108 1.46798
  198 11.85 6.86667 1.54094 1.54094 1.40939
  199 11.91 6.93333 1.55811 1.55811 1.4242
  200 11.97 7.33333 1.6461 1.6461 1.50663
  201 12.03 7.66667 1.72309 1.72309 1.57668
  202 12.09 8.8 1.97459 1.97459 1.80654
  203 12.15 7.2 1.61523 1.61523 1.47809
  204 12.21 9 2.02036 2.02036 1.8454
  205 12.27 6.2 1.39233 1.39233 1.27129
  206 12.33 6.73333 1.51063 1.51063 1.37958
  207 12.39 7.26667 1.63012 1.63012 1.48837
  208 12.45 7.73333 1.73383 1.73383 1.58373
  209 12.51 9.06667 2.03082 2.03082 1.85511
  210 12.57 6.26667 1.40435 1.40435 1.28258
  211 12.63 7.53333 1.68746 1.68746 1.53932
  212 12.69 6.46667 1.44741 1.44741 1.31971
  213 12.75 7.2 1.61052 1.61052 1.46728
  214 12.81 7.8 1.74394 1.74394 1.58969
  215 12.87 7.8 1.74318 1.74318 1.58958
  216 12.93 8.6 1.91842 1.91842 1.74996
  217 12.99 7.13333 1.59223 1.59223 1.44905
  218 13.05 7.33333 1.63585 1.63585 1.48779
  219 13.11 7.33333 1.63347 1.63347 1.48495
  220 13.17 7.86667 1.75019 1.75019 1.59345
  221 13.23 8.2 1.82277 1.82277 1.65808
  222 13.29 7.6 1.68876 1.68876 1.536
  223 13.35 8.33333 1.85089 1.85089 1.68047
  224 13.41 6.93333 1.53993 1.53993 1.39641
  225 13.47 7.8 1.72816 1.72816 1.56837
  226 13.53 7.8 1.72464 1.72464 1.56631
  227 13.59 6.6 1.45865 1.45865 1.32245
  228 13.65 7.46667 1.64824 1.64824 1.4943
  229 13.71 7.2 1.58883 1.58883 1.43895
  230 13.77 6.6 1.45361 1.45361 1.31562
  231 13.83 7.6 1.67274 1.67274 1.51302
  232 13.89 7.33333 1.61103 1.61103 1.45561
  233 13.95 8.06667 1.76961 1.76961 1.59997
  234 14.01 6.93333 1.51853 1.51853 1.37206
  235 14.07 8 1.74955 1.74955 1.57712
  236 14.13 6.66667 1.45535 1.45535 1.31024
  237 14.19 8.06667 1.75857 1.75857 1.58344
  238 14.25 7.53333 1.63834 1.63834 1.47246
  239 14.31 7.6 1.65207 1.65207 1.48343
  240 14.37 6.8 1.47552 1.47552 1.32364
  241 14.43 8 1.73349 1.73349 1.55345
  242 14.49 7.66667 1.65472 1.65472 1.48335
  243 14.55 7.33333 1.58094 1.58094 1.41543
  244 14.61 6.66667 1.43364 1.43364 1.27999
  245 14.67 6.66667 1.43351 1.43351 1.27925
  246 14.73 7 1.49914 1.49914 1.33638
  247 14.79 7.53333 1.61253 1.61253 1.43518
  248 14.85 7.2 1.53699 1.53699 1.36729
  249 14.91 7.2 1.53186 1.53186 1.35969
  250 14.97 7.4 1.57205 1.57205 1.39318
  251 15.03 7 1.48302 1.48302 1.31146
  252 15.09 8.93333 1.88718 1.88718 1.66727
  253 15.15 6.4 1.34927 1.34927 1.19007
  254 15.21 8.33333 1.75195 1.75195 1.54377
  255 15.27 6.8 1.42579 1.42579 1.25355
  256 15.33 6.8 1.42106 1.42106 1.24848
  257 15.39 7.86667 1.63734 1.63734 1.43542
  258 15.45 8.93333 1.85796 1.85796 1.62548
  259 15.51 6.4 1.32674 1.32674 1.15791
  260 15.57 5.8 1.19896 1.19896 1.04523
  261 15.63 7 1.44011 1.44011 1.25359
  262 15.69 5.86667 1.20323 1.20323 1.04372
  263 15.75 7.33333 1.50225 1.50225 1.2999
  264 15.81 6.46667 1.31871 1.31871 1.14041
  265 15.87 7.46667 1.51727 1.51727 1.30926
  266 15.93 7.73333 1.5646 1.5646 1.34564
  267 15.99 7.2 1.45132 1.45132 1.24681
  268 16.05 8 1.60761 1.60761 1.37963
  269 16.11 7.33333 1.46701 1.46701 1.25499
  270 16.17 8.13333 1.62029 1.62029 1.38163
  271 16.23 6.06667 1.20366 1.20366 1.02872
  272 16.29 5.06667 1.00134 1.00134 0.850855
  273 16.35 6.53333 1.28423 1.28423 1.08955
  274 16.41 6.6 1.29314 1.29314 1.095
  275 16.47 6.46667 1.26183 1.26183 1.06718
  276 16.53 6.33333 1.2279 1.2279 1.03648
  277 16.59 7.13333 1.37855 1.37855 1.16185
  278 16.65 6.8 1.30489 1.30489 1.09943
  279 16.71 7.06667 1.35228 1.35228 1.13487
  280 16.77 7.2 1.36803 1.36803 1.14802
  281 16.83 7.46667 1.41295 1.41295 1.18235
  282 16.89 6.26667 1.17826 1.17826 0.987515
  283 16.95 6.26667 1.17555 1.17555 0.982607
  284 17.01 6.6 1.2293 1.2293 1.0282
  285 17.07 6.53333 1.21136 1.21136 1.00991
  286 17.13 5.66667 1.04261 1.04261 0.869292
  287 17.19 6.6 1.20568 1.20568 1.00738
  288 17.25 6.4 1.16412 1.16412 0.969007
  289 17.31 6.93333 1.25344 1.25344 1.04314
  290 17.37 7.26667 1.30397 1.30397 1.08609
  291 17.43 7.2 1.28244 1.28244 1.06911
  292 17.49 6.2 1.09625 1.09625 0.914354
  293 17.55 5.66667 0.997224 0.997224 0.830651
  294 17.61 5.26667 0.9193 0.9193 0.765149
  295 17.67 6.2 1.07728 1.07728 0.900066
  296 17.73 7.53333 1.2991 1.2991 1.08465
  297 17.79 6.4 1.09547 1.09547 0.916958
  298 17.85 6.26667 1.06427 1.06427 0.893425
  299 17.91 6.6 1.1085 1.1085 0.931145
  300 17.97 6.26667 1.04749 1.04749 0.881847
  301 18.03 6.53333 1.08317 1.08317 0.91336
  302 18.09 5.53333 0.9093 0.9093 0.770077
  303 18.15 5.73333 0.93616 0.93616 0.794152
  304 18.21 6.4 1.03938 1.03938 0.88262
  305 18.27 5.2 0.832128 0.832128 0.70987
  306 18.33 6.8 1.08454 1.08454 0.927515
  307 18.39 5.2 0.819298 0.819298 0.70518
  308 18.45 5.86667 0.916163 0.916163 0.790857
  309 18.51 5.73333 0.890924 0.890924 0.771147
  310 18.57 6.26667 0.960034 0.960034 0.837762
  311 18.63 4.93333 0.751026 0.751026 0.657154
  312 18.69 5.6 0.84452 0.84452 0.743296
  313 18.75 5.4 0.812017 0.812017 0.71518
  314 18.81 5.6 0.827026 0.827026 0.737424
  315 18.87 5.46667 0.796463 0.796463 0.71768
  316 18.93 5.26667 0.762681 0.762681 0.688745
  317 18.99 5.66667 0.813795 0.813795 0.738167
  318 19.05 5.66667 0.803568 0.803568 0.737469
  319 19.11 5.6 0.786024 0.786024 0.725147
  320 19.17 5.46667 0.759487 0.759487 0.706676
  321 19.23 5.4 0.7464 0.7464 0.695391
  322 19.29 4.46667 0.608662 0.608662 0.573048
  323 19.35 5.8 0.782196 0.782196 0.742552
  324 19.41 4.73333 0.630083 0.630083 0.604746
  325 19.47 4.2 0.551931 0.551931 0.534815
  326 19.53 4.4 0.571484 0.571484 0.558919
  327 19.59 5.26667 0.677185 0.677185 0.668792
  328 19.65 4.73333 0.605746 0.605746 0.597943
  329 19.71 4.6 0.580683 0.580683 0.579861
  330 19.77 4.6 0.572242 0.572242 0.579001
  331 19.83 4.2 0.514089 0.514089 0.528834
  332 19.89 4.33333 0.525151 0.525151 0.543856
  333 19.95 3.4 0.405935 0.405935 0.427316
  334 20.01 3.6 0.42647 0.42647 0.451701
  335 20.07 4.6 0.535939 0.535939 0.576569
  336 20.13 3.53333 0.407119 0.407119 0.441889
  337 20.19 3.46667 0.397976 0.397976 0.432748
  338 20.25 4.06667 0.458272 0.458272 0.506239
  339 20.31 3.33333 0.371517 0.371517 0.414534
  340 20.37 3 0.330335 0.330335 0.373458
  341 20.43 3.33333 0.361476 0.361476 0.415389
  342 20.49 3.06667 0.330331 0.330331 0.381555
  343 20.55 3.26667 0.343213 0.343213 0.40756
  344 20.61 2.53333 0.264291 0.264291 0.314799
  345 20.67 3 0.308994 0.308994 0.372979
  346 20.73 3.06667 0.309035 0.309035 0.383358
  347 20.79 2.26667 0.225756 0.225756 0.282778
  348 20.85 2.86667 0.285082 0.285082 0.357274
  349 20.91 2.4 0.232948 0.232948 0.299488
  350 20.97 1.86667 0.178464 0.178464 0.232437
  351 21.03 1.86667 0.173609 0.173609 0.234332
  352 21.09 2.06667 0.193143 0.193143 0.257708
  353 21.15 1.86667 0.173083 0.173083 0.232777
  354 21.21 2.2 0.200496 0.200496 0.273284
  355 21.27 1.6 0.144648 0.144648 0.199713
  356 21.33 2.33333 0.205264 0.205264 0.292045
  357 21.39 1.6 0.140622 0.140622 0.199678
  358 21.45 1.46667 0.126288 0.126288 0.183934
  359 21.51 2 0.17061 0.17061 0.251415
  360 21.57 1.26667 0.105912 0.105912 0.158949
  361 21.63 1.06667 0.0874573 0.0874573 0.135023
  362 21.69 1.46667 0.118647 0.118647 0.184716
  363 21.75 1.4 0.113291 0.113291 0.176089
  364 21.81 1.2 0.0957025 0.0957025 0.151316
  365 21.87 0.933333 0.0733648 0.0733648 0.118622
  366 21.93 1.33333 0.102355 0.102355 0.16961
  367 21.99 1.26667 0.0961944 0.0961944 0.161174
  368 22.05 0.866667 0.0643284 0.0643284 0.111544
  369 22.11 0.866667 0.0639 0.0639 0.110434
  370 22.17 0.933333 0.0680657 0.0680657 0.119501
  371 22.23 0.8 0.0574539 0.0574539 0.102979
  372 22.29 0.8 0.0573867 0.0573867 0.102586
  373 22.35 1 0.0706453 0.0706453 0.128104
  374 22.41 0.666667 0.0463199 0.0463199 0.0865831
  375 22.47 0.666667 0.045646 0.045646 0.086992
  376 22.53 0.6 0.0406636 0.0406636 0.0779231
  377 22.59 0.533333 0.0357184 0.0357184 0.0690955
  378 22.65 0.666667 0.0443921 0.0443921 0.0868418
  379 22.71 0.8 0.0527762 0.0527762 0.104016
  380 22.77 0.666667 0.0427348 0.0427348 0.0879428
  381 22.83 0.8 0.0518654 0.0518654 0.103849
  382 22.89 0.733333 0.047005 0.047005 0.0967965
  383 22.95 0.4 0.0258454 0.0258454 0.0522672
  384 23.01 0.733333 0.047122 0.047122 0.0959743
  385 23.07 0.266667 0.0166785 0.0166785 0.0353943
  386 23.13 0.4 0.0248233 0.0248233 0.052526
  387 23.19 0.333333 0.0211022 0.0211022 0.0442411
  388 23.25 0.666667 0.0408756 0.0408756 0.0887108
  389 23.31 0.533333 0.0328077 0.0328077 0.0709013
  390 23.37 0.6 0.0366021 0.0366021 0.0799318
  391 23.43 0.533333 0.0326866 0.0326866 0.0711731
  392 23.49 0.333333 0.0203841 0.0203841 0.0440844
  393 23.55 0.333333 0.0204004 0.0204004 0.0442341
  394 23.61 0.4 0.0249116 0.0249116 0.0528154
  395 23.67 0.6 0.0368818 0.0368818 0.078954
  396 23.73 0.266667 0.0165048 0.0165048 0.0355469
120000 396 32000
  1 0.03 0.6875 0.0416144 0.0416144 0.091676
  2 0.09 0.25 0.0149742 0.0149742 0.0332555
  3 0.15 0.5625 0.0338616 0.0338616 0.0743029
  4 0.21 0.4375 0.0271226 0.0271226 0.0574258
  5 0.27 0.25 0.0153187 0.0153187 0.0333685
  6 0.33 0.375 0.0231962 0.0231962 0.0493872
  7 0.39 0.3125 0.0192817 0.0192817 0.0411428
  8 0.45 0.5625 0.0343919 0.0343919 0.0744041
  9 0.51 0.625 0.0383827 0.0383827 0.0825571
  10 0.57 0.75 0.0473077 0.0473077 0.0980557
  11 0.63 0.5 0.0319612 0.0319612 0.0654118
  12 0.69 0.4375 0.0277576 0.0277576 0.0579186
  13 0.75 0.625 0.0398077 0.0398077 0.0817692
  14 0.81 0.8125 0.0527534 0.0527534 0.105816
  15 0.87 0.5625 0.0359378 0.0359378 0.0734796
  16 0.93 0.625 0.0412894 0.0412894 0.0810839
  17 0.99 0.625 0.0412876 0.0412876 0.0805429
  18 1.05 1.0625 0.0721168 0.0721168 0.137209
  19 1.11 0.375 0.0257444 0.0257444 0.048514
  20 1.17 0.5 0.0342985 0.0342985 0.0642093
  21 1.23 0.75 0.0520742 0.0520742 0.096152
  22 1.29 0.9375 0.0653842 0.0653842 0.120936
  23 1.35 0.4375 0.0305409 0.0305409 0.0565567
  24 1.41 0.9375 0.0679069 0.0679069 0.119221
  25 1.47 0.5625 0.041185 0.041185 0.0716861
  26 1.53 1 0.0719982 0.0719982 0.127677
  27 1.59 1.1875 0.0879529 0.0879529 0.150912
  28 1.65 0.875 0.0658258 0.0658258 0.110632
  29 1.71 0.875 0.0655476 0.0655476 0.111506
  30 1.77 0.8125 0.0622707 0.0622707 0.101598
  31 1.83 1.1875 0.0927155 0.0927155 0.149469
  32 1.89 0.75 0.0589142 0.0589142 0.0946802
  33 1.95 1.375 0.108095 0.108095 0.174357
  34 2.01 1.3125 0.106401 0.106401 0.164679
  35 2.07 1.4375 0.117268 0.117268 0.181952
  36 2.13 1.5625 0.128887 0.128887 0.196842
  37 2.19 1.3125 0.110674 0.110674 0.164045
  38 2.25 1.75 0.148835 0.148835 0.219554
  39 2.31 1.1875 0.101999 0.101999 0.14884
  40 2.37 1.625 0.142621 0.142621 0.203969
  41 2.43 2.375 0.210119 0.210119 0.297422
  42 2.49 2.0625 0.187905 0.187905 0.256567
  43 2.55 1.625 0.148551 0.148551 0.201753
  44 2.61 1.8125 0.168062 0.168062 0.225066
  45 2.67 2.0625 0.192278 0.192278 0.257016
  46 2.73 2.375 0.225049 0.225049 0.29648
  47 2.79 2.3125 0.224035 0.224035 0.287731
  48 2.85 2.4375 0.23958 0.23958 0.302678
  49 2.91 2.5625 0.255197 0.255197 0.318659
  50 2.97 3.0625 0.307218 0.307218 0.379826
  51 3.03 2.875 0.294243 0.294243 0.356401
  52 3.09 3.3125 0.342972 0.342972 0.411847
  53 3.15 2.5625 0.264038 0.264038 0.318449
  54 3.21 3.8125 0.401332 0.401332 0.474393
  55 3.27 3.1875 0.343671 0.343671 0.396333
  56 3.33 2.0625 0.222247 0.222247 0.256036
  57 3.39 3.4375 0.377926 0.377926 0.428045
  58 3.45 4.25 0.474121 0.474121 0.529619
  59 3.51 3.25 0.367327 0.367327 0.404435
  60 3.57 3.6875 0.423458 0.423458 0.459983
  61 3.63 3.75 0.433905 0.433905 0.468704
  62 3.69 4.625 0.539603 0.539603 0.577049
  63 3.75 4.4375 0.526912 0.526912 0.554579
  64 3.81 4.5 0.537549 0.537549 0.562549
  65 3.87 4.125 0.503786 0.503786 0.516687
  66 3.93 4.1875 0.516148 0.516148 0.526199
  67 3.99 4.1875 0.518265 0.518265 0.525365
  68 4.05 4.1875 0.527208 0.527208 0.527897
  69 4.11 4.8125 0.613168 0.613168 0.608023
  70 4.17 3.9375 0.508724 0.508724 0.496945
  71 4.23 5.875 0.766481 0.766481 0.744291
  72 4.29 5.3125 0.698104 0.698104 0.674412
  73 4.35 4.625 0.617293 0.617293 0.588864
  74 4.41 4.6875 0.628552 0.628552 0.597925
  75 4.47 4.1875 0.571204 0.571204 0.535395
  76 4.53 5.75 0.79077 0.79077 0.737365
  77 4.59 5.25 0.73101 0.73101 0.676929
  78 4.65 4.875 0.685176 0.685176 0.630911
  79 4.71 5.5 0.781643 0.781643 0.711718
  80 4.77 5.3125 0.762491 0.762491 0.688175
  81 4.83 5.375 0.774814 0.774814 0.698515
  82 4.89 4.75 0.698226 0.698226 0.621476
  83 4.95 5.6875 0.841164 0.841164 0.74671
  84 5.01 5.9375 0.885813 0.885813 0.782797
  85 5.07 5.625 0.84427 0.84427 0.745014
  86 5.13 6.0625 0.925633 0.925633 0.807921
  87 5.19 5.125 0.785248 0.785248 0.685465
  88 5.25 6.3125 0.975984 0.975984 0.844948
  89 5.31 4.875 0.762746 0.762746 0.657313
  90 5.37 6.1875 0.973629 0.973629 0.837875
  91 5.43 6.6875 1.05992 1.05992 0.910216
  92 5.49 5 0.801283 0.801283 0.68392
  93 5.55 7.25 1.1703 1.1703 0.997694
  94 5.61 7 1.14222 1.14222 0.967936
  95 5.67 5.5 0.907416 0.907416 0.76682
  96 5.73 6 0.995502 0.995502 0.838418
  97 5.79 5.8125 0.970262 0.970262 0.817347
  98 5.85 6.125 1.02745 1.02745 0.864853
  99 5.91 5.5 0.930033 0.930033 0.781514
  100 5.97 5.9375 1.01203 1.01203 0.848622
  101 6.03 5.375 0.926053 0.926053 0.774215
  102 6.09 7.1875 1.24409 1.24409 1.04128
  103 6.15 5.9375 1.0339 1.0339 0.866932
  104 6.21 6.9375 1.22027 1.22027 1.02045
  105 6.27 6.5 1.14992 1.14992 0.959287
  106 6.33 6.375 1.13102 1.13102 0.951425
  107 6.39 6.0625 1.08929 1.08929 0.909981
  108 6.45 6.6875 1.20435 1.20435 1.0084
  109 6.51 6.875 1.24407 1.24407 1.0431
  110 6.57 5.8125 1.0609 1.0609 0.889491
  111 6.63 6.375 1.17235 1.17235 0.983346
  112 6.69 6.8125 1.2574 1.2574 1.05326
  113 6.75 6.375 1.1835 1.1835 0.996554
  114 6.81 6.875 1.28308 1.28308 1.0805
  115 6.87 6.5625 1.23068 1.23068 1.03784
  116 6.93 7.1875 1.35827 1.35827 1.14437
  117 6.99 7.3125 1.38637 1.38637 1.17368
  118 7.05 6.4375 1.22621 1.22621 1.0355
  119 7.11 6.875 1.31696 1.31696 1.11717
  120 7.17 6.25 1.20328 1.20328 1.02238
  121 7.23 6.8125 1.31632 1.31632 1.12068
  122 7.29 6.75 1.31047 1.31047 1.11968
  123 7.35 6.75 1.31897 1.31897 1.12722
  124 7.41 6.5625 1.28668 1.28668 1.09969
  125 7.47 7.6875 1.51376 1.51376 1.29559
  126 7.53 6.3125 1.24953 1.24953 1.0724
  127 7.59 7 1.3911 1.3911 1.19604
  128 7.65 6.6875 1.3348 1.3348 1.14932
  129 7.71 6.5 1.30117 1.30117 1.12113
  130 7.77 8.5 1.70888 1.70888 1.47962
  131 7.83 6.0625 1.223 1.223 1.05845
  132 7.89 7 1.41711 1.41711 1.22754
  133 7.95 6.9375 1.41138 1.41138 1.22525
  134 8.01 8.625 1.75686 1.75686 1.52862
  135 8.07 6.1875 1.26494 1.26494 1.10611
  136 8.13 5.75 1.17907 1.17907 1.03117
  137 8.19 7.75 1.59679 1.59679 1.39673
  138 8.25 6.875 1.42079 1.42079 1.24693
  139 8.31 7.1875 1.48969 1.48969 1.30886
  140 8.37 7.125 1.48094 1.48094 1.30011
  141 8.43 6.8125 1.4201 1.4201 1.25163
  142 8.49 7.3125 1.52749 1.52749 1.34811
  143 8.55 8.4375 1.76756 1.76756 1.5622
  144 8.61 6.6875 1.40706 1.40706 1.24236
  145 8.67 7.5 1.58248 1.58248 1.39982
  146 8.73 7.0625 1.4916 1.4916 1.3222
  147 8.79 6.5 1.37751 1.37751 1.22374
  148 8.85 7.3125 1.55252 1.55252 1.38193
  149 8.91 6.25 1.32988 1.32988 1.18269
  150 8.97 7.4375 1.58629 1.58629 1.41691
  151 9.03 7.75 1.65408 1.65408 1.47735
  152 9.09 7.625 1.63335 1.63335 1.46077
  153 9.15 8 1.71766 1.71766 1.53942
  154 9.21 7.125 1.53354 1.53354 1.3746
  155 9.27 6.8125 1.46781 1.46781 1.31875
  156 9.33 6.75 1.45762 1.45762 1.31191
  157 9.39 7.1875 1.55725 1.55725 1.39945
  158 9.45 6.4375 1.39449 1.39449 1.25456
  159 9.51 7.8125 1.69595 1.69595 1.52981
  160 9.57 7.375 1.60343 1.60343 1.44796
  161 9.63 8.8125 1.92009 1.92009 1.73139
  162 9.69 7.125 1.55579 1.55579 1.40375
  163 9.75 7.75 1.69534 1.69534 1.53078
  164 9.81 6.9375 1.51915 1.51915 1.37291
  165 9.87 7.6875 1.6848 1.6848 1.52514
  166 9.93 7 1.53659 1.53659 1.39263
  167 9.99 7.5 1.64875 1.64875 1.49307
  168 10.05 7 1.54043 1.54043 1.39654
  169 10.11 7.3125 1.61321 1.61321 1.46323
  170 10.17 7.125 1.57243 1.57243 1.42723
  171 10.23 7.375 1.62877 1.62877 1.48031
  172 10.29 8.125 1.79736 1.79736 1.63443
  173 10.35 7.6875 1.70414 1.70414 1.54931
  174 10.41 7.6875 1.7037 1.7037 1.54958
  175 10.47 6.25 1.38756 1.38756 1.26275
  176 10.53 8.625 1.91602 1.91602 1.74568
  177 10.59 8 1.77916 1.77916 1.6208
  178 10.65 6.6875 1.48948 1.48948 1.35709
  179 10.71 7.6875 1.71237 1.71237 1.56043
  180 10.77 8.6875 1.93628 1.93628 1.76603
  181 10.83 7.8125 1.74099 1.74099 1.59208
  182 10.89 7.5 1.67518 1.67518 1.52856
  183 10.95 6.75 1.50804 1.50804 1.37767
  184 11.01 7.375 1.64853 1.64853 1.50685
  185 11.07 7.9375 1.77661 1.77661 1.62167
  186 11.13 6.625 1.48136 1.48136 1.35553
  187 11.19 7.9375 1.77722 1.77722 1.6256
  188 11.25 7.9375 1.77814 1.77814 1.62584
  189 11.31 7.375 1.65313 1.65313 1.51095
  190 11.37 8 1.79516 1.79516 1.63906
  191 11.43 7.4375 1.66662 1.66662 1.52491
  192 11.49 7.5625 1.69719 1.69719 1.55199
  193 11.55 7.6875 1.72547 1.72547 1.57838
  194 11.61 6.9375 1.55719 1.55719 1.42442
  195 11.67 8.375 1.88213 1.88213 1.72209
  196 11.73 7.9375 1.7811 1.7811 1.62769
  197 11.79 7.25 1.62808 1.62808 1.49065
  198 11.85 6.625 1.487 1.487 1.35944
  199 11.91 7.0625 1.58786 1.58786 1.44958
  200 11.97 7.5625 1.69863 1.69863 1.55227
  201 12.03 7.75 1.74257 1.74257 1.59249
  202 12.09 8.6875 1.95011 1.95011 1.78249
  203 12.15 7.25 1.62734 1.62734 1.48721
  204 12.21 8.9375 2.00716 2.00716 1.83155
  205 12.27 6 1.34771 1.34771 1.2299
  206 12.33 7.0625 1.5858 1.5858 1.44571
  207 12.39 7.25 1.62716 1.62716 1.48423
  208 12.45 7.625 1.71024 1.71024 1.56093
  209 12.51 9.25 2.07341 2.07341 1.89156
  210 12.57 6.0625 1.35894 1.35894 1.24051
  211 12.63 7.5 1.68083 1.68083 1.53201
  212 12.69 6.6875 1.49808 1.49808 1.36431
  213 12.75 7.25 1.62273 1.62273 1.47725
  214 12.81 7.75 1.73365 1.73365 1.57928
  215 12.87 7.875 1.76109 1.76109 1.60457
  216 12.93 8.4375 1.88306 1.88306 1.7168
  217 12.99 7.0625 1.5772 1.5772 1.43465
  218 13.05 7.375 1.64619 1.64619 1.49628
  219 13.11 7.5 1.67199 1.67199 1.51879
  220 13.17 7.9375 1.76726 1.76726 1.6077
  221 13.23 7.875 1.75096 1.75096 1.59235
  222 13.29 7.8125 1.73752 1.73752 1.57883
  223 13.35 8.3125 1.84734 1.84734 1.67637
  224 13.41 6.875 1.52771 1.52771 1.38483
  225 13.47 7.625 1.69011 1.69011 1.53342
  226 13.53 7.8125 1.72867 1.72867 1.56927
  227 13.59 6.6875 1.47918 1.47918 1.34053
  228 13.65 7.3125 1.61494 1.61494 1.46378
  229 13.71 7.5 1.6567 1.6567 1.49979
  230 13.77 6.625 1.46015 1.46015 1.32122
  231 13.83 7.8125 1.72105 1.72105 1.5562
  232 13.89 7.4375 1.63527 1.63527 1.47712
  233 13.95 7.9375 1.74218 1.74218 1.57475
  234 14.01 6.875 1.50667 1.50667 1.36089
  235 14.07 8.125 1.77843 1.77843 1.60262
  236 14.13 6.625 1.44719 1.44719 1.30264
  237 14.19 8 1.74511 1.74511 1.57105
  238 14.25 7.3125 1.59098 1.59098 1.42985
  239 14.31 7.4375 1.61749 1.61749 1.45242
  240 14.37 6.875 1.49296 1.49296 1.3395
  241 14.43 7.8125 1.69359 1.69359 1.51792
  242 14.49 7.625 1.64695 1.64695 1.47666
  243 14.55 7.375 1.59124 1.59124 1.42499
  244 14.61 6.8125 1.46653 1.46653 1.30987
  245 14.67 6.875 1.47969 1.47969 1.32096
  246 14.73 7.125 1.52748 1.52748 1.36212
  247 14.79 7.8125 1.67397 1.67397 1.49039
  248 14.85 7.4375 1.58941 1.58941 1.41433
  249 14.91 6.875 1.46303 1.46303 1.29865
  250 14.97 7.3125 1.55438 1.55438 1.37771
  251 15.03 6.8125 1.44392 1.44392 1.27702
  252 15.09 8.75 1.84945 1.84945 1.63413
  253 15.15 6.6875 1.41155 1.41155 1.2454
  254 15.21 8.3125 1.74883 1.74883 1.54133
  255 15.27 6.5 1.36319 1.36319 1.1986
  256 15.33 6.9375 1.45127 1.45127 1.27543
  257 15.39 7.875 1.6405 1.6405 1.43855
  258 15.45 8.625 1.79442 1.79442 1.57006
  259 15.51 6.25 1.29622 1.29622 1.13145
  260 15.57 6.0625 1.25466 1.25466 1.09417
  261 15.63 7.125 1.46737 1.46737 1.27771
  262 15.69 6.3125 1.29677 1.29677 1.12585
  263 15.75 7.3125 1.4989 1.4989 1.29766
  264 15.81 6.375 1.30072 1.30072 1.12524
  265 15.87 7.375 1.49951 1.49951 1.29446
  266 15.93 7.75 1.56922 1.56922 1.35053
  267 15.99 7.1875 1.44991 1.44991 1.24638
  268 16.05 7.75 1.558 1.558 1.33745
  269 16.11 7.1875 1.43863 1.43863 1.23119
  270 16.17 8.125 1.61987 1.61987 1.38203
  271 16.23 6.1875 1.22886 1.22886 1.05054
  272 16.29 5.1875 1.02624 1.02624 0.872422
  273 16.35 6.5 1.27869 1.27869 1.08516
  274 16.41 6.8125 1.33628 1.33628 1.13196
  275 16.47 6.3125 1.2323 1.2323 1.04229
  276 16.53 6.5 1.26171 1.26171 1.06511
  277 16.59 6.8125 1.31682 1.31682 1.1098
  278 16.65 7 1.3449 1.3449 1.13281
  279 16.71 6.9375 1.32826 1.32826 1.11464
  280 16.77 7.25 1.37894 1.37894 1.15695
  281 16.83 7.4375 1.40853 1.40853 1.1785
  282 16.89 6.4375 1.21187 1.21187 1.01515
  283 16.95 6.1875 1.16138 1.16138 0.97051
  284 17.01 6.625 1.23491 1.23491 1.03236
  285 17.07 6.75 1.25288 1.25288 1.04395
  286 17.13 5.6875 1.04741 1.04741 0.872875
  287 17.19 6.5 1.18829 1.18829 0.992321
  288 17.25 6.3125 1.14896 1.14896 0.955961
  289 17.31 6.875 1.24372 1.24372 1.03452
  290 17.37 7.25 1.30198 1.30198 1.08373
  291 17.43 7.0625 1.25874 1.25874 1.04881
  292 17.49 6.1875 1.09495 1.09495 0.912668
  293 17.55 5.6875 1.00169 1.00169 0.833929
  294 17.61 5.4375 0.950249 0.950249 0.790498
  295 17.67 6.25 1.08685 1.08685 0.90757
  296 17.73 7.4375 1.28342 1.28342 1.07126
  297 17.79 6.625 1.1352 1.1352 0.949721
  298 17.85 6.3125 1.07293 1.07293 0.900298
  299 17.91 6.625 1.11389 1.11389 0.935318
  300 17.97 6.1875 1.03501 1.03501 0.87105
  301 18.03 6.5 1.07841 1.07841 0.909083
  302 18.09 5.5 0.904565 0.904565 0.765769
  303 18.15 5.6875 0.929322 0.929322 0.788105
  304 18.21 6.3125 1.02564 1.02564 0.870794
  305 18.27 5.1875 0.830904 0.830904 0.708642
  306 18.33 6.6875 1.06721 1.06721 0.91257
  307 18.39 5.1875 0.818011 0.818011 0.703976
  308 18.45 6 0.938114 0.938114 0.809817
  309 18.51 6.125 0.953081 0.953081 0.825264
  310 18.57 6.3125 0.968107 0.968107 0.844922
  311 18.63 4.9375 0.752195 0.752195 0.658477
  312 18.69 5.6875 0.858614 0.858614 0.756078
  313 18.75 5.4375 0.818035 0.818035 0.721072
  314 18.81 5.625 0.83162 0.83162 0.741761
  315 18.87 5.4375 0.793147 0.793147 0.71465
  316 18.93 5.25 0.76104 0.76104 0.687313
  317 18.99 5.75 0.826592 0.826592 0.749993
  318 19.05 5.5625 0.789282 0.789282 0.724353
  319 19.11 5.4375 0.763578 0.763578 0.704483
  320 19.17 5.3125 0.738468 0.738468 0.68711
  321 19.23 5.5 0.760958 0.760958 0.70919
  322 19.29 4.5625 0.622417 0.622417 0.586145
  323 19.35 5.6875 0.767549 0.767549 0.728692
  324 19.41 4.6875 0.624476 0.624476 0.599404
  325 19.47 4.25 0.559295 0.559295 0.541901
  326 19.53 4.3125 0.560634 0.560634 0.548272
  327 19.59 5.125 0.659423 0.659423 0.651263
  328 19.65 4.6875 0.600307 0.600307 0.592905
  329 19.71 4.6875 0.592285 0.592285 0.592006
  330 19.77 4.625 0.57601 0.57601 0.58305
  331 19.83 4.25 0.520964 0.520964 0.535913
  332 19.89 4.25 0.515414 0.515414 0.533899
  333 19.95 3.625 0.433835 0.433835 0.456607
  334 20.01 3.875 0.460292 0.460292 0.487412
  335 20.07 4.625 0.539697 0.539697 0.58043
  336 20.13 3.5625 0.411089 0.411089 0.446172
  337 20.19 3.625 0.416672 0.416672 0.453561
  338 20.25 4.0625 0.458299 0.458299 0.506515
  339 20.31 3.25 0.362493 0.362493 0.404589
  340 20.37 3.0625 0.337607 0.337607 0.382065
  341 20.43 3.3125 0.359588 0.359588 0.413397
  342 20.49 3.0625 0.330143 0.330143 0.381689
  343 20.55 3.25 0.341959 0.341959 0.406085
  344 20.61 2.5 0.261014 0.261014 0.311147
  345 20.67 2.8125 0.289682 0.289682 0.349668
  346 20.73 3.0625 0.309045 0.309045 0.383492
  347 20.79 2.375 0.237166 0.237166 0.297239
  348 20.85 2.8125 0.279847 0.279847 0.351023
  349 20.91 2.375 0.230806 0.230806 0.29686
  350 20.97 1.875 0.17953 0.17953 0.234003
  351 21.03 1.9375 0.180971 0.180971 0.243837
  352 21.09 2 0.187074 0.187074 0.249657
  353 21.15 1.9375 0.179998 0.179998 0.242401
  354 21.21 2.125 0.193814 0.193814 0.264265
  355 21.27 1.5 0.135608 0.135608 0.187231
  356 21.33 2.1875 0.192435 0.192435 0.273792
  357 21.39 1.5 0.131833 0.131833 0.187198
  358 21.45 1.375 0.118395 0.118395 0.172439
  359 21.51 1.9375 0.165349 0.165349 0.243813
  360 21.57 1.4375 0.120738 0.120738 0.181481
  361 21.63 1.0625 0.0872557 0.0872557 0.134712
  362 21.69 1.5 0.121664 0.121664 0.189435
  363 21.75 1.3125 0.10621 0.10621 0.165084
  364 21.81 1.1875 0.0948235 0.0948235 0.150005
  365 21.87 0.9375 0.0737991 0.0737991 0.11936
  366 21.93 1.375 0.105898 0.105898 0.175318
  367 21.99 1.1875 0.0901822 0.0901822 0.151101
  368 22.05 0.875 0.065142 0.065142 0.112743
  369 22.11 1 0.0741943 0.0741943 0.128072
  370 22.17 0.9375 0.0685241 0.0685241 0.120223
  371 22.23 0.75 0.053863 0.053863 0.0965426
  372 22.29 0.75 0.0538 0.0538 0.0961739
  373 22.35 1 0.0707837 0.0707837 0.12833
  374 22.41 0.6875 0.0479523 0.0479523 0.0894128
  375 22.47 0.75 0.0517386 0.0517386 0.0980823
  376 22.53 0.625 0.0425287 0.0425287 0.0813346
  377 22.59 0.5 0.033486 0.033486 0.0647771
  378 22.65 0.6875 0.045957 0.045957 0.0896969
  379 22.71 0.875 0.0580436 0.0580436 0.114084
  380 22.77 0.8125 0.0527973 0.0527973 0.10729
  381 22.83 0.8125 0.0528406 0.0528406 0.105637
  382 22.89 0.75 0.0482325 0.0482325 0.0990172
  383 22.95 0.4375 0.0283672 0.0283672 0.0572626
  384 23.01 0.8125 0.0524029 0.0524029 0.106486
  385 23.07 0.25 0.0156361 0.0156361 0.0331821
  386 23.13 0.375 0.0232719 0.0232719 0.0492432
  387 23.19 0.3125 0.0197833 0.0197833 0.0414761
  388 23.25 0.6875 0.042337 0.042337 0.0914031
  389 23.31 0.5 0.0307572 0.0307572 0.0664699
  390 23.37 0.625 0.0383035 0.0383035 0.0831545
  391 23.43 0.5 0.0306437 0.0306437 0.0667248
  392 23.49 0.3125 0.01911 0.01911 0.0413291
  393 23.55 0.3125 0.0191254 0.0191254 0.0414694
  394 23.61 0.4375 0.0272897 0.0272897 0.0576728
  395 23.67 0.625 0.038508 0.038508 0.0821727
  396 23.73 0.3125 0.0193985 0.0193985 0.0414748
128000 396 34000
  1 0.03 0.647059 0.0391665 0.0391665 0.0862833
  2 0.09 0.235294 0.0140934 0.0140934 0.0312993
  3 0.15 0.588235 0.035263 0.035263 0.0778712
  4 0.21 0.470588 0.0289336 0.0289336 0.0619797
  5 0.27 0.235294 0.0144176 0.0144176 0.0314057
  6 0.33 0.352941 0.0218318 0.0218318 0.0464821
  7 0.39 0.294118 0.0181475 0.0181475 0.0387226
  8 0.45 0.588235 0.0358479 0.0358479 0.0779034
  9 0.51 0.588235 0.0361249 0.0361249 0.0777008
  10 0.57 0.705882 0.0445249 0.0445249 0.0922878
  11 0.63 0.529412 0.0336308 0.0336308 0.0693891
  12 0.69 0.411765 0.0261248 0.0261248 0.0545116
  13 0.75 0.588235 0.0374661 0.0374661 0.0769592
  14 0.81 0.823529 0.0533007 0.0533007 0.10738
  15 0.87 0.529412 0.0338238 0.0338238 0.0691572
  16 0.93 0.588235 0.0388606 0.0388606 0.0763142
  17 0.99 0.588235 0.0388589 0.0388589 0.0758051
  18 1.05 1 0.0678747 0.0678747 0.129138
  19 1.11 0.352941 0.02423 0.02423 0.0456603
  20 1.17 0.470588 0.0322809 0.0322809 0.0604323
  21 1.23 0.823529 0.0568463 0.0568463 0.105784
  22 1.29 0.882353 0.0615381 0.0615381 0.113822
  23 1.35 0.529412 0.03679 0.03679 0.068419
  24 1.41 0.882353 0.0639124 0.0639124 0.112208
  25 1.47 0.588235 0.0428941 0.0428941 0.0750363
  26 1.53 0.941176 0.0677631 0.0677631 0.120167
  27 1.59 1.11765 0.0827792 0.0827792 0.142035
  28 1.65 0.823529 0.0619537 0.0619537 0.104124
  29 1.71 0.941176 0.0704452 0.0704452 0.119949
  30 1.77 0.882353 0.0674798 0.0674798 0.110583
  31 1.83 1.23529 0.0962678 0.0962678 0.155589
  32 1.89 0.823529 0.0645473 0.0645473 0.103984
  33 1.95 1.35294 0.106351 0.106351 0.171511
  34 2.01 1.29412 0.104833 0.104833 0.162387
  35 2.07 1.35294 0.11037 0.11037 0.171249
  36 2.13 1.47059 0.121305 0.121305 0.185263
  37 2.19 1.41176 0.118834 0.118834 0.176518
  38 2.25 1.76471 0.150044 0.150044 0.22139
  39 2.31 1.23529 0.106092 0.106092 0.154832
  40 2.37 1.64706 0.144501 0.144501 0.2067
  41 2.43 2.41176 0.213421 0.213421 0.301974
  42 2.49 1.94118 0.176852 0.176852 0.241475
  43 2.55 1.64706 0.150494 0.150494 0.20453
  44 2.61 1.88235 0.174563 0.174563 0.233747
  45 2.67 2.05882 0.19198 0.19198 0.256499
  46 2.73 2.29412 0.21742 0.21742 0.286328
  47 2.79 2.35294 0.227936 0.227936 0.292626
  48 2.85 2.29412 0.225487 0.225487 0.284873
  49 2.91 2.41176 0.240186 0.240186 0.299915
  50 2.97 3 0.300996 0.300996 0.371979
  51 3.03 2.88235 0.295057 0.295057 0.357162
  52 3.09 3.35294 0.347228 0.347228 0.416595
  53 3.15 2.52941 0.26087 0.26087 0.314215
  54 3.21 3.76471 0.39658 0.39658 0.468255
  55 3.27 3.11765 0.336214 0.336214 0.38753
  56 3.33 2.29412 0.24796 0.24796 0.284498
  57 3.39 3.41176 0.375296 0.375296 0.424623
  58 3.45 4.17647 0.466108 0.466108 0.520209
  59 3.51 3.35294 0.379357 0.379357 0.416893
  60 3.57 3.64706 0.418978 0.418978 0.45469
  61 3.63 3.88235 0.449652 0.449652 0.484711
  62 3.69 4.70588 0.549863 0.549863 0.586773
  63 3.75 4.47059 0.531341 0.531341 0.558404
  64 3.81 4.58824 0.548853 0.548853 0.573249
  65 3.87 4.05882 0.495931 0.495931 0.508231
  66 3.93 4.23529 0.522497 0.522497 0.531854
  67 3.99 4.17647 0.517572 0.517572 0.523825
  68 4.05 4.29412 0.541359 0.541359 0.540992
  69 4.11 4.70588 0.599964 0.599964 0.59441
  70 4.17 4 0.517372 0.517372 0.504732
  71 4.23 6 0.783826 0.783826 0.759866
  72 4.29 5.35294 0.70439 0.70439 0.679345
  73 4.35 4.70588 0.628816 0.628816 0.598886
  74 4.41 4.52941 0.607776 0.607776 0.577653
  75 4.47 4.35294 0.594771 0.594771 0.55611
  76 4.53 5.76471 0.79368 0.79368 0.738814
  77 4.59 5.11765 0.71304 0.71304 0.659591
  78 4.65 4.76471 0.670182 0.670182 0.616348
  79 4.71 5.52941 0.786786 0.786786 0.715081
  80 4.77 5.23529 0.752194 0.752194 0.677992
  81 4.83 5.76471 0.833431 0.833431 0.748493
  82 4.89 4.64706 0.683495 0.683495 0.607789
  83 4.95 5.64706 0.835989 0.835989 0.741057
  84 5.01 6.05882 0.905269 0.905269 0.79825
  85 5.07 5.58824 0.839757 0.839757 0.739796
  86 5.13 6.35294 0.971526 0.971526 0.845751
  87 5.19 5.05882 0.775966 0.775966 0.676368
  88 5.25 6.35294 0.983674 0.983674 0.850125
  89 5.31 4.64706 0.727213 0.727213 0.626503
  90 5.37 6.11765 0.963579 0.963579 0.828069
  91 5.43 6.70588 1.06423 1.06423 0.912136
  92 5.49 5 0.802275 0.802275 0.683514
  93 5.55 7.17647 1.1596 1.1596 0.986983
  94 5.61 7.17647 1.17282 1.17282 0.991445
  95 5.67 5.47059 0.903292 0.903292 0.762156
  96 5.73 6.17647 1.02636 1.02636 0.86243
  97 5.79 5.82353 0.973277 0.973277 0.818511
  98 5.85 6.29412 1.05773 1.05773 0.888304
  99 5.91 5.41176 0.915981 0.915981 0.768841
  100 5.97 5.58824 0.9525 0.9525 0.798703
  101 6.03 5.52941 0.953958 0.953958 0.796089
  102 6.09 7 1.21242 1.21242 1.014
  103 6.15 5.76471 1.00442 1.00442 0.841594
  104 6.21 7.11765 1.25375 1.25375 1.04662
  105 6.27 6.58824 1.16701 1.16701 0.972243
  106 6.33 6.52941 1.16038 1.16038 0.973968
  107 6.39 6.29412 1.13246 1.13246 0.944249
  108 6.45 6.76471 1.21986 1.21986 1.01977
  109 6.51 6.70588 1.21428 1.21428 1.01724
  110 6.57 5.70588 1.04217 1.04217 0.872913
  111 6.63 6.52941 1.20221 1.20221 1.00647
  112 6.69 6.82353 1.26079 1.26079 1.0548
  113 6.75 6.47059 1.20276 1.20276 1.01106
  114 6.81 6.70588 1.25224 1.25224 1.05377
  115 6.87 6.47059 1.21441 1.21441 1.02327
  116 6.93 7.11765 1.34602 1.34602 1.13325
  117 6.99 7.35294 1.39554 1.39554 1.18027
  118 7.05 6.23529 1.18831 1.18831 1.0032
  119 7.11 6.76471 1.29675 1.29675 1.09937
  120 7.17 6.47059 1.2475 1.2475 1.05866
  121 7.23 6.94118 1.34282 1.34282 1.14206
  122 7.29 6.76471 1.3146 1.3146 1.1222
  123 7.35 6.82353 1.33461 1.33461 1.13967
  124 7.41 6.64706 1.30456 1.30456 1.11428
  125 7.47 7.52941 1.48349 1.48349 1.26941
  126 7.53 6.29412 1.24678 1.24678 1.06974
  127 7.59 6.88235 1.36848 1.36848 1.17642
  128 7.65 6.58824 1.31564 1.31564 1.13266
  129 7.71 6.58824 1.31998 1.31998 1.13729
  130 7.77 8.58824 1.72791 1.72791 1.49583
  131 7.83 6.23529 1.25913 1.25913 1.08986
  132 7.89 6.82353 1.38191 1.38191 1.19715
  133 7.95 6.70588 1.36458 1.36458 1.1847
  134 8.01 8.58824 1.75044 1.75044 1.52322
  135 8.07 6.23529 1.27567 1.27567 1.11538
  136 8.13 6.11765 1.25603 1.25603 1.09844
  137 8.19 7.70588 1.58846 1.58846 1.38956
  138 8.25 6.94118 1.43533 1.43533 1.25971
  139 8.31 7.58824 1.57424 1.57424 1.38334
  140 8.37 7.23529 1.50478 1.50478 1.32137
  141 8.43 6.64706 1.386 1.386 1.2216
  142 8.49 7.11765 1.48723 1.48723 1.3126
  143 8.55 8.17647 1.71326 1.71326 1.51419
  144 8.61 6.88235 1.44883 1.44883 1.27951
  145 8.67 7.47059 1.57676 1.57676 1.39498
  146 8.73 7.11765 1.50396 1.50396 1.3335
  147 8.79 6.41176 1.35919 1.35919 1.20772
  148 8.85 7.11765 1.51146 1.51146 1.34558
  149 8.91 6.52941 1.39013 1.39013 1.23713
  150 8.97 7.35294 1.56866 1.56866 1.40143
  151 9.03 7.82353 1.6705 1.6705 1.49253
  152 9.09 7.58824 1.6259 1.6259 1.45447
  153 9.15 8.05882 1.73081 1.73081 1.55147
  154 9.21 7 1.50688 1.50688 1.35084
  155 9.27 7.11765 1.53422 1.53422 1.37842
  156 9.33 7 1.51213 1.51213 1.36077
  157 9.39 7.11765 1.54228 1.54228 1.38605
  158 9.45 6.29412 1.36362 1.36362 1.22681
  159 9.51 7.76471 1.68586 1.68586 1.5207
  160 9.57 7.23529 1.57327 1.57327 1.42079
  161 9.63 8.64706 1.8842 1.8842 1.69932
  162 9.69 7 1.52859 1.52859 1.37949
  163 9.75 7.76471 1.6987 1.6987 1.53437
  164 9.81 6.70588 1.46849 1.46849 1.32733
  165 9.87 7.88235 1.72778 1.72778 1.56471
  166 9.93 7.05882 1.54965 1.54965 1.40491
  167 9.99 7.41176 1.62946 1.62946 1.47609
  168 10.05 7.05882 1.5535 1.5535 1.40898
  169 10.11 7.41176 1.63511 1.63511 1.48373
  170 10.17 7.35294 1.62283 1.62283 1.47376
  171 10.23 7.35294 1.62399 1.62399 1.47646
  172 10.29 8.11765 1.79575 1.79575 1.63353
  173 10.35 7.82353 1.73418 1.73418 1.57731
  174 10.41 7.58824 1.68172 1.68172 1.52997
  175 10.47 6.47059 1.43642 1.43642 1.30782
  176 10.53 8.35294 1.85554 1.85554 1.6908
  177 10.59 7.88235 1.75292 1.75292 1.59727
  178 10.65 6.47059 1.4411 1.4411 1.31324
  179 10.71 7.64706 1.70325 1.70325 1.55266
  180 10.77 8.52941 1.90097 1.90097 1.7343
  181 10.83 7.76471 1.73031 1.73031 1.58264
  182 10.89 7.70588 1.72089 1.72089 1.57107
  183 10.95 7.17647 1.60302 1.60302 1.46526
  184 11.01 7.58824 1.69595 1.69595 1.55074
  185 11.07 7.94118 1.77716 1.77716 1.62268
  186 11.13 6.64706 1.48619 1.48619 1.36018
  187 11.19 7.88235 1.76467 1.76467 1.6144
  188 11.25 7.82353 1.75242 1.75242 1.60261
  189 11.31 7.11765 1.59533 1.59533 1.45829
  190 11.37 7.76471 1.74217 1.74217 1.59099
  191 11.43 7.41176 1.66067 1.66067 1.51986
  192 11.49 7.58824 1.70262 1.70262 1.55754
  193 11.55 8.05882 1.80819 1.80819 1.65514
  194 11.61 6.64706 1.49191 1.49191 1.36487
  195 11.67 8.47059 1.90303 1.90303 1.74208
  196 11.73 7.64706 1.71581 1.71581 1.56834
  197 11.79 7.23529 1.62443 1.62443 1.48787
  198 11.85 6.94118 1.55744 1.55744 1.42495
  199 11.91 6.94118 1.56024 1.56024 1.42491
  200 11.97 8.17647 1.83552 1.83552 1.67906
  201 12.03 7.58824 1.70583 1.70583 1.55939
  202 12.09 8.41176 1.88799 1.88799 1.7261
  203 12.15 7.35294 1.64992 1.64992 1.50878
  204 12.21 8.64706 1.94165 1.94165 1.77231
  205 12.27 5.82353 1.30784 1.30784 1.19395
  206 12.33 7.41176 1.66322 1.66322 1.51842
  207 12.39 7.47059 1.67583 1.67583 1.53033
  208 12.45 7.52941 1.68836 1.68836 1.54182
  209 12.51 9.11765 2.04325 2.04325 1.86503
  210 12.57 5.88235 1.31833 1.31833 1.20382
  211 12.63 7.41176 1.66058 1.66058 1.51442
  212 12.69 6.76471 1.51471 1.51471 1.38066
  213 12.75 7.35294 1.64508 1.64508 1.49898
  214 12.81 7.52941 1.68399 1.68399 1.53462
  215 12.87 7.88235 1.76208 1.76208 1.60661
  216 12.93 8.70588 1.94213 1.94213 1.77233
  217 12.99 7.17647 1.60192 1.60192 1.45848
  218 13.05 7.41176 1.6537 1.6537 1.50432
  219 13.11 7.64706 1.70397 1.70397 1.54939
  220 13.17 7.82353 1.74144 1.74144 1.58501
  221 13.23 7.94118 1.76507 1.76507 1.60641
  222 13.29 7.58824 1.68732 1.68732 1.53381
  223 13.35 8.29412 1.84259 1.84259 1.67337
  224 13.41 6.58824 1.4638 1.4638 1.32724
  225 13.47 7.41176 1.64256 1.64256 1.49091
  226 13.53 7.82353 1.7306 1.7306 1.57215
  227 13.59 6.58824 1.45688 1.45688 1.32108
  228 13.65 7.52941 1.66217 1.66217 1.50814
  229 13.71 7.47059 1.64965 1.64965 1.49441
  230 13.77 6.82353 1.50324 1.50324 1.36157
  231 13.83 7.64706 1.68424 1.68424 1.52363
  232 13.89 7.47059 1.64201 1.64201 1.4844
  233 13.95 8.05882 1.7682 1.7682 1.59958
  234 14.01 7.29412 1.59773 1.59773 1.44497
  235 14.07 8.17647 1.78916 1.78916 1.61362
  236 14.13 6.47059 1.41327 1.41327 1.27273
  237 14.19 7.94118 1.73191 1.73191 1.56014
  238 14.25 7.35294 1.59946 1.59946 1.43863
  239 14.31 7.58824 1.64973 1.64973 1.4828
  240 14.37 6.47059 1.40513 1.40513 1.26071
  241 14.43 7.58824 1.64478 1.64478 1.4747
  242 14.49 7.47059 1.61344 1.61344 1.44715
  243 14.55 7.64706 1.64947 1.64947 1.47835
  244 14.61 6.64706 1.43079 1.43079 1.27843
  245 14.67 7 1.50611 1.50611 1.34556
  246 14.73 7.11765 1.52569 1.52569 1.36132
  247 14.79 8.17647 1.75133 1.75133 1.56104
  248 14.85 7.17647 1.53351 1.53351 1.36496
  249 14.91 7.11765 1.51461 1.51461 1.34605
  250 14.97 7.47059 1.58773 1.58773 1.40865
  251 15.03 6.88235 1.4586 1.4586 1.29104
  252 15.09 8.64706 1.82762 1.82762 1.61555
  253 15.15 6.58824 1.39048 1.39048 1.22721
  254 15.21 7.94118 1.67067 1.67067 1.47255
  255 15.27 6.41176 1.34463 1.34463 1.18246
  256 15.33 6.88235 1.43972 1.43972 1.26534
  257 15.39 7.88235 1.64216 1.64216 1.44003
  258 15.45 8.41176 1.75002 1.75002 1.53121
  259 15.51 6.47059 1.34198 1.34198 1.17146
  260 15.57 6.23529 1.29034 1.29034 1.1252
  261 15.63 7.29412 1.50233 1.50233 1.30792
  262 15.69 6.23529 1.28098 1.28098 1.11208
  263 15.75 7.47059 1.53126 1.53126 1.32557
  264 15.81 6.41176 1.30828 1.30828 1.13159
  265 15.87 7.17647 1.45918 1.45918 1.25951
  266 15.93 7.94118 1.60813 1.60813 1.38367
  267 15.99 7.05882 1.42409 1.42409 1.22395
  268 16.05 7.52941 1.51375 1.51375 1.29915
  269 16.11 7 1.40122 1.40122 1.19886
  270 16.17 7.88235 1.57155 1.57155 1.34044
  271 16.23 6.05882 1.20339 1.20339 1.02821
  272 16.29 5.35294 1.05911 1.05911 0.899508
  273 16.35 6.52941 1.28473 1.28473 1.08948
  274 16.41 7.05882 1.38479 1.38479 1.17161
  275 16.47 6.52941 1.27492 1.27492 1.07691
  276 16.53 6.64706 1.29059 1.29059 1.08808
  277 16.59 6.70588 1.29636 1.29636 1.09172
  278 16.65 6.88235 1.32248 1.32248 1.11302
  279 16.71 6.94118 1.32914 1.32914 1.11429
  280 16.77 7.17647 1.36525 1.36525 1.14443
  281 16.83 7.64706 1.44871 1.44871 1.21031
  282 16.89 6.41176 1.20731 1.20731 1.01018
  283 16.95 6.11765 1.14839 1.14839 0.95872
  284 17.01 6.70588 1.2502 1.2502 1.04342
  285 17.07 6.52941 1.21199 1.21199 1.00929
  286 17.13 5.76471 1.06194 1.06194 0.883474
  287 17.19 6.35294 1.16162 1.16162 0.969045
  288 17.25 6.11765 1.11352 1.11352 0.925776
  289 17.31 6.88235 1.24525 1.24525 1.03416
  290 17.37 7.23529 1.29959 1.29959 1.08001
  291 17.43 7.23529 1.28999 1.28999 1.07223
  292 17.49 6.35294 1.12472 1.12472 0.935131
  293 17.55 5.94118 1.04673 1.04673 0.869039
  294 17.61 5.52941 0.966543 0.966543 0.802535
  295 17.67 6.47059 1.12541 1.12541 0.937394
  296 17.73 7.23529 1.24866 1.24866 1.04137
  297 17.79 6.41176 1.09871 1.09871 0.918546
  298 17.85 6.58824 1.12005 1.12005 0.937393
  299 17.91 6.58824 1.10801 1.10801 0.929159
  300 17.97 6.11765 1.02342 1.02342 0.860317
  301 18.03 6.41176 1.06383 1.06383 0.89586
  302 18.09 5.35294 0.880485 0.880485 0.74475
  303 18.15 5.82353 0.951767 0.951767 0.805417
  304 18.21 6.29412 1.02254 1.02254 0.866964
  305 18.27 5.11765 0.819806 0.819806 0.698353
  306 18.33 6.70588 1.07013 1.07013 0.913598
  307 18.39 5.17647 0.816315 0.816315 0.701374
  308 18.45 6.11765 0.956541 0.956541 0.824022
  309 18.51 6.11765 0.951844 0.951844 0.822994
  310 18.57 6.17647 0.947295 0.947295 0.825942
  311 18.63 5.11765 0.77961 0.77961 0.680977
  312 18.69 5.76471 0.870264 0.870264 0.765028
  313 18.75 5.41176 0.81385 0.81385 0.716686
  314 18.81 5.70588 0.843538 0.843538 0.751152
  315 18.87 5.52941 0.806852 0.806852 0.725476
  316 18.93 5.29412 0.767409 0.767409 0.691991
  317 18.99 5.82353 0.83704 0.83704 0.758294
  318 19.05 5.41176 0.767868 0.767868 0.704088
  319 19.11 5.52941 0.776357 0.776357 0.714916
  320 19.17 5.35294 0.744018 0.744018 0.691
  321 19.23 5.58824 0.772762 0.772762 0.719021
  322 19.29 4.64706 0.633816 0.633816 0.595776
  323 19.35 5.52941 0.746067 0.746067 0.707843
  324 19.41 4.64706 0.619019 0.619019 0.593475
  325 19.47 4.23529 0.557272 0.557272 0.539339
  326 19.53 4.35294 0.565742 0.565742 0.552641
  327 19.59 5.05882 0.650745 0.650745 0.642214
  328 19.65 4.64706 0.594762 0.594762 0.587241
  329 19.71 4.76471 0.601593 0.601593 0.600927
  330 19.77 4.64706 0.578485 0.578485 0.585151
  331 19.83 4.41176 0.540583 0.540583 0.55525
  332 19.89 4.11765 0.499232 0.499232 0.517
  333 19.95 3.58824 0.429293 0.429293 0.451483
  334 20.01 3.82353 0.453947 0.453947 0.480441
  335 20.07 4.58824 0.535249 0.535249 0.575191
  336 20.13 3.58824 0.413834 0.413834 0.448824
  337 20.19 3.70588 0.425325 0.425325 0.463043
  338 20.25 3.94118 0.444449 0.444449 0.491207
  339 20.31 3.35294 0.373519 0.373519 0.417084
  340 20.37 3 0.330512 0.330512 0.374136
  341 20.43 3.23529 0.351002 0.351002 0.403651
  342 20.49 3.17647 0.341749 0.341749 0.395682
  343 20.55 3.17647 0.33411 0.33411 0.396777
  344 20.61 2.47059 0.257695 0.257695 0.307428
  345 20.67 2.82353 0.290439 0.290439 0.350994
  346 20.73 3.23529 0.325921 0.325921 0.404775
  347 20.79 2.41176 0.240543 0.240543 0.301698
  348 20.85 2.64706 0.263385 0.263385 0.330375
  349 20.91 2.29412 0.222876 0.222876 0.286722
  350 20.97 1.88235 0.179991 0.179991 0.234917
  351 21.03 1.82353 0.170326 0.170326 0.229494
  352 21.09 2 0.186767 0.186767 0.249695
  353 21.15 1.82353 0.16941 0.16941 0.228142
  354 21.21 2.05882 0.187584 0.187584 0.25612
  355 21.27 1.58824 0.143046 0.143046 0.198454
  356 21.33 2.29412 0.201317 0.201317 0.287467
  357 21.39 1.52941 0.13402 0.13402 0.191142
  358 21.45 1.35294 0.116354 0.116354 0.169792
  359 21.51 1.88235 0.160455 0.160455 0.236996
  360 21.57 1.41176 0.118407 0.118407 0.178343
  361 21.63 1.05882 0.0867858 0.0867858 0.134341
  362 21.69 1.41176 0.114508 0.114508 0.178292
  363 21.75 1.23529 0.0999623 0.0999623 0.155373
  364 21.81 1.23529 0.0981708 0.0981708 0.156327
  365 21.87 0.882353 0.069458 0.069458 0.112339
  366 21.93 1.35294 0.104053 0.104053 0.172593
  367 21.99 1.11765 0.0848774 0.0848774 0.142213
  368 22.05 0.941176 0.0697609 0.0697609 0.121347
  369 22.11 0.941176 0.0698299 0.0698299 0.120538
  370 22.17 1 0.0727556 0.0727556 0.128439
  371 22.23 0.705882 0.0506946 0.0506946 0.0908637
  372 22.29 0.764706 0.0546388 0.0546388 0.0981981
  373 22.35 1 0.0705553 0.0705553 0.128487
  374 22.41 0.647059 0.0451316 0.0451316 0.0841533
  375 22.47 0.823529 0.056387 0.056387 0.10779
  376 22.53 0.647059 0.0438624 0.0438624 0.0842921
  377 22.59 0.470588 0.0315163 0.0315163 0.0609666
  378 22.65 0.647059 0.0432536 0.0432536 0.0844206
  379 22.71 0.882353 0.0583209 0.0583209 0.115176
  380 22.77 0.764706 0.0496916 0.0496916 0.100979
  381 22.83 0.764706 0.0497324 0.0497324 0.0994227
  382 22.89 0.705882 0.0453953 0.0453953 0.0931927
  383 22.95 0.470588 0.0302476 0.0302476 0.0617723
  384 23.01 0.823529 0.0528535 0.0528535 0.108108
  385 23.07 0.294118 0.0182239 0.0182239 0.0391311
  386 23.13 0.352941 0.0219029 0.0219029 0.0463465
  387 23.19 0.294118 0.0186196 0.0186196 0.0390363
  388 23.25 0.647059 0.0398466 0.0398466 0.0860265
  389 23.31 0.470588 0.028948 0.028948 0.06256
  390 23.37 0.588235 0.0360503 0.0360503 0.0782631
  391 23.43 0.470588 0.0288411 0.0288411 0.0627998
  392 23.49 0.294118 0.0179859 0.0179859 0.038898
  393 23.55 0.352941 0.0213822 0.0213822 0.0469953
  394 23.61 0.470588 0.0290624 0.0290624 0.0622419
  395 23.67 0.647059 0.03962 0.03962 0.0853006
  396 23.73 0.294118 0.0182574 0.0182574 0.0390351
136000 396 36000
  1 0.03 0.611111 0.0369906 0.0369906 0.0814898
  2 0.09 0.277778 0.0168014 0.0168014 0.0369514
  3 0.15 0.666667 0.0402969 0.0402969 0.0883711
  4 0.21 0.444444 0.0273261 0.0273261 0.0585364
  5 0.27 0.222222 0.0136166 0.0136166 0.0296609
  6 0.33 0.444444 0.0276632 0.0276632 0.0587447
  7 0.39 0.333333 0.0206782 0.0206782 0.043986
  8 0.45 0.555556 0.0338563 0.0338563 0.0735754
  9 0.51 0.555556 0.0341179 0.0341179 0.0733841
  10 0.57 1.05556 0.0671589 0.0671589 0.138935
  11 0.63 0.5 0.0317624 0.0317624 0.0655341
  12 0.69 0.388889 0.0246734 0.0246734 0.0514832
  13 0.75 0.611111 0.0390432 0.0390432 0.0800486
  14 0.81 0.777778 0.0503396 0.0503396 0.101414
  15 0.87 0.5 0.0319447 0.0319447 0.0653152
  16 0.93 0.611111 0.0404369 0.0404369 0.0794086
  17 0.99 0.666667 0.0442468 0.0442468 0.0862467
  18 1.05 0.944444 0.0641039 0.0641039 0.121963
  19 1.11 0.333333 0.0228839 0.0228839 0.0431236
  20 1.17 0.5 0.0343804 0.0343804 0.0643891
  21 1.23 0.833333 0.0576226 0.0576226 0.10721
  22 1.29 0.833333 0.0581193 0.0581193 0.107499
  23 1.35 0.555556 0.0387712 0.0387712 0.0718826
  24 1.41 0.833333 0.0603617 0.0603617 0.105974
  25 1.47 0.555556 0.0405111 0.0405111 0.0708676
  26 1.53 1 0.0722913 0.0722913 0.127909
  27 1.59 1.11111 0.0823791 0.0823791 0.141328
  28 1.65 0.777778 0.0585119 0.0585119 0.0983394
  29 1.71 0.944444 0.0708267 0.0708267 0.120436
  30 1.77 0.833333 0.0637309 0.0637309 0.104439
  31 1.83 1.22222 0.0953162 0.0953162 0.154064
  32 1.89 0.944444 0.0743169 0.0743169 0.119516
  33 1.95 1.44444 0.114065 0.114065 0.183219
  34 2.01 1.27778 0.103586 0.103586 0.160434
  35 2.07 1.27778 0.104238 0.104238 0.161735
  36 2.13 1.55556 0.12873 0.12873 0.19606
  37 2.19 1.44444 0.121766 0.121766 0.180745
  38 2.25 1.77778 0.151434 0.151434 0.223086
  39 2.31 1.16667 0.100198 0.100198 0.14623
  40 2.37 1.55556 0.136473 0.136473 0.195216
  41 2.43 2.33333 0.206595 0.206595 0.292154
  42 2.49 1.88889 0.172135 0.172135 0.235004
  43 2.55 1.61111 0.147301 0.147301 0.200103
  44 2.61 1.94444 0.180632 0.180632 0.241549
  45 2.67 2.05556 0.191885 0.191885 0.256105
  46 2.73 2.27778 0.21613 0.21613 0.284292
  47 2.79 2.55556 0.248008 0.248008 0.318006
  48 2.85 2.22222 0.218497 0.218497 0.275989
  49 2.91 2.44444 0.243634 0.243634 0.304081
  50 2.97 2.94444 0.295556 0.295556 0.365203
  51 3.03 2.83333 0.290129 0.290129 0.351218
  52 3.09 3.38889 0.351196 0.351196 0.421262
  53 3.15 2.55556 0.264075 0.264075 0.317628
  54 3.21 3.83333 0.404446 0.404446 0.477029
  55 3.27 3.22222 0.347817 0.347817 0.400798
  56 3.33 2.22222 0.240295 0.240295 0.275652
  57 3.39 3.38889 0.373046 0.373046 0.421909
  58 3.45 4.11111 0.459066 0.459066 0.512205
  59 3.51 3.38889 0.383706 0.383706 0.421627
  60 3.57 3.83333 0.440669 0.440669 0.478309
  61 3.63 3.83333 0.444277 0.444277 0.478753
  62 3.69 4.61111 0.539132 0.539132 0.575179
  63 3.75 4.38889 0.521799 0.521799 0.548422
  64 3.81 4.55556 0.545314 0.545314 0.569513
  65 3.87 3.83333 0.468379 0.468379 0.479996
  66 3.93 4.22222 0.521082 0.521082 0.530549
  67 3.99 4.16667 0.516778 0.516778 0.523058
  68 4.05 4.27778 0.539549 0.539549 0.539365
  69 4.11 4.72222 0.602325 0.602325 0.59701
  70 4.17 4.11111 0.532006 0.532006 0.519528
  71 4.23 5.94444 0.776783 0.776783 0.753376
  72 4.29 5.44444 0.716932 0.716932 0.691681
  73 4.35 4.83333 0.646109 0.646109 0.61575
  74 4.41 4.61111 0.619309 0.619309 0.588601
  75 4.47 4.16667 0.569332 0.569332 0.532396
  76 4.53 5.88889 0.811246 0.811246 0.755407
  77 4.59 5.11111 0.71228 0.71228 0.659042
  78 4.65 5.11111 0.719436 0.719436 0.661718
  79 4.71 5.33333 0.758942 0.758942 0.689858
  80 4.77 5.16667 0.742458 0.742458 0.669398
  81 4.83 5.88889 0.851949 0.851949 0.765232
  82 4.89 4.61111 0.678134 0.678134 0.603245
  83 4.95 5.5 0.814269 0.814269 0.721893
  84 5.01 6 0.896554 0.896554 0.790705
  85 5.07 5.61111 0.843492 0.843492 0.743009
  86 5.13 6.27778 0.959999 0.959999 0.835844
  87 5.19 5.27778 0.809854 0.809854 0.705757
  88 5.25 6.5 1.00676 1.00676 0.87015
  89 5.31 4.83333 0.756379 0.756379 0.651699
  90 5.37 6.22222 0.980251 0.980251 0.842433
  91 5.43 6.33333 1.00511 1.00511 0.861462
  92 5.49 5.16667 0.829214 0.829214 0.706673
  93 5.55 7.05556 1.14016 1.14016 0.970531
  94 5.61 7.05556 1.1531 1.1531 0.975018
  95 5.67 5.38889 0.889684 0.889684 0.750882
  96 5.73 6.44444 1.07075 1.07075 0.900523
  97 5.79 5.77778 0.965722 0.965722 0.81244
  98 5.85 6.22222 1.04574 1.04574 0.878539
  99 5.91 5.38889 0.912229 0.912229 0.765989
  100 5.97 5.77778 0.985055 0.985055 0.826528
  101 6.03 5.5 0.948757 0.948757 0.792174
  102 6.09 7.11111 1.23181 1.23181 1.03072
  103 6.15 5.72222 0.997115 0.997115 0.835642
  104 6.21 7 1.23298 1.23298 1.02955
  105 6.27 6.77778 1.20054 1.20054 1.00082
  106 6.33 6.61111 1.17508 1.17508 0.986289
  107 6.39 6.05556 1.08949 1.08949 0.908544
  108 6.45 6.72222 1.21229 1.21229 1.01371
  109 6.51 6.72222 1.21746 1.21746 1.02015
  110 6.57 5.66667 1.03509 1.03509 0.86724
  111 6.63 6.38889 1.17622 1.17622 0.984985
  112 6.69 6.55556 1.21128 1.21128 1.01357
  113 6.75 6.33333 1.17721 1.17721 0.989864
  114 6.81 6.88889 1.28646 1.28646 1.08336
  115 6.87 6.61111 1.24081 1.24081 1.04626
  116 6.93 7.16667 1.35524 1.35524 1.14188
  117 6.99 7.22222 1.3708 1.3708 1.15976
  118 7.05 6.27778 1.19651 1.19651 1.01094
  119 7.11 6.83333 1.30998 1.30998 1.1114
  120 7.17 6.72222 1.29607 1.29607 1.10107
  121 7.23 6.77778 1.31128 1.31128 1.11565
  122 7.29 6.88889 1.33886 1.33886 1.14362
  123 7.35 6.77778 1.32555 1.32555 1.1324
  124 7.41 6.55556 1.28666 1.28666 1.09944
  125 7.47 7.38889 1.45584 1.45584 1.24618
  126 7.53 6.27778 1.24352 1.24352 1.06741
  127 7.59 7.11111 1.41396 1.41396 1.21636
  128 7.65 6.27778 1.25363 1.25363 1.07935
  129 7.71 6.61111 1.32465 1.32465 1.14199
  130 7.77 8.66667 1.74367 1.74367 1.51011
  131 7.83 6.16667 1.24525 1.24525 1.07824
  132 7.89 6.77778 1.37272 1.37272 1.18976
  133 7.95 6.55556 1.334 1.334 1.15855
  134 8.01 8.55556 1.74393 1.74393 1.51835
  135 8.07 6.61111 1.35278 1.35278 1.18381
  136 8.13 6.33333 1.3005 1.3005 1.13841
  137 8.19 7.83333 1.61476 1.61476 1.41385
  138 8.25 6.94444 1.43611 1.43611 1.26127
  139 8.31 7.44444 1.54442 1.54442 1.35776
  140 8.37 7.27778 1.51369 1.51369 1.33034
  141 8.43 6.55556 1.367 1.367 1.20539
  142 8.49 6.94444 1.45115 1.45115 1.28116
  143 8.55 8.05556 1.68804 1.68804 1.49244
  144 8.61 6.83333 1.4385 1.4385 1.27097
  145 8.67 7.66667 1.61809 1.61809 1.43241
  146 8.73 7.05556 1.49091 1.49091 1.32224
  147 8.79 6.33333 1.34257 1.34257 1.19311
  148 8.85 7.05556 1.49833 1.49833 1.334
  149 8.91 6.61111 1.40755 1.40755 1.25286
  150 8.97 7.33333 1.5645 1.5645 1.39772
  151 9.03 8 1.70841 1.70841 1.52655
  152 9.09 7.5 1.60704 1.60704 1.43773
  153 9.15 8 1.71821 1.71821 1.54032
  154 9.21 7 1.50684 1.50684 1.35102
  155 9.27 6.88889 1.48492 1.48492 1.33417
  156 9.33 7 1.51216 1.51216 1.36074
  157 9.39 7.22222 1.56483 1.56483 1.40627
  158 9.45 6.33333 1.37221 1.37221 1.2344
  159 9.51 7.83333 1.70079 1.70079 1.53372
  160 9.57 7.22222 1.57045 1.57045 1.4178
  161 9.63 8.5 1.85216 1.85216 1.67012
  162 9.69 6.94444 1.51641 1.51641 1.36817
  163 9.75 7.88889 1.72576 1.72576 1.5582
  164 9.81 6.77778 1.48417 1.48417 1.34095
  165 9.87 7.77778 1.70485 1.70485 1.54339
  166 9.93 7.33333 1.60989 1.60989 1.45835
  167 9.99 7.38889 1.6244 1.6244 1.47094
  168 10.05 7.11111 1.56501 1.56501 1.41871
  169 10.11 7.44444 1.64219 1.64219 1.48941
  170 10.17 7.33333 1.61846 1.61846 1.46907
  171 10.23 7.33333 1.61965 1.61965 1.47175
  172 10.29 8.05556 1.78197 1.78197 1.6202
  173 10.35 7.61111 1.68703 1.68703 1.53396
  174 10.41 7.77778 1.72371 1.72371 1.56679
  175 10.47 6.5 1.44288 1.44288 1.31271
  176 10.53 8.27778 1.8388 1.8388 1.67441
  177 10.59 7.72222 1.71728 1.71728 1.56394
  178 10.65 6.55556 1.45988 1.45988 1.32897
  179 10.71 7.66667 1.70756 1.70756 1.55532
  180 10.77 8.55556 1.90674 1.90674 1.7382
  181 10.83 7.72222 1.72087 1.72087 1.57282
  182 10.89 7.77778 1.73681 1.73681 1.58434
  183 10.95 7.22222 1.61316 1.61316 1.47337
  184 11.01 7.44444 1.66376 1.66376 1.52063
  185 11.07 8.16667 1.82739 1.82739 1.66729
  186 11.13 6.66667 1.49055 1.49055 1.3633
  187 11.19 7.88889 1.76602 1.76602 1.61476
  188 11.25 7.94444 1.77934 1.77934 1.62623
  189 11.31 7.16667 1.60616 1.60616 1.46744
  190 11.37 7.77778 1.74488 1.74488 1.59272
  191 11.43 7.27778 1.63061 1.63061 1.49174
  192 11.49 7.5 1.68269 1.68269 1.53859
  193 11.55 7.88889 1.76997 1.76997 1.61952
  194 11.61 6.83333 1.53351 1.53351 1.40174
  195 11.67 8.44444 1.8969 1.8969 1.73548
  196 11.73 7.55556 1.69519 1.69519 1.54892
  197 11.79 7.44444 1.67114 1.67114 1.5294
  198 11.85 6.88889 1.54562 1.54562 1.41357
  199 11.91 6.88889 1.54826 1.54826 1.4136
  200 11.97 8.33333 1.87048 1.87048 1.7103
  201 12.03 7.55556 1.69819 1.69819 1.55207
  202 12.09 8.16667 1.83288 1.83288 1.67555
  203 12.15 7.27778 1.63291 1.63291 1.49299
  204 12.21 8.94444 2.00791 2.00791 1.83245
  205 12.27 6 1.34709 1.34709 1.22947
  206 12.33 7.44444 1.67026 1.67026 1.52447
  207 12.39 7.61111 1.70699 1.70699 1.55823
  208 12.45 7.55556 1.69393 1.69393 1.54639
  209 12.51 9.11111 2.04147 2.04147 1.86287
  210 12.57 5.94444 1.33196 1.33196 1.21582
  211 12.63 7.27778 1.63033 1.63033 1.4866
  212 12.69 6.72222 1.50495 1.50495 1.37151
  213 12.75 7.38889 1.6528 1.6528 1.50571
  214 12.81 7.38889 1.65234 1.65234 1.50558
  215 12.87 7.72222 1.72604 1.72604 1.57355
  216 12.93 8.61111 1.92077 1.92077 1.7525
  217 12.99 7.11111 1.58705 1.58705 1.44479
  218 13.05 7.27778 1.62355 1.62355 1.47678
  219 13.11 7.77778 1.73262 1.73262 1.57524
  220 13.17 7.88889 1.75559 1.75559 1.59761
  221 13.23 8.05556 1.79011 1.79011 1.62887
  222 13.29 7.55556 1.67966 1.67966 1.52667
  223 13.35 8.33333 1.85078 1.85078 1.68073
  224 13.41 6.61111 1.46836 1.46836 1.3315
  225 13.47 7.5 1.6616 1.6616 1.50828
  226 13.53 7.61111 1.68342 1.68342 1.5293
  227 13.59 6.77778 1.49819 1.49819 1.35875
  228 13.65 7.27778 1.60643 1.60643 1.4576
  229 13.71 7.66667 1.6921 1.6921 1.53322
  230 13.77 6.88889 1.51709 1.51709 1.37442
  231 13.83 7.38889 1.62715 1.62715 1.47213
  232 13.89 7.27778 1.59934 1.59934 1.44602
  233 13.95 8 1.75479 1.75479 1.58764
  234 14.01 7.33333 1.60576 1.60576 1.45232
  235 14.07 8.27778 1.81053 1.81053 1.63311
  236 14.13 6.55556 1.43121 1.43121 1.28907
  237 14.19 7.72222 1.68381 1.68381 1.51679
  238 14.25 7.38889 1.60668 1.60668 1.44514
  239 14.31 7.66667 1.66598 1.66598 1.49739
  240 14.37 6.77778 1.4706 1.4706 1.31956
  241 14.43 7.72222 1.67279 1.67279 1.49994
  242 14.49 7.44444 1.6072 1.6072 1.44157
  243 14.55 7.55556 1.62915 1.62915 1.46019
  244 14.61 6.38889 1.37501 1.37501 1.22868
  245 14.67 6.88889 1.48157 1.48157 1.32386
  246 14.73 7.16667 1.53535 1.53535 1.37037
  247 14.79 8.16667 1.74823 1.74823 1.55876
  248 14.85 7.22222 1.54228 1.54228 1.37328
  249 14.91 7 1.48902 1.48902 1.32365
  250 14.97 7.44444 1.58127 1.58127 1.40343
  251 15.03 6.88889 1.45907 1.45907 1.29207
  252 15.09 8.55556 1.80741 1.80741 1.59834
  253 15.15 6.44444 1.3596 1.3596 1.20035
  254 15.21 8.05556 1.6934 1.6934 1.49349
  255 15.27 6.61111 1.38516 1.38516 1.21906
  256 15.33 7 1.46313 1.46313 1.2866
  257 15.39 8 1.66536 1.66536 1.46104
  258 15.45 8.22222 1.70986 1.70986 1.49643
  259 15.51 6.44444 1.33563 1.33563 1.16642
  260 15.57 6.22222 1.28665 1.28665 1.1225
  261 15.63 7.33333 1.50922 1.50922 1.31467
  262 15.69 6.05556 1.24358 1.24358 1.07995
  263 15.75 7.5 1.53592 1.53592 1.33068
  264 15.81 6.27778 1.28031 1.28031 1.10794
  265 15.87 7.27778 1.47834 1.47834 1.27738
  266 15.93 7.94444 1.60754 1.60754 1.3845
  267 15.99 7.05556 1.42232 1.42232 1.22354
  268 16.05 7.5 1.50671 1.50671 1.29417
  269 16.11 7 1.40003 1.40003 1.19893
  270 16.17 7.88889 1.57158 1.57158 1.34186
  271 16.23 6.16667 1.2235 1.2235 1.04653
  272 16.29 5.27778 1.04363 1.04363 0.887086
  273 16.35 6.72222 1.32111 1.32111 1.12191
  274 16.41 6.94444 1.36147 1.36147 1.15264
  275 16.47 6.66667 1.30018 1.30018 1.09952
  276 16.53 6.5 1.26142 1.26142 1.06403
  277 16.59 6.83333 1.31957 1.31957 1.11231
  278 16.65 6.77778 1.30159 1.30159 1.09588
  279 16.71 7 1.33904 1.33904 1.12347
  280 16.77 7.11111 1.35191 1.35191 1.13383
  281 16.83 7.55556 1.4304 1.4304 1.1957
  282 16.89 6.55556 1.23297 1.23297 1.03249
  283 16.95 6.11111 1.14616 1.14616 0.957515
  284 17.01 6.72222 1.25215 1.25215 1.04578
  285 17.07 6.5 1.20549 1.20549 1.00461
  286 17.13 5.61111 1.03317 1.03317 0.859946
  287 17.19 6.61111 1.20729 1.20729 1.00835
  288 17.25 6.11111 1.11146 1.11146 0.924839
  289 17.31 6.72222 1.21568 1.21568 1.01011
  290 17.37 7.22222 1.29621 1.29621 1.07796
  291 17.43 7.16667 1.27698 1.27698 1.06202
  292 17.49 6.33333 1.12044 1.12044 0.932118
  293 17.55 6.05556 1.06568 1.06568 0.885567
  294 17.61 5.61111 0.979895 0.979895 0.814318
  295 17.67 6.33333 1.10091 1.10091 0.917301
  296 17.73 7.16667 1.23594 1.23594 1.0312
  297 17.79 6.44444 1.10336 1.10336 0.922847
  298 17.85 6.77778 1.15087 1.15087 0.963772
  299 17.91 6.72222 1.12963 1.12963 0.947804
  300 17.97 6.16667 1.03076 1.03076 0.866912
  301 18.03 6.16667 1.02287 1.02287 0.861532
  302 18.09 5.33333 0.87661 0.87661 0.741797
  303 18.15 5.77778 0.943745 0.943745 0.798989
  304 18.21 6.33333 1.02789 1.02789 0.872137
  305 18.27 4.88889 0.783042 0.783042 0.667134
  306 18.33 6.66667 1.06314 1.06314 0.908211
  307 18.39 5.22222 0.822922 0.822922 0.707555
  308 18.45 5.88889 0.920556 0.920556 0.793208
  309 18.51 6 0.933013 0.933013 0.807053
  310 18.57 6.27778 0.962159 0.962159 0.839285
  311 18.63 5.11111 0.77804 0.77804 0.67996
  312 18.69 5.88889 0.88829 0.88829 0.781294
  313 18.75 5.55556 0.83417 0.83417 0.735397
  314 18.81 5.72222 0.845354 0.845354 0.753175
  315 18.87 5.44444 0.794158 0.794158 0.714242
  316 18.93 5.27778 0.764601 0.764601 0.689796
  317 18.99 5.72222 0.822144 0.822144 0.745109
  318 19.05 5.38889 0.764307 0.764307 0.701076
  319 19.11 5.5 0.771884 0.771884 0.711232
  320 19.17 5.5 0.763899 0.763899 0.710178
  321 19.23 5.55556 0.767684 0.767684 0.715009
  322 19.29 4.72222 0.64349 0.64349 0.605695
  323 19.35 5.38889 0.726875 0.726875 0.689983
  324 19.41 4.5 0.599311 0.599311 0.574779
  325 19.47 4.11111 0.54078 0.54078 0.523597
  326 19.53 4.38889 0.570155 0.570155 0.557437
  327 19.59 5.16667 0.664255 0.664255 0.656161
  328 19.65 4.55556 0.58271 0.58271 0.575851
  329 19.71 4.61111 0.58198 0.58198 0.581681
  330 19.77 4.61111 0.573705 0.573705 0.580905
  331 19.83 4.38889 0.537649 0.537649 0.552657
  332 19.89 4.38889 0.531716 0.531716 0.551844
  333 19.95 3.72222 0.445228 0.445228 0.468764
  334 20.01 3.83333 0.454884 0.454884 0.481977
  335 20.07 4.66667 0.544262 0.544262 0.585559
  336 20.13 3.5 0.403597 0.403597 0.437995
  337 20.19 3.77778 0.433162 0.433162 0.472564
  338 20.25 4.05556 0.457073 0.457073 0.506193
  339 20.31 3.16667 0.352768 0.352768 0.393912
  340 20.37 3 0.33034 0.33034 0.374438
  341 20.43 3.16667 0.343448 0.343448 0.395261
  342 20.49 3.22222 0.346505 0.346505 0.401754
  343 20.55 3.16667 0.333057 0.333057 0.39574
  344 20.61 2.5 0.260763 0.260763 0.311343
  345 20.67 2.66667 0.274304 0.274304 0.331495
  346 20.73 3.27778 0.33027 0.33027 0.410229
  347 20.79 2.33333 0.232758 0.232758 0.291919
  348 20.85 2.72222 0.270707 0.270707 0.339921
  349 20.91 2.44444 0.237513 0.237513 0.305656
  350 20.97 1.94444 0.185995 0.185995 0.242766
  351 21.03 1.72222 0.160863 0.160863 0.216744
  352 21.09 2.05556 0.191929 0.191929 0.256699
  353 21.15 2 0.185584 0.185584 0.250275
  354 21.21 2.05556 0.187304 0.187304 0.255819
  355 21.27 1.66667 0.150055 0.150055 0.208317
  356 21.33 2.22222 0.195088 0.195088 0.278459
  357 21.39 1.5 0.131437 0.131437 0.187494
  358 21.45 1.38889 0.119468 0.119468 0.174315
  359 21.51 1.77778 0.151541 0.151541 0.223829
  360 21.57 1.33333 0.111829 0.111829 0.168435
  361 21.63 1.22222 0.100465 0.100465 0.15488
  362 21.69 1.38889 0.112731 0.112731 0.175391
  363 21.75 1.16667 0.0944089 0.0944089 0.146741
  364 21.81 1.22222 0.097163 0.097163 0.154661
  365 21.87 0.944444 0.0744078 0.0744078 0.120146
  366 21.93 1.27778 0.0982723 0.0982723 0.163004
  367 21.99 1.11111 0.0844617 0.0844617 0.141332
  368 22.05 0.944444 0.0701301 0.0701301 0.12162
  369 22.11 0.888889 0.0659505 0.0659505 0.113842
  370 22.17 1.05556 0.0769716 0.0769716 0.135355
  371 22.23 0.666667 0.0478782 0.0478782 0.0858157
  372 22.29 0.722222 0.0516033 0.0516033 0.0927427
  373 22.35 0.944444 0.0666355 0.0666355 0.121349
  374 22.41 0.666667 0.0465601 0.0465601 0.0865746
  375 22.47 1 0.0689202 0.0689202 0.130235
  376 22.53 0.666667 0.0452922 0.0452922 0.0867513
  377 22.59 0.444444 0.0297654 0.0297654 0.0575796
  378 22.65 0.611111 0.0408506 0.0408506 0.0797306
  379 22.71 0.888889 0.0588443 0.0588443 0.115973
  380 22.77 0.722222 0.0469309 0.0469309 0.0953691
  381 22.83 0.833333 0.0543919 0.0543919 0.108342
  382 22.89 0.666667 0.0428733 0.0428733 0.0880153
  383 22.95 0.444444 0.0285672 0.0285672 0.0583405
  384 23.01 0.777778 0.0499172 0.0499172 0.102102
  385 23.07 0.277778 0.0172114 0.0172114 0.0369572
  386 23.13 0.388889 0.0242751 0.0242751 0.0510466
  387 23.19 0.333333 0.021145 0.021145 0.0441575
  388 23.25 0.666667 0.0411777 0.0411777 0.0885436
  389 23.31 0.5 0.0308709 0.0308709 0.0663812
  390 23.37 0.611111 0.0375758 0.0375758 0.0812113
  391 23.43 0.444444 0.0272388 0.0272388 0.0593109
  392 23.49 0.277778 0.0169867 0.0169867 0.036737
  393 23.55 0.333333 0.0201943 0.0201943 0.0443845
  394 23.61 0.555556 0.0344309 0.0344309 0.0734509
  395 23.67 0.666667 0.0409092 0.0409092 0.0879008
  396 23.73 0.277778 0.0172431 0.0172431 0.0368665
144000 396 38000
  1 0.03 0.631579 0.0382922 0.0382922 0.0842899
  2 0.09 0.315789 0.0191679 0.0191679 0.0420952
  3 0.15 0.631579 0.038176 0.038176 0.08372
  4 0.21 0.421053 0.0258879 0.0258879 0.0554555
  5 0.27 0.315789 0.0194316 0.0194316 0.0422359
  6 0.33 0.526316 0.0327662 0.0327662 0.0697267
  7 0.39 0.315789 0.0195898 0.0195898 0.041671
  8 0.45 0.526316 0.0320744 0.0320744 0.069703
  9 0.51 0.526316 0.0323222 0.0323222 0.0695218
  10 0.57 1 0.0636242 0.0636242 0.131622
  11 0.63 0.526316 0.0334454 0.0334454 0.0690242
  12 0.69 0.421053 0.0267582 0.0267582 0.0556921
  13 0.75 0.578947 0.0369883 0.0369883 0.0758356
  14 0.81 0.736842 0.0476901 0.0476901 0.0960769
  15 0.87 0.526316 0.0337094 0.0337094 0.0687605
  16 0.93 0.631579 0.0417878 0.0417878 0.0820894
  17 0.99 0.631579 0.041918 0.041918 0.0817074
  18 1.05 0.894737 0.06073 0.06073 0.115544
  19 1.11 0.368421 0.0252785 0.0252785 0.0476559
  20 1.17 0.526316 0.0361964 0.0361964 0.0677883
  21 1.23 0.789474 0.0545899 0.0545899 0.101568
  22 1.29 0.789474 0.0550604 0.0550604 0.101841
  23 1.35 0.526316 0.0367306 0.0367306 0.0680993
  24 1.41 0.894737 0.0647757 0.0647757 0.113839
  25 1.47 0.578947 0.0421864 0.0421864 0.0738556
  26 1.53 1 0.0723414 0.0723414 0.127883
  27 1.59 1.05263 0.0780433 0.0780433 0.13389
  28 1.65 0.736842 0.0554323 0.0554323 0.0931637
  29 1.71 0.947368 0.0710842 0.0710842 0.120777
  30 1.77 0.789474 0.0603766 0.0603766 0.0989425
  31 1.83 1.15789 0.0902996 0.0902996 0.145956
  32 1.89 1 0.0787153 0.0787153 0.126494
  33 1.95 1.47368 0.116487 0.116487 0.18682
  34 2.01 1.21053 0.098134 0.098134 0.15199
  35 2.07 1.31579 0.107411 0.107411 0.166423
  36 2.13 1.68421 0.139499 0.139499 0.212089
  37 2.19 1.47368 0.124228 0.124228 0.184388
  38 2.25 1.89474 0.161529 0.161529 0.237593
  39 2.31 1.31579 0.11317 0.11317 0.164745
  40 2.37 1.52632 0.133912 0.133912 0.19148
  41 2.43 2.26316 0.20043 0.20043 0.283304
  42 2.49 1.89474 0.172542 0.172542 0.235683
  43 2.55 1.63158 0.149205 0.149205 0.202608
  44 2.61 2.10526 0.195508 0.195508 0.261408
  45 2.67 2.05263 0.191716 0.191716 0.255643
  46 2.73 2.36842 0.224759 0.224759 0.295358
  47 2.79 2.57895 0.250201 0.250201 0.320784
  48 2.85 2.21053 0.217276 0.217276 0.274466
  49 2.91 2.42105 0.241214 0.241214 0.301054
  50 2.97 2.89474 0.290576 0.290576 0.358933
  51 3.03 2.84211 0.29093 0.29093 0.352134
  52 3.09 3.26316 0.338161 0.338161 0.40555
  53 3.15 2.47368 0.255667 0.255667 0.30737
  54 3.21 3.94737 0.416615 0.416615 0.490689
  55 3.27 3.26316 0.352034 0.352034 0.405551
  56 3.33 2.10526 0.227648 0.227648 0.261144
  57 3.39 3.26316 0.359216 0.359216 0.406171
  58 3.45 4.10526 0.458317 0.458317 0.511132
  59 3.51 3.63158 0.411053 0.411053 0.451262
  60 3.57 3.89474 0.44758 0.44758 0.485572
  61 3.63 3.73684 0.433084 0.433084 0.466553
  62 3.69 4.57895 0.535488 0.535488 0.570972
  63 3.75 4.47368 0.531845 0.531845 0.558734
  64 3.81 4.47368 0.535566 0.535566 0.559151
  65 3.87 3.78947 0.462992 0.462992 0.474373
  66 3.93 4.26316 0.526075 0.526075 0.535392
  67 3.99 4.21053 0.52237 0.52237 0.528346
  68 4.05 4.15789 0.524419 0.524419 0.524127
  69 4.11 4.84211 0.617544 0.617544 0.611696
  70 4.17 4.10526 0.53113 0.53113 0.518574
  71 4.23 6.05263 0.790653 0.790653 0.766582
  72 4.29 5.47368 0.720798 0.720798 0.695012
  73 4.35 4.89474 0.654128 0.654128 0.623172
  74 4.41 4.57895 0.615106 0.615106 0.58427
  75 4.47 4.15789 0.567968 0.567968 0.531079
  76 4.53 5.84211 0.804743 0.804743 0.749168
  77 4.59 5 0.696746 0.696746 0.644561
  78 4.65 5.05263 0.711094 0.711094 0.65394
  79 4.71 5.42105 0.771278 0.771278 0.701161
  80 4.77 5.21053 0.748472 0.748472 0.6751
  81 4.83 5.89474 0.852764 0.852764 0.766156
  82 4.89 4.57895 0.67317 0.67317 0.599088
  83 4.95 5.47368 0.810172 0.810172 0.718517
  84 5.01 6 0.896341 0.896341 0.790812
  85 5.07 5.57895 0.838645 0.838645 0.738827
  86 5.13 6.36842 0.973234 0.973234 0.847902
  87 5.19 5.15789 0.79139 0.79139 0.689725
  88 5.25 6.36842 0.986235 0.986235 0.852625
  89 5.31 4.84211 0.757432 0.757432 0.652892
  90 5.37 6.26316 0.986499 0.986499 0.848172
  91 5.43 6.31579 1.00218 1.00218 0.859313
  92 5.49 5.10526 0.819199 0.819199 0.698501
  93 5.55 7.05263 1.13955 1.13955 0.970632
  94 5.61 6.89474 1.12659 1.12659 0.953106
  95 5.67 5.73684 0.946078 0.946078 0.800036
  96 5.73 6.26316 1.04044 1.04044 0.875456
  97 5.79 5.78947 0.967314 0.967314 0.814583
  98 5.85 6.31579 1.06115 1.06115 0.892652
  99 5.91 5.47368 0.926404 0.926404 0.778914
  100 5.97 5.68421 0.968933 0.968933 0.813585
  101 6.03 5.68421 0.979851 0.979851 0.819716
  102 6.09 6.89474 1.19416 1.19416 0.999679
  103 6.15 5.84211 1.0178 1.0178 0.854115
  104 6.21 6.84211 1.20489 1.20489 1.00677
  105 6.27 6.78947 1.20205 1.20205 1.00338
  106 6.33 6.57895 1.16902 1.16902 0.981986
  107 6.39 5.84211 1.05089 1.05089 0.876702
  108 6.45 6.84211 1.23326 1.23326 1.03267
  109 6.51 6.63158 1.20085 1.20085 1.00702
  110 6.57 5.73684 1.04738 1.04738 0.878729
  111 6.63 6.42105 1.18155 1.18155 0.990709
  112 6.69 6.42105 1.18613 1.18613 0.99328
  113 6.75 6.57895 1.22205 1.22205 1.02931
  114 6.81 7 1.30665 1.30665 1.10168
  115 6.87 6.73684 1.26372 1.26372 1.06678
  116 6.93 7 1.32339 1.32339 1.11558
  117 6.99 7.21053 1.36806 1.36806 1.15813
  118 7.05 6.15789 1.17339 1.17339 0.991855
  119 7.11 6.78947 1.30116 1.30116 1.10444
  120 7.17 6.78947 1.30841 1.30841 1.11228
  121 7.23 6.73684 1.30299 1.30299 1.10915
  122 7.29 6.84211 1.32938 1.32938 1.13596
  123 7.35 6.84211 1.33749 1.33749 1.1433
  124 7.41 6.47368 1.27023 1.27023 1.08592
  125 7.47 7.31579 1.44098 1.44098 1.23412
  126 7.53 6.21053 1.22979 1.22979 1.05616
  127 7.59 7 1.39144 1.39144 1.19752
  128 7.65 6.26316 1.2502 1.2502 1.07709
  129 7.71 6.73684 1.34909 1.34909 1.16417
  130 7.77 8.89474 1.7885 1.7885 1.55019
  131 7.83 6.21053 1.25355 1.25355 1.08616
  132 7.89 6.73684 1.36397 1.36397 1.18277
  133 7.95 6.57895 1.33818 1.33818 1.16283
  134 8.01 8.47368 1.72676 1.72676 1.50394
  135 8.07 6.57895 1.34578 1.34578 1.17795
  136 8.13 6.52632 1.33941 1.33941 1.173
  137 8.19 7.68421 1.58362 1.58362 1.38689
  138 8.25 6.89474 1.42535 1.42535 1.25208
  139 8.31 7.31579 1.51735 1.51735 1.33418
  140 8.37 7.26316 1.51013 1.51013 1.32759
  141 8.43 6.57895 1.37141 1.37141 1.20953
  142 8.49 6.78947 1.41854 1.41854 1.25249
  143 8.55 7.94737 1.66501 1.66501 1.47226
  144 8.61 6.84211 1.4398 1.4398 1.27246
  145 8.67 7.63158 1.61014 1.61014 1.42566
  146 8.73 7.15789 1.51199 1.51199 1.34124
  147 8.79 6.26316 1.32737 1.32737 1.17968
  148 8.85 7.21053 1.53061 1.53061 1.36274
  149 8.91 7 1.48946 1.48946 1.32584
  150 8.97 7.15789 1.52685 1.52685 1.364
  151 9.03 8.21053 1.75287 1.75287 1.56618
  152 9.09 7.42105 1.5898 1.5898 1.42225
  153 9.15 7.94737 1.70649 1.70649 1.52967
  154 9.21 6.78947 1.46137 1.46137 1.31022
  155 9.27 6.89474 1.48582 1.48582 1.33483
  156 9.33 6.94737 1.5005 1.5005 1.35014
  157 9.39 7.10526 1.53919 1.53919 1.38325
  158 9.45 6.31579 1.3682 1.3682 1.23079
  159 9.51 7.94737 1.72515 1.72515 1.55552
  160 9.57 7.47368 1.62473 1.62473 1.46662
  161 9.63 8.52632 1.85757 1.85757 1.67503
  162 9.69 6.94737 1.51675 1.51675 1.36848
  163 9.75 7.68421 1.68082 1.68082 1.51761
  164 9.81 6.78947 1.48649 1.48649 1.34298
  165 9.87 7.94737 1.74169 1.74169 1.57641
  166 9.93 7.52632 1.65192 1.65192 1.49605
  167 9.99 7.26316 1.59661 1.59661 1.44565
  168 10.05 7.15789 1.5751 1.5751 1.42766
  169 10.11 7.36842 1.6252 1.6252 1.47389
  170 10.17 7.26316 1.60281 1.60281 1.45473
  171 10.23 7.15789 1.58082 1.58082 1.43632
  172 10.29 8.21053 1.81599 1.81599 1.65073
  173 10.35 7.52632 1.66805 1.66805 1.51647
  174 10.41 7.68421 1.70287 1.70287 1.54762
  175 10.47 6.31579 1.40192 1.40192 1.27529
  176 10.53 8.42105 1.87044 1.87044 1.70249
  177 10.59 7.73684 1.72038 1.72038 1.56621
  178 10.65 6.73684 1.5 1.5 1.36485
  179 10.71 7.52632 1.67623 1.67623 1.52646
  180 10.77 8.84211 1.97042 1.97042 1.79535
  181 10.83 7.68421 1.71238 1.71238 1.56443
  182 10.89 7.89474 1.76274 1.76274 1.60725
  183 10.95 7.31579 1.63395 1.63395 1.49153
  184 11.01 7.26316 1.6232 1.6232 1.48317
  185 11.07 7.94737 1.77824 1.77824 1.62213
  186 11.13 6.68421 1.49447 1.49447 1.36617
  187 11.19 7.78947 1.7437 1.7437 1.59376
  188 11.25 7.89474 1.76815 1.76815 1.61535
  189 11.31 7.36842 1.65126 1.65126 1.50763
  190 11.37 7.68421 1.72378 1.72378 1.57296
  191 11.43 7.26316 1.62735 1.62735 1.48799
  192 11.49 7.42105 1.66491 1.66491 1.52169
  193 11.55 7.84211 1.75942 1.75942 1.60907
  194 11.61 6.94737 1.55903 1.55903 1.42416
  195 11.67 8.52632 1.91513 1.91513 1.75113
  196 11.73 7.84211 1.75947 1.75947 1.60654
  197 11.79 7.36842 1.65404 1.65404 1.51314
  198 11.85 7 1.57055 1.57055 1.43554
  199 11.91 6.84211 1.53763 1.53763 1.40343
  200 11.97 8.31579 1.86651 1.86651 1.70592
  201 12.03 7.31579 1.64424 1.64424 1.50249
  202 12.09 8.31579 1.86629 1.86629 1.70512
  203 12.15 7.21053 1.6178 1.6178 1.47863
  204 12.21 8.78947 1.97305 1.97305 1.80018
  205 12.27 6 1.347 1.347 1.22891
  206 12.33 7.42105 1.66495 1.66495 1.51903
  207 12.39 7.63158 1.71151 1.71151 1.56165
  208 12.45 7.57895 1.69911 1.69911 1.55041
  209 12.51 8.89474 1.99296 1.99296 1.81818
  210 12.57 6.26316 1.40325 1.40325 1.27982
  211 12.63 7.31579 1.63874 1.63874 1.49366
  212 12.69 6.84211 1.53166 1.53166 1.39527
  213 12.75 7.42105 1.6599 1.6599 1.51178
  214 12.81 7.47368 1.67116 1.67116 1.52236
  215 12.87 7.52632 1.68219 1.68219 1.5334
  216 12.93 8.47368 1.8901 1.8901 1.72419
  217 12.99 6.89474 1.5387 1.5387 1.40067
  218 13.05 7.42105 1.65529 1.65529 1.50541
  219 13.11 7.89474 1.7585 1.7585 1.59855
  220 13.17 7.73684 1.72168 1.72168 1.56658
  221 13.23 7.94737 1.76602 1.76602 1.60673
  222 13.29 7.68421 1.708 1.708 1.55221
  223 13.35 8.42105 1.87002 1.87002 1.69808
  224 13.41 6.78947 1.50759 1.50759 1.36708
  225 13.47 7.42105 1.64396 1.64396 1.4922
  226 13.53 7.57895 1.67619 1.67619 1.5226
  227 13.59 6.94737 1.53543 1.53543 1.39255
  228 13.65 7.05263 1.55667 1.55667 1.41245
  229 13.71 7.84211 1.73042 1.73042 1.56807
  230 13.77 6.94737 1.52977 1.52977 1.38602
  231 13.83 7.31579 1.6108 1.6108 1.45755
  232 13.89 7.10526 1.56129 1.56129 1.4118
  233 13.95 7.94737 1.74303 1.74303 1.5772
  234 14.01 7.21053 1.57872 1.57872 1.42798
  235 14.07 8.36842 1.83002 1.83002 1.65113
  236 14.13 6.89474 1.50487 1.50487 1.35604
  237 14.19 7.63158 1.66387 1.66387 1.49905
  238 14.25 7.21053 1.56781 1.56781 1.41033
  239 14.31 8.15789 1.77214 1.77214 1.59347
  240 14.37 6.68421 1.45011 1.45011 1.30141
  241 14.43 7.78947 1.68702 1.68702 1.51313
  242 14.49 7.36842 1.59065 1.59065 1.42699
  243 14.55 7.42105 1.60002 1.60002 1.43438
  244 14.61 6.36842 1.37044 1.37044 1.22517
  245 14.67 6.68421 1.43743 1.43743 1.2847
  246 14.73 7.15789 1.5333 1.5333 1.3692
  247 14.79 8.15789 1.74605 1.74605 1.55758
  248 14.85 7.15789 1.52829 1.52829 1.36138
  249 14.91 7.15789 1.52239 1.52239 1.35425
  250 14.97 7.26316 1.54266 1.54266 1.36954
  251 15.03 7.05263 1.49346 1.49346 1.32346
  252 15.09 8.42105 1.77882 1.77882 1.57357
  253 15.15 6.57895 1.38763 1.38763 1.22588
  254 15.21 8.10526 1.70357 1.70357 1.50313
  255 15.27 6.68421 1.40035 1.40035 1.23309
  256 15.33 7 1.46297 1.46297 1.28697
  257 15.39 7.78947 1.62151 1.62151 1.42287
  258 15.45 8.26316 1.71811 1.71811 1.50441
  259 15.51 6.47368 1.34151 1.34151 1.17221
  260 15.57 6.31579 1.30572 1.30572 1.13991
  261 15.63 7.10526 1.46222 1.46222 1.27404
  262 15.69 6.21053 1.27513 1.27513 1.10846
  263 15.75 7.26316 1.4873 1.4873 1.28894
  264 15.81 6.42105 1.30923 1.30923 1.13401
  265 15.87 7.31579 1.48585 1.48585 1.28471
  266 15.93 7.78947 1.57604 1.57604 1.35791
  267 15.99 7 1.41101 1.41101 1.21436
  268 16.05 7.36842 1.48017 1.48017 1.27174
  269 16.11 7.21053 1.442 1.442 1.23573
  270 16.17 7.94737 1.58307 1.58307 1.35237
  271 16.23 6.21053 1.23207 1.23207 1.05411
  272 16.29 5.47368 1.08219 1.08219 0.920508
  273 16.35 6.52632 1.28261 1.28261 1.08938
  274 16.41 7 1.37219 1.37219 1.16225
  275 16.47 6.89474 1.34448 1.34448 1.13763
  276 16.53 6.42105 1.24609 1.24609 1.05146
  277 16.59 6.68421 1.29075 1.29075 1.08827
  278 16.65 6.73684 1.29375 1.29375 1.08962
  279 16.71 6.78947 1.29872 1.29872 1.08982
  280 16.77 7.26316 1.38076 1.38076 1.15852
  281 16.83 7.42105 1.40488 1.40488 1.17468
  282 16.89 6.52632 1.22749 1.22749 1.02809
  283 16.95 6.10526 1.145 1.145 0.956803
  284 17.01 6.73684 1.25471 1.25471 1.04818
  285 17.07 6.31579 1.17127 1.17127 0.97625
  286 17.13 5.78947 1.06601 1.06601 0.887779
  287 17.19 6.63158 1.21111 1.21111 1.01168
  288 17.25 6.10526 1.11034 1.11034 0.924219
  289 17.31 6.94737 1.25632 1.25632 1.04462
  290 17.37 7.36842 1.32245 1.32245 1.10038
  291 17.43 7.05263 1.25677 1.25677 1.04549
  292 17.49 6.15789 1.08942 1.08942 0.906458
  293 17.55 5.89474 1.03736 1.03736 0.862213
  294 17.61 5.57895 0.974258 0.974258 0.809944
  295 17.67 6.31579 1.09789 1.09789 0.915052
  296 17.73 7.10526 1.22535 1.22535 1.02265
  297 17.79 6.47368 1.10831 1.10831 0.927246
  298 17.85 6.73684 1.14395 1.14395 0.958196
  299 17.91 6.89474 1.15893 1.15893 0.972718
  300 17.97 6.10526 1.0205 1.0205 0.858454
  301 18.03 6.15789 1.02147 1.02147 0.860607
  302 18.09 5.52632 0.908519 0.908519 0.769066
  303 18.15 5.89474 0.962891 0.962891 0.815549
  304 18.21 6.31579 1.02497 1.02497 0.869908
  305 18.27 4.89474 0.784132 0.784132 0.668225
  306 18.33 6.57895 1.04915 1.04915 0.896414
  307 18.39 5.21053 0.821176 0.821176 0.70604
  308 18.45 5.73684 0.896897 0.896897 0.772795
  309 18.51 5.94737 0.924768 0.924768 0.799847
  310 18.57 6.26316 0.960022 0.960022 0.837129
  311 18.63 5.36842 0.817342 0.817342 0.713881
  312 18.69 5.84211 0.881406 0.881406 0.7749
  313 18.75 5.63158 0.845386 0.845386 0.745041
  314 18.81 5.63158 0.832111 0.832111 0.741068
  315 18.87 5.36842 0.783327 0.783327 0.704087
  316 18.93 5.31579 0.770337 0.770337 0.694495
  317 18.99 5.84211 0.83945 0.83945 0.760336
  318 19.05 5.57895 0.791668 0.791668 0.725281
  319 19.11 5.42105 0.760981 0.760981 0.700871
  320 19.17 5.68421 0.789845 0.789845 0.733529
  321 19.23 5.36842 0.741873 0.741873 0.690844
  322 19.29 4.78947 0.652752 0.652752 0.613999
  323 19.35 5.31579 0.71714 0.71714 0.680382
  324 19.41 4.31579 0.574832 0.574832 0.551187
  325 19.47 4.05263 0.533256 0.533256 0.51596
  326 19.53 4.36842 0.567805 0.567805 0.554595
  327 19.59 5.21053 0.670171 0.670171 0.661233
  328 19.65 4.57895 0.585708 0.585708 0.578479
  329 19.71 4.57895 0.578018 0.578018 0.577383
  330 19.77 4.68421 0.582992 0.582992 0.589767
  331 19.83 4.47368 0.548432 0.548432 0.56299
  332 19.89 4.47368 0.542188 0.542188 0.562172
  333 19.95 3.94737 0.472553 0.472553 0.496576
  334 20.01 3.89474 0.46235 0.46235 0.489408
  335 20.07 4.42105 0.515617 0.515617 0.55474
  336 20.13 3.52632 0.406768 0.406768 0.441155
  337 20.19 3.94737 0.452682 0.452682 0.493531
  338 20.25 4 0.450881 0.450881 0.499174
  339 20.31 3.15789 0.351878 0.351878 0.392782
  340 20.37 2.94737 0.324522 0.324522 0.367786
  341 20.43 3.05263 0.33113 0.33113 0.380984
  342 20.49 3.10526 0.33392 0.33392 0.387127
  343 20.55 3.26316 0.343459 0.343459 0.407462
  344 20.61 2.57895 0.26917 0.26917 0.320989
  345 20.67 2.63158 0.270782 0.270782 0.327064
  346 20.73 3.15789 0.318287 0.318287 0.395147
  347 20.79 2.36842 0.236459 0.236459 0.296109
  348 20.85 2.68421 0.26688 0.26688 0.335091
  349 20.91 2.47368 0.240549 0.240549 0.309173
  350 20.97 1.94737 0.186402 0.186402 0.243075
  351 21.03 1.89474 0.177581 0.177581 0.238105
  352 21.09 2 0.186794 0.186794 0.249757
  353 21.15 1.94737 0.180698 0.180698 0.243693
  354 21.21 2 0.182276 0.182276 0.248957
  355 21.27 1.63158 0.1469 0.1469 0.203974
  356 21.33 2.31579 0.203588 0.203588 0.290323
  357 21.39 1.47368 0.129158 0.129158 0.184263
  358 21.45 1.42105 0.122318 0.122318 0.178429
  359 21.51 1.68421 0.143565 0.143565 0.212049
  360 21.57 1.36842 0.114865 0.114865 0.172908
  361 21.63 1.15789 0.0951773 0.0951773 0.146728
  362 21.69 1.36842 0.111106 0.111106 0.172897
  363 21.75 1.26316 0.102185 0.102185 0.159314
  364 21.81 1.21053 0.0962593 0.0962593 0.153308
  365 21.87 1.05263 0.0829516 0.0829516 0.134277
  366 21.93 1.31579 0.101273 0.101273 0.168117
  367 21.99 1.10526 0.0840512 0.0840512 0.14076
  368 22.05 1 0.0744321 0.0744321 0.128981
  369 22.11 0.842105 0.0624794 0.0624794 0.10785
  370 22.17 1.05263 0.0768276 0.0768276 0.135136
  371 22.23 0.684211 0.0491968 0.0491968 0.0882179
  372 22.29 0.789474 0.0564851 0.0564851 0.101723
  373 22.35 0.947368 0.0669004 0.0669004 0.121901
  374 22.41 0.631579 0.0441096 0.0441096 0.082018
  375 22.47 0.947368 0.0652928 0.0652928 0.12338
  376 22.53 0.684211 0.046544 0.046544 0.0891651
  377 22.59 0.526316 0.0354037 0.0354037 0.0685346
  378 22.65 0.578947 0.0387006 0.0387006 0.0755342
  379 22.71 0.842105 0.0557472 0.0557472 0.109869
  380 22.77 0.736842 0.0479751 0.0479751 0.0973626
  381 22.83 0.789474 0.0515292 0.0515292 0.102639
  382 22.89 0.631579 0.0406168 0.0406168 0.0833829
  383 22.95 0.473684 0.0304862 0.0304862 0.0623138
  384 23.01 0.736842 0.04729 0.04729 0.0967282
  385 23.07 0.263158 0.0163056 0.0163056 0.035012
  386 23.13 0.421053 0.026354 0.026354 0.0554169
  387 23.19 0.368421 0.0233641 0.0233641 0.0488983
  388 23.25 0.684211 0.0423198 0.0423198 0.0909504
  389 23.31 0.473684 0.0292461 0.0292461 0.0628874
  390 23.37 0.578947 0.0355981 0.0355981 0.0769371
  391 23.43 0.421053 0.0258052 0.0258052 0.0561893
  392 23.49 0.315789 0.0193585 0.0193585 0.0418735
  393 23.55 0.315789 0.0191314 0.0191314 0.0420485
  394 23.61 0.526316 0.0326188 0.0326188 0.0695851
  395 23.67 0.631579 0.0387561 0.0387561 0.0832745
  396 23.73 0.263158 0.0163356 0.0163356 0.0349262
152000 396 40000
  1 0.03 0.6 0.0363776 0.0363776 0.0800754
  2 0.09 0.3 0.0182095 0.0182095 0.0399905
  3 0.15 0.6 0.0362672 0.0362672 0.079534
  4 0.21 0.4 0.0245935 0.0245935 0.0526827
  5 0.27 0.35 0.02146 0.02146 0.0468529
  6 0.33 0.5 0.0311279 0.0311279 0.0662404
  7 0.39 0.3 0.0186103 0.0186103 0.0395874
  8 0.45 0.55 0.033505 0.033505 0.072924
  9 0.51 0.5 0.0307061 0.0307061 0.0660457
  10 0.57 0.95 0.060443 0.060443 0.125041
  11 0.63 0.5 0.0317731 0.0317731 0.065573
  12 0.69 0.4 0.0254203 0.0254203 0.0529075
  13 0.75 0.7 0.0445869 0.0445869 0.0920006
  14 0.81 0.7 0.0453056 0.0453056 0.091273
  15 0.87 0.5 0.0320239 0.0320239 0.0653225
  16 0.93 0.6 0.0396984 0.0396984 0.0779849
  17 0.99 0.6 0.0398221 0.0398221 0.077622
  18 1.05 0.9 0.0609738 0.0609738 0.11631
  19 1.11 0.35 0.0240145 0.0240145 0.0452731
  20 1.17 0.55 0.0377464 0.0377464 0.0708594
  21 1.23 0.85 0.0586443 0.0586443 0.109357
  22 1.29 0.75 0.0523074 0.0523074 0.096749
  23 1.35 0.5 0.034894 0.034894 0.0646944
  24 1.41 0.9 0.0650524 0.0650524 0.114511
  25 1.47 0.55 0.0400771 0.0400771 0.0701628
  26 1.53 0.95 0.0687244 0.0687244 0.121489
  27 1.59 1.05 0.0777761 0.0777761 0.133519
  28 1.65 0.7 0.0526607 0.0526607 0.0885055
  29 1.71 0.95 0.0712952 0.0712952 0.121019
  30 1.77 0.8 0.0611518 0.0611518 0.100269
  31 1.83 1.15 0.0896564 0.0896564 0.144918
  32 1.89 0.95 0.0747795 0.0747795 0.120169
  33 1.95 1.45 0.114647 0.114647 0.183717
  34 2.01 1.3 0.105211 0.105211 0.1631
  35 2.07 1.3 0.10611 0.10611 0.164321
  36 2.13 1.85 0.153158 0.153158 0.23249
  37 2.19 1.55 0.130593 0.130593 0.193724
  38 2.25 1.8 0.153453 0.153453 0.225714
  39 2.31 1.3 0.111792 0.111792 0.162675
  40 2.37 1.5 0.131598 0.131598 0.188058
  41 2.43 2.25 0.199296 0.199296 0.281431
  42 2.49 1.85 0.16839 0.16839 0.230042
  43 2.55 1.65 0.150891 0.150891 0.204751
  44 2.61 2.1 0.194929 0.194929 0.260608
  45 2.67 2.1 0.196223 0.196223 0.261257
  46 2.73 2.3 0.21826 0.21826 0.286723
  47 2.79 2.5 0.242481 0.242481 0.310878
  48 2.85 2.15 0.211274 0.211274 0.266877
  49 2.91 2.45 0.243977 0.243977 0.304404
  50 2.97 2.95 0.296172 0.296172 0.365542
  51 3.03 2.9 0.296675 0.296675 0.359094
  52 3.09 3.25 0.33679 0.33679 0.403725
  53 3.15 2.65 0.274306 0.274306 0.328938
  54 3.21 3.85 0.406403 0.406403 0.478477
  55 3.27 3.3 0.355931 0.355931 0.409935
  56 3.33 2.35 0.25431 0.25431 0.291245
  57 3.39 3.4 0.374381 0.374381 0.422856
  58 3.45 3.95 0.440962 0.440962 0.491741
  59 3.51 3.5 0.396184 0.396184 0.434863
  60 3.57 3.85 0.442444 0.442444 0.479796
  61 3.63 3.75 0.434597 0.434597 0.467906
  62 3.69 4.45 0.520491 0.520491 0.554774
  63 3.75 4.45 0.529009 0.529009 0.555514
  64 3.81 4.4 0.526931 0.526931 0.54976
  65 3.87 3.85 0.47025 0.47025 0.481605
  66 3.93 4.25 0.52443 0.52443 0.533378
  67 3.99 4.35 0.539972 0.539972 0.545252
  68 4.05 4.2 0.52975 0.52975 0.528871
  69 4.11 5.05 0.644183 0.644183 0.636885
  70 4.17 4 0.517503 0.517503 0.505063
  71 4.23 5.95 0.77715 0.77715 0.75312
  72 4.29 5.4 0.711214 0.711214 0.685213
  73 4.35 4.95 0.661654 0.661654 0.629557
  74 4.41 4.6 0.618191 0.618191 0.586407
  75 4.47 4.2 0.573711 0.573711 0.535947
  76 4.53 5.95 0.819651 0.819651 0.762106
  77 4.59 4.9 0.682791 0.682791 0.631283
  78 4.65 4.9 0.689603 0.689603 0.633924
  79 4.71 5.45 0.775411 0.775411 0.704332
  80 4.77 5.35 0.768669 0.768669 0.692561
  81 4.83 6 0.868235 0.868235 0.779201
  82 4.89 4.9 0.72017 0.72017 0.64002
  83 4.95 5.45 0.806752 0.806752 0.714958
  84 5.01 5.85 0.873955 0.873955 0.77075
  85 5.07 5.75 0.864642 0.864642 0.76053
  86 5.13 6.4 0.977847 0.977847 0.851304
  87 5.19 5 0.767172 0.767172 0.66838
  88 5.25 6.2 0.960173 0.960173 0.829803
  89 5.31 4.8 0.750913 0.750913 0.646838
  90 5.37 6.25 0.984492 0.984492 0.845826
  91 5.43 6.15 0.975885 0.975885 0.836485
  92 5.49 5.1 0.818377 0.818377 0.697422
  93 5.55 7 1.13106 1.13106 0.962928
  94 5.61 7.15 1.16805 1.16805 0.987684
  95 5.67 5.7 0.93991 0.93991 0.794595
  96 5.73 6.1 1.0132 1.0132 0.852498
  97 5.79 5.75 0.96074 0.96074 0.808909
  98 5.85 6.4 1.07541 1.07541 0.90441
  99 5.91 5.3 0.897073 0.897073 0.754182
  100 5.97 5.85 0.997383 0.997383 0.837196
  101 6.03 5.9 1.01683 1.01683 0.850563
  102 6.09 6.9 1.19504 1.19504 1.00033
  103 6.15 5.8 1.0105 1.0105 0.847832
  104 6.21 6.85 1.206 1.206 1.0077
  105 6.27 6.75 1.19485 1.19485 0.997407
  106 6.33 6.55 1.16387 1.16387 0.977464
  107 6.39 5.85 1.05205 1.05205 0.877872
  108 6.45 6.8 1.22553 1.22553 1.02625
  109 6.51 6.5 1.17705 1.17705 0.987089
  110 6.57 5.85 1.0678 1.0678 0.89593
  111 6.63 6.45 1.18658 1.18658 0.995095
  112 6.69 6.25 1.15446 1.15446 0.966899
  113 6.75 6.65 1.23502 1.23502 1.04035
  114 6.81 7.15 1.33444 1.33444 1.1254
  115 6.87 6.65 1.24732 1.24732 1.05314
  116 6.93 6.95 1.31368 1.31368 1.10786
  117 6.99 7.1 1.3469 1.3469 1.14052
  118 7.05 6.1 1.1622 1.1622 0.982847
  119 7.11 6.95 1.33157 1.33157 1.13111
  120 7.17 6.85 1.31971 1.31971 1.12266
  121 7.23 6.75 1.30528 1.30528 1.11184
  122 7.29 6.95 1.34999 1.34999 1.15438
  123 7.35 6.85 1.33868 1.33868 1.14499
  124 7.41 6.5 1.27503 1.27503 1.09075
  125 7.47 7.25 1.42772 1.42772 1.22333
  126 7.53 6.1 1.20771 1.20771 1.03757
  127 7.59 7 1.39108 1.39108 1.19783
  128 7.65 6.25 1.24723 1.24723 1.07514
  129 7.71 6.75 1.35137 1.35137 1.16687
  130 7.77 8.65 1.73909 1.73909 1.50772
  131 7.83 6.6 1.33146 1.33146 1.15526
  132 7.89 6.75 1.36631 1.36631 1.1857
  133 7.95 6.6 1.34205 1.34205 1.16711
  134 8.01 8.4 1.71138 1.71138 1.49143
  135 8.07 6.45 1.31923 1.31923 1.15512
  136 8.13 6.4 1.31329 1.31329 1.15054
  137 8.19 7.75 1.59663 1.59663 1.39927
  138 8.25 6.8 1.40545 1.40545 1.23502
  139 8.31 7.25 1.50324 1.50324 1.32229
  140 8.37 7.45 1.54826 1.54826 1.36232
  141 8.43 6.45 1.34428 1.34428 1.186
  142 8.49 6.9 1.44109 1.44109 1.27341
  143 8.55 7.85 1.64424 1.64424 1.4546
  144 8.61 6.7 1.40959 1.40959 1.24636
  145 8.67 7.8 1.64484 1.64484 1.45809
  146 8.73 7.05 1.48889 1.48889 1.32155
  147 8.79 6.5 1.37674 1.37674 1.22534
  148 8.85 7.1 1.50687 1.50687 1.34243
  149 8.91 7.2 1.53134 1.53134 1.36496
  150 8.97 7.15 1.52472 1.52472 1.36302
  151 9.03 8.2 1.75023 1.75023 1.56489
  152 9.09 7.15 1.53161 1.53161 1.37044
  153 9.15 8.05 1.72787 1.72787 1.54981
  154 9.21 6.7 1.44177 1.44177 1.29311
  155 9.27 6.8 1.4651 1.4651 1.31658
  156 9.33 6.85 1.47917 1.47917 1.33127
  157 9.39 7.1 1.53758 1.53758 1.38242
  158 9.45 6.4 1.38602 1.38602 1.24752
  159 9.51 8 1.7361 1.7361 1.56612
  160 9.57 7.45 1.61924 1.61924 1.46226
  161 9.63 8.4 1.82974 1.82974 1.65059
  162 9.69 7.15 1.56039 1.56039 1.40912
  163 9.75 7.7 1.68384 1.68384 1.52123
  164 9.81 7 1.53202 1.53202 1.38531
  165 9.87 7.95 1.74192 1.74192 1.57739
  166 9.93 7.5 1.64586 1.64586 1.49128
  167 9.99 7.2 1.58248 1.58248 1.4336
  168 10.05 7 1.54022 1.54022 1.39654
  169 10.11 7.4 1.63178 1.63178 1.48086
  170 10.17 7.2 1.58864 1.58864 1.4426
  171 10.23 7.1 1.56784 1.56784 1.42517
  172 10.29 8.15 1.80238 1.80238 1.639
  173 10.35 7.45 1.65089 1.65089 1.50139
  174 10.41 7.95 1.76143 1.76143 1.60199
  175 10.47 6.4 1.42036 1.42036 1.29268
  176 10.53 8.4 1.86556 1.86556 1.69862
  177 10.59 7.8 1.73421 1.73421 1.5794
  178 10.65 6.6 1.46943 1.46943 1.33732
  179 10.71 7.45 1.65911 1.65911 1.51126
  180 10.77 8.7 1.93866 1.93866 1.76676
  181 10.83 7.7 1.71586 1.71586 1.56787
  182 10.89 7.95 1.77492 1.77492 1.61884
  183 10.95 7.45 1.66381 1.66381 1.51925
  184 11.01 7.15 1.59786 1.59786 1.46021
  185 11.07 7.75 1.73402 1.73402 1.58202
  186 11.13 6.85 1.53156 1.53156 1.40042
  187 11.19 7.75 1.73483 1.73483 1.58588
  188 11.25 8.2 1.83647 1.83647 1.67823
  189 11.31 7.35 1.6471 1.6471 1.50408
  190 11.37 7.55 1.69363 1.69363 1.54561
  191 11.43 7.2 1.61327 1.61327 1.47511
  192 11.49 7.6 1.70509 1.70509 1.55834
  193 11.55 7.75 1.73879 1.73879 1.59012
  194 11.61 6.85 1.53723 1.53723 1.40424
  195 11.67 8.5 1.90924 1.90924 1.74565
  196 11.73 7.95 1.78387 1.78387 1.62883
  197 11.79 7.5 1.68374 1.68374 1.5401
  198 11.85 6.95 1.5595 1.5595 1.42531
  199 11.91 6.8 1.52823 1.52823 1.39479
  200 11.97 8.3 1.86317 1.86317 1.70263
  201 12.03 7.45 1.67453 1.67453 1.52978
  202 12.09 8.25 1.85174 1.85174 1.69152
  203 12.15 7.4 1.66069 1.66069 1.51727
  204 12.21 8.65 1.94192 1.94192 1.77155
  205 12.27 5.8 1.30215 1.30215 1.18789
  206 12.33 7.5 1.68298 1.68298 1.53499
  207 12.39 7.4 1.65969 1.65969 1.51415
  208 12.45 7.45 1.6704 1.6704 1.52384
  209 12.51 8.85 1.98329 1.98329 1.80874
  210 12.57 6.35 1.42303 1.42303 1.29722
  211 12.63 7.25 1.62425 1.62425 1.48003
  212 12.69 7 1.56744 1.56744 1.4272
  213 12.75 7.6 1.70048 1.70048 1.54795
  214 12.81 7.45 1.6662 1.6662 1.51725
  215 12.87 7.7 1.72154 1.72154 1.56816
  216 12.93 8.35 1.8629 1.8629 1.6987
  217 12.99 6.85 1.52903 1.52903 1.39126
  218 13.05 7.7 1.71816 1.71816 1.56127
  219 13.11 7.8 1.73776 1.73776 1.5791
  220 13.17 7.6 1.69155 1.69155 1.5386
  221 13.23 8 1.77834 1.77834 1.61687
  222 13.29 7.8 1.73431 1.73431 1.57499
  223 13.35 8.1 1.79884 1.79884 1.63323
  224 13.41 6.9 1.53257 1.53257 1.3889
  225 13.47 7.4 1.63976 1.63976 1.48765
  226 13.53 7.5 1.65918 1.65918 1.50645
  227 13.59 6.95 1.53649 1.53649 1.39278
  228 13.65 7.15 1.57878 1.57878 1.43149
  229 13.71 8.05 1.77704 1.77704 1.60902
  230 13.77 7.05 1.55302 1.55302 1.406
  231 13.83 7.3 1.60772 1.60772 1.4539
  232 13.89 6.9 1.51637 1.51637 1.37078
  233 13.95 7.9 1.73309 1.73309 1.56715
  234 14.01 7.2 1.57692 1.57692 1.42529
  235 14.07 8.3 1.81553 1.81553 1.63715
  236 14.13 7.05 1.53949 1.53949 1.38601
  237 14.19 7.9 1.72329 1.72329 1.55094
  238 14.25 7.25 1.57705 1.57705 1.41774
  239 14.31 8 1.7382 1.7382 1.5624
  240 14.37 6.65 1.44312 1.44312 1.29461
  241 14.43 7.8 1.68983 1.68983 1.51498
  242 14.49 7.55 1.6307 1.6307 1.46178
  243 14.55 7.35 1.58514 1.58514 1.42037
  244 14.61 6.3 1.35607 1.35607 1.21181
  245 14.67 6.8 1.46284 1.46284 1.30643
  246 14.73 7.15 1.53216 1.53216 1.36743
  247 14.79 8.05 1.7233 1.7233 1.53669
  248 14.85 6.95 1.48412 1.48412 1.32177
  249 14.91 7.4 1.57481 1.57481 1.3998
  250 14.97 7 1.48691 1.48691 1.31988
  251 15.03 7.35 1.55743 1.55743 1.37922
  252 15.09 8.5 1.79625 1.79625 1.58845
  253 15.15 6.5 1.37128 1.37128 1.21121
  254 15.21 7.95 1.67129 1.67129 1.47445
  255 15.27 6.7 1.40419 1.40419 1.23625
  256 15.33 7.1 1.4845 1.4845 1.30554
  257 15.39 7.8 1.62437 1.62437 1.42512
  258 15.45 8.15 1.69496 1.69496 1.48398
  259 15.51 6.35 1.31613 1.31613 1.14996
  260 15.57 6.3 1.30285 1.30285 1.1373
  261 15.63 7.3 1.50315 1.50315 1.30959
  262 15.69 6.3 1.294 1.294 1.12482
  263 15.75 7.35 1.50561 1.50561 1.30487
  264 15.81 6.35 1.29509 1.29509 1.12173
  265 15.87 7.25 1.4729 1.4729 1.27343
  266 15.93 7.75 1.56857 1.56857 1.35145
  267 15.99 7 1.41151 1.41151 1.2147
  268 16.05 7.4 1.48707 1.48707 1.27755
  269 16.11 7.25 1.45045 1.45045 1.24279
  270 16.17 8.1 1.61425 1.61425 1.3788
  271 16.23 6.15 1.2204 1.2204 1.04384
  272 16.29 5.75 1.13747 1.13747 0.967278
  273 16.35 6.4 1.2581 1.2581 1.06847
  274 16.41 6.8 1.33314 1.33314 1.12912
  275 16.47 6.85 1.33616 1.33616 1.13054
  276 16.53 6.35 1.23265 1.23265 1.0402
  277 16.59 6.6 1.27486 1.27486 1.07498
  278 16.65 7.05 1.35498 1.35498 1.14148
  279 16.71 6.75 1.29163 1.29163 1.08412
  280 16.77 7.3 1.38837 1.38837 1.16511
  281 16.83 7.25 1.37282 1.37282 1.14802
  282 16.89 6.6 1.24193 1.24193 1.04017
  283 16.95 6.1 1.14427 1.14427 0.956165
  284 17.01 6.55 1.22005 1.22005 1.01919
  285 17.07 6.25 1.15929 1.15929 0.966222
  286 17.13 5.95 1.09614 1.09614 0.912715
  287 17.19 6.85 1.25185 1.25185 1.04517
  288 17.25 5.9 1.07317 1.07317 0.893229
  289 17.31 7.1 1.28455 1.28455 1.06782
  290 17.37 7.35 1.31949 1.31949 1.09765
  291 17.43 6.9 1.22983 1.22983 1.02297
  292 17.49 6.35 1.12404 1.12404 0.935028
  293 17.55 5.8 1.02087 1.02087 0.848459
  294 17.61 5.7 0.995833 0.995833 0.827853
  295 17.67 6.4 1.11279 1.11279 0.927381
  296 17.73 7.05 1.21613 1.21613 1.01485
  297 17.79 6.35 1.0873 1.0873 0.909524
  298 17.85 6.6 1.12083 1.12083 0.938668
  299 17.91 6.75 1.13488 1.13488 0.952335
  300 17.97 5.95 0.994649 0.994649 0.836588
  301 18.03 6.35 1.0537 1.0537 0.887444
  302 18.09 5.65 0.929193 0.929193 0.786249
  303 18.15 5.8 0.947516 0.947516 0.802459
  304 18.21 6.2 1.00621 1.00621 0.853945
  305 18.27 4.95 0.793308 0.793308 0.675891
  306 18.33 6.5 1.03658 1.03658 0.885587
  307 18.39 5.55 0.875075 0.875075 0.751934
  308 18.45 5.8 0.906925 0.906925 0.78128
  309 18.51 5.95 0.925202 0.925202 0.800085
  310 18.57 6.2 0.950489 0.950489 0.828604
  311 18.63 5.2 0.791774 0.791774 0.691484
  312 18.69 5.85 0.882612 0.882612 0.775831
  313 18.75 5.55 0.833009 0.833009 0.734135
  314 18.81 5.8 0.857152 0.857152 0.763097
  315 18.87 5.45 0.795421 0.795421 0.714686
  316 18.93 5.25 0.760867 0.760867 0.6859
  317 18.99 5.55 0.797478 0.797478 0.722319
  318 19.05 5.6 0.794632 0.794632 0.728006
  319 19.11 5.55 0.779145 0.779145 0.717674
  320 19.17 5.7 0.792061 0.792061 0.735629
  321 19.23 5.4 0.746016 0.746016 0.694985
  322 19.29 4.8 0.654118 0.654118 0.615463
  323 19.35 5.2 0.70144 0.70144 0.665616
  324 19.41 4.45 0.592746 0.592746 0.568465
  325 19.47 4 0.526294 0.526294 0.509316
  326 19.53 4.35 0.565319 0.565319 0.552338
  327 19.59 5.15 0.662369 0.662369 0.653608
  328 19.65 4.95 0.632641 0.632641 0.625703
  329 19.71 4.5 0.567981 0.567981 0.567513
  330 19.77 4.65 0.578583 0.578583 0.585521
  331 19.83 4.55 0.557723 0.557723 0.572628
  332 19.89 4.5 0.54541 0.54541 0.565512
  333 19.95 3.95 0.472759 0.472759 0.496856
  334 20.01 3.8 0.451052 0.451052 0.477481
  335 20.07 4.5 0.524809 0.524809 0.564576
  336 20.13 3.45 0.39788 0.39788 0.431604
  337 20.19 3.9 0.447116 0.447116 0.487601
  338 20.25 3.95 0.445185 0.445185 0.492926
  339 20.31 3.2 0.356404 0.356404 0.398042
  340 20.37 3 0.330076 0.330076 0.374245
  341 20.43 3 0.325286 0.325286 0.374355
  342 20.49 3.05 0.327822 0.327822 0.380191
  343 20.55 3.45 0.362942 0.362942 0.430561
  344 20.61 2.75 0.286782 0.286782 0.342212
  345 20.67 2.65 0.272559 0.272559 0.329353
  346 20.73 3.2 0.3224 0.3224 0.400231
  347 20.79 2.45 0.244491 0.244491 0.306143
  348 20.85 2.6 0.258431 0.258431 0.324545
  349 20.91 2.35 0.228522 0.228522 0.293714
  350 20.97 1.9 0.181852 0.181852 0.237137
  351 21.03 2 0.187412 0.187412 0.251095
  352 21.09 1.9 0.177454 0.177454 0.237269
  353 21.15 1.9 0.176209 0.176209 0.237753
  354 21.21 2 0.182147 0.182147 0.249009
  355 21.27 1.65 0.148434 0.148434 0.206281
  356 21.33 2.2 0.193409 0.193409 0.275807
  357 21.39 1.45 0.126974 0.126974 0.181327
  358 21.45 1.4 0.120436 0.120436 0.175791
  359 21.51 1.7 0.144783 0.144783 0.21403
  360 21.57 1.35 0.113223 0.113223 0.170574
  361 21.63 1.3 0.106719 0.106719 0.164662
  362 21.69 1.4 0.113533 0.113533 0.176924
  363 21.75 1.25 0.101044 0.101044 0.157688
  364 21.81 1.15 0.0914463 0.0914463 0.145642
  365 21.87 1 0.078804 0.078804 0.127563
  366 21.93 1.25 0.0962098 0.0962098 0.159711
  367 21.99 1.05 0.0798486 0.0798486 0.133722
  368 22.05 0.95 0.0707105 0.0707105 0.122532
  369 22.11 0.85 0.0629792 0.0629792 0.108898
  370 22.17 1 0.0729862 0.0729862 0.128379
  371 22.23 0.75 0.0538801 0.0538801 0.0967281
  372 22.29 0.75 0.0536609 0.0536609 0.0966366
  373 22.35 0.9 0.0635554 0.0635554 0.115806
  374 22.41 0.65 0.0453423 0.0453423 0.0844417
  375 22.47 0.95 0.0654294 0.0654294 0.123748
  376 22.53 0.65 0.0442168 0.0442168 0.0847069
  377 22.59 0.5 0.0336335 0.0336335 0.0651078
  378 22.65 0.55 0.0367656 0.0367656 0.0717575
  379 22.71 0.8 0.0529598 0.0529598 0.104376
  380 22.77 0.8 0.052035 0.052035 0.105732
  381 22.83 0.75 0.0489527 0.0489527 0.0975075
  382 22.89 0.6 0.038586 0.038586 0.0792138
  383 22.95 0.45 0.0289619 0.0289619 0.0591981
  384 23.01 0.8 0.0511553 0.0511553 0.105259
  385 23.07 0.25 0.0154903 0.0154903 0.0332614
  386 23.13 0.4 0.0250363 0.0250363 0.052646
  387 23.19 0.45 0.0283197 0.0283197 0.0598787
  388 23.25 0.75 0.0462919 0.0462919 0.0998297
  389 23.31 0.45 0.0277838 0.0277838 0.0597431
  390 23.37 0.65 0.039846 0.039846 0.0865464
  391 23.43 0.4 0.024515 0.024515 0.0533798
  392 23.49 0.45 0.0273746 0.0273746 0.0599988
  393 23.55 0.35 0.0211602 0.0211602 0.0467042
  394 23.61 0.5 0.0309878 0.0309878 0.0661058
  395 23.67 0.6 0.0368183 0.0368183 0.0791108
  396 23.73 0.25 0.0155188 0.0155188 0.0331799
160000 396 42000
  1 0.03 0.666667 0.0405048 0.0405048 0.0888622
  2 0.09 0.333333 0.0202727 0.0202727 0.0443822
  3 0.15 0.571429 0.0345402 0.0345402 0.0757467
  4 0.21 0.428571 0.0263623 0.0263623 0.0564663
  5 0.27 0.380952 0.0233878 0.0233878 0.050917
  6 0.33 0.47619 0.0296456 0.0296456 0.0630861
  7 0.39 0.380952 0.0236556 0.0236556 0.0502553
  8 0.45 0.571429 0.0348911 0.0348911 0.0757114
  9 0.51 0.47619 0.0292439 0.0292439 0.0629007
  10 0.57 0.904762 0.0575648 0.0575648 0.119087
  11 0.63 0.52381 0.0332765 0.0332765 0.0686949
  12 0.69 0.428571 0.0272568 0.0272568 0.0566149
  13 0.75 0.666667 0.0424637 0.0424637 0.0876196
  14 0.81 0.761905 0.0493143 0.0493143 0.0993407
  15 0.87 0.47619 0.030499 0.030499 0.0622119
  16 0.93 0.809524 0.0534606 0.0534606 0.105147
  17 0.99 0.619048 0.0411033 0.0411033 0.0800753
  18 1.05 0.904762 0.0612593 0.0612593 0.116916
  19 1.11 0.380952 0.0261088 0.0261088 0.0492344
  20 1.17 0.52381 0.035949 0.035949 0.0674852
  21 1.23 0.809524 0.0558517 0.0558517 0.104149
  22 1.29 0.761905 0.0531252 0.0531252 0.0982219
  23 1.35 0.52381 0.0365817 0.0365817 0.0676784
  24 1.41 0.857143 0.0619547 0.0619547 0.109058
  25 1.47 0.571429 0.0416119 0.0416119 0.0728679
  26 1.53 0.904762 0.0654518 0.0654518 0.115704
  27 1.59 1 0.0740725 0.0740725 0.127161
  28 1.65 0.666667 0.050153 0.050153 0.0842909
  29 1.71 0.904762 0.0679002 0.0679002 0.115256
  30 1.77 0.809524 0.0618877 0.0618877 0.101536
  31 1.83 1.09524 0.085387 0.085387 0.138017
  32 1.89 0.952381 0.0749491 0.0749491 0.120485
  33 1.95 1.38095 0.109187 0.109187 0.174969
  34 2.01 1.38095 0.111735 0.111735 0.173413
  35 2.07 1.28571 0.104963 0.104963 0.162519
  36 2.13 1.80952 0.149795 0.149795 0.227443
  37 2.19 1.52381 0.128354 0.128354 0.190519
  38 2.25 1.80952 0.154304 0.154304 0.226987
  39 2.31 1.28571 0.110591 0.110591 0.160936
  40 2.37 1.47619 0.129479 0.129479 0.185108
  41 2.43 2.2381 0.198266 0.198266 0.280023
  42 2.49 1.85714 0.168938 0.168938 0.231075
  43 2.55 1.57143 0.143706 0.143706 0.195001
  44 2.61 2 0.185647 0.185647 0.248198
  45 2.67 2.09524 0.195795 0.195795 0.260797
  46 2.73 2.33333 0.221387 0.221387 0.291035
  47 2.79 2.52381 0.244696 0.244696 0.314054
  48 2.85 2.14286 0.210472 0.210472 0.266164
  49 2.91 2.52381 0.251148 0.251148 0.313921
  50 2.97 2.90476 0.291599 0.291599 0.36015
  51 3.03 2.90476 0.297038 0.297038 0.360018
  52 3.09 3.2381 0.335472 0.335472 0.402511
  53 3.15 2.52381 0.261244 0.261244 0.313274
  54 3.21 4.04762 0.427288 0.427288 0.503793
  55 3.27 3.2381 0.349161 0.349161 0.402462
  56 3.33 2.33333 0.252489 0.252489 0.289441
  57 3.39 3.47619 0.382673 0.382673 0.432932
  58 3.45 3.85714 0.430518 0.430518 0.480421
  59 3.51 3.57143 0.404058 0.404058 0.444438
  60 3.57 3.7619 0.432206 0.432206 0.469078
  61 3.63 3.61905 0.419359 0.419359 0.451696
  62 3.69 4.42857 0.517888 0.517888 0.552705
  63 3.75 4.47619 0.531961 0.531961 0.559544
  64 3.81 4.47619 0.535985 0.535985 0.560183
  65 3.87 3.90476 0.476567 0.476567 0.489184
  66 3.93 4.2381 0.522772 0.522772 0.532403
  67 3.99 4.42857 0.549565 0.549565 0.555947
  68 4.05 4.19048 0.528355 0.528355 0.528137
  69 4.11 4.95238 0.631589 0.631589 0.624908
  70 4.17 4.09524 0.529445 0.529445 0.517785
  71 4.23 5.80952 0.758672 0.758672 0.735678
  72 4.29 5.52381 0.727222 0.727222 0.701799
  73 4.35 5.04762 0.674271 0.674271 0.642749
  74 4.41 4.61905 0.620675 0.620675 0.589395
  75 4.47 4.04762 0.552854 0.552854 0.516618
  76 4.53 5.80952 0.800188 0.800188 0.744421
  77 4.59 4.95238 0.689768 0.689768 0.638514
  78 4.65 5.09524 0.716633 0.716633 0.659856
  79 4.71 5.33333 0.758676 0.758676 0.689571
  80 4.77 5.38095 0.772811 0.772811 0.697253
  81 4.83 6.14286 0.888709 0.888709 0.798793
  82 4.89 4.95238 0.727356 0.727356 0.647416
  83 4.95 5.28571 0.782293 0.782293 0.693573
  84 5.01 5.95238 0.888821 0.888821 0.784855
  85 5.07 5.66667 0.851959 0.851959 0.749779
  86 5.13 6.42857 0.981672 0.981672 0.855441
  87 5.19 4.90476 0.75246 0.75246 0.655756
  88 5.25 6.09524 0.94377 0.94377 0.81597
  89 5.31 4.7619 0.744754 0.744754 0.641818
  90 5.37 6.2381 0.98242 0.98242 0.844346
  91 5.43 6.09524 0.967106 0.967106 0.829084
  92 5.49 4.95238 0.794601 0.794601 0.677218
  93 5.55 7 1.13084 1.13084 0.96274
  94 5.61 7.14286 1.16653 1.16653 0.986483
  95 5.67 6 0.988765 0.988765 0.835748
  96 5.73 6.04762 1.00414 1.00414 0.844922
  97 5.79 5.71429 0.954583 0.954583 0.80367
  98 5.85 6.52381 1.09606 1.09606 0.921595
  99 5.91 5.38095 0.910672 0.910672 0.76539
  100 5.97 6 1.02283 1.02283 0.858288
  101 6.03 5.80952 1.00104 1.00104 0.837294
  102 6.09 6.85714 1.18754 1.18754 0.993855
  103 6.15 5.80952 1.01218 1.01218 0.848921
  104 6.21 6.7619 1.19034 1.19034 0.994481
  105 6.27 6.80952 1.20521 1.20521 1.00589
  106 6.33 6.52381 1.15919 1.15919 0.973128
  107 6.39 5.95238 1.07008 1.07008 0.892695
  108 6.45 6.57143 1.18427 1.18427 0.991602
  109 6.51 6.52381 1.18143 1.18143 0.990351
  110 6.57 6.04762 1.10372 1.10372 0.925441
  111 6.63 6.47619 1.19121 1.19121 0.998559
  112 6.69 6.04762 1.11703 1.11703 0.935461
  113 6.75 6.66667 1.23805 1.23805 1.04236
  114 6.81 7.09524 1.32421 1.32421 1.1163
  115 6.87 6.7619 1.26835 1.26835 1.07018
  116 6.93 6.95238 1.314 1.314 1.10769
  117 6.99 7.33333 1.39118 1.39118 1.17701
  118 7.05 6 1.14319 1.14319 0.966523
  119 7.11 6.80952 1.30465 1.30465 1.10791
  120 7.17 6.61905 1.2752 1.2752 1.08463
  121 7.23 6.7619 1.30767 1.30767 1.11332
  122 7.29 6.95238 1.35051 1.35051 1.15409
  123 7.35 6.85714 1.34005 1.34005 1.14551
  124 7.41 6.61905 1.29835 1.29835 1.10996
  125 7.47 7.19048 1.416 1.416 1.21281
  126 7.53 6.14286 1.21609 1.21609 1.04416
  127 7.59 6.95238 1.38161 1.38161 1.18917
  128 7.65 6.28571 1.25433 1.25433 1.08072
  129 7.71 6.95238 1.39188 1.39188 1.20114
  130 7.77 8.61905 1.73289 1.73289 1.50178
  131 7.83 6.66667 1.34495 1.34495 1.16647
  132 7.89 6.71429 1.35911 1.35911 1.17913
  133 7.95 6.61905 1.3459 1.3459 1.17004
  134 8.01 8.42857 1.71728 1.71728 1.49596
  135 8.07 6.2381 1.27588 1.27588 1.11696
  136 8.13 6.38095 1.30944 1.30944 1.14663
  137 8.19 7.71429 1.58918 1.58918 1.39214
  138 8.25 6.66667 1.37785 1.37785 1.21042
  139 8.31 7.28571 1.51055 1.51055 1.32811
  140 8.37 7.61905 1.58333 1.58333 1.39251
  141 8.43 6.61905 1.37947 1.37947 1.21627
  142 8.49 6.7619 1.41227 1.41227 1.24758
  143 8.55 7.7619 1.6258 1.6258 1.43772
  144 8.61 6.66667 1.4025 1.4025 1.23962
  145 8.67 7.71429 1.62669 1.62669 1.44146
  146 8.73 7.19048 1.5185 1.5185 1.34694
  147 8.79 6.57143 1.39176 1.39176 1.2379
  148 8.85 7.09524 1.50582 1.50582 1.34084
  149 8.91 7.14286 1.51915 1.51915 1.35359
  150 8.97 7.2381 1.5434 1.5434 1.37886
  151 9.03 8.19048 1.74821 1.74821 1.5624
  152 9.09 7.2381 1.55035 1.55035 1.38644
  153 9.15 7.90476 1.69663 1.69663 1.52132
  154 9.21 6.66667 1.43449 1.43449 1.2861
  155 9.27 7 1.5081 1.5081 1.35435
  156 9.33 6.85714 1.48058 1.48058 1.33195
  157 9.39 7.2381 1.56722 1.56722 1.40844
  158 9.45 6.47619 1.40244 1.40244 1.26181
  159 9.51 8 1.736 1.736 1.56551
  160 9.57 7.33333 1.59382 1.59382 1.43898
  161 9.63 8.19048 1.78401 1.78401 1.60918
  162 9.69 7.09524 1.54831 1.54831 1.39804
  163 9.75 7.57143 1.65559 1.65559 1.49559
  164 9.81 7.38095 1.61503 1.61503 1.46012
  165 9.87 7.85714 1.72146 1.72146 1.5588
  166 9.93 7.47619 1.64049 1.64049 1.48637
  167 9.99 7.2381 1.59063 1.59063 1.44092
  168 10.05 6.95238 1.5296 1.5296 1.38679
  169 10.11 7.28571 1.6064 1.6064 1.45768
  170 10.17 7.2381 1.59679 1.59679 1.44972
  171 10.23 7.19048 1.58757 1.58757 1.44268
  172 10.29 8.2381 1.82152 1.82152 1.65589
  173 10.35 7.52381 1.66686 1.66686 1.51544
  174 10.41 7.7619 1.71962 1.71962 1.56376
  175 10.47 6.42857 1.42641 1.42641 1.29778
  176 10.53 8.61905 1.91367 1.91367 1.74172
  177 10.59 7.71429 1.71488 1.71488 1.56148
  178 10.65 6.52381 1.4522 1.4522 1.32143
  179 10.71 7.52381 1.67512 1.67512 1.52547
  180 10.77 8.66667 1.93086 1.93086 1.75944
  181 10.83 7.66667 1.70816 1.70816 1.56056
  182 10.89 7.80952 1.74328 1.74328 1.58994
  183 10.95 7.42857 1.65865 1.65865 1.51446
  184 11.01 7.14286 1.59589 1.59589 1.45833
  185 11.07 7.85714 1.7574 1.7574 1.6034
  186 11.13 6.90476 1.54342 1.54342 1.41116
  187 11.19 7.80952 1.74765 1.74765 1.59751
  188 11.25 8.14286 1.82327 1.82327 1.66618
  189 11.31 7.14286 1.6005 1.6005 1.46156
  190 11.37 7.66667 1.71912 1.71912 1.56914
  191 11.43 7.09524 1.58953 1.58953 1.45347
  192 11.49 7.52381 1.6876 1.6876 1.54253
  193 11.55 7.85714 1.76219 1.76219 1.61182
  194 11.61 6.80952 1.52775 1.52775 1.39588
  195 11.67 8.33333 1.87143 1.87143 1.71133
  196 11.73 8.14286 1.82639 1.82639 1.66846
  197 11.79 7.57143 1.69916 1.69916 1.55467
  198 11.85 7 1.57021 1.57021 1.4356
  199 11.91 6.80952 1.5298 1.5298 1.39677
  200 11.97 8.28571 1.85941 1.85941 1.69977
  201 12.03 7.47619 1.67974 1.67974 1.53521
  202 12.09 8.19048 1.83789 1.83789 1.6795
  203 12.15 7.14286 1.60284 1.60284 1.46462
  204 12.21 8.61905 1.93436 1.93436 1.76562
  205 12.27 5.85714 1.31442 1.31442 1.19998
  206 12.33 7.57143 1.69831 1.69831 1.55014
  207 12.39 7.61905 1.70792 1.70792 1.55965
  208 12.45 7.61905 1.70747 1.70747 1.55898
  209 12.51 8.71429 1.95243 1.95243 1.78134
  210 12.57 6.38095 1.42942 1.42942 1.30397
  211 12.63 7.09524 1.58925 1.58925 1.4487
  212 12.69 6.85714 1.53514 1.53514 1.3984
  213 12.75 7.52381 1.68297 1.68297 1.533
  214 12.81 7.38095 1.65027 1.65027 1.50376
  215 12.87 7.61905 1.70295 1.70295 1.55225
  216 12.93 8.38095 1.86919 1.86919 1.70596
  217 12.99 7.09524 1.58282 1.58282 1.44253
  218 13.05 7.61905 1.69959 1.69959 1.54561
  219 13.11 7.66667 1.70768 1.70768 1.55275
  220 13.17 7.57143 1.68469 1.68469 1.53364
  221 13.23 8.09524 1.79883 1.79883 1.63728
  222 13.29 7.95238 1.76732 1.76732 1.60694
  223 13.35 8.04762 1.78668 1.78668 1.62333
  224 13.41 7.04762 1.56446 1.56446 1.41946
  225 13.47 7.38095 1.635 1.635 1.48436
  226 13.53 7.52381 1.66391 1.66391 1.51183
  227 13.59 6.80952 1.50514 1.50514 1.36494
  228 13.65 6.90476 1.52449 1.52449 1.38255
  229 13.71 8.09524 1.78633 1.78633 1.61884
  230 13.77 7 1.54159 1.54159 1.39661
  231 13.83 7.33333 1.61442 1.61442 1.46122
  232 13.89 7.04762 1.54811 1.54811 1.40099
  233 13.95 8.14286 1.78554 1.78554 1.61639
  234 14.01 7.14286 1.56405 1.56405 1.41444
  235 14.07 8.33333 1.82224 1.82224 1.64439
  236 14.13 7.14286 1.55926 1.55926 1.40506
  237 14.19 7.7619 1.69284 1.69284 1.5242
  238 14.25 7.19048 1.56381 1.56381 1.40665
  239 14.31 7.95238 1.72747 1.72747 1.55361
  240 14.37 6.61905 1.43603 1.43603 1.28898
  241 14.43 7.7619 1.68117 1.68117 1.508
  242 14.49 7.47619 1.61449 1.61449 1.44782
  243 14.55 7.2381 1.56078 1.56078 1.39894
  244 14.61 6.2381 1.34251 1.34251 1.20009
  245 14.67 6.7619 1.45428 1.45428 1.29916
  246 14.73 7.14286 1.53034 1.53034 1.36615
  247 14.79 8.04762 1.72236 1.72236 1.5361
  248 14.85 6.80952 1.45394 1.45394 1.295
  249 14.91 7.66667 1.63114 1.63114 1.45025
  250 14.97 7.14286 1.51681 1.51681 1.34658
  251 15.03 7.28571 1.54357 1.54357 1.36706
  252 15.09 8.52381 1.80097 1.80097 1.59272
  253 15.15 6.52381 1.37602 1.37602 1.21541
  254 15.21 7.85714 1.6516 1.6516 1.45705
  255 15.27 7 1.46677 1.46677 1.29126
  256 15.33 6.85714 1.43367 1.43367 1.26081
  257 15.39 7.61905 1.58664 1.58664 1.39202
  258 15.45 8 1.66364 1.66364 1.45654
  259 15.51 6.38095 1.32242 1.32242 1.15546
  260 15.57 6.47619 1.33899 1.33899 1.16878
  261 15.63 7.38095 1.51968 1.51968 1.32391
  262 15.69 6.33333 1.30069 1.30069 1.13056
  263 15.75 7.19048 1.47282 1.47282 1.27642
  264 15.81 6.38095 1.30129 1.30129 1.12692
  265 15.87 7.28571 1.48005 1.48005 1.27932
  266 15.93 7.47619 1.51315 1.51315 1.30365
  267 15.99 7.04762 1.42101 1.42101 1.22254
  268 16.05 7.33333 1.47364 1.47364 1.26574
  269 16.11 7.33333 1.46715 1.46715 1.25667
  270 16.17 8.38095 1.67021 1.67021 1.42593
  271 16.23 6.09524 1.20955 1.20955 1.03419
  272 16.29 5.95238 1.17749 1.17749 1.0009
  273 16.35 6.47619 1.2732 1.2732 1.0809
  274 16.41 6.61905 1.29762 1.29762 1.09887
  275 16.47 6.7619 1.31895 1.31895 1.11562
  276 16.53 6.38095 1.23872 1.23872 1.04479
  277 16.59 6.61905 1.27867 1.27867 1.07753
  278 16.65 6.95238 1.33629 1.33629 1.12515
  279 16.71 6.7619 1.29396 1.29396 1.08536
  280 16.77 7.2381 1.37675 1.37675 1.1547
  281 16.83 7.2381 1.3706 1.3706 1.14551
  282 16.89 6.47619 1.21879 1.21879 1.02034
  283 16.95 6.47619 1.21482 1.21482 1.01367
  284 17.01 6.57143 1.22419 1.22419 1.02187
  285 17.07 6.14286 1.13948 1.13948 0.949297
  286 17.13 6.14286 1.13185 1.13185 0.941371
  287 17.19 7.09524 1.29702 1.29702 1.08127
  288 17.25 5.85714 1.0655 1.0655 0.88627
  289 17.31 7 1.26655 1.26655 1.0523
  290 17.37 7.19048 1.291 1.291 1.07346
  291 17.43 6.71429 1.19685 1.19685 0.995166
  292 17.49 6.19048 1.0959 1.0959 0.91124
  293 17.55 5.85714 1.03108 1.03108 0.856092
  294 17.61 5.66667 0.990118 0.990118 0.822501
  295 17.67 6.57143 1.14278 1.14278 0.951094
  296 17.73 7.2381 1.24881 1.24881 1.04082
  297 17.79 6.42857 1.10094 1.10094 0.920008
  298 17.85 6.42857 1.0918 1.0918 0.914064
  299 17.91 6.85714 1.15322 1.15322 0.966951
  300 17.97 6.14286 1.02716 1.02716 0.863039
  301 18.03 6.2381 1.03522 1.03522 0.871532
  302 18.09 5.52381 0.908626 0.908626 0.768508
  303 18.15 5.7619 0.941486 0.941486 0.796837
  304 18.21 6.19048 1.0047 1.0047 0.852098
  305 18.27 5 0.801723 0.801723 0.68241
  306 18.33 6.61905 1.05575 1.05575 0.901097
  307 18.39 5.61905 0.886231 0.886231 0.760787
  308 18.45 5.90476 0.92359 0.92359 0.794897
  309 18.51 5.85714 0.910709 0.910709 0.787273
  310 18.57 6.14286 0.9419 0.9419 0.820684
  311 18.63 5.19048 0.790482 0.790482 0.690042
  312 18.69 5.85714 0.883913 0.883913 0.776609
  313 18.75 5.61905 0.843351 0.843351 0.743126
  314 18.81 5.57143 0.823399 0.823399 0.73303
  315 18.87 5.47619 0.799604 0.799604 0.718246
  316 18.93 5.42857 0.787138 0.787138 0.709551
  317 18.99 5.47619 0.78702 0.78702 0.71291
  318 19.05 5.61905 0.797774 0.797774 0.730772
  319 19.11 5.52381 0.775709 0.775709 0.714609
  320 19.17 5.47619 0.761002 0.761002 0.706806
  321 19.23 5.42857 0.750031 0.750031 0.69905
  322 19.29 4.7619 0.6491 0.6491 0.61088
  323 19.35 5.09524 0.687371 0.687371 0.652414
  324 19.41 4.66667 0.622088 0.622088 0.59684
  325 19.47 4.04762 0.532882 0.532882 0.51585
  326 19.53 4.33333 0.563375 0.563375 0.550651
  327 19.59 5.28571 0.680402 0.680402 0.671692
  328 19.65 5 0.639214 0.639214 0.632763
  329 19.71 4.42857 0.559075 0.559075 0.558894
  330 19.77 4.71429 0.586875 0.586875 0.594423
  331 19.83 4.42857 0.542942 0.542942 0.557612
  332 19.89 4.38095 0.531107 0.531107 0.550829
  333 19.95 3.85714 0.46183 0.46183 0.485438
  334 20.01 3.95238 0.46941 0.46941 0.497636
  335 20.07 4.66667 0.544796 0.544796 0.586738
  336 20.13 3.38095 0.390026 0.390026 0.423316
  337 20.19 3.90476 0.447844 0.447844 0.488905
  338 20.25 3.90476 0.440259 0.440259 0.487819
  339 20.31 3.2381 0.360831 0.360831 0.403538
  340 20.37 3.04762 0.335508 0.335508 0.380838
  341 20.43 2.95238 0.320183 0.320183 0.368723
  342 20.49 3.2381 0.348255 0.348255 0.404775
  343 20.55 3.33333 0.350746 0.350746 0.416156
  344 20.61 2.61905 0.273125 0.273125 0.325916
  345 20.67 2.66667 0.274425 0.274425 0.33196
  346 20.73 3.14286 0.316876 0.316876 0.393366
  347 20.79 2.57143 0.256937 0.256937 0.322023
  348 20.85 2.61905 0.260415 0.260415 0.327364
  349 20.91 2.38095 0.231736 0.231736 0.297998
  350 20.97 1.95238 0.187067 0.187067 0.244115
  351 21.03 1.95238 0.183091 0.183091 0.245226
  352 21.09 1.85714 0.173534 0.173534 0.232049
  353 21.15 1.90476 0.176695 0.176695 0.238565
  354 21.21 1.95238 0.17785 0.17785 0.243209
  355 21.27 1.57143 0.141366 0.141366 0.196458
  356 21.33 2.14286 0.188467 0.188467 0.26871
  357 21.39 1.47619 0.129348 0.129348 0.184755
  358 21.45 1.33333 0.114701 0.114701 0.16742
  359 21.51 1.66667 0.141991 0.141991 0.209877
  360 21.57 1.38095 0.115938 0.115938 0.174551
  361 21.63 1.2381 0.101637 0.101637 0.156821
  362 21.69 1.33333 0.108126 0.108126 0.168499
  363 21.75 1.19048 0.0962324 0.0962324 0.150179
  364 21.81 1.14286 0.0909345 0.0909345 0.144793
  365 21.87 1.2381 0.0976969 0.0976969 0.158021
  366 21.93 1.2381 0.095349 0.095349 0.158202
  367 21.99 1.09524 0.0833871 0.0833871 0.139549
  368 22.05 0.904762 0.0673433 0.0673433 0.116697
  369 22.11 0.809524 0.0599802 0.0599802 0.103712
  370 22.17 1 0.0730308 0.0730308 0.128375
  371 22.23 0.761905 0.0547927 0.0547927 0.0982405
  372 22.29 0.714286 0.0511056 0.0511056 0.0920348
  373 22.35 0.952381 0.0673271 0.0673271 0.12256
  374 22.41 0.619048 0.0431832 0.0431832 0.0804207
  375 22.47 0.904762 0.0623137 0.0623137 0.117855
  376 22.53 0.619048 0.0421113 0.0421113 0.0806732
  377 22.59 0.47619 0.0320319 0.0320319 0.0620075
  378 22.65 0.571429 0.0382514 0.0382514 0.0745153
  379 22.71 0.809524 0.0536267 0.0536267 0.105593
  380 22.77 0.857143 0.0558936 0.0558936 0.113083
  381 22.83 0.761905 0.0497735 0.0497735 0.0990618
  382 22.89 0.619048 0.0398572 0.0398572 0.0816609
  383 22.95 0.428571 0.0275827 0.0275827 0.0563792
  384 23.01 0.809524 0.0517871 0.0517871 0.106478
  385 23.07 0.333333 0.0208439 0.0208439 0.0441479
  386 23.13 0.428571 0.0268662 0.0268662 0.0563818
  387 23.19 0.428571 0.0269712 0.0269712 0.0570273
  388 23.25 0.714286 0.0440875 0.0440875 0.0950759
  389 23.31 0.47619 0.0294375 0.0294375 0.0631675
  390 23.37 0.619048 0.0379485 0.0379485 0.0824251
  391 23.43 0.47619 0.0292648 0.0292648 0.0634181
  392 23.49 0.571429 0.0349131 0.0349131 0.0760416
  393 23.55 0.380952 0.0230908 0.0230908 0.050792
  394 23.61 0.47619 0.0295122 0.0295122 0.0629579
  395 23.67 0.571429 0.035065 0.035065 0.0753436
  396 23.73 0.285714 0.01771 0.01771 0.0379063
168000 396 44000
  1 0.03 0.681818 0.0412591 0.0412591 0.0909136
  2 0.09 0.363636 0.0219456 0.0219456 0.0484595
  3 0.15 0.590909 0.0355638 0.0355638 0.0784095
  4 0.21 0.409091 0.025164 0.025164 0.0538996
  5 0.27 0.363636 0.0223247 0.0223247 0.0486026
  6 0.33 0.454545 0.0282981 0.0282981 0.0602185
  7 0.39 0.363636 0.0225803 0.0225803 0.047971
  8 0.45 0.545455 0.0333052 0.0333052 0.07227
  9 0.51 0.5 0.03055 0.03055 0.0661513
  10 0.57 0.863636 0.0549482 0.0549482 0.113674
  11 0.63 0.5 0.0317639 0.0317639 0.0655724
  12 0.69 0.409091 0.0260178 0.0260178 0.0540415
  13 0.75 0.681818 0.0432334 0.0432334 0.0897153
  14 0.81 0.727273 0.0470728 0.0470728 0.0948252
  15 0.87 0.454545 0.0291127 0.0291127 0.0593841
  16 0.93 0.772727 0.0510306 0.0510306 0.100367
  17 0.99 0.590909 0.0392349 0.0392349 0.0764355
  18 1.05 0.863636 0.0584748 0.0584748 0.111601
  19 1.11 0.363636 0.0249221 0.0249221 0.0469965
  20 1.17 0.545455 0.0372071 0.0372071 0.0704078
  21 1.23 0.772727 0.053313 0.053313 0.0994152
  22 1.29 0.772727 0.053649 0.053649 0.0997157
  23 1.35 0.5 0.0349189 0.0349189 0.0646021
  24 1.41 0.818182 0.0591385 0.0591385 0.104101
  25 1.47 0.590909 0.0427694 0.0427694 0.0754625
  26 1.53 0.863636 0.0624767 0.0624767 0.110445
  27 1.59 0.954545 0.0707056 0.0707056 0.121381
  28 1.65 0.681818 0.0510619 0.0510619 0.0863268
  29 1.71 0.954545 0.0712701 0.0712701 0.121721
  30 1.77 0.863636 0.0655872 0.0655872 0.108598
  31 1.83 1.04545 0.0815058 0.0815058 0.131744
  32 1.89 0.954545 0.0748964 0.0748964 0.120808
  33 1.95 1.36364 0.10766 0.10766 0.172792
  34 2.01 1.31818 0.106656 0.106656 0.16553
  35 2.07 1.22727 0.100192 0.100192 0.155132
  36 2.13 1.72727 0.142986 0.142986 0.217104
  37 2.19 1.5 0.126145 0.126145 0.1876
  38 2.25 1.72727 0.14729 0.14729 0.21667
  39 2.31 1.31818 0.113036 0.113036 0.165028
  40 2.37 1.45455 0.127415 0.127415 0.182366
  41 2.43 2.27273 0.20082 0.20082 0.284282
  42 2.49 1.81818 0.165162 0.165162 0.226221
  43 2.55 1.54545 0.14116 0.14116 0.191765
  44 2.61 2.13636 0.197387 0.197387 0.264988
  45 2.67 2.13636 0.199177 0.199177 0.265748
  46 2.73 2.27273 0.215487 0.215487 0.283398
  47 2.79 2.63636 0.254539 0.254539 0.327712
  48 2.85 2.18182 0.213711 0.213711 0.27079
  49 2.91 2.59091 0.257104 0.257104 0.321914
  50 2.97 2.77273 0.278344 0.278344 0.343779
  51 3.03 2.81818 0.28799 0.28799 0.349209
  52 3.09 3.22727 0.333833 0.333833 0.400876
  53 3.15 2.5 0.258546 0.258546 0.310144
  54 3.21 4.04545 0.426458 0.426458 0.503119
  55 3.27 3.22727 0.347457 0.347457 0.400851
  56 3.33 2.27273 0.245776 0.245776 0.281848
  57 3.39 3.54545 0.389517 0.389517 0.441096
  58 3.45 3.86364 0.430641 0.430641 0.480876
  59 3.51 3.5 0.395653 0.395653 0.435384
  60 3.57 3.68182 0.422641 0.422641 0.458904
  61 3.63 3.68182 0.425915 0.425915 0.459051
  62 3.69 4.36364 0.509896 0.509896 0.544323
  63 3.75 4.36364 0.518338 0.518338 0.54529
  64 3.81 4.36364 0.522278 0.522278 0.545912
  65 3.87 4.09091 0.498125 0.498125 0.511741
  66 3.93 4.13636 0.50988 0.50988 0.519405
  67 3.99 4.5 0.557741 0.557741 0.564319
  68 4.05 4.22727 0.5323 0.5323 0.532204
  69 4.11 4.90909 0.625605 0.625605 0.619027
  70 4.17 4.09091 0.528333 0.528333 0.516822
  71 4.23 5.68182 0.741629 0.741629 0.719206
  72 4.29 5.5 0.723575 0.723575 0.698228
  73 4.35 5.13636 0.685268 0.685268 0.653256
  74 4.41 4.63636 0.622538 0.622538 0.591004
  75 4.47 4.09091 0.558138 0.558138 0.52157
  76 4.53 5.68182 0.782312 0.782312 0.727688
  77 4.59 5.09091 0.708284 0.708284 0.655197
  78 4.65 5.09091 0.71555 0.71555 0.65847
  79 4.71 5.31818 0.756007 0.756007 0.686896
  80 4.77 5.36364 0.769846 0.769846 0.694321
  81 4.83 6.04545 0.874372 0.874372 0.785585
  82 4.89 4.90909 0.720653 0.720653 0.641184
  83 4.95 5.5 0.813069 0.813069 0.720191
  84 5.01 5.95455 0.888626 0.888626 0.78422
  85 5.07 5.72727 0.860721 0.860721 0.756726
  86 5.13 6.40909 0.97814 0.97814 0.851852
  87 5.19 5 0.766632 0.766632 0.66729
  88 5.25 6.22727 0.963595 0.963595 0.832234
  89 5.31 4.63636 0.725004 0.725004 0.624567
  90 5.37 6.13636 0.966167 0.966167 0.829913
  91 5.43 5.95455 0.944652 0.944652 0.809464
  92 5.49 5.09091 0.816424 0.816424 0.694914
  93 5.55 7.09091 1.14522 1.14522 0.973838
  94 5.61 7.09091 1.15766 1.15766 0.978399
  95 5.67 6.18182 1.01805 1.01805 0.859411
  96 5.73 6.22727 1.03337 1.03337 0.868542
  97 5.79 5.54545 0.926239 0.926239 0.779589
  98 5.85 6.59091 1.10717 1.10717 0.930004
  99 5.91 5.31818 0.89999 0.89999 0.755915
  100 5.97 5.95455 1.01497 1.01497 0.85108
  101 6.03 5.90909 1.01796 1.01796 0.850543
  102 6.09 6.68182 1.15711 1.15711 0.968023
  103 6.15 5.90909 1.02939 1.02939 0.862261
  104 6.21 6.95455 1.22375 1.22375 1.02118
  105 6.27 6.81818 1.20651 1.20651 1.00626
  106 6.33 6.54545 1.16293 1.16293 0.97533
  107 6.39 5.90909 1.06203 1.06203 0.885594
  108 6.45 6.59091 1.18775 1.18775 0.993844
  109 6.51 6.40909 1.16064 1.16064 0.972517
  110 6.57 6.13636 1.11971 1.11971 0.938048
  111 6.63 6.45455 1.18704 1.18704 0.994558
  112 6.69 5.95455 1.09979 1.09979 0.920744
  113 6.75 6.86364 1.27453 1.27453 1.07198
  114 6.81 6.90909 1.28949 1.28949 1.08672
  115 6.87 6.72727 1.26186 1.26186 1.06407
  116 6.93 7 1.32292 1.32292 1.1145
  117 6.99 7.09091 1.34519 1.34519 1.13789
  118 7.05 5.95455 1.13454 1.13454 0.958744
  119 7.11 6.77273 1.29765 1.29765 1.10131
  120 7.17 6.5 1.25229 1.25229 1.06471
  121 7.23 6.68182 1.29222 1.29222 1.09965
  122 7.29 7 1.35985 1.35985 1.16115
  123 7.35 6.95455 1.35911 1.35911 1.16095
  124 7.41 6.54545 1.28395 1.28395 1.09723
  125 7.47 7.45455 1.46817 1.46817 1.2564
  126 7.53 6.13636 1.21484 1.21484 1.04257
  127 7.59 6.90909 1.37307 1.37307 1.18129
  128 7.65 6.27273 1.25174 1.25174 1.07798
  129 7.71 6.90909 1.3833 1.3833 1.19324
  130 7.77 8.59091 1.7274 1.7274 1.49631
  131 7.83 6.81818 1.37563 1.37563 1.1923
  132 7.89 6.72727 1.36188 1.36188 1.18114
  133 7.95 6.63636 1.34945 1.34945 1.17271
  134 8.01 8.22727 1.67635 1.67635 1.46008
  135 8.07 6.09091 1.24584 1.24584 1.09046
  136 8.13 6.5 1.33407 1.33407 1.16782
  137 8.19 7.77273 1.6013 1.6013 1.40256
  138 8.25 6.77273 1.39984 1.39984 1.22958
  139 8.31 7.36364 1.52677 1.52677 1.34239
  140 8.37 7.77273 1.6154 1.6154 1.42097
  141 8.43 6.5 1.35471 1.35471 1.19455
  142 8.49 6.77273 1.4147 1.4147 1.25
  143 8.55 7.72727 1.6187 1.6187 1.43182
  144 8.61 6.86364 1.44395 1.44395 1.27706
  145 8.67 7.40909 1.56234 1.56234 1.38451
  146 8.73 7.18182 1.51677 1.51677 1.34591
  147 8.79 6.63636 1.40561 1.40561 1.25068
  148 8.85 7.09091 1.50504 1.50504 1.34058
  149 8.91 7.04545 1.49852 1.49852 1.33555
  150 8.97 7.59091 1.6189 1.6189 1.44729
  151 9.03 8.09091 1.72708 1.72708 1.54395
  152 9.09 7.18182 1.53838 1.53838 1.37628
  153 9.15 7.95455 1.70744 1.70744 1.53174
  154 9.21 6.59091 1.41823 1.41823 1.27202
  155 9.27 6.90909 1.48858 1.48858 1.3373
  156 9.33 6.81818 1.47227 1.47227 1.32504
  157 9.39 7.27273 1.57473 1.57473 1.4161
  158 9.45 6.59091 1.42746 1.42746 1.2854
  159 9.51 7.81818 1.6966 1.6966 1.53043
  160 9.57 7.36364 1.60053 1.60053 1.44598
  161 9.63 8.27273 1.80207 1.80207 1.62681
  162 9.69 7.13636 1.55739 1.55739 1.40724
  163 9.75 7.40909 1.62013 1.62013 1.46403
  164 9.81 7.31818 1.6014 1.6014 1.4484
  165 9.87 8 1.75297 1.75297 1.58826
  166 9.93 7.45455 1.63588 1.63588 1.48274
  167 9.99 7.36364 1.61842 1.61842 1.46686
  168 10.05 6.95455 1.53022 1.53022 1.38785
  169 10.11 7.18182 1.58356 1.58356 1.4373
  170 10.17 7.31818 1.61465 1.61465 1.46655
  171 10.23 7.13636 1.57577 1.57577 1.43235
  172 10.29 8.09091 1.78909 1.78909 1.6267
  173 10.35 7.5 1.66171 1.66171 1.51118
  174 10.41 8.09091 1.79293 1.79293 1.6313
  175 10.47 6.5 1.44246 1.44246 1.31282
  176 10.53 8.36364 1.85706 1.85706 1.69034
  177 10.59 7.72727 1.71801 1.71801 1.5647
  178 10.65 6.54545 1.45722 1.45722 1.32631
  179 10.71 7.5 1.67006 1.67006 1.52109
  180 10.77 8.68182 1.93459 1.93459 1.76302
  181 10.83 7.59091 1.69156 1.69156 1.54531
  182 10.89 7.72727 1.72516 1.72516 1.57337
  183 10.95 7.54545 1.68522 1.68522 1.53851
  184 11.01 7.22727 1.6152 1.6152 1.4757
  185 11.07 7.68182 1.71837 1.71837 1.56773
  186 11.13 7.09091 1.58569 1.58569 1.44947
  187 11.19 7.63636 1.70912 1.70912 1.56221
  188 11.25 8.13636 1.82227 1.82227 1.66518
  189 11.31 7.13636 1.59944 1.59944 1.46061
  190 11.37 7.95455 1.78443 1.78443 1.62897
  191 11.43 6.90909 1.54803 1.54803 1.41555
  192 11.49 7.63636 1.71345 1.71345 1.56638
  193 11.55 7.86364 1.76418 1.76418 1.61382
  194 11.61 6.95455 1.56094 1.56094 1.42656
  195 11.67 8.13636 1.82743 1.82743 1.6712
  196 11.73 8 1.79472 1.79472 1.63969
  197 11.79 7.68182 1.72466 1.72466 1.57819
  198 11.85 7.18182 1.61185 1.61185 1.47396
  199 11.91 6.68182 1.50137 1.50137 1.37096
  200 11.97 8.09091 1.816 1.816 1.66018
  201 12.03 7.45455 1.67534 1.67534 1.53137
  202 12.09 8 1.79546 1.79546 1.64086
  203 12.15 7.18182 1.61222 1.61222 1.4735
  204 12.21 8.63636 1.93894 1.93894 1.77027
  205 12.27 6 1.34718 1.34718 1.23033
  206 12.33 7.5 1.68277 1.68277 1.53623
  207 12.39 7.68182 1.72276 1.72276 1.57345
  208 12.45 7.72727 1.73259 1.73259 1.58215
  209 12.51 8.63636 1.93557 1.93557 1.76616
  210 12.57 6.5 1.45686 1.45686 1.32927
  211 12.63 7.22727 1.61967 1.61967 1.47671
  212 12.69 6.90909 1.54746 1.54746 1.40979
  213 12.75 7.63636 1.70907 1.70907 1.55693
  214 12.81 7.40909 1.65731 1.65731 1.51024
  215 12.87 7.40909 1.6563 1.6563 1.50973
  216 12.93 8.22727 1.83545 1.83545 1.67511
  217 12.99 7.13636 1.5928 1.5928 1.45155
  218 13.05 7.54545 1.68375 1.68375 1.53115
  219 13.11 7.68182 1.71189 1.71189 1.55638
  220 13.17 7.31818 1.62855 1.62855 1.48244
  221 13.23 8.27273 1.83965 1.83965 1.6737
  222 13.29 7.90909 1.75844 1.75844 1.59844
  223 13.35 8.18182 1.81765 1.81765 1.65083
  224 13.41 7.04545 1.56469 1.56469 1.41932
  225 13.47 7.36364 1.63193 1.63193 1.48108
  226 13.53 7.68182 1.70017 1.70017 1.54387
  227 13.59 6.90909 1.52816 1.52816 1.38519
  228 13.65 6.95455 1.53641 1.53641 1.39278
  229 13.71 8.09091 1.78623 1.78623 1.61817
  230 13.77 7 1.54243 1.54243 1.39684
  231 13.83 7.36364 1.62196 1.62196 1.46744
  232 13.89 7.04545 1.54845 1.54845 1.40071
  233 13.95 8.22727 1.80529 1.80529 1.63333
  234 14.01 6.86364 1.50303 1.50303 1.35917
  235 14.07 8.22727 1.79978 1.79978 1.62357
  236 14.13 7.31818 1.59888 1.59888 1.43975
  237 14.19 7.63636 1.66604 1.66604 1.49956
  238 14.25 7.13636 1.55281 1.55281 1.3961
  239 14.31 7.77273 1.68894 1.68894 1.51847
  240 14.37 6.77273 1.47057 1.47057 1.31891
  241 14.43 7.95455 1.7243 1.7243 1.54531
  242 14.49 7.27273 1.57095 1.57095 1.4084
  243 14.55 7.45455 1.60894 1.60894 1.44047
  244 14.61 6.45455 1.39042 1.39042 1.24164
  245 14.67 6.77273 1.45738 1.45738 1.30114
  246 14.73 7.22727 1.54956 1.54956 1.38233
  247 14.79 8.09091 1.73267 1.73267 1.5444
  248 14.85 6.72727 1.43698 1.43698 1.27943
  249 14.91 7.45455 1.58638 1.58638 1.4102
  250 14.97 7.22727 1.53589 1.53589 1.36276
  251 15.03 7.36364 1.56119 1.56119 1.38197
  252 15.09 8.5 1.79691 1.79691 1.58847
  253 15.15 6.45455 1.36198 1.36198 1.20256
  254 15.21 7.90909 1.66364 1.66364 1.46682
  255 15.27 7 1.4677 1.4677 1.29148
  256 15.33 6.81818 1.42624 1.42624 1.25378
  257 15.39 7.45455 1.55292 1.55292 1.36214
  258 15.45 7.90909 1.64545 1.64545 1.44022
  259 15.51 6.31818 1.31003 1.31003 1.14433
  260 15.57 6.81818 1.41135 1.41135 1.23109
  261 15.63 7.40909 1.52651 1.52651 1.32942
  262 15.69 6.40909 1.31723 1.31723 1.14455
  263 15.75 7.18182 1.47188 1.47188 1.27537
  264 15.81 6.27273 1.27972 1.27972 1.1081
  265 15.87 7.27273 1.47831 1.47831 1.27763
  266 15.93 7.40909 1.50035 1.50035 1.29256
  267 15.99 7.09091 1.43078 1.43078 1.23084
  268 16.05 7.40909 1.48999 1.48999 1.2797
  269 16.11 7.31818 1.465 1.465 1.25487
  270 16.17 8.31818 1.65862 1.65862 1.41623
  271 16.23 6.18182 1.22776 1.22776 1.04981
  272 16.29 6.09091 1.20603 1.20603 1.02557
  273 16.35 6.27273 1.23349 1.23349 1.04728
  274 16.41 6.68182 1.31096 1.31096 1.11061
  275 16.47 6.63636 1.29502 1.29502 1.09557
  276 16.53 6.45455 1.25405 1.25405 1.05815
  277 16.59 6.90909 1.33645 1.33645 1.12686
  278 16.65 7.04545 1.3554 1.3554 1.1416
  279 16.71 6.54545 1.25279 1.25279 1.05093
  280 16.77 7.09091 1.34932 1.34932 1.13182
  281 16.83 7.31818 1.387 1.387 1.15951
  282 16.89 6.72727 1.2678 1.2678 1.06135
  283 16.95 6.45455 1.2115 1.2115 1.01091
  284 17.01 6.72727 1.25448 1.25448 1.04699
  285 17.07 6.09091 1.13043 1.13043 0.941695
  286 17.13 6.09091 1.12293 1.12293 0.933926
  287 17.19 7 1.28037 1.28037 1.06726
  288 17.25 5.86364 1.06752 1.06752 0.887859
  289 17.31 6.90909 1.25073 1.25073 1.0391
  290 17.37 7.27273 1.30698 1.30698 1.08658
  291 17.43 6.72727 1.20019 1.20019 0.997813
  292 17.49 6.04545 1.07063 1.07063 0.890178
  293 17.55 5.90909 1.04118 1.04118 0.864411
  294 17.61 5.54545 0.969315 0.969315 0.80518
  295 17.67 6.68182 1.16304 1.16304 0.967727
  296 17.73 7.27273 1.2558 1.2558 1.04639
  297 17.79 6.45455 1.10631 1.10631 0.924169
  298 17.85 6.45455 1.09705 1.09705 0.918084
  299 17.91 6.86364 1.15531 1.15531 0.968315
  300 17.97 6.04545 1.01135 1.01135 0.849502
  301 18.03 6.27273 1.0419 1.0419 0.876662
  302 18.09 5.54545 0.912934 0.912934 0.771673
  303 18.15 5.86364 0.959064 0.959064 0.811173
  304 18.21 6.27273 1.01895 1.01895 0.86366
  305 18.27 4.90909 0.787555 0.787555 0.670157
  306 18.33 6.40909 1.02243 1.02243 0.87258
  307 18.39 5.77273 0.91154 0.91154 0.782036
  308 18.45 5.81818 0.91043 0.91043 0.783448
  309 18.51 5.77273 0.897942 0.897942 0.776097
  310 18.57 6 0.920298 0.920298 0.801747
  311 18.63 5.13636 0.78261 0.78261 0.683078
  312 18.69 5.68182 0.857652 0.857652 0.75346
  313 18.75 5.68182 0.853241 0.853241 0.751676
  314 18.81 5.77273 0.854214 0.854214 0.759891
  315 18.87 5.68182 0.830845 0.830845 0.745497
  316 18.93 5.31818 0.77146 0.77146 0.6952
  317 18.99 5.59091 0.804293 0.804293 0.728062
  318 19.05 5.81818 0.827016 0.827016 0.756713
  319 19.11 5.45455 0.766342 0.766342 0.705679
  320 19.17 5.31818 0.739203 0.739203 0.686404
  321 19.23 5.27273 0.728678 0.728678 0.678985
  322 19.29 4.72727 0.644699 0.644699 0.606413
  323 19.35 5.09091 0.687139 0.687139 0.651787
  324 19.41 4.72727 0.630702 0.630702 0.604471
  325 19.47 4.13636 0.545021 0.545021 0.527073
  326 19.53 4.22727 0.549706 0.549706 0.537157
  327 19.59 5.13636 0.661351 0.661351 0.652687
  328 19.65 5.18182 0.662907 0.662907 0.655705
  329 19.71 4.5 0.568384 0.568384 0.567853
  330 19.77 4.59091 0.571624 0.571624 0.578825
  331 19.83 4.31818 0.52953 0.52953 0.543658
  332 19.89 4.54545 0.551622 0.551622 0.571295
  333 19.95 3.95455 0.473947 0.473947 0.49744
  334 20.01 4.09091 0.48615 0.48615 0.514688
  335 20.07 4.59091 0.536156 0.536156 0.577046
  336 20.13 3.36364 0.388192 0.388192 0.42103
  337 20.19 4 0.458965 0.458965 0.500555
  338 20.25 3.86364 0.435728 0.435728 0.482553
  339 20.31 3.27273 0.364867 0.364867 0.40771
  340 20.37 3.27273 0.36042 0.36042 0.408472
  341 20.43 3 0.325369 0.325369 0.374415
  342 20.49 3.18182 0.342186 0.342186 0.397599
  343 20.55 3.22727 0.339651 0.339651 0.402851
  344 20.61 2.63636 0.274934 0.274934 0.32793
  345 20.67 2.77273 0.285316 0.285316 0.344877
  346 20.73 3.13636 0.316373 0.316373 0.392278
  347 20.79 2.72727 0.272497 0.272497 0.340964
  348 20.85 2.59091 0.257615 0.257615 0.323677
  349 20.91 2.36364 0.230086 0.230086 0.295646
  350 20.97 2 0.191639 0.191639 0.249796
  351 21.03 1.95455 0.183349 0.183349 0.245257
  352 21.09 1.81818 0.169885 0.169885 0.227086
  353 21.15 1.95455 0.18116 0.18116 0.244468
  354 21.21 1.95455 0.178021 0.178021 0.24332
  355 21.27 1.5 0.13494 0.13494 0.187528
  356 21.33 2.04545 0.1799 0.1799 0.256496
  357 21.39 1.45455 0.127396 0.127396 0.181957
  358 21.45 1.40909 0.121135 0.121135 0.176622
  359 21.51 1.63636 0.139329 0.139329 0.20595
  360 21.57 1.36364 0.11443 0.11443 0.172233
  361 21.63 1.18182 0.0970169 0.0970169 0.149693
  362 21.69 1.27273 0.103211 0.103211 0.16084
  363 21.75 1.22727 0.0990514 0.0990514 0.154645
  364 21.81 1.13636 0.0903576 0.0903576 0.143863
  365 21.87 1.27273 0.100212 0.100212 0.162171
  366 21.93 1.18182 0.091015 0.091015 0.151011
  367 21.99 1.18182 0.0897875 0.0897875 0.150261
  368 22.05 0.909091 0.0676135 0.0676135 0.117098
  369 22.11 0.772727 0.0572538 0.0572538 0.0989982
  370 22.17 1 0.0729481 0.0729481 0.128276
  371 22.23 0.727273 0.0523022 0.0523022 0.0937751
  372 22.29 0.681818 0.0487826 0.0487826 0.0878514
  373 22.35 0.909091 0.0642668 0.0642668 0.116989
  374 22.41 0.590909 0.0412203 0.0412203 0.0767652
  375 22.47 0.863636 0.0594813 0.0594813 0.112498
  376 22.53 0.590909 0.0401971 0.0401971 0.0770063
  377 22.59 0.545455 0.0365205 0.0365205 0.0708683
  378 22.65 0.545455 0.0365127 0.0365127 0.0711283
  379 22.71 0.772727 0.0511891 0.0511891 0.100793
  380 22.77 0.863636 0.0562439 0.0562439 0.113832
  381 22.83 0.818182 0.0532019 0.0532019 0.106401
  382 22.89 0.681818 0.0436994 0.0436994 0.0898092
  383 22.95 0.409091 0.026329 0.026329 0.0538165
  384 23.01 0.863636 0.0549784 0.0549784 0.113543
  385 23.07 0.363636 0.0226478 0.0226478 0.0480991
  386 23.13 0.409091 0.025645 0.025645 0.0538189
  387 23.19 0.409091 0.0257452 0.0257452 0.0544351
  388 23.25 0.681818 0.0420835 0.0420835 0.0907543
  389 23.31 0.454545 0.0280995 0.0280995 0.0602963
  390 23.37 0.590909 0.0362236 0.0362236 0.0786785
  391 23.43 0.5 0.0305767 0.0305767 0.0665512
  392 23.49 0.590909 0.0359538 0.0359538 0.0786145
  393 23.55 0.363636 0.0220412 0.0220412 0.0484832
  394 23.61 0.454545 0.0281707 0.0281707 0.0600962
  395 23.67 0.545455 0.0334712 0.0334712 0.0719189
  396 23.73 0.272727 0.016905 0.016905 0.0361833
176000 396 46000
  1 0.03 0.695652 0.0421172 0.0421172 0.0927777
  2 0.09 0.391304 0.0236478 0.0236478 0.0521577
  3 0.15 0.608696 0.0366756 0.0366756 0.0808028
  4 0.21 0.434783 0.0267326 0.0267326 0.0573526
  5 0.27 0.391304 0.0240252 0.0240252 0.0522786
  6 0.33 0.521739 0.0324322 0.0324322 0.0691613
  7 0.39 0.347826 0.0215986 0.0215986 0.0458853
  8 0.45 0.521739 0.0318571 0.0318571 0.0691278
  9 0.51 0.478261 0.0292217 0.0292217 0.0632752
  10 0.57 0.869565 0.0552933 0.0552933 0.1145
  11 0.63 0.478261 0.0303829 0.0303829 0.0627214
  12 0.69 0.478261 0.0304347 0.0304347 0.0631718
  13 0.75 0.652174 0.0413537 0.0413537 0.0858147
  14 0.81 0.695652 0.0450261 0.0450261 0.0907024
  15 0.87 0.434783 0.0278469 0.0278469 0.0568022
  16 0.93 0.73913 0.0488119 0.0488119 0.0960035
  17 0.99 0.565217 0.0375291 0.0375291 0.0731122
  18 1.05 0.869565 0.05885 0.05885 0.112414
  19 1.11 0.347826 0.0238385 0.0238385 0.0449532
  20 1.17 0.608696 0.0415765 0.0415765 0.0786199
  21 1.23 0.782609 0.0540171 0.0540171 0.100721
  22 1.29 0.73913 0.0513165 0.0513165 0.0953802
  23 1.35 0.565217 0.0395449 0.0395449 0.0730126
  24 1.41 0.826087 0.059684 0.059684 0.105172
  25 1.47 0.608696 0.0440554 0.0440554 0.0777737
  26 1.53 0.826087 0.0597603 0.0597603 0.105643
  27 1.59 0.956522 0.0708465 0.0708465 0.121672
  28 1.65 0.869565 0.0652081 0.0652081 0.110302
  29 1.71 0.913043 0.0681714 0.0681714 0.116428
  30 1.77 0.869565 0.066076 0.066076 0.109402
  31 1.83 1 0.0779621 0.0779621 0.126016
  32 1.89 0.913043 0.07164 0.07164 0.115555
  33 1.95 1.30435 0.102979 0.102979 0.165279
  34 2.01 1.30435 0.105575 0.105575 0.163814
  35 2.07 1.26087 0.103053 0.103053 0.15933
  36 2.13 1.69565 0.140391 0.140391 0.213135
  37 2.19 1.47826 0.12435 0.12435 0.184908
  38 2.25 1.73913 0.148343 0.148343 0.218177
  39 2.31 1.30435 0.111895 0.111895 0.163312
  40 2.37 1.47826 0.129542 0.129542 0.185337
  41 2.43 2.21739 0.195997 0.195997 0.277366
  42 2.49 1.86957 0.169813 0.169813 0.232717
  43 2.55 1.56522 0.143043 0.143043 0.19432
  44 2.61 2.08696 0.19288 0.19288 0.258915
  45 2.67 2.13043 0.198752 0.198752 0.265085
  46 2.73 2.34783 0.222753 0.222753 0.292853
  47 2.79 2.69565 0.26039 0.26039 0.335226
  48 2.85 2.17391 0.213012 0.213012 0.269899
  49 2.91 2.6087 0.258977 0.258977 0.324235
  50 2.97 2.73913 0.275051 0.275051 0.339714
  51 3.03 2.69565 0.275469 0.275469 0.334026
  52 3.09 3.17391 0.328366 0.328366 0.394341
  53 3.15 2.52174 0.261121 0.261121 0.313007
  54 3.21 4.04348 0.426601 0.426601 0.503063
  55 3.27 3.30435 0.355844 0.355844 0.410709
  56 3.33 2.43478 0.263789 0.263789 0.302375
  57 3.39 3.52174 0.387138 0.387138 0.438325
  58 3.45 3.95652 0.441205 0.441205 0.4928
  59 3.51 3.47826 0.393311 0.393311 0.432899
  60 3.57 3.65217 0.419349 0.419349 0.455415
  61 3.63 3.56522 0.412481 0.412481 0.44458
  62 3.69 4.30435 0.503185 0.503185 0.537134
  63 3.75 4.34783 0.516654 0.516654 0.543581
  64 3.81 4.34783 0.520693 0.520693 0.544221
  65 3.87 4.08696 0.497786 0.497786 0.511557
  66 3.93 4.17391 0.514659 0.514659 0.52443
  67 3.99 4.56522 0.566287 0.566287 0.572934
  68 4.05 4.21739 0.531263 0.531263 0.531176
  69 4.11 4.91304 0.626444 0.626444 0.61979
  70 4.17 4.13043 0.533692 0.533692 0.522062
  71 4.23 5.65217 0.738046 0.738046 0.715691
  72 4.29 5.47826 0.721007 0.721007 0.695672
  73 4.35 5.04348 0.67296 0.67296 0.641568
  74 4.41 4.69565 0.631018 0.631018 0.598817
  75 4.47 4.13043 0.563736 0.563736 0.526862
  76 4.53 5.65217 0.778484 0.778484 0.724083
  77 4.59 5.17391 0.720188 0.720188 0.666034
  78 4.65 5.21739 0.733705 0.733705 0.674844
  79 4.71 5.34783 0.760533 0.760533 0.690856
  80 4.77 5.30435 0.761524 0.761524 0.686717
  81 4.83 6.04348 0.874511 0.874511 0.785396
  82 4.89 4.86957 0.714989 0.714989 0.636022
  83 4.95 5.47826 0.810137 0.810137 0.717384
  84 5.01 5.95652 0.889309 0.889309 0.784494
  85 5.07 5.78261 0.869514 0.869514 0.764075
  86 5.13 6.34783 0.968917 0.968917 0.843705
  87 5.19 5.04348 0.773709 0.773709 0.67314
  88 5.25 6.26087 0.969155 0.969155 0.836869
  89 5.31 4.65217 0.727655 0.727655 0.62672
  90 5.37 6.13043 0.965579 0.965579 0.829234
  91 5.43 5.95652 0.945386 0.945386 0.809869
  92 5.49 5.30435 0.851193 0.851193 0.724316
  93 5.55 7.08696 1.14496 1.14496 0.97341
  94 5.61 6.95652 1.13584 1.13584 0.959912
  95 5.67 6 0.988183 0.988183 0.834141
  96 5.73 6.08696 1.0102 1.0102 0.849008
  97 5.79 5.69565 0.951711 0.951711 0.800609
  98 5.85 6.56522 1.10322 1.10322 0.926368
  99 5.91 5.21739 0.883117 0.883117 0.741558
  100 5.97 5.91304 1.00822 1.00822 0.845137
  101 6.03 6.17391 1.06404 1.06404 0.888565
  102 6.09 6.56522 1.13714 1.13714 0.951096
  103 6.15 5.91304 1.03038 1.03038 0.862688
  104 6.21 6.91304 1.21667 1.21667 1.01502
  105 6.27 6.95652 1.23134 1.23134 1.0266
  106 6.33 6.56522 1.16683 1.16683 0.978107
  107 6.39 5.86957 1.05503 1.05503 0.879622
  108 6.45 6.52174 1.17558 1.17558 0.983452
  109 6.51 6.21739 1.12606 1.12606 0.943437
  110 6.57 6.26087 1.14283 1.14283 0.956982
  111 6.63 6.65217 1.22356 1.22356 1.02465
  112 6.69 6.04348 1.11653 1.11653 0.934461
  113 6.75 6.65217 1.23533 1.23533 1.03887
  114 6.81 6.91304 1.29054 1.29054 1.08708
  115 6.87 6.78261 1.27253 1.27253 1.07249
  116 6.93 6.91304 1.3066 1.3066 1.10049
  117 6.99 7.13043 1.35297 1.35297 1.14393
  118 7.05 5.95652 1.1352 1.1352 0.959077
  119 7.11 6.82609 1.30817 1.30817 1.10983
  120 7.17 6.43478 1.23988 1.23988 1.05396
  121 7.23 6.69565 1.29512 1.29512 1.10193
  122 7.29 7 1.36004 1.36004 1.16108
  123 7.35 6.95652 1.35967 1.35967 1.1613
  124 7.41 6.47826 1.27089 1.27089 1.08603
  125 7.47 7.3913 1.45582 1.45582 1.24579
  126 7.53 6.52174 1.2914 1.2914 1.10802
  127 7.59 6.86957 1.36531 1.36531 1.17445
  128 7.65 6.17391 1.23205 1.23205 1.0609
  129 7.71 6.95652 1.39298 1.39298 1.20139
  130 7.77 8.3913 1.68735 1.68735 1.46148
  131 7.83 7.04348 1.42124 1.42124 1.23151
  132 7.89 6.82609 1.38206 1.38206 1.19857
  133 7.95 6.69565 1.36157 1.36157 1.1832
  134 8.01 8.13043 1.6567 1.6567 1.44294
  135 8.07 6.04348 1.23621 1.23621 1.08191
  136 8.13 6.47826 1.32964 1.32964 1.16389
  137 8.19 7.73913 1.59438 1.59438 1.39656
  138 8.25 6.56522 1.35697 1.35697 1.19196
  139 8.31 7.52174 1.55954 1.55954 1.37135
  140 8.37 7.78261 1.61745 1.61745 1.42292
  141 8.43 6.47826 1.35017 1.35017 1.19064
  142 8.49 6.82609 1.42588 1.42588 1.26002
  143 8.55 7.86957 1.64856 1.64856 1.4585
  144 8.61 6.82609 1.43595 1.43595 1.27021
  145 8.67 7.47826 1.57682 1.57682 1.39762
  146 8.73 7.13043 1.50589 1.50589 1.33642
  147 8.79 6.56522 1.39048 1.39048 1.23728
  148 8.85 6.91304 1.46727 1.46727 1.30698
  149 8.91 7.17391 1.52575 1.52575 1.35994
  150 8.97 7.47826 1.59481 1.59481 1.42575
  151 9.03 8 1.70766 1.70766 1.52666
  152 9.09 7.26087 1.55521 1.55521 1.39149
  153 9.15 8 1.71705 1.71705 1.54038
  154 9.21 6.43478 1.38457 1.38457 1.24187
  155 9.27 6.86957 1.47998 1.47998 1.32962
  156 9.33 6.86957 1.48321 1.48321 1.33488
  157 9.39 7.43478 1.6095 1.6095 1.44754
  158 9.45 6.6087 1.4312 1.4312 1.28883
  159 9.51 7.95652 1.72644 1.72644 1.55743
  160 9.57 7.34783 1.59699 1.59699 1.44275
  161 9.63 8.17391 1.78041 1.78041 1.60727
  162 9.69 7.17391 1.56539 1.56539 1.41447
  163 9.75 7.43478 1.6255 1.6255 1.46891
  164 9.81 7.26087 1.5887 1.5887 1.43692
  165 9.87 7.82609 1.71477 1.71477 1.55362
  166 9.93 7.52174 1.6504 1.6504 1.49589
  167 9.99 7.52174 1.65287 1.65287 1.49823
  168 10.05 6.95652 1.53045 1.53045 1.38819
  169 10.11 7.04348 1.55291 1.55291 1.40957
  170 10.17 7.26087 1.60181 1.60181 1.45505
  171 10.23 7.21739 1.59341 1.59341 1.44868
  172 10.29 8 1.7688 1.7688 1.60851
  173 10.35 7.47826 1.65659 1.65659 1.50681
  174 10.41 8.21739 1.82059 1.82059 1.65696
  175 10.47 6.69565 1.48545 1.48545 1.35251
  176 10.53 8.21739 1.82441 1.82441 1.66093
  177 10.59 7.95652 1.76848 1.76848 1.6115
  178 10.65 6.47826 1.44203 1.44203 1.31286
  179 10.71 7.43478 1.65529 1.65529 1.50806
  180 10.77 8.47826 1.88908 1.88908 1.72179
  181 10.83 7.47826 1.66629 1.66629 1.52246
  182 10.89 7.69565 1.71778 1.71778 1.56711
  183 10.95 7.52174 1.67962 1.67962 1.53379
  184 11.01 7.21739 1.61268 1.61268 1.47378
  185 11.07 7.78261 1.74043 1.74043 1.58862
  186 11.13 6.95652 1.55547 1.55547 1.42212
  187 11.19 7.6087 1.70261 1.70261 1.55676
  188 11.25 8.3913 1.8787 1.8787 1.71788
  189 11.31 7.08696 1.58806 1.58806 1.45078
  190 11.37 7.86957 1.76502 1.76502 1.61185
  191 11.43 6.95652 1.55832 1.55832 1.42567
  192 11.49 7.69565 1.72627 1.72627 1.57891
  193 11.55 8.04348 1.80393 1.80393 1.65119
  194 11.61 6.95652 1.56102 1.56102 1.42725
  195 11.67 8 1.79651 1.79651 1.64333
  196 11.73 7.91304 1.77494 1.77494 1.62217
  197 11.79 7.6087 1.70793 1.70793 1.56335
  198 11.85 7.21739 1.61945 1.61945 1.48158
  199 11.91 6.6087 1.48464 1.48464 1.35615
  200 11.97 8.17391 1.83414 1.83414 1.67749
  201 12.03 7.47826 1.68017 1.68017 1.53626
  202 12.09 7.86957 1.76594 1.76594 1.61415
  203 12.15 7.13043 1.60036 1.60036 1.46291
  204 12.21 8.56522 1.92258 1.92258 1.75563
  205 12.27 6.34783 1.42446 1.42446 1.30143
  206 12.33 7.47826 1.67752 1.67752 1.53171
  207 12.39 7.69565 1.72545 1.72545 1.57619
  208 12.45 7.52174 1.68635 1.68635 1.54003
  209 12.51 8.78261 1.96772 1.96772 1.79599
  210 12.57 6.47826 1.45165 1.45165 1.32475
  211 12.63 7.21739 1.61703 1.61703 1.4746
  212 12.69 7.08696 1.58665 1.58665 1.44595
  213 12.75 7.6087 1.70248 1.70248 1.55116
  214 12.81 7.26087 1.62393 1.62393 1.47989
  215 12.87 7.47826 1.67127 1.67127 1.52349
  216 12.93 8.13043 1.81361 1.81361 1.65515
  217 12.99 7.17391 1.60076 1.60076 1.45885
  218 13.05 7.47826 1.66842 1.66842 1.51734
  219 13.11 7.69565 1.71456 1.71456 1.55901
  220 13.17 7.3913 1.64443 1.64443 1.49698
  221 13.23 8.21739 1.82702 1.82702 1.66233
  222 13.29 7.82609 1.73968 1.73968 1.58155
  223 13.35 8.17391 1.81548 1.81548 1.64921
  224 13.41 7 1.55425 1.55425 1.41019
  225 13.47 7.34783 1.62809 1.62809 1.47791
  226 13.53 7.78261 1.72203 1.72203 1.56401
  227 13.59 6.91304 1.52871 1.52871 1.38591
  228 13.65 7.13043 1.57471 1.57471 1.42765
  229 13.71 8.08696 1.78494 1.78494 1.61708
  230 13.77 7 1.54209 1.54209 1.39653
  231 13.83 7.26087 1.59905 1.59905 1.44671
  232 13.89 7 1.53817 1.53817 1.39139
  233 13.95 8.08696 1.77428 1.77428 1.60522
  234 14.01 6.95652 1.52302 1.52302 1.37706
  235 14.07 8.17391 1.78779 1.78779 1.61264
  236 14.13 7.21739 1.57663 1.57663 1.41967
  237 14.19 7.65217 1.66912 1.66912 1.50223
  238 14.25 7.21739 1.57012 1.57012 1.41159
  239 14.31 7.73913 1.68137 1.68137 1.51159
  240 14.37 6.73913 1.46298 1.46298 1.31213
  241 14.43 8.08696 1.75242 1.75242 1.57057
  242 14.49 7.30435 1.57751 1.57751 1.41422
  243 14.55 7.47826 1.6137 1.6137 1.44465
  244 14.61 6.30435 1.35794 1.35794 1.21263
  245 14.67 7.04348 1.51492 1.51492 1.35224
  246 14.73 7.13043 1.52862 1.52862 1.36349
  247 14.79 7.95652 1.70367 1.70367 1.51832
  248 14.85 6.95652 1.48539 1.48539 1.32186
  249 14.91 7.34783 1.56356 1.56356 1.38966
  250 14.97 7.17391 1.5243 1.5243 1.35222
  251 15.03 7.21739 1.53003 1.53003 1.35427
  252 15.09 8.56522 1.81036 1.81036 1.60017
  253 15.15 6.47826 1.36669 1.36669 1.20662
  254 15.21 7.73913 1.62774 1.62774 1.43515
  255 15.27 7.17391 1.5038 1.5038 1.32328
  256 15.33 6.91304 1.44578 1.44578 1.27097
  257 15.39 7.47826 1.55764 1.55764 1.36634
  258 15.45 7.95652 1.65498 1.65498 1.44871
  259 15.51 6.26087 1.29797 1.29797 1.1339
  260 15.57 6.69565 1.3858 1.3858 1.20887
  261 15.63 7.34783 1.51371 1.51371 1.31831
  262 15.69 6.56522 1.34893 1.34893 1.17209
  263 15.75 7.08696 1.45222 1.45222 1.25834
  264 15.81 6.3913 1.30364 1.30364 1.12871
  265 15.87 7.21739 1.46684 1.46684 1.26756
  266 15.93 7.52174 1.52289 1.52289 1.31183
  267 15.99 7.17391 1.4473 1.4473 1.2449
  268 16.05 7.30435 1.46878 1.46878 1.26138
  269 16.11 7.3913 1.47942 1.47942 1.26702
  270 16.17 8.08696 1.61244 1.61244 1.37677
  271 16.23 6.30435 1.25184 1.25184 1.07016
  272 16.29 6 1.18791 1.18791 1.01017
  273 16.35 6.21739 1.22249 1.22249 1.03786
  274 16.41 6.65217 1.30495 1.30495 1.1054
  275 16.47 6.65217 1.29795 1.29795 1.09788
  276 16.53 6.47826 1.25849 1.25849 1.06174
  277 16.59 6.91304 1.33698 1.33698 1.12703
  278 16.65 7.08696 1.36318 1.36318 1.14783
  279 16.71 6.69565 1.2812 1.2812 1.07449
  280 16.77 7.08696 1.34846 1.34846 1.13081
  281 16.83 7.17391 1.35952 1.35952 1.13639
  282 16.89 6.78261 1.27803 1.27803 1.06949
  283 16.95 6.47826 1.21566 1.21566 1.0141
  284 17.01 6.6087 1.23224 1.23224 1.02824
  285 17.07 6.13043 1.13757 1.13757 0.947373
  286 17.13 6.04348 1.11404 1.11404 0.92638
  287 17.19 6.95652 1.2723 1.2723 1.06028
  288 17.25 5.82609 1.06058 1.06058 0.881947
  289 17.31 6.82609 1.23551 1.23551 1.02634
  290 17.37 7.52174 1.35131 1.35131 1.12316
  291 17.43 6.73913 1.20216 1.20216 0.999325
  292 17.49 6.21739 1.10099 1.10099 0.915259
  293 17.55 5.95652 1.04925 1.04925 0.871092
  294 17.61 5.52174 0.965029 0.965029 0.801596
  295 17.67 6.65217 1.15764 1.15764 0.963159
  296 17.73 7.13043 1.23106 1.23106 1.02569
  297 17.79 6.26087 1.07304 1.07304 0.896308
  298 17.85 6.52174 1.10826 1.10826 0.927149
  299 17.91 6.91304 1.16359 1.16359 0.974953
  300 17.97 6.13043 1.02539 1.02539 0.861038
  301 18.03 6.21739 1.03264 1.03264 0.868734
  302 18.09 5.52174 0.908856 0.908856 0.768104
  303 18.15 5.78261 0.945695 0.945695 0.799819
  304 18.21 6.21739 1.00975 1.00975 0.855875
  305 18.27 4.95652 0.795047 0.795047 0.67657
  306 18.33 6.47826 1.03315 1.03315 0.881852
  307 18.39 5.6087 0.88559 0.88559 0.759798
  308 18.45 5.95652 0.931871 0.931871 0.802138
  309 18.51 5.82609 0.905946 0.905946 0.78321
  310 18.57 5.91304 0.906904 0.906904 0.790127
  311 18.63 5.34783 0.814446 0.814446 0.711241
  312 18.69 5.78261 0.87265 0.87265 0.766858
  313 18.75 5.6087 0.842029 0.842029 0.741976
  314 18.81 5.73913 0.849125 0.849125 0.755483
  315 18.87 5.47826 0.801072 0.801072 0.718794
  316 18.93 5.3913 0.781825 0.781825 0.70475
  317 18.99 5.47826 0.787968 0.787968 0.713409
  318 19.05 5.65217 0.803337 0.803337 0.735115
  319 19.11 5.56522 0.781776 0.781776 0.720123
  320 19.17 5.26087 0.731096 0.731096 0.679052
  321 19.23 5.34783 0.738821 0.738821 0.688787
  322 19.29 4.69565 0.640187 0.640187 0.602452
  323 19.35 5.13043 0.692277 0.692277 0.656996
  324 19.41 4.78261 0.637878 0.637878 0.611653
  325 19.47 4.13043 0.544181 0.544181 0.526421
  326 19.53 4.34783 0.56526 0.56526 0.552645
  327 19.59 5.17391 0.666083 0.666083 0.657548
  328 19.65 5.17391 0.661715 0.661715 0.654864
  329 19.71 4.6087 0.581847 0.581847 0.581855
  330 19.77 4.6087 0.573661 0.573661 0.58126
  331 19.83 4.34783 0.533143 0.533143 0.547598
  332 19.89 4.52174 0.548641 0.548641 0.568493
  333 19.95 3.91304 0.46887 0.46887 0.492312
  334 20.01 4 0.475268 0.475268 0.503292
  335 20.07 4.56522 0.533053 0.533053 0.573866
  336 20.13 3.26087 0.376313 0.376313 0.408191
  337 20.19 3.95652 0.45379 0.45379 0.495162
  338 20.25 3.95652 0.445995 0.445995 0.494279
  339 20.31 3.34783 0.373105 0.373105 0.417215
  340 20.37 3.34783 0.368539 0.368539 0.417936
  341 20.43 3 0.325282 0.325282 0.374475
  342 20.49 3.13043 0.336571 0.336571 0.391204
  343 20.55 3.13043 0.329473 0.329473 0.390782
  344 20.61 2.6087 0.271976 0.271976 0.32457
  345 20.67 2.73913 0.281804 0.281804 0.340784
  346 20.73 3.30435 0.333348 0.333348 0.413402
  347 20.79 2.6087 0.26065 0.26065 0.326139
  348 20.85 2.52174 0.250665 0.250665 0.315061
  349 20.91 2.30435 0.224323 0.224323 0.288249
  350 20.97 2 0.191655 0.191655 0.249858
  351 21.03 2 0.187713 0.187713 0.250985
  352 21.09 1.78261 0.16654 0.16654 0.22268
  353 21.15 1.86957 0.173283 0.173283 0.233839
  354 21.21 2.04348 0.18603 0.18603 0.254665
  355 21.27 1.47826 0.132976 0.132976 0.18486
  356 21.33 2 0.175931 0.175931 0.250839
  357 21.39 1.6087 0.140667 0.140667 0.201613
  358 21.45 1.52174 0.130795 0.130795 0.190998
  359 21.51 1.56522 0.133272 0.133272 0.196996
  360 21.57 1.34783 0.113093 0.113093 0.170253
  361 21.63 1.30435 0.10709 0.10709 0.165218
  362 21.69 1.21739 0.0987239 0.0987239 0.153847
  363 21.75 1.17391 0.0947449 0.0947449 0.147921
  364 21.81 1.08696 0.086429 0.086429 0.137608
  365 21.87 1.21739 0.0958553 0.0958553 0.15512
  366 21.93 1.17391 0.090382 0.090382 0.149997
  367 21.99 1.13043 0.0858837 0.0858837 0.143728
  368 22.05 0.956522 0.0712161 0.0712161 0.123127
  369 22.11 0.782609 0.0579744 0.0579744 0.100269
  370 22.17 0.956522 0.0697764 0.0697764 0.122699
  371 22.23 0.73913 0.0531799 0.0531799 0.0952936
  372 22.29 0.695652 0.0497478 0.0497478 0.0896537
  373 22.35 0.869565 0.0614726 0.0614726 0.111903
  374 22.41 0.608696 0.042473 0.042473 0.0790669
  375 22.47 0.913043 0.0628924 0.0628924 0.118932
  376 22.53 0.608696 0.041409 0.041409 0.0793323
  377 22.59 0.521739 0.0349326 0.0349326 0.0677871
  378 22.65 0.565217 0.0378397 0.0378397 0.0737261
  379 22.71 0.73913 0.0489635 0.0489635 0.096411
  380 22.77 0.913043 0.059497 0.059497 0.120282
  381 22.83 0.782609 0.0508887 0.0508887 0.101775
  382 22.89 0.695652 0.044609 0.044609 0.091622
  383 22.95 0.391304 0.0251842 0.0251842 0.0514766
  384 23.01 0.869565 0.0553527 0.0553527 0.114358
  385 23.07 0.391304 0.0244161 0.0244161 0.0517685
  386 23.13 0.434783 0.0272598 0.0272598 0.0572589
  387 23.19 0.391304 0.0246258 0.0246258 0.0520684
  388 23.25 0.695652 0.0429633 0.0429633 0.092599
  389 23.31 0.434783 0.0268777 0.0268777 0.0576747
  390 23.37 0.608696 0.0373319 0.0373319 0.0810595
  391 23.43 0.478261 0.0292472 0.0292472 0.0636576
  392 23.49 0.565217 0.0343906 0.0343906 0.0751965
  393 23.55 0.391304 0.0237431 0.0237431 0.0521953
  394 23.61 0.478261 0.029599 0.029599 0.0633072
  395 23.67 0.521739 0.0320159 0.0320159 0.068792
  396 23.73 0.26087 0.01617 0.01617 0.0346101
184000 396 48000
  1 0.03 0.666667 0.0403624 0.0403624 0.0889119
  2 0.09 0.375 0.0226625 0.0226625 0.0499844
  3 0.15 0.583333 0.0351474 0.0351474 0.077436
  4 0.21 0.416667 0.0256188 0.0256188 0.0549629
  5 0.27 0.375 0.0230241 0.0230241 0.0501003
  6 0.33 0.541667 0.0337365 0.0337365 0.0718066
  7 0.39 0.333333 0.0206986 0.0206986 0.0439734
  8 0.45 0.5 0.0305297 0.0305297 0.0662475
  9 0.51 0.5 0.0306975 0.0306975 0.066144
  10 0.57 0.833333 0.0529894 0.0529894 0.109729
  11 0.63 0.458333 0.029117 0.029117 0.060108
  12 0.69 0.5 0.0319147 0.0319147 0.0660339
  13 0.75 0.625 0.0396307 0.0396307 0.0822391
  14 0.81 0.708333 0.0459265 0.0459265 0.0924081
  15 0.87 0.5 0.0322987 0.0322987 0.0653788
  16 0.93 0.75 0.0496028 0.0496028 0.0974684
  17 0.99 0.541667 0.0359654 0.0359654 0.0700659
  18 1.05 0.875 0.0592737 0.0592737 0.113174
  19 1.11 0.375 0.0257472 0.0257472 0.0485164
  20 1.17 0.625 0.0427895 0.0427895 0.0807689
  21 1.23 0.75 0.0517664 0.0517664 0.0965247
  22 1.29 0.833333 0.0581867 0.0581867 0.107658
  23 1.35 0.625 0.0439581 0.0439581 0.0807995
  24 1.41 0.791667 0.0571971 0.0571971 0.10079
  25 1.47 0.708333 0.0514822 0.0514822 0.0907628
  26 1.53 0.833333 0.0604143 0.0604143 0.106645
  27 1.59 1.04167 0.0774064 0.0774064 0.132798
  28 1.65 0.875 0.0657011 0.0657011 0.111093
  29 1.71 0.875 0.0653309 0.0653309 0.111577
  30 1.77 0.833333 0.0633228 0.0633228 0.104843
  31 1.83 1.04167 0.0813728 0.0813728 0.131485
  32 1.89 0.958333 0.0753976 0.0753976 0.121438
  33 1.95 1.33333 0.105523 0.105523 0.169062
  34 2.01 1.29167 0.104662 0.104662 0.162294
  35 2.07 1.29167 0.105784 0.105784 0.163274
  36 2.13 1.70833 0.141632 0.141632 0.214807
  37 2.19 1.54167 0.130022 0.130022 0.192956
  38 2.25 1.79167 0.153112 0.153112 0.224817
  39 2.31 1.375 0.118344 0.118344 0.172211
  40 2.37 1.45833 0.127917 0.127917 0.182841
  41 2.43 2.25 0.199248 0.199248 0.281481
  42 2.49 1.83333 0.166615 0.166615 0.228243
  43 2.55 1.54167 0.140989 0.140989 0.191445
  44 2.61 2.125 0.196746 0.196746 0.263786
  45 2.67 2.04167 0.190471 0.190471 0.25404
  46 2.73 2.375 0.225673 0.225673 0.296264
  47 2.79 2.70833 0.261854 0.261854 0.33686
  48 2.85 2.08333 0.204137 0.204137 0.258653
  49 2.91 2.58333 0.25668 0.25668 0.321083
  50 2.97 2.75 0.27648 0.27648 0.341074
  51 3.03 2.70833 0.2771 0.2771 0.335595
  52 3.09 3.20833 0.332324 0.332324 0.398544
  53 3.15 2.58333 0.268144 0.268144 0.320587
  54 3.21 3.95833 0.417886 0.417886 0.492416
  55 3.27 3.5 0.377653 0.377653 0.434866
  56 3.33 2.45833 0.266683 0.266683 0.305257
  57 3.39 3.5 0.385166 0.385166 0.435563
  58 3.45 3.95833 0.441888 0.441888 0.49296
  59 3.51 3.41667 0.386546 0.386546 0.425222
  60 3.57 3.66667 0.42135 0.42135 0.457196
  61 3.63 3.54167 0.410085 0.410085 0.441647
  62 3.69 4.20833 0.492218 0.492218 0.525155
  63 3.75 4.375 0.520426 0.520426 0.546946
  64 3.81 4.29167 0.514419 0.514419 0.537158
  65 3.87 4.20833 0.513388 0.513388 0.526701
  66 3.93 4.16667 0.514231 0.514231 0.523441
  67 3.99 4.66667 0.579752 0.579752 0.585612
  68 4.05 4.04167 0.509127 0.509127 0.509043
  69 4.11 4.875 0.622044 0.622044 0.614927
  70 4.17 4.29167 0.555336 0.555336 0.542341
  71 4.23 5.66667 0.740612 0.740612 0.71751
  72 4.29 5.66667 0.747058 0.747058 0.71958
  73 4.35 4.95833 0.661907 0.661907 0.630766
  74 4.41 4.66667 0.627697 0.627697 0.595236
  75 4.47 4.125 0.563338 0.563338 0.526328
  76 4.53 5.54167 0.763552 0.763552 0.710057
  77 4.59 5.16667 0.719746 0.719746 0.665369
  78 4.65 5.29167 0.744897 0.744897 0.68482
  79 4.71 5.5 0.783091 0.783091 0.711314
  80 4.77 5.29167 0.76019 0.76019 0.685568
  81 4.83 6 0.868743 0.868743 0.78024
  82 4.89 4.83333 0.70999 0.70999 0.631662
  83 4.95 5.54167 0.820171 0.820171 0.726356
  84 5.01 5.875 0.877565 0.877565 0.774126
  85 5.07 5.75 0.865204 0.865204 0.760282
  86 5.13 6.20833 0.947761 0.947761 0.825411
  87 5.19 4.95833 0.760893 0.760893 0.662056
  88 5.25 6.125 0.9484 0.9484 0.819083
  89 5.31 4.70833 0.736838 0.736838 0.634945
  90 5.37 6.25 0.985225 0.985225 0.846625
  91 5.43 5.875 0.932838 0.932838 0.799375
  92 5.49 5.33333 0.85626 0.85626 0.729205
  93 5.55 7.125 1.15171 1.15171 0.979901
  94 5.61 7.04167 1.15031 1.15031 0.973178
  95 5.67 5.91667 0.974694 0.974694 0.823185
  96 5.73 6.08333 1.00994 1.00994 0.849494
  97 5.79 5.79167 0.968256 0.968256 0.81533
  98 5.85 6.66667 1.12089 1.12089 0.94212
  99 5.91 5.33333 0.903293 0.903293 0.759229
  100 5.97 6.16667 1.05227 1.05227 0.883185
  101 6.03 6.125 1.05584 1.05584 0.882265
  102 6.09 6.375 1.10429 1.10429 0.923814
  103 6.15 5.875 1.02404 1.02404 0.857841
  104 6.21 6.70833 1.18072 1.18072 0.985267
  105 6.27 6.875 1.21713 1.21713 1.01537
  106 6.33 6.625 1.17798 1.17798 0.988155
  107 6.39 5.79167 1.04111 1.04111 0.868501
  108 6.45 6.54167 1.17956 1.17956 0.987476
  109 6.51 6.20833 1.12472 1.12472 0.942832
  110 6.57 6.45833 1.17937 1.17937 0.988555
  111 6.63 6.75 1.24176 1.24176 1.04071
  112 6.69 6 1.10866 1.10866 0.928365
  113 6.75 6.58333 1.22281 1.22281 1.02868
  114 6.81 7.08333 1.32277 1.32277 1.1149
  115 6.87 6.91667 1.29813 1.29813 1.09475
  116 6.93 6.79167 1.28378 1.28378 1.08162
  117 6.99 7.125 1.35222 1.35222 1.14386
  118 7.05 5.91667 1.1278 1.1278 0.953294
  119 7.11 6.75 1.29381 1.29381 1.09807
  120 7.17 6.33333 1.22047 1.22047 1.03779
  121 7.23 6.75 1.30594 1.30594 1.11185
  122 7.29 6.91667 1.34405 1.34405 1.1478
  123 7.35 7 1.36843 1.36843 1.16943
  124 7.41 6.375 1.25078 1.25078 1.06919
  125 7.47 7.375 1.45287 1.45287 1.24387
  126 7.53 6.54167 1.29556 1.29556 1.11212
  127 7.59 7.04167 1.39985 1.39985 1.2049
  128 7.65 6.29167 1.25578 1.25578 1.08198
  129 7.71 7.08333 1.41869 1.41869 1.22432
  130 7.77 8.33333 1.67585 1.67585 1.45191
  131 7.83 6.91667 1.39576 1.39576 1.20972
  132 7.89 6.83333 1.38378 1.38378 1.20069
  133 7.95 6.66667 1.35585 1.35585 1.17881
  134 8.01 8.20833 1.67299 1.67299 1.45809
  135 8.07 6 1.22749 1.22749 1.07466
  136 8.13 6.29167 1.2914 1.2914 1.13059
  137 8.19 7.79167 1.60549 1.60549 1.40723
  138 8.25 6.5 1.34359 1.34359 1.18064
  139 8.31 7.45833 1.54658 1.54658 1.36043
  140 8.37 7.70833 1.60223 1.60223 1.40998
  141 8.43 6.58333 1.3724 1.3724 1.21079
  142 8.49 6.79167 1.41897 1.41897 1.25422
  143 8.55 7.79167 1.63248 1.63248 1.44456
  144 8.61 6.91667 1.45523 1.45523 1.28777
  145 8.67 7.5 1.58168 1.58168 1.4024
  146 8.73 7.25 1.53152 1.53152 1.35969
  147 8.79 6.70833 1.42116 1.42116 1.26492
  148 8.85 7.08333 1.50385 1.50385 1.33989
  149 8.91 7.08333 1.5067 1.5067 1.3431
  150 8.97 7.33333 1.56406 1.56406 1.39828
  151 9.03 7.83333 1.67231 1.67231 1.4951
  152 9.09 7.29167 1.56218 1.56218 1.39781
  153 9.15 8 1.71739 1.71739 1.54061
  154 9.21 6.33333 1.36292 1.36292 1.22244
  155 9.27 6.70833 1.44539 1.44539 1.29853
  156 9.33 6.875 1.48468 1.48468 1.33611
  157 9.39 7.45833 1.61492 1.61492 1.45241
  158 9.45 6.70833 1.45327 1.45327 1.30869
  159 9.51 8 1.73635 1.73635 1.56631
  160 9.57 7.5 1.63065 1.63065 1.47307
  161 9.63 8.16667 1.77922 1.77922 1.60626
  162 9.69 7.375 1.60981 1.60981 1.4547
  163 9.75 7.29167 1.59438 1.59438 1.44086
  164 9.81 7.33333 1.605 1.605 1.45183
  165 9.87 7.66667 1.68003 1.68003 1.52216
  166 9.93 7.66667 1.68274 1.68274 1.5252
  167 9.99 7.41667 1.63002 1.63002 1.47748
  168 10.05 6.83333 1.50356 1.50356 1.36369
  169 10.11 6.91667 1.52511 1.52511 1.38419
  170 10.17 7.29167 1.60899 1.60899 1.46116
  171 10.23 7.375 1.62874 1.62874 1.48014
  172 10.29 8.04167 1.77845 1.77845 1.61678
  173 10.35 7.41667 1.64318 1.64318 1.49431
  174 10.41 8.20833 1.81898 1.81898 1.65508
  175 10.47 7 1.55359 1.55359 1.41379
  176 10.53 8.04167 1.78559 1.78559 1.62538
  177 10.59 7.91667 1.75993 1.75993 1.60329
  178 10.65 6.54167 1.45646 1.45646 1.32555
  179 10.71 7.54167 1.67952 1.67952 1.52951
  180 10.77 8.29167 1.84768 1.84768 1.68382
  181 10.83 7.41667 1.65286 1.65286 1.50969
  182 10.89 7.625 1.70224 1.70224 1.55248
  183 10.95 7.54167 1.68441 1.68441 1.53751
  184 11.01 7.45833 1.66706 1.66706 1.52234
  185 11.07 7.66667 1.7147 1.7147 1.56472
  186 11.13 6.95833 1.5562 1.5562 1.42208
  187 11.19 7.66667 1.71597 1.71597 1.56809
  188 11.25 8.33333 1.86602 1.86602 1.70558
  189 11.31 7.08333 1.58752 1.58752 1.44956
  190 11.37 7.91667 1.77588 1.77588 1.6208
  191 11.43 7 1.56844 1.56844 1.4339
  192 11.49 7.75 1.73879 1.73879 1.58925
  193 11.55 7.875 1.7663 1.7663 1.61627
  194 11.61 7.08333 1.58983 1.58983 1.45251
  195 11.67 7.95833 1.78736 1.78736 1.63419
  196 11.73 7.91667 1.77608 1.77608 1.62238
  197 11.79 7.45833 1.67431 1.67431 1.53207
  198 11.85 7.16667 1.60829 1.60829 1.47061
  199 11.91 6.625 1.48849 1.48849 1.35888
  200 11.97 8.25 1.85157 1.85157 1.69219
  201 12.03 7.41667 1.66647 1.66647 1.52298
  202 12.09 7.95833 1.7862 1.7862 1.63131
  203 12.15 7.25 1.6275 1.6275 1.48621
  204 12.21 8.79167 1.97378 1.97378 1.80032
  205 12.27 6.375 1.43075 1.43075 1.30606
  206 12.33 7.45833 1.67323 1.67323 1.52668
  207 12.39 7.5 1.68165 1.68165 1.5357
  208 12.45 7.58333 1.70035 1.70035 1.55139
  209 12.51 8.79167 1.96995 1.96995 1.79667
  210 12.57 6.41667 1.43792 1.43792 1.31151
  211 12.63 7.125 1.59639 1.59639 1.45512
  212 12.69 7.20833 1.61394 1.61394 1.46963
  213 12.75 7.58333 1.69687 1.69687 1.54525
  214 12.81 7.375 1.64951 1.64951 1.50202
  215 12.87 7.625 1.7041 1.7041 1.55196
  216 12.93 7.875 1.75666 1.75666 1.60288
  217 12.99 7.20833 1.60848 1.60848 1.4647
  218 13.05 7.54167 1.68253 1.68253 1.529
  219 13.11 7.79167 1.73597 1.73597 1.57719
  220 13.17 7.5 1.66863 1.66863 1.51766
  221 13.23 8.04167 1.78795 1.78795 1.62627
  222 13.29 7.875 1.75047 1.75047 1.59036
  223 13.35 8.16667 1.81376 1.81376 1.64688
  224 13.41 6.91667 1.53565 1.53565 1.3929
  225 13.47 7.33333 1.62478 1.62478 1.47433
  226 13.53 7.625 1.6871 1.6871 1.53194
  227 13.59 6.875 1.52017 1.52017 1.37771
  228 13.65 7.25 1.60088 1.60088 1.45055
  229 13.71 7.91667 1.74722 1.74722 1.58259
  230 13.77 7.16667 1.57851 1.57851 1.42858
  231 13.83 7.375 1.62377 1.62377 1.46822
  232 13.89 7.08333 1.55612 1.55612 1.40677
  233 13.95 8 1.75494 1.75494 1.58712
  234 14.01 6.95833 1.52316 1.52316 1.37648
  235 14.07 8.20833 1.79493 1.79493 1.61832
  236 14.13 7.29167 1.59239 1.59239 1.43327
  237 14.19 7.5 1.6357 1.6357 1.47194
  238 14.25 7.16667 1.55878 1.55878 1.40114
  239 14.31 7.79167 1.69225 1.69225 1.52097
  240 14.37 6.79167 1.47383 1.47383 1.32166
  241 14.43 8.16667 1.76896 1.76896 1.58521
  242 14.49 7.25 1.56538 1.56538 1.40317
  243 14.55 7.5 1.61775 1.61775 1.44802
  244 14.61 6.16667 1.32803 1.32803 1.18586
  245 14.67 6.91667 1.48728 1.48728 1.32746
  246 14.73 7.20833 1.54459 1.54459 1.37745
  247 14.79 8.04167 1.72091 1.72091 1.53333
  248 14.85 6.79167 1.44988 1.44988 1.29017
  249 14.91 7.16667 1.52474 1.52474 1.35511
  250 14.97 7.375 1.56579 1.56579 1.38904
  251 15.03 7.375 1.56231 1.56231 1.38301
  252 15.09 8.45833 1.78713 1.78713 1.57975
  253 15.15 6.375 1.34445 1.34445 1.18709
  254 15.21 8.16667 1.71559 1.71559 1.51323
  255 15.27 7.16667 1.50149 1.50149 1.32158
  256 15.33 6.875 1.43713 1.43713 1.26367
  257 15.39 7.375 1.53559 1.53559 1.3473
  258 15.45 7.66667 1.59457 1.59457 1.39589
  259 15.51 6.20833 1.28641 1.28641 1.12414
  260 15.57 6.75 1.39591 1.39591 1.21825
  261 15.63 7.25 1.49286 1.49286 1.30054
  262 15.69 6.625 1.36003 1.36003 1.18241
  263 15.75 7.20833 1.47559 1.47559 1.27955
  264 15.81 6.33333 1.29107 1.29107 1.11827
  265 15.87 7.125 1.4473 1.4473 1.25115
  266 15.93 7.625 1.54232 1.54232 1.3297
  267 15.99 7.33333 1.47773 1.47773 1.27242
  268 16.05 7.45833 1.49794 1.49794 1.28782
  269 16.11 7.41667 1.48323 1.48323 1.27143
  270 16.17 7.91667 1.57781 1.57781 1.34782
  271 16.23 6.25 1.2402 1.2402 1.06086
  272 16.29 6 1.18684 1.18684 1.01017
  273 16.35 6.20833 1.21974 1.21974 1.03642
  274 16.41 6.58333 1.29055 1.29055 1.09399
  275 16.47 6.54167 1.27567 1.27567 1.07968
  276 16.53 6.45833 1.25352 1.25352 1.05858
  277 16.59 6.79167 1.31276 1.31276 1.10732
  278 16.65 7.16667 1.37687 1.37687 1.16099
  279 16.71 6.625 1.26676 1.26676 1.06341
  280 16.77 7.16667 1.36203 1.36203 1.14402
  281 16.83 7.25 1.37222 1.37222 1.14901
  282 16.89 6.79167 1.27844 1.27844 1.07133
  283 16.95 6.375 1.19548 1.19548 0.998187
  284 17.01 6.58333 1.22635 1.22635 1.02468
  285 17.07 6.125 1.13537 1.13537 0.946953
  286 17.13 6 1.10503 1.10503 0.920089
  287 17.19 7 1.27876 1.27876 1.06744
  288 17.25 5.75 1.0459 1.0459 0.870662
  289 17.31 7.04167 1.27211 1.27211 1.05954
  290 17.37 7.45833 1.33877 1.33877 1.11408
  291 17.43 6.70833 1.19561 1.19561 0.995186
  292 17.49 6.33333 1.11996 1.11996 0.932961
  293 17.55 5.875 1.03419 1.03419 0.859477
  294 17.61 5.5 0.960347 0.960347 0.798839
  295 17.67 6.58333 1.14469 1.14469 0.953508
  296 17.73 7 1.20777 1.20777 1.00718
  297 17.79 6.45833 1.1048 1.1048 0.925228
  298 17.85 6.375 1.08278 1.08278 0.906473
  299 17.91 6.95833 1.16988 1.16988 0.981885
  300 17.97 6.04167 1.00979 1.00979 0.848748
  301 18.03 6.04167 1.0031 1.0031 0.844275
  302 18.09 5.625 0.924407 0.924407 0.782659
  303 18.15 5.70833 0.932784 0.932784 0.789616
  304 18.21 6.29167 1.02028 1.02028 0.866218
  305 18.27 4.95833 0.794485 0.794485 0.676957
  306 18.33 6.41667 1.02236 1.02236 0.873519
  307 18.39 5.66667 0.893538 0.893538 0.76773
  308 18.45 6 0.937496 0.937496 0.808071
  309 18.51 5.91667 0.918557 0.918557 0.795286
  310 18.57 5.83333 0.89413 0.89413 0.779464
  311 18.63 5.41667 0.823733 0.823733 0.720257
  312 18.69 5.66667 0.854664 0.854664 0.75141
  313 18.75 5.5 0.825132 0.825132 0.727493
  314 18.81 5.75 0.849776 0.849776 0.756737
  315 18.87 5.29167 0.773663 0.773663 0.694285
  316 18.93 5.5 0.796278 0.796278 0.718706
  317 18.99 5.45833 0.784268 0.784268 0.710695
  318 19.05 5.58333 0.792918 0.792918 0.726004
  319 19.11 5.58333 0.783504 0.783504 0.722293
  320 19.17 5.125 0.711932 0.711932 0.661438
  321 19.23 5.375 0.741603 0.741603 0.69201
  322 19.29 4.83333 0.65772 0.65772 0.619658
  323 19.35 5.16667 0.696265 0.696265 0.661196
  324 19.41 4.75 0.632943 0.632943 0.607118
  325 19.47 4.20833 0.553611 0.553611 0.535803
  326 19.53 4.29167 0.557607 0.557607 0.545248
  327 19.59 5.08333 0.654011 0.654011 0.645746
  328 19.65 5.25 0.670348 0.670348 0.663924
  329 19.71 4.625 0.583183 0.583183 0.583547
  330 19.77 4.625 0.575038 0.575038 0.582936
  331 19.83 4.25 0.520937 0.520937 0.535124
  332 19.89 4.5 0.545566 0.545566 0.565474
  333 19.95 3.875 0.463955 0.463955 0.487289
  334 20.01 4 0.474747 0.474747 0.502954
  335 20.07 4.45833 0.520398 0.520398 0.56026
  336 20.13 3.375 0.388784 0.388784 0.421986
  337 20.19 3.95833 0.453446 0.453446 0.495025
  338 20.25 3.91667 0.441145 0.441145 0.489033
  339 20.31 3.29167 0.366587 0.366587 0.410056
  340 20.37 3.29167 0.36211 0.36211 0.410742
  341 20.43 2.91667 0.31613 0.31613 0.363982
  342 20.49 3.16667 0.339961 0.339961 0.395359
  343 20.55 3.16667 0.33293 0.33293 0.394987
  344 20.61 2.58333 0.26916 0.26916 0.321302
  345 20.67 2.70833 0.278412 0.278412 0.336868
  346 20.73 3.45833 0.348436 0.348436 0.432204
  347 20.79 2.5 0.249789 0.249789 0.31255
  348 20.85 2.54167 0.252262 0.252262 0.317431
  349 20.91 2.29167 0.222935 0.222935 0.286575
  350 20.97 2.08333 0.199379 0.199379 0.260143
  351 21.03 2.08333 0.195366 0.195366 0.261269
  352 21.09 1.75 0.163433 0.163433 0.218595
  353 21.15 1.875 0.173604 0.173604 0.234503
  354 21.21 2.08333 0.189462 0.189462 0.259694
  355 21.27 1.625 0.14571 0.14571 0.203303
  356 21.33 2.04167 0.179446 0.179446 0.256093
  357 21.39 1.58333 0.138373 0.138373 0.198451
  358 21.45 1.54167 0.132405 0.132405 0.19352
  359 21.51 1.5 0.127719 0.127719 0.188787
  360 21.57 1.375 0.115251 0.115251 0.173651
  361 21.63 1.29167 0.106011 0.106011 0.163588
  362 21.69 1.25 0.101317 0.101317 0.157956
  363 21.75 1.25 0.100704 0.100704 0.157575
  364 21.81 1.08333 0.0861087 0.0861087 0.137152
  365 21.87 1.25 0.0983409 0.0983409 0.159225
  366 21.93 1.20833 0.0929933 0.0929933 0.154337
  367 21.99 1.08333 0.0823052 0.0823052 0.137739
  368 22.05 0.958333 0.071387 0.071387 0.123302
  369 22.11 0.75 0.0555588 0.0555588 0.0960911
  370 22.17 0.916667 0.0668691 0.0668691 0.117586
  371 22.23 0.75 0.0539806 0.0539806 0.0966608
  372 22.29 0.708333 0.0506518 0.0506518 0.0912678
  373 22.35 0.833333 0.0589112 0.0589112 0.10724
  374 22.41 0.75 0.0523856 0.0523856 0.0972454
  375 22.47 0.875 0.0602719 0.0602719 0.113976
  376 22.53 0.583333 0.0396836 0.0396836 0.0760268
  377 22.59 0.5 0.0334771 0.0334771 0.0649626
  378 22.65 0.541667 0.036263 0.036263 0.0706542
  379 22.71 0.75 0.0497244 0.0497244 0.0977955
  380 22.77 0.875 0.057018 0.057018 0.11527
  381 22.83 0.791667 0.0515225 0.0515225 0.102966
  382 22.89 0.708333 0.0454782 0.0454782 0.0932562
  383 22.95 0.375 0.0241349 0.0241349 0.0493318
  384 23.01 0.875 0.0557407 0.0557407 0.11507
  385 23.07 0.375 0.0233988 0.0233988 0.0496114
  386 23.13 0.458333 0.0287965 0.0287965 0.0603612
  387 23.19 0.375 0.0235998 0.0235998 0.0498989
  388 23.25 0.708333 0.0438267 0.0438267 0.0942437
  389 23.31 0.416667 0.0257578 0.0257578 0.0552716
  390 23.37 0.583333 0.0357764 0.0357764 0.077682
  391 23.43 0.458333 0.0280286 0.0280286 0.0610052
  392 23.49 0.541667 0.0329576 0.0329576 0.0720633
  393 23.55 0.375 0.0227538 0.0227538 0.0500204
  394 23.61 0.5 0.0309819 0.0309819 0.0662063
  395 23.67 0.5 0.0306819 0.0306819 0.0659256
  396 23.73 0.25 0.0154963 0.0154963 0.033168
192000 396 50000
  1 0.03 0.68 0.0412571 0.0412571 0.0907712
  2 0.09 0.44 0.026772 0.026772 0.0588291
  3 0.15 0.6 0.0362482 0.0362482 0.0797832
  4 0.21 0.48 0.0296096 0.0296096 0.0636662
  5 0.27 0.36 0.0221032 0.0221032 0.0480963
  6 0.33 0.52 0.0323871 0.0323871 0.0689343
  7 0.39 0.4 0.0249117 0.0249117 0.053152
  8 0.45 0.48 0.0293085 0.0293085 0.0635976
  9 0.51 0.52 0.0320081 0.0320081 0.0689569
  10 0.57 0.8 0.0508699 0.0508699 0.10534
  11 0.63 0.52 0.0330806 0.0330806 0.0685884
  12 0.69 0.48 0.0306381 0.0306381 0.0633926
  13 0.75 0.68 0.0432168 0.0432168 0.0898263
  14 0.81 0.72 0.0466935 0.0466935 0.0941509
  15 0.87 0.48 0.0310067 0.0310067 0.0627636
  16 0.93 0.76 0.0502712 0.0502712 0.0989859
  17 0.99 0.52 0.0345268 0.0345268 0.0672632
  18 1.05 0.84 0.0569028 0.0569028 0.108647
  19 1.11 0.44 0.0301405 0.0301405 0.0573356
  20 1.17 0.6 0.041078 0.041078 0.0775382
  21 1.23 0.8 0.055214 0.055214 0.103378
  22 1.29 0.84 0.0586382 0.0586382 0.108703
  23 1.35 0.64 0.0450035 0.0450035 0.08291
  24 1.41 0.76 0.0549093 0.0549093 0.0967584
  25 1.47 0.72 0.0523002 0.0523002 0.0924501
  26 1.53 0.8 0.0579978 0.0579978 0.10238
  27 1.59 1 0.0743101 0.0743101 0.127486
  28 1.65 0.96 0.0720057 0.0720057 0.122509
  29 1.71 0.84 0.0627177 0.0627177 0.107114
  30 1.77 0.84 0.0638472 0.0638472 0.105905
  31 1.83 1.04 0.0811962 0.0811962 0.131475
  32 1.89 0.96 0.0755305 0.0755305 0.121804
  33 1.95 1.28 0.101302 0.101302 0.1623
  34 2.01 1.28 0.103695 0.103695 0.161015
  35 2.07 1.28 0.104818 0.104818 0.161954
  36 2.13 1.64 0.135967 0.135967 0.206214
  37 2.19 1.68 0.141572 0.141572 0.211181
  38 2.25 1.8 0.153767 0.153767 0.226172
  39 2.31 1.36 0.117043 0.117043 0.170482
  40 2.37 1.4 0.1228 0.1228 0.175527
  41 2.43 2.24 0.198351 0.198351 0.280484
  42 2.49 1.8 0.163533 0.163533 0.224234
  43 2.55 1.48 0.13535 0.13535 0.183787
  44 2.61 2.12 0.196263 0.196263 0.263426
  45 2.67 2 0.186602 0.186602 0.248963
  46 2.73 2.64 0.250719 0.250719 0.330127
  47 2.79 2.68 0.259088 0.259088 0.333516
  48 2.85 2.08 0.203737 0.203737 0.258425
  49 2.91 2.48 0.246413 0.246413 0.30824
  50 2.97 2.68 0.269413 0.269413 0.332469
  51 3.03 2.68 0.274141 0.274141 0.332227
  52 3.09 3.16 0.327248 0.327248 0.392647
  53 3.15 2.64 0.274052 0.274052 0.32784
  54 3.21 3.92 0.413863 0.413863 0.487774
  55 3.27 3.4 0.366811 0.366811 0.42249
  56 3.33 2.4 0.260376 0.260376 0.298069
  57 3.39 3.52 0.387361 0.387361 0.438232
  58 3.45 3.88 0.433113 0.433113 0.483291
  59 3.51 3.36 0.380099 0.380099 0.41827
  60 3.57 3.72 0.427291 0.427291 0.464068
  61 3.63 3.6 0.416847 0.416847 0.449169
  62 3.69 4.28 0.500674 0.500674 0.534387
  63 3.75 4.24 0.504372 0.504372 0.53011
  64 3.81 4.24 0.508262 0.508262 0.530816
  65 3.87 4.44 0.54134 0.54134 0.556182
  66 3.93 4.04 0.4986 0.4986 0.507572
  67 3.99 4.6 0.571489 0.571489 0.577409
  68 4.05 3.96 0.498824 0.498824 0.498847
  69 4.11 4.8 0.612391 0.612391 0.605606
  70 4.17 4.32 0.558912 0.558912 0.546199
  71 4.23 5.6 0.731869 0.731869 0.709294
  72 4.29 5.72 0.753964 0.753964 0.726693
  73 4.35 5.16 0.688687 0.688687 0.656917
  74 4.41 4.68 0.629459 0.629459 0.597143
  75 4.47 4.24 0.578947 0.578947 0.541338
  76 4.53 5.68 0.782405 0.782405 0.728061
  77 4.59 5.08 0.707641 0.707641 0.654256
  78 4.65 5.32 0.748724 0.748724 0.688481
  79 4.71 5.4 0.76877 0.76877 0.698427
  80 4.77 5.24 0.752687 0.752687 0.678948
  81 4.83 6.16 0.89183 0.89183 0.801171
  82 4.89 4.88 0.716692 0.716692 0.637787
  83 4.95 5.52 0.816815 0.816815 0.723523
  84 5.01 5.72 0.854364 0.854364 0.75369
  85 5.07 5.6 0.842653 0.842653 0.740449
  86 5.13 6.36 0.970504 0.970504 0.845416
  87 5.19 4.88 0.748853 0.748853 0.65154
  88 5.25 6.16 0.953806 0.953806 0.823672
  89 5.31 4.76 0.744872 0.744872 0.641661
  90 5.37 6.2 0.977332 0.977332 0.839598
  91 5.43 5.92 0.939997 0.939997 0.80511
  92 5.49 5.28 0.84758 0.84758 0.721654
  93 5.55 7.2 1.16368 1.16368 0.989561
  94 5.61 7.04 1.14989 1.14989 0.972465
  95 5.67 6.08 1.00126 1.00126 0.845066
  96 5.73 6.2 1.02909 1.02909 0.865137
  97 5.79 5.72 0.956236 0.956236 0.804899
  98 5.85 6.6 1.10962 1.10962 0.932252
  99 5.91 5.2 0.880695 0.880695 0.740044
  100 5.97 6.08 1.03749 1.03749 0.870381
  101 6.03 6.16 1.06167 1.06167 0.886574
  102 6.09 6.6 1.14322 1.14322 0.955256
  103 6.15 5.96 1.03883 1.03883 0.869419
  104 6.21 6.68 1.17561 1.17561 0.98054
  105 6.27 6.92 1.22499 1.22499 1.02129
  106 6.33 6.52 1.15931 1.15931 0.972032
  107 6.39 5.68 1.02097 1.02097 0.851445
  108 6.45 6.6 1.18993 1.18993 0.995295
  109 6.51 6.2 1.12322 1.12322 0.940865
  110 6.57 6.6 1.20511 1.20511 1.00898
  111 6.63 6.68 1.22875 1.22875 1.02926
  112 6.69 6.12 1.13081 1.13081 0.946115
  113 6.75 6.56 1.21843 1.21843 1.02434
  114 6.81 7.04 1.31462 1.31462 1.10734
  115 6.87 6.96 1.30628 1.30628 1.10074
  116 6.93 6.8 1.28522 1.28522 1.08212
  117 6.99 7.04 1.33608 1.33608 1.12959
  118 7.05 5.92 1.12844 1.12844 0.953181
  119 7.11 6.72 1.28808 1.28808 1.09248
  120 7.17 6.28 1.21017 1.21017 1.02841
  121 7.23 6.68 1.2924 1.2924 1.0997
  122 7.29 6.96 1.35246 1.35246 1.15391
  123 7.35 6.96 1.36054 1.36054 1.16195
  124 7.41 6.4 1.25564 1.25564 1.07262
  125 7.47 7.36 1.44991 1.44991 1.24071
  126 7.53 6.56 1.29911 1.29911 1.11456
  127 7.59 7.12 1.41537 1.41537 1.21754
  128 7.65 6.36 1.26933 1.26933 1.0931
  129 7.71 7.12 1.42598 1.42598 1.23011
  130 7.77 8 1.60882 1.60882 1.39384
  131 7.83 7 1.41252 1.41252 1.22381
  132 7.89 6.88 1.39318 1.39318 1.20853
  133 7.95 6.68 1.35845 1.35845 1.1808
  134 8.01 8.12 1.65493 1.65493 1.44209
  135 8.07 5.92 1.21109 1.21109 1.0601
  136 8.13 6.4 1.31356 1.31356 1.14972
  137 8.19 7.8 1.60705 1.60705 1.40842
  138 8.25 6.52 1.3476 1.3476 1.18409
  139 8.31 7.56 1.56743 1.56743 1.37882
  140 8.37 7.72 1.60449 1.60449 1.41214
  141 8.43 6.68 1.39238 1.39238 1.22861
  142 8.49 6.8 1.42057 1.42057 1.25577
  143 8.55 7.64 1.60061 1.60061 1.41643
  144 8.61 6.88 1.4473 1.4473 1.28091
  145 8.67 7.48 1.57722 1.57722 1.39857
  146 8.73 7.32 1.54605 1.54605 1.37276
  147 8.79 6.56 1.38961 1.38961 1.23686
  148 8.85 7.16 1.51982 1.51982 1.35424
  149 8.91 6.96 1.48034 1.48034 1.31969
  150 8.97 7.4 1.57795 1.57795 1.41079
  151 9.03 7.88 1.68201 1.68201 1.50396
  152 9.09 7.4 1.58499 1.58499 1.41853
  153 9.15 7.92 1.69998 1.69998 1.52513
  154 9.21 6.52 1.40257 1.40257 1.25833
  155 9.27 6.64 1.43048 1.43048 1.2853
  156 9.33 6.96 1.50263 1.50263 1.35252
  157 9.39 7.28 1.57615 1.57615 1.41767
  158 9.45 6.68 1.44687 1.44687 1.30317
  159 9.51 8 1.73598 1.73598 1.56624
  160 9.57 7.4 1.60864 1.60864 1.45333
  161 9.63 8.24 1.79465 1.79465 1.62057
  162 9.69 7.4 1.61481 1.61481 1.45947
  163 9.75 7.28 1.5914 1.5914 1.43838
  164 9.81 7.36 1.61036 1.61036 1.45687
  165 9.87 7.76 1.6999 1.6999 1.54031
  166 9.93 7.52 1.65032 1.65032 1.49589
  167 9.99 7.36 1.61718 1.61718 1.46602
  168 10.05 6.84 1.50458 1.50458 1.36494
  169 10.11 6.8 1.49911 1.49911 1.36078
  170 10.17 7.32 1.61469 1.61469 1.46664
  171 10.23 7.4 1.63371 1.63371 1.4849
  172 10.29 8.24 1.8214 1.8214 1.65613
  173 10.35 7.4 1.63895 1.63895 1.49057
  174 10.41 8.2 1.81656 1.81656 1.65297
  175 10.47 6.92 1.53544 1.53544 1.39733
  176 10.53 8.08 1.79341 1.79341 1.63259
  177 10.59 7.8 1.73359 1.73359 1.57931
  178 10.65 6.56 1.45995 1.45995 1.32879
  179 10.71 7.52 1.67412 1.67412 1.52464
  180 10.77 8.2 1.82677 1.82677 1.66478
  181 10.83 7.52 1.67512 1.67512 1.52992
  182 10.89 7.8 1.74024 1.74024 1.58725
  183 10.95 7.52 1.67895 1.67895 1.53257
  184 11.01 7.28 1.62693 1.62693 1.48571
  185 11.07 7.76 1.73468 1.73468 1.58306
  186 11.13 7.12 1.59142 1.59142 1.45429
  187 11.19 7.56 1.69165 1.69165 1.54588
  188 11.25 8.32 1.86233 1.86233 1.7022
  189 11.31 7 1.56838 1.56838 1.43211
  190 11.37 7.8 1.74922 1.74922 1.5965
  191 11.43 7.08 1.58559 1.58559 1.44953
  192 11.49 7.84 1.75802 1.75802 1.60681
  193 11.55 7.76 1.74005 1.74005 1.59219
  194 11.61 7.12 1.59728 1.59728 1.45936
  195 11.67 8.04 1.80468 1.80468 1.65001
  196 11.73 7.8 1.74944 1.74944 1.59806
  197 11.79 7.4 1.66063 1.66063 1.51949
  198 11.85 7.32 1.64166 1.64166 1.50115
  199 11.91 6.64 1.49111 1.49111 1.36144
  200 11.97 8.32 1.86631 1.86631 1.70585
  201 12.03 7.36 1.65309 1.65309 1.51089
  202 12.09 7.96 1.78577 1.78577 1.6312
  203 12.15 7.2 1.61565 1.61565 1.47567
  204 12.21 8.56 1.92145 1.92145 1.75276
  205 12.27 6.52 1.46222 1.46222 1.33532
  206 12.33 7.56 1.69497 1.69497 1.54707
  207 12.39 7.4 1.65871 1.65871 1.51495
  208 12.45 7.68 1.72094 1.72094 1.57059
  209 12.51 8.76 1.962 1.962 1.78971
  210 12.57 6.4 1.43352 1.43352 1.30767
  211 12.63 7.12 1.59447 1.59447 1.45361
  212 12.69 7.24 1.62013 1.62013 1.47562
  213 12.75 7.52 1.68203 1.68203 1.53202
  214 12.81 7.36 1.64536 1.64536 1.49859
  215 12.87 7.56 1.68889 1.68889 1.53843
  216 12.93 7.88 1.75697 1.75697 1.60348
  217 12.99 7.2 1.60584 1.60584 1.46269
  218 13.05 7.6 1.6945 1.6945 1.54053
  219 13.11 7.8 1.73694 1.73694 1.57864
  220 13.17 7.56 1.68104 1.68104 1.52944
  221 13.23 8 1.77793 1.77793 1.61743
  222 13.29 7.92 1.75945 1.75945 1.59886
  223 13.35 8.16 1.81135 1.81135 1.64491
  224 13.41 6.96 1.5443 1.5443 1.40098
  225 13.47 7.32 1.62103 1.62103 1.47108
  226 13.53 7.56 1.67205 1.67205 1.51836
  227 13.59 6.88 1.52048 1.52048 1.37818
  228 13.65 7.2 1.58915 1.58915 1.44009
  229 13.71 7.92 1.747 1.747 1.58263
  230 13.77 7.12 1.56755 1.56755 1.41887
  231 13.83 7.24 1.59356 1.59356 1.44106
  232 13.89 7.04 1.54592 1.54592 1.39773
  233 13.95 7.88 1.72806 1.72806 1.56289
  234 14.01 7.08 1.54871 1.54871 1.39972
  235 14.07 8.48 1.85264 1.85264 1.67075
  236 14.13 7.36 1.60628 1.60628 1.44608
  237 14.19 7.44 1.62189 1.62189 1.45969
  238 14.25 7.12 1.54796 1.54796 1.3916
  239 14.31 7.8 1.69317 1.69317 1.52203
  240 14.37 6.72 1.45768 1.45768 1.30739
  241 14.43 8.16 1.76653 1.76653 1.58335
  242 14.49 7.32 1.57952 1.57952 1.41613
  243 14.55 7.4 1.59557 1.59557 1.42835
  244 14.61 6.04 1.30039 1.30039 1.16133
  245 14.67 7.04 1.51252 1.51252 1.35057
  246 14.73 7 1.49973 1.49973 1.33758
  247 14.79 7.96 1.70269 1.70269 1.51756
  248 14.85 6.76 1.4424 1.4424 1.28407
  249 14.91 7.36 1.56452 1.56452 1.39164
  250 14.97 7.4 1.57017 1.57017 1.39375
  251 15.03 7.44 1.57501 1.57501 1.39527
  252 15.09 8.4 1.77398 1.77398 1.56896
  253 15.15 6.6 1.39043 1.39043 1.22908
  254 15.21 8 1.68016 1.68016 1.48243
  255 15.27 7.2 1.50765 1.50765 1.32796
  256 15.33 6.92 1.44568 1.44568 1.27215
  257 15.39 7.28 1.51529 1.51529 1.33015
  258 15.45 7.64 1.58819 1.58819 1.39133
  259 15.51 6.16 1.27588 1.27588 1.11571
  260 15.57 6.76 1.39716 1.39716 1.22042
  261 15.63 7.24 1.49009 1.49009 1.29922
  262 15.69 6.64 1.36239 1.36239 1.18557
  263 15.75 7.12 1.45698 1.45698 1.26423
  264 15.81 6.36 1.29579 1.29579 1.12351
  265 15.87 7.12 1.44557 1.44557 1.25084
  266 15.93 7.48 1.51264 1.51264 1.30483
  267 15.99 7.32 1.47447 1.47447 1.27082
  268 16.05 7.52 1.50955 1.50955 1.2993
  269 16.11 7.36 1.47139 1.47139 1.26228
  270 16.17 8 1.59359 1.59359 1.36304
  271 16.23 6.36 1.26131 1.26131 1.08024
  272 16.29 6.08 1.20195 1.20195 1.02434
  273 16.35 6.24 1.22551 1.22551 1.04245
  274 16.41 6.48 1.26998 1.26998 1.07722
  275 16.47 6.64 1.29422 1.29422 1.09693
  276 16.53 6.4 1.24186 1.24186 1.04963
  277 16.59 6.64 1.28326 1.28326 1.08298
  278 16.65 7.04 1.35234 1.35234 1.14098
  279 16.71 6.72 1.28447 1.28447 1.07995
  280 16.77 7.2 1.36798 1.36798 1.15032
  281 16.83 7.08 1.33992 1.33992 1.12248
  282 16.89 7 1.31719 1.31719 1.10563
  283 16.95 6.36 1.19242 1.19242 0.996627
  284 17.01 6.6 1.22914 1.22914 1.02804
  285 17.07 6.28 1.16369 1.16369 0.972072
  286 17.13 6 1.10488 1.10488 0.92086
  287 17.19 7.04 1.28591 1.28591 1.07429
  288 17.25 5.68 1.03311 1.03311 0.860483
  289 17.31 7.12 1.28617 1.28617 1.07216
  290 17.37 7.28 1.30674 1.30674 1.08772
  291 17.43 6.72 1.19763 1.19763 0.997439
  292 17.49 6.36 1.12467 1.12467 0.937362
  293 17.55 5.72 1.00687 1.00687 0.836928
  294 17.61 5.48 0.956854 0.956854 0.796272
  295 17.67 6.64 1.15448 1.15448 0.962127
  296 17.73 6.92 1.194 1.194 0.995962
  297 17.79 6.56 1.12229 1.12229 0.94017
  298 17.85 6.44 1.09403 1.09403 0.916192
  299 17.91 6.8 1.14339 1.14339 0.959751
  300 17.97 6.12 1.02318 1.02318 0.86025
  301 18.03 6.04 1.00301 1.00301 0.844411
  302 18.09 5.72 0.940441 0.940441 0.796312
  303 18.15 5.72 0.934894 0.934894 0.791477
  304 18.21 6.16 0.999058 0.999058 0.848195
  305 18.27 4.88 0.782134 0.782134 0.666389
  306 18.33 6.4 1.01995 1.01995 0.87133
  307 18.39 5.68 0.89601 0.89601 0.76959
  308 18.45 5.96 0.931546 0.931546 0.802717
  309 18.51 5.84 0.906818 0.906818 0.784905
  310 18.57 5.8 0.88943 0.88943 0.774969
  311 18.63 5.36 0.815406 0.815406 0.712677
  312 18.69 5.72 0.86313 0.86313 0.758303
  313 18.75 5.44 0.816306 0.816306 0.719427
  314 18.81 5.68 0.839733 0.839733 0.747432
  315 18.87 5.48 0.802099 0.802099 0.718797
  316 18.93 5.44 0.788002 0.788002 0.710829
  317 18.99 5.56 0.799466 0.799466 0.723838
  318 19.05 5.6 0.795819 0.795819 0.728049
  319 19.11 5.6 0.786415 0.786415 0.724376
  320 19.17 5.08 0.706117 0.706117 0.655574
  321 19.23 5.4 0.745583 0.745583 0.695091
  322 19.29 4.76 0.648033 0.648033 0.610179
  323 19.35 5.08 0.684889 0.684889 0.650003
  324 19.41 4.8 0.640194 0.640194 0.613238
  325 19.47 4.4 0.579754 0.579754 0.559863
  326 19.53 4.32 0.561872 0.561872 0.548653
  327 19.59 5.12 0.659451 0.659451 0.650125
  328 19.65 5.24 0.669575 0.669575 0.662496
  329 19.71 4.6 0.580401 0.580401 0.580274
  330 19.77 4.48 0.557118 0.557118 0.564632
  331 19.83 4.28 0.525301 0.525301 0.538776
  332 19.89 4.68 0.56854 0.56854 0.587934
  333 19.95 3.92 0.470066 0.470066 0.492833
  334 20.01 3.96 0.470338 0.470338 0.497848
  335 20.07 4.56 0.533231 0.533231 0.572864
  336 20.13 3.44 0.397017 0.397017 0.430111
  337 20.19 3.96 0.454092 0.454092 0.495215
  338 20.25 3.88 0.437432 0.437432 0.484449
  339 20.31 3.2 0.356521 0.356521 0.39864
  340 20.37 3.2 0.352138 0.352138 0.39929
  341 20.43 2.84 0.307978 0.307978 0.354398
  342 20.49 3.2 0.344044 0.344044 0.399422
  343 20.55 3.24 0.341454 0.341454 0.404004
  344 20.61 2.76 0.288547 0.288547 0.343163
  345 20.67 2.8 0.288546 0.288546 0.348196
  346 20.73 3.52 0.355549 0.355549 0.439735
  347 20.79 2.6 0.260546 0.260546 0.324887
  348 20.85 2.52 0.250364 0.250364 0.314676
  349 20.91 2.28 0.22209 0.22209 0.285059
  350 20.97 2.04 0.195415 0.195415 0.25471
  351 21.03 2.16 0.203327 0.203327 0.270711
  352 21.09 1.8 0.168539 0.168539 0.224762
  353 21.15 1.92 0.178188 0.178188 0.24002
  354 21.21 2.04 0.185657 0.185657 0.254268
  355 21.27 1.64 0.147343 0.147343 0.20509
  356 21.33 2.04 0.179628 0.179628 0.255766
  357 21.39 1.52 0.132838 0.132838 0.190512
  358 21.45 1.52 0.130696 0.130696 0.19074
  359 21.51 1.48 0.12614 0.12614 0.186201
  360 21.57 1.44 0.121139 0.121139 0.181612
  361 21.63 1.28 0.105228 0.105228 0.162023
  362 21.69 1.2 0.0972642 0.0972642 0.151638
  363 21.75 1.24 0.100053 0.100053 0.156267
  364 21.81 1.16 0.0926324 0.0926324 0.14669
  365 21.87 1.32 0.104267 0.104267 0.167898
  366 21.93 1.32 0.10225 0.10225 0.168253
  367 21.99 1.04 0.079013 0.079013 0.13223
  368 22.05 0.96 0.0716724 0.0716724 0.123405
  369 22.11 0.76 0.0564728 0.0564728 0.0972834
  370 22.17 0.92 0.0672898 0.0672898 0.117924
  371 22.23 0.76 0.0548838 0.0548838 0.0978408
  372 22.29 0.72 0.0516505 0.0516505 0.0926733
  373 22.35 0.8 0.0565548 0.0565548 0.102951
  374 22.41 0.72 0.0502902 0.0502902 0.0933556
  375 22.47 0.92 0.063675 0.063675 0.119641
  376 22.53 0.56 0.0380963 0.0380963 0.0729857
  377 22.59 0.52 0.0349865 0.0349865 0.0674993
  378 22.65 0.56 0.0376421 0.0376421 0.0729714
  379 22.71 0.72 0.0477355 0.0477355 0.0938836
  380 22.77 0.84 0.0547372 0.0547372 0.110659
  381 22.83 0.76 0.0494616 0.0494616 0.0988472
  382 22.89 0.68 0.0436591 0.0436591 0.089526
  383 22.95 0.4 0.0258561 0.0258561 0.0525953
  384 23.01 0.84 0.0535111 0.0535111 0.110467
  385 23.07 0.4 0.0251159 0.0251159 0.0528847
  386 23.13 0.48 0.0302766 0.0302766 0.0632222
  387 23.19 0.36 0.0226558 0.0226558 0.0479029
  388 23.25 0.72 0.0446638 0.0446638 0.0957834
  389 23.31 0.4 0.0247275 0.0247275 0.0530607
  390 23.37 0.56 0.0343453 0.0343453 0.0745747
  391 23.43 0.44 0.0269075 0.0269075 0.058565
  392 23.49 0.6 0.0367237 0.0367237 0.07993
  393 23.55 0.36 0.0218436 0.0218436 0.0480196
  394 23.61 0.48 0.0297426 0.0297426 0.0635581
  395 23.67 0.48 0.0294546 0.0294546 0.0632886
  396 23.73 0.24 0.0148764 0.0148764 0.0318413
200000 396 52000
  1 0.03 0.692308 0.0420406 0.0420406 0.0924214
  2 0.09 0.461538 0.0281148 0.0281148 0.0617034
  3 0.15 0.576923 0.0348541 0.0348541 0.0767146
  4 0.21 0.5 0.0308482 0.0308482 0.0663515
  5 0.27 0.346154 0.021253 0.021253 0.0462464
  6 0.33 0.538462 0.0335365 0.0335365 0.0714154
  7 0.39 0.384615 0.0239535 0.0239535 0.0511077
  8 0.45 0.461538 0.0281813 0.0281813 0.0611515
  9 0.51 0.5 0.030777 0.030777 0.0663047
  10 0.57 0.769231 0.0489133 0.0489133 0.101288
  11 0.63 0.538462 0.034262 0.034262 0.0710837
  12 0.69 0.538462 0.034411 0.034411 0.071187
  13 0.75 0.653846 0.0415547 0.0415547 0.0863714
  14 0.81 0.730769 0.0474027 0.0474027 0.0956272
  15 0.87 0.5 0.0323427 0.0323427 0.0654276
  16 0.93 0.769231 0.0508789 0.0508789 0.100246
  17 0.99 0.615385 0.0409236 0.0409236 0.0798094
  18 1.05 0.807692 0.0547142 0.0547142 0.104468
  19 1.11 0.461538 0.0315989 0.0315989 0.0601605
  20 1.17 0.653846 0.0447765 0.0447765 0.084602
  21 1.23 0.807692 0.0557581 0.0557581 0.104414
  22 1.29 0.807692 0.0563829 0.0563829 0.104522
  23 1.35 0.653846 0.0460108 0.0460108 0.0847167
  24 1.41 0.730769 0.0527974 0.0527974 0.093037
  25 1.47 0.730769 0.053084 0.053084 0.0938742
  26 1.53 0.807692 0.0586118 0.0586118 0.10341
  27 1.59 0.961538 0.071452 0.071452 0.122582
  28 1.65 1 0.0750285 0.0750285 0.127697
  29 1.71 0.807692 0.0603055 0.0603055 0.102994
  30 1.77 0.846154 0.0643635 0.0643635 0.106748
  31 1.83 1.07692 0.0841332 0.0841332 0.136221
  32 1.89 0.961538 0.0756906 0.0756906 0.12201
  33 1.95 1.30769 0.103645 0.103645 0.165809
  34 2.01 1.26923 0.102858 0.102858 0.159691
  35 2.07 1.26923 0.103981 0.103981 0.160586
  36 2.13 1.65385 0.137213 0.137213 0.207991
  37 2.19 1.69231 0.142704 0.142704 0.212742
  38 2.25 1.88462 0.161178 0.161178 0.236793
  39 2.31 1.38462 0.119277 0.119277 0.17357
  40 2.37 1.38462 0.121477 0.121477 0.173592
  41 2.43 2.19231 0.19419 0.19419 0.274499
  42 2.49 1.80769 0.164264 0.164264 0.2252
  43 2.55 1.42308 0.130144 0.130144 0.176719
  44 2.61 2.11538 0.19591 0.19591 0.262888
  45 2.67 1.96154 0.183085 0.183085 0.244188
  46 2.73 2.61538 0.248532 0.248532 0.327038
  47 2.79 2.65385 0.25667 0.25667 0.330304
  48 2.85 2.07692 0.203521 0.203521 0.258106
  49 2.91 2.46154 0.244652 0.244652 0.306007
  50 2.97 2.73077 0.274734 0.274734 0.338917
  51 3.03 2.57692 0.263597 0.263597 0.319449
  52 3.09 3.11538 0.322728 0.322728 0.387151
  53 3.15 2.65385 0.27577 0.27577 0.329627
  54 3.21 3.92308 0.414514 0.414514 0.4882
  55 3.27 3.46154 0.37365 0.37365 0.430236
  56 3.33 2.53846 0.275827 0.275827 0.315413
  57 3.39 3.46154 0.381073 0.381073 0.430984
  58 3.45 3.80769 0.425193 0.425193 0.474312
  59 3.51 3.42308 0.387504 0.387504 0.42621
  60 3.57 3.88462 0.446606 0.446606 0.484709
  61 3.63 3.65385 0.42342 0.42342 0.455975
  62 3.69 4.15385 0.485973 0.485973 0.518654
  63 3.75 4.34615 0.517403 0.517403 0.543509
  64 3.81 4.19231 0.502779 0.502779 0.524908
  65 3.87 4.46154 0.544217 0.544217 0.55901
  66 3.93 4.03846 0.49861 0.49861 0.507451
  67 3.99 4.53846 0.56409 0.56409 0.569766
  68 4.05 4 0.504122 0.504122 0.503962
  69 4.11 4.73077 0.603732 0.603732 0.596918
  70 4.17 4.34615 0.562553 0.562553 0.549555
  71 4.23 5.5 0.718952 0.718952 0.696648
  72 4.29 5.61538 0.740342 0.740342 0.713397
  73 4.35 5.11538 0.682928 0.682928 0.651229
  74 4.41 4.73077 0.636709 0.636709 0.60362
  75 4.47 4.30769 0.588454 0.588454 0.550045
  76 4.53 5.61538 0.773692 0.773692 0.719805
  77 4.59 5.15385 0.718322 0.718322 0.663788
  78 4.65 5.46154 0.76904 0.76904 0.70672
  79 4.71 5.38462 0.766799 0.766799 0.696501
  80 4.77 5.26923 0.757214 0.757214 0.68288
  81 4.83 6.19231 0.896961 0.896961 0.805537
  82 4.89 4.88462 0.717568 0.717568 0.638489
  83 4.95 5.5 0.814079 0.814079 0.721021
  84 5.01 5.5 0.821503 0.821503 0.724702
  85 5.07 5.57692 0.839431 0.839431 0.737475
  86 5.13 6.42308 0.98035 0.98035 0.853867
  87 5.19 4.88462 0.749792 0.749792 0.652161
  88 5.25 6.15385 0.953147 0.953147 0.822915
  89 5.31 4.69231 0.734389 0.734389 0.632502
  90 5.37 6.34615 1.00073 1.00073 0.859213
  91 5.43 5.92308 0.940748 0.940748 0.805417
  92 5.49 5.38462 0.864564 0.864564 0.735766
  93 5.55 7.26923 1.17521 1.17521 0.998848
  94 5.61 7.03846 1.1498 1.1498 0.972103
  95 5.67 6.11538 1.00723 1.00723 0.849827
  96 5.73 6.07692 1.00867 1.00867 0.847902
  97 5.79 5.69231 0.951759 0.951759 0.800951
  98 5.85 6.69231 1.12544 1.12544 0.945245
  99 5.91 5.19231 0.879548 0.879548 0.738879
  100 5.97 6.03846 1.03056 1.03056 0.864403
  101 6.03 6.11538 1.05404 1.05404 0.880135
  102 6.09 6.61538 1.14602 1.14602 0.957457
  103 6.15 6.23077 1.08636 1.08636 0.908761
  104 6.21 6.57692 1.15748 1.15748 0.965345
  105 6.27 6.88462 1.21874 1.21874 1.01597
  106 6.33 6.5 1.15588 1.15588 0.968784
  107 6.39 5.69231 1.0231 1.0231 0.852996
  108 6.45 6.57692 1.18578 1.18578 0.991492
  109 6.51 5.96154 1.08002 1.08002 0.904678
  110 6.57 6.53846 1.19387 1.19387 0.999305
  111 6.63 6.76923 1.24508 1.24508 1.04251
  112 6.69 6.15385 1.13702 1.13702 0.951107
  113 6.75 6.61538 1.22878 1.22878 1.03269
  114 6.81 6.96154 1.29996 1.29996 1.09476
  115 6.87 7.19231 1.35001 1.35001 1.13717
  116 6.93 6.80769 1.28667 1.28667 1.08325
  117 6.99 7.11538 1.35043 1.35043 1.14151
  118 7.05 5.96154 1.13642 1.13642 0.95992
  119 7.11 6.65385 1.27538 1.27538 1.08165
  120 7.17 6.26923 1.20807 1.20807 1.02659
  121 7.23 6.53846 1.26501 1.26501 1.07641
  122 7.29 7.07692 1.37514 1.37514 1.17327
  123 7.35 7 1.36825 1.36825 1.16862
  124 7.41 6.46154 1.26767 1.26767 1.08309
  125 7.47 7.26923 1.43197 1.43197 1.22548
  126 7.53 6.53846 1.29478 1.29478 1.11107
  127 7.59 7.07692 1.4067 1.4067 1.21027
  128 7.65 6.46154 1.28946 1.28946 1.11083
  129 7.71 7 1.40189 1.40189 1.2095
  130 7.77 7.84615 1.57784 1.57784 1.3671
  131 7.83 7.03846 1.42014 1.42014 1.23066
  132 7.89 7 1.4173 1.4173 1.22976
  133 7.95 6.73077 1.36858 1.36858 1.18977
  134 8.01 8 1.63043 1.63043 1.42082
  135 8.07 6.03846 1.23518 1.23518 1.08112
  136 8.13 6.42308 1.31814 1.31814 1.15376
  137 8.19 7.73077 1.59263 1.59263 1.39583
  138 8.25 6.57692 1.35914 1.35914 1.19426
  139 8.31 7.42308 1.53893 1.53893 1.35382
  140 8.37 7.69231 1.59857 1.59857 1.40714
  141 8.43 6.61538 1.37878 1.37878 1.21676
  142 8.49 6.80769 1.42202 1.42202 1.25728
  143 8.55 7.69231 1.6113 1.6113 1.42623
  144 8.61 7 1.47219 1.47219 1.30352
  145 8.67 7.38462 1.55693 1.55693 1.38084
  146 8.73 7.30769 1.54325 1.54325 1.37061
  147 8.79 6.57692 1.39294 1.39294 1.24012
  148 8.85 7.07692 1.50202 1.50202 1.33863
  149 8.91 6.92308 1.47227 1.47227 1.3128
  150 8.97 7.61538 1.62342 1.62342 1.45185
  151 9.03 7.73077 1.65005 1.65005 1.47552
  152 9.09 7.53846 1.61422 1.61422 1.44515
  153 9.15 7.92308 1.70033 1.70033 1.52576
  154 9.21 6.5 1.39802 1.39802 1.25458
  155 9.27 6.57692 1.41668 1.41668 1.27316
  156 9.33 7 1.51092 1.51092 1.36042
  157 9.39 7.30769 1.58171 1.58171 1.42325
  158 9.45 6.61538 1.43265 1.43265 1.29072
  159 9.51 7.96154 1.72729 1.72729 1.55884
  160 9.57 7.30769 1.58835 1.58835 1.43531
  161 9.63 8.19231 1.78391 1.78391 1.61136
  162 9.69 7.30769 1.5944 1.5944 1.44135
  163 9.75 7.34615 1.60536 1.60536 1.45157
  164 9.81 7.53846 1.64877 1.64877 1.49228
  165 9.87 7.61538 1.66802 1.66802 1.51158
  166 9.93 7.46154 1.63715 1.63715 1.48417
  167 9.99 7.5 1.6473 1.6473 1.4937
  168 10.05 6.88462 1.51394 1.51394 1.37366
  169 10.11 6.84615 1.50876 1.50876 1.36978
  170 10.17 7.30769 1.61154 1.61154 1.46398
  171 10.23 7.53846 1.66361 1.66361 1.51232
  172 10.29 8.15385 1.80197 1.80197 1.63856
  173 10.35 7.30769 1.61814 1.61814 1.47172
  174 10.41 8.11538 1.79742 1.79742 1.63563
  175 10.47 6.80769 1.51023 1.51023 1.37444
  176 10.53 8.15385 1.80913 1.80913 1.64708
  177 10.59 7.69231 1.7093 1.7093 1.55732
  178 10.65 6.57692 1.46318 1.46318 1.3321
  179 10.71 7.61538 1.69462 1.69462 1.54385
  180 10.77 8.11538 1.80748 1.80748 1.64752
  181 10.83 7.61538 1.69569 1.69569 1.5491
  182 10.89 7.73077 1.72435 1.72435 1.57308
  183 10.95 7.5 1.67395 1.67395 1.52836
  184 11.01 7.38462 1.64951 1.64951 1.50679
  185 11.07 7.80769 1.74464 1.74464 1.59259
  186 11.13 7.07692 1.58136 1.58136 1.44531
  187 11.19 7.53846 1.68628 1.68628 1.54121
  188 11.25 8.30769 1.85895 1.85895 1.69932
  189 11.31 7.03846 1.57633 1.57633 1.43962
  190 11.37 7.76923 1.74171 1.74171 1.58986
  191 11.43 7.07692 1.58439 1.58439 1.4485
  192 11.49 7.76923 1.74166 1.74166 1.59187
  193 11.55 7.65385 1.71585 1.71585 1.57001
  194 11.61 7.19231 1.61277 1.61277 1.47355
  195 11.67 8.19231 1.83784 1.83784 1.68031
  196 11.73 7.84615 1.7591 1.7591 1.6069
  197 11.79 7.38462 1.65661 1.65661 1.51575
  198 11.85 7.46154 1.67257 1.67257 1.52948
  199 11.91 6.69231 1.50216 1.50216 1.37171
  200 11.97 8.15385 1.82873 1.82873 1.67157
  201 12.03 7.30769 1.6408 1.6408 1.4998
  202 12.09 8 1.79402 1.79402 1.639
  203 12.15 7.15385 1.6048 1.6048 1.4659
  204 12.21 8.38462 1.88174 1.88174 1.71665
  205 12.27 6.61538 1.48289 1.48289 1.35438
  206 12.33 7.65385 1.71522 1.71522 1.56581
  207 12.39 7.30769 1.63762 1.63762 1.49579
  208 12.45 7.61538 1.70599 1.70599 1.55709
  209 12.51 8.80769 1.97191 1.97191 1.79903
  210 12.57 6.61538 1.48079 1.48079 1.35108
  211 12.63 7.11538 1.59285 1.59285 1.45232
  212 12.69 7.15385 1.60045 1.60045 1.45785
  213 12.75 7.30769 1.63438 1.63438 1.48867
  214 12.81 7.38462 1.65022 1.65022 1.50323
  215 12.87 7.88462 1.76014 1.76014 1.60376
  216 12.93 7.92308 1.76595 1.76595 1.61182
  217 12.99 7.07692 1.57809 1.57809 1.43755
  218 13.05 7.42308 1.65481 1.65481 1.50459
  219 13.11 7.80769 1.73805 1.73805 1.58002
  220 13.17 7.57692 1.68425 1.68425 1.53262
  221 13.23 7.96154 1.76889 1.76889 1.60943
  222 13.29 7.80769 1.73413 1.73413 1.57605
  223 13.35 8.26923 1.83477 1.83477 1.66666
  224 13.41 7.03846 1.56099 1.56099 1.41653
  225 13.47 7.23077 1.60091 1.60091 1.45301
  226 13.53 7.53846 1.6668 1.6668 1.51377
  227 13.59 6.88462 1.52102 1.52102 1.37893
  228 13.65 7.23077 1.59539 1.59539 1.44607
  229 13.71 8.07692 1.78073 1.78073 1.61375
  230 13.77 7.15385 1.57449 1.57449 1.42561
  231 13.83 7.30769 1.6078 1.6078 1.45453
  232 13.89 6.92308 1.51998 1.51998 1.37454
  233 13.95 7.92308 1.73691 1.73691 1.5715
  234 14.01 7 1.53093 1.53093 1.384
  235 14.07 8.26923 1.80643 1.80643 1.62933
  236 14.13 7.30769 1.5945 1.5945 1.436
  237 14.19 7.5 1.6344 1.6344 1.47167
  238 14.25 7.26923 1.57982 1.57982 1.42108
  239 14.31 7.61538 1.65292 1.65292 1.48605
  240 14.37 6.76923 1.46786 1.46786 1.31713
  241 14.43 8 1.73166 1.73166 1.5524
  242 14.49 7.26923 1.5683 1.5683 1.4065
  243 14.55 7.30769 1.5754 1.5754 1.41067
  244 14.61 6.30769 1.35727 1.35727 1.21325
  245 14.67 7.03846 1.51182 1.51182 1.3505
  246 14.73 7.19231 1.54034 1.54034 1.37474
  247 14.79 7.84615 1.67807 1.67807 1.49598
  248 14.85 6.69231 1.42772 1.42772 1.27133
  249 14.91 7.38462 1.56947 1.56947 1.39646
  250 14.97 7.38462 1.56663 1.56663 1.39095
  251 15.03 7.38462 1.56305 1.56305 1.38496
  252 15.09 8.42308 1.77849 1.77849 1.57332
  253 15.15 6.76923 1.42563 1.42563 1.2605
  254 15.21 7.88462 1.65577 1.65577 1.46107
  255 15.27 7.19231 1.50582 1.50582 1.32655
  256 15.33 6.96154 1.45407 1.45407 1.27975
  257 15.39 7.30769 1.52083 1.52083 1.33532
  258 15.45 7.57692 1.57486 1.57486 1.3799
  259 15.51 6.03846 1.25061 1.25061 1.09373
  260 15.57 6.80769 1.4067 1.4067 1.22905
  261 15.63 7.19231 1.48009 1.48009 1.29076
  262 15.69 6.69231 1.37289 1.37289 1.19503
  263 15.75 7.11538 1.45577 1.45577 1.26341
  264 15.81 6.19231 1.26156 1.26156 1.09387
  265 15.87 7.19231 1.45998 1.45998 1.26346
  266 15.93 7.34615 1.48546 1.48546 1.28145
  267 15.99 7.46154 1.50274 1.50274 1.29524
  268 16.05 7.5 1.50538 1.50538 1.29572
  269 16.11 7.57692 1.51445 1.51445 1.29933
  270 16.17 7.80769 1.55521 1.55521 1.33025
  271 16.23 6.23077 1.23562 1.23562 1.05822
  272 16.29 6.19231 1.22391 1.22391 1.04323
  273 16.35 6.38462 1.25385 1.25385 1.06679
  274 16.41 6.57692 1.28878 1.28878 1.09339
  275 16.47 6.57692 1.28183 1.28183 1.08648
  276 16.53 6.34615 1.23136 1.23136 1.04087
  277 16.59 6.69231 1.29323 1.29323 1.09149
  278 16.65 7.03846 1.35196 1.35196 1.14058
  279 16.71 6.73077 1.28646 1.28646 1.08157
  280 16.77 7.15385 1.35919 1.35919 1.14281
  281 16.83 7 1.3247 1.3247 1.1097
  282 16.89 6.92308 1.30271 1.30271 1.09334
  283 16.95 6.46154 1.21128 1.21128 1.01217
  284 17.01 6.53846 1.21766 1.21766 1.01823
  285 17.07 6.26923 1.16162 1.16162 0.970037
  286 17.13 6.11538 1.12609 1.12609 0.93813
  287 17.19 6.92308 1.26458 1.26458 1.0562
  288 17.25 5.65385 1.02836 1.02836 0.856266
  289 17.31 7.19231 1.29926 1.29926 1.08254
  290 17.37 7.30769 1.31178 1.31178 1.09147
  291 17.43 6.80769 1.21337 1.21337 1.00997
  292 17.49 6.34615 1.12231 1.12231 0.934963
  293 17.55 5.73077 1.00877 1.00877 0.838166
  294 17.61 5.38462 0.940212 0.940212 0.782229
  295 17.67 6.65385 1.15682 1.15682 0.963588
  296 17.73 6.92308 1.19451 1.19451 0.995873
  297 17.79 6.46154 1.10551 1.10551 0.925708
  298 17.85 6.42308 1.09116 1.09116 0.913177
  299 17.91 6.80769 1.14489 1.14489 0.960221
  300 17.97 6.23077 1.04176 1.04176 0.874842
  301 18.03 6.15385 1.02196 1.02196 0.859323
  302 18.09 5.61538 0.923289 0.923289 0.781389
  303 18.15 5.76923 0.94301 0.94301 0.797526
  304 18.21 6.19231 1.0044 1.0044 0.851919
  305 18.27 4.73077 0.758247 0.758247 0.645921
  306 18.33 6.42308 1.02377 1.02377 0.873798
  307 18.39 5.65385 0.892012 0.892012 0.765581
  308 18.45 6.11538 0.956018 0.956018 0.822807
  309 18.51 5.96154 0.925761 0.925761 0.80044
  310 18.57 5.76923 0.884784 0.884784 0.77048
  311 18.63 5.42308 0.825162 0.825162 0.720646
  312 18.69 5.73077 0.864788 0.864788 0.759347
  313 18.75 5.57692 0.836784 0.836784 0.736937
  314 18.81 5.65385 0.835896 0.835896 0.743655
  315 18.87 5.57692 0.816504 0.816504 0.731016
  316 18.93 5.34615 0.774495 0.774495 0.698392
  317 18.99 5.5 0.79088 0.79088 0.715811
  318 19.05 5.5 0.781646 0.781646 0.71487
  319 19.11 5.57692 0.783324 0.783324 0.72118
  320 19.17 5.03846 0.700426 0.700426 0.650042
  321 19.23 5.23077 0.722245 0.722245 0.67327
  322 19.29 4.73077 0.644131 0.644131 0.606301
  323 19.35 5.15385 0.694853 0.694853 0.65921
  324 19.41 4.92308 0.656692 0.656692 0.628683
  325 19.47 4.46154 0.588038 0.588038 0.567555
  326 19.53 4.30769 0.560386 0.560386 0.546998
  327 19.59 5.07692 0.653974 0.653974 0.644549
  328 19.65 5.38462 0.688089 0.688089 0.680697
  329 19.71 4.5 0.567799 0.567799 0.56765
  330 19.77 4.38462 0.545314 0.545314 0.552602
  331 19.83 4.30769 0.528855 0.528855 0.542266
  332 19.89 4.57692 0.556071 0.556071 0.57501
  333 19.95 3.96154 0.475155 0.475155 0.498112
  334 20.01 3.96154 0.470565 0.470565 0.498095
  335 20.07 4.5 0.526331 0.526331 0.565377
  336 20.13 3.42308 0.395107 0.395107 0.428106
  337 20.19 3.96154 0.454288 0.454288 0.495543
  338 20.25 3.88462 0.438028 0.438028 0.4852
  339 20.31 3.26923 0.364318 0.364318 0.407561
  340 20.37 3.38462 0.372568 0.372568 0.42276
  341 20.43 2.76923 0.300322 0.300322 0.345621
  342 20.49 3.26923 0.351447 0.351447 0.40833
  343 20.55 3.30769 0.348708 0.348708 0.412744
  344 20.61 2.80769 0.293597 0.293597 0.349398
  345 20.67 2.69231 0.277448 0.277448 0.334804
  346 20.73 3.42308 0.345811 0.345811 0.427686
  347 20.79 2.65385 0.26603 0.26603 0.331854
  348 20.85 2.57692 0.255958 0.255958 0.322058
  349 20.91 2.23077 0.217337 0.217337 0.278968
  350 20.97 2.07692 0.19903 0.19903 0.25955
  351 21.03 2.15385 0.202876 0.202876 0.270059
  352 21.09 1.80769 0.169251 0.169251 0.225896
  353 21.15 1.88462 0.174878 0.174878 0.235684
  354 21.21 2 0.182026 0.182026 0.249389
  355 21.27 1.61538 0.145144 0.145144 0.202109
  356 21.33 2.15385 0.189804 0.189804 0.270515
  357 21.39 1.5 0.131095 0.131095 0.188109
  358 21.45 1.5 0.129013 0.129013 0.18833
  359 21.51 1.5 0.127864 0.127864 0.188905
  360 21.57 1.42308 0.119714 0.119714 0.179567
  361 21.63 1.26923 0.104361 0.104361 0.160742
  362 21.69 1.19231 0.0966899 0.0966899 0.15076
  363 21.75 1.26923 0.10242 0.10242 0.160194
  364 21.81 1.11538 0.0890696 0.0890696 0.141048
  365 21.87 1.26923 0.100257 0.100257 0.161441
  366 21.93 1.30769 0.10132 0.10132 0.166779
  367 21.99 1 0.075974 0.075974 0.127144
  368 22.05 0.961538 0.0718354 0.0718354 0.123675
  369 22.11 0.769231 0.0571928 0.0571928 0.0985583
  370 22.17 0.923077 0.0675486 0.0675486 0.118411
  371 22.23 0.730769 0.0527729 0.0527729 0.0940777
  372 22.29 0.692308 0.0496639 0.0496639 0.089109
  373 22.35 0.807692 0.0571286 0.0571286 0.104029
  374 22.41 0.692308 0.048356 0.048356 0.089765
  375 22.47 0.923077 0.0639106 0.0639106 0.120102
  376 22.53 0.576923 0.0392698 0.0392698 0.0752518
  377 22.59 0.538462 0.0362772 0.0362772 0.069977
  378 22.65 0.538462 0.0361943 0.0361943 0.0701648
  379 22.71 0.730769 0.048472 0.048472 0.0953642
  380 22.77 0.846154 0.0551818 0.0551818 0.111497
  381 22.83 0.769231 0.0500947 0.0500947 0.100141
  382 22.89 0.653846 0.0419799 0.0419799 0.0860827
  383 22.95 0.384615 0.0248616 0.0248616 0.0505724
  384 23.01 0.807692 0.0514529 0.0514529 0.106218
  385 23.07 0.384615 0.0241499 0.0241499 0.0508507
  386 23.13 0.461538 0.0291121 0.0291121 0.0607906
  387 23.19 0.346154 0.0217844 0.0217844 0.0460605
  388 23.25 0.730769 0.0453654 0.0453654 0.0972356
  389 23.31 0.423077 0.0261836 0.0261836 0.0561684
  390 23.37 0.538462 0.0330244 0.0330244 0.0717065
  391 23.43 0.461538 0.0282621 0.0282621 0.061475
  392 23.49 0.653846 0.0400758 0.0400758 0.0871816
  393 23.55 0.384615 0.0233797 0.0233797 0.0513332
  394 23.61 0.5 0.03097 0.03097 0.0662696
  395 23.67 0.5 0.0306926 0.0306926 0.0660091
  396 23.73 0.230769 0.0143042 0.0143042 0.0306166
