# Time-averaged data for fix f1
# TimeStep Number-of-rows
# Row c_pIKlr[1] c_pIKlr[2] c_pIKlr[3] c_pIKlr[4] c_pIKlr[5] c_pIKlr[6] c_pIKlr[7] c_pIKlr[8]
0 395
1 0.0300494 0 0 0 0 -0.00363426 -0.00363426 -0.0107951
2 0.0901482 0 0 0 0 -0.00352915 -0.00352915 -0.0107367
3 0.150247 0 0 0 0 -0.00351402 -0.00351402 -0.0107406
4 0.210346 0 0 0 0 -0.00352374 -0.00352374 -0.0107573
5 0.270445 0 0 0 0 -0.00357128 -0.00357128 -0.0108037
6 0.330543 0 0 0 0 -0.00352129 -0.00352129 -0.0107568
7 0.390642 0 0 0 0 -0.00353819 -0.00353819 -0.0107663
8 0.450741 0 0 0 0 -0.00355608 -0.00355608 -0.0107797
9 0.51084 0 0 0 0 -0.0037576 -0.0037576 -0.0109491
10 0.570939 0 0 0 0 -0.00366273 -0.00366273 -0.0108919
11 0.631037 0 0 0 0 -0.00370561 -0.00370561 -0.0109171
12 0.691136 0 0 0 0 -0.00380926 -0.00380926 -0.0110246
13 0.751235 0 0 0 0 -0.0037622 -0.0037622 -0.0110049
14 0.811334 0 0 0 0 -0.00386225 -0.00386225 -0.0111138
15 0.871433 0 0 0 0 -0.00380401 -0.00380401 -0.0110795
16 0.931531 0 0 0 0 -0.00384528 -0.00384528 -0.0110987
17 0.99163 0 0 0 0 -0.00402783 -0.00402783 -0.0112423
18 1.05173 0 0 0 0 -0.00412228 -0.00412228 -0.0113551
19 1.11183 0 0 0 0 -0.00409882 -0.00409882 -0.0113682
20 1.17193 0 0 0 0 -0.00410731 -0.00410731 -0.0113715
21 1.23203 0 0 0 0 -0.00414453 -0.00414453 -0.0113943
22 1.29212 0 0 0 0 -0.0043252 -0.0043252 -0.0115498
23 1.35222 0 0 0 0 -0.00431745 -0.00431745 -0.011547
24 1.41232 0 0 0 0 -0.00433177 -0.00433177 -0.0115559
25 1.47242 0 0 0 0 -0.00434978 -0.00434978 -0.0115707
26 1.53252 0 0 0 0 -0.00456827 -0.00456827 -0.0117198
27 1.59262 0 0 0 0 -0.00487736 -0.00487736 -0.0118828
28 1.65272 0 0 0 0 -0.00531846 -0.00531846 -0.0121628
29 1.71282 0 0 0 0 -0.00557929 -0.00557929 -0.0123654
30 1.77291 0 0 0 0 -0.00581716 -0.00581716 -0.0125463
31 1.83301 0 0 0 0 -0.00608912 -0.00608912 -0.0127598
32 1.89311 0 0 0 0 -0.0062001 -0.0062001 -0.0128572
33 1.95321 0 0 0 0 -0.00651308 -0.00651308 -0.0130601
34 2.01331 0 0 0 0 -0.00656142 -0.00656142 -0.0131035
35 2.07341 0 0 0 0 -0.00686724 -0.00686724 -0.0132936
36 2.13351 0 0 0 0 -0.00689305 -0.00689305 -0.0133175
37 2.19361 0 0 0 0 -0.0073722 -0.0073722 -0.0135395
38 2.25371 0 0 0 0 -0.0082938 -0.0082938 -0.013958
39 2.3138 0 0 0 0 -0.00901556 -0.00901556 -0.0143041
40 2.3739 0 0 0 0 -0.0101206 -0.0101206 -0.0147975
41 2.434 0 0 0 0 -0.0121451 -0.0121451 -0.0157613
42 2.4941 0 0 0 0 -0.0122211 -0.0122211 -0.0160389
43 2.5542 0 0 0 0 -0.0136497 -0.0136497 -0.0167451
44 2.6143 0 0 0 0 -0.0145312 -0.0145312 -0.017312
45 2.6744 0 0 0 0 -0.0151462 -0.0151462 -0.017728
46 2.7345 0 0 0 0 -0.0163215 -0.0163215 -0.0182884
47 2.79459 0 0 0 0 -0.0177066 -0.0177066 -0.0189207
48 2.85469 0 0 0 0 -0.0205415 -0.0205415 -0.0201119
49 2.91479 0 0 0 0 -0.0219784 -0.0219784 -0.0210969
50 2.97489 0 0 0 0 -0.0230827 -0.0230827 -0.0219118
51 3.03499 0 0 0 0 -0.0251805 -0.0251805 -0.0230599
52 3.09509 0 0 0 0 -0.0261379 -0.0261379 -0.023986
53 3.15519 0 0 0 0 -0.0264534 -0.0264534 -0.0245317
54 3.21529 0 0 0 0 -0.0276982 -0.0276982 -0.0252154
55 3.27538 0 0 0 0 -0.0285801 -0.0285801 -0.0257525
56 3.33548 0 0 0 0 -0.0314587 -0.0314587 -0.0268772
57 3.39558 0 0 0 0 -0.0330312 -0.0330312 -0.0277599
58 3.45568 0 0 0 0 -0.036379 -0.036379 -0.0291156
59 3.51578 0 0 0 0 -0.0393094 -0.0393094 -0.0305674
60 3.57588 0 0 0 0 -0.0419233 -0.0419233 -0.0320312
61 3.63598 0 0 0 0 -0.0440715 -0.0440715 -0.0333923
62 3.69608 0 0 0 0 -0.0465309 -0.0465309 -0.0347942
63 3.75618 0 0 0 0 -0.0484243 -0.0484243 -0.0360251
64 3.81627 0 0 0 0 -0.0530107 -0.0530107 -0.0379691
65 3.87637 0 0 0 0 -0.0561219 -0.0561219 -0.0399095
66 3.93647 0 0 0 0 -0.0568731 -0.0568731 -0.0413168
67 3.99657 0 0 0 0 -0.0608076 -0.0608076 -0.0434479
68 4.05667 0 0 0 0 -0.0606362 -0.0606362 -0.0447433
69 4.11677 0 0 0 0 -0.0626328 -0.0626328 -0.0462079
70 4.17687 0 0 0 0 -0.0635198 -0.0635198 -0.0473237
71 4.23697 0 0 0 0 -0.0689108 -0.0689108 -0.0494778
72 4.29706 0 0 0 0 -0.0696599 -0.0696599 -0.0509693
73 4.35716 0 0 0 0 -0.0722552 -0.0722552 -0.052673
74 4.41726 0 0 0 0 -0.0767289 -0.0767289 -0.0550447
75 4.47736 0 0 0 0 -0.0770222 -0.0770222 -0.0566875
76 4.53746 0 0 0 0 -0.0786631 -0.0786631 -0.0583555
77 4.59756 0 0 0 0 -0.0802784 -0.0802784 -0.0598644
78 4.65766 0 0 0 0 -0.0824264 -0.0824264 -0.0614503
79 4.71776 0 0 0 0 -0.0872871 -0.0872871 -0.0637981
80 4.77786 0 0 0 0 -0.0901304 -0.0901304 -0.0660978
81 4.83795 0 0 0 0 -0.0889399 -0.0889399 -0.0674107
82 4.89805 0 0 0 0 -0.0920833 -0.0920833 -0.0692722
83 4.95815 0 0 0 0 -0.0964243 -0.0964243 -0.071711
84 5.01825 0 0 0 0 -0.0975717 -0.0975717 -0.0737431
85 5.07835 0 0 0 0 -0.0990054 -0.0990054 -0.0758344
86 5.13845 0 0 0 0 -0.0987774 -0.0987774 -0.0774672
87 5.19855 0 0 0 0 -0.0996319 -0.0996319 -0.0790583
88 5.25865 0 0 0 0 -0.102883 -0.102883 -0.0811147
89 5.31874 0 0 0 0 -0.102343 -0.102343 -0.0822831
90 5.37884 0 0 0 0 -0.10406 -0.10406 -0.0836203
91 5.43894 0 0 0 0 -0.108614 -0.108614 -0.0855483
92 5.49904 0 0 0 0 -0.117089 -0.117089 -0.088661
93 5.55914 0 0 0 0 -0.119362 -0.119362 -0.0912599
94 5.61924 0 0 0 0 -0.12097 -0.12097 -0.0941534
95 5.67934 0 0 0 0 -0.116889 -0.116889 -0.0960044
96 5.73944 0 0 0 0 -0.116789 -0.116789 -0.0980245
97 5.79953 0 0 0 0 -0.113968 -0.113968 -0.0987996
98 5.85963 0 0 0 0 -0.113205 -0.113205 -0.0993244
99 5.91973 0 0 0 0 -0.118059 -0.118059 -0.101201
100 5.97983 0 0 0 0 -0.122155 -0.122155 -0.103228
101 6.03993 0 0 0 0 -0.126316 -0.126316 -0.105703
102 6.10003 0 0 0 0 -0.1259 -0.1259 -0.107388
103 6.16013 0 0 0 0 -0.12703 -0.12703 -0.109262
104 6.22023 0 0 0 0 -0.127868 -0.127868 -0.110917
105 6.28033 0 0 0 0 -0.127351 -0.127351 -0.111998
106 6.34042 0 0 0 0 -0.133206 -0.133206 -0.114668
107 6.40052 0 0 0 0 -0.134065 -0.134065 -0.116595
108 6.46062 0 0 0 0 -0.132509 -0.132509 -0.117972
109 6.52072 0 0 0 0 -0.130648 -0.130648 -0.118895
110 6.58082 0 0 0 0 -0.133097 -0.133097 -0.12046
111 6.64092 0 0 0 0 -0.133852 -0.133852 -0.121361
112 6.70102 0 0 0 0 -0.137516 -0.137516 -0.122806
113 6.76112 0 0 0 0 -0.143569 -0.143569 -0.12502
114 6.82121 0 0 0 0 -0.149599 -0.149599 -0.127712
115 6.88131 0 0 0 0 -0.148695 -0.148695 -0.12952
116 6.94141 0 0 0 0 -0.147263 -0.147263 -0.131094
117 7.00151 0 0 0 0 -0.144555 -0.144555 -0.131804
118 7.06161 0 0 0 0 -0.144147 -0.144147 -0.132401
119 7.12171 0 0 0 0 -0.149719 -0.149719 -0.134217
120 7.18181 0 0 0 0 -0.156204 -0.156204 -0.136401
121 7.24191 0 0 0 0 -0.159448 -0.159448 -0.138305
122 7.302 0 0 0 0 -0.160446 -0.160446 -0.14025
123 7.3621 0 0 0 0 -0.158345 -0.158345 -0.141657
124 7.4222 0 0 0 0 -0.157537 -0.157537 -0.143102
125 7.4823 0 0 0 0 -0.155326 -0.155326 -0.143827
126 7.5424 0 0 0 0 -0.155733 -0.155733 -0.144886
127 7.6025 0 0 0 0 -0.156065 -0.156065 -0.145725
128 7.6626 0 0 0 0 -0.161218 -0.161218 -0.147713
129 7.7227 0 0 0 0 -0.159408 -0.159408 -0.148094
130 7.7828 0 0 0 0 -0.165596 -0.165596 -0.150369
131 7.84289 0 0 0 0 -0.163648 -0.163648 -0.150809
132 7.90299 0 0 0 0 -0.166474 -0.166474 -0.152366
133 7.96309 0 0 0 0 -0.16849 -0.16849 -0.153694
134 8.02319 0 0 0 0 -0.168316 -0.168316 -0.154506
135 8.08329 0 0 0 0 -0.169486 -0.169486 -0.155427
136 8.14339 0 0 0 0 -0.174308 -0.174308 -0.157102
137 8.20349 0 0 0 0 -0.17662 -0.17662 -0.15826
138 8.26359 0 0 0 0 -0.178485 -0.178485 -0.159531
139 8.32368 0 0 0 0 -0.183712 -0.183712 -0.161914
140 8.38378 0 0 0 0 -0.175924 -0.175924 -0.161644
141 8.44388 0 0 0 0 -0.177004 -0.177004 -0.1631
142 8.50398 0 0 0 0 -0.176395 -0.176395 -0.163973
143 8.56408 0 0 0 0 -0.174653 -0.174653 -0.164313
144 8.62418 0 0 0 0 -0.177894 -0.177894 -0.165802
145 8.68428 0 0 0 0 -0.176735 -0.176735 -0.166284
146 8.74438 0 0 0 0 -0.176215 -0.176215 -0.166817
147 8.80447 0 0 0 0 -0.178786 -0.178786 -0.16787
148 8.86457 0 0 0 0 -0.181863 -0.181863 -0.16885
149 8.92467 0 0 0 0 -0.181927 -0.181927 -0.168927
150 8.98477 0 0 0 0 -0.189832 -0.189832 -0.170713
151 9.04487 0 0 0 0 -0.196482 -0.196482 -0.172335
152 9.10497 0 0 0 0 -0.199247 -0.199247 -0.173647
153 9.16507 0 0 0 0 -0.196819 -0.196819 -0.174333
154 9.22517 0 0 0 0 -0.191988 -0.191988 -0.174607
155 9.28527 0 0 0 0 -0.190913 -0.190913 -0.175548
156 9.34536 0 0 0 0 -0.1894 -0.1894 -0.176123
157 9.40546 0 0 0 0 -0.187694 -0.187694 -0.176283
158 9.46556 0 0 0 0 -0.191128 -0.191128 -0.177437
159 9.52566 0 0 0 0 -0.191608 -0.191608 -0.177764
160 9.58576 0 0 0 0 -0.198097 -0.198097 -0.179723
161 9.64586 0 0 0 0 -0.19329 -0.19329 -0.179258
162 9.70596 0 0 0 0 -0.19445 -0.19445 -0.180085
163 9.76606 0 0 0 0 -0.196913 -0.196913 -0.180991
164 9.82615 0 0 0 0 -0.197471 -0.197471 -0.181317
165 9.88625 0 0 0 0 -0.202207 -0.202207 -0.182623
166 9.94635 0 0 0 0 -0.201549 -0.201549 -0.183073
167 10.0065 0 0 0 0 -0.203868 -0.203868 -0.184469
168 10.0665 0 0 0 0 -0.196571 -0.196571 -0.183673
169 10.1266 0 0 0 0 -0.199769 -0.199769 -0.184976
170 10.1867 0 0 0 0 -0.196166 -0.196166 -0.184469
171 10.2468 0 0 0 0 -0.202819 -0.202819 -0.186448
172 10.3069 0 0 0 0 -0.201273 -0.201273 -0.186738
173 10.367 0 0 0 0 -0.199534 -0.199534 -0.187115
174 10.4271 0 0 0 0 -0.194557 -0.194557 -0.186494
175 10.4872 0 0 0 0 -0.195205 -0.195205 -0.186803
176 10.5473 0 0 0 0 -0.203395 -0.203395 -0.188955
177 10.6074 0 0 0 0 -0.200026 -0.200026 -0.188425
178 10.6675 0 0 0 0 -0.199091 -0.199091 -0.188516
179 10.7276 0 0 0 0 -0.200034 -0.200034 -0.188873
180 10.7877 0 0 0 0 -0.201635 -0.201635 -0.189103
181 10.8478 0 0 0 0 -0.211301 -0.211301 -0.191075
182 10.9079 0 0 0 0 -0.210267 -0.210267 -0.19087
183 10.968 0 0 0 0 -0.206953 -0.206953 -0.190699
184 11.0281 0 0 0 0 -0.206844 -0.206844 -0.191465
185 11.0882 0 0 0 0 -0.204199 -0.204199 -0.191616
186 11.1483 0 0 0 0 -0.200115 -0.200115 -0.191168
187 11.2084 0 0 0 0 -0.19986 -0.19986 -0.191345
188 11.2685 0 0 0 0 -0.203164 -0.203164 -0.192242
189 11.3286 0 0 0 0 -0.201305 -0.201305 -0.191717
190 11.3887 0 0 0 0 -0.206894 -0.206894 -0.192833
191 11.4488 0 0 0 0 -0.207996 -0.207996 -0.192929
192 11.5089 0 0 0 0 -0.211714 -0.211714 -0.193899
193 11.569 0 0 0 0 -0.204824 -0.204824 -0.192854
194 11.6291 0 0 0 0 -0.20249 -0.20249 -0.19291
195 11.6892 0 0 0 0 -0.203454 -0.203454 -0.193629
196 11.7493 0 0 0 0 -0.198997 -0.198997 -0.19263
197 11.8094 0 0 0 0 -0.20312 -0.20312 -0.193377
198 11.8695 0 0 0 0 -0.20617 -0.20617 -0.193575
199 11.9296 0 0 0 0 -0.211427 -0.211427 -0.194558
200 11.9897 0 0 0 0 -0.206666 -0.206666 -0.193794
201 12.0498 0 0 0 0 -0.201743 -0.201743 -0.193133
202 12.1099 0 0 0 0 -0.201177 -0.201177 -0.193294
203 12.17 0 0 0 0 -0.200689 -0.200689 -0.193062
204 12.2301 0 0 0 0 -0.206249 -0.206249 -0.193962
205 12.2902 0 0 0 0 -0.207695 -0.207695 -0.193929
206 12.3503 0 0 0 0 -0.204902 -0.204902 -0.193456
207 12.4104 0 0 0 0 -0.199418 -0.199418 -0.192401
208 12.4705 0 0 0 0 -0.20431 -0.20431 -0.193885
209 12.5306 0 0 0 0 -0.196342 -0.196342 -0.192031
210 12.5907 0 0 0 0 -0.198299 -0.198299 -0.19243
211 12.6508 0 0 0 0 -0.200305 -0.200305 -0.192696
212 12.7109 0 0 0 0 -0.19978 -0.19978 -0.192258
213 12.771 0 0 0 0 -0.200678 -0.200678 -0.192134
214 12.8311 0 0 0 0 -0.200422 -0.200422 -0.191612
215 12.8912 0 0 0 0 -0.205804 -0.205804 -0.192372
216 12.9513 0 0 0 0 -0.202866 -0.202866 -0.191528
217 13.0114 0 0 0 0 -0.200086 -0.200086 -0.1909
218 13.0715 0 0 0 0 -0.197727 -0.197727 -0.190221
219 13.1316 0 0 0 0 -0.201934 -0.201934 -0.19071
220 13.1917 0 0 0 0 -0.205636 -0.205636 -0.190642
221 13.2518 0 0 0 0 -0.209447 -0.209447 -0.190586
222 13.3119 0 0 0 0 -0.207578 -0.207578 -0.189939
223 13.372 0 0 0 0 -0.203929 -0.203929 -0.189623
224 13.4321 0 0 0 0 -0.194176 -0.194176 -0.187842
225 13.4922 0 0 0 0 -0.193224 -0.193224 -0.187843
226 13.5523 0 0 0 0 -0.192646 -0.192646 -0.187623
227 13.6124 0 0 0 0 -0.191099 -0.191099 -0.187003
228 13.6725 0 0 0 0 -0.191329 -0.191329 -0.186712
229 13.7326 0 0 0 0 -0.19452 -0.19452 -0.186945
230 13.7927 0 0 0 0 -0.192923 -0.192923 -0.185781
231 13.8528 0 0 0 0 -0.202495 -0.202495 -0.186658
232 13.9129 0 0 0 0 -0.204726 -0.204726 -0.185514
233 13.973 0 0 0 0 -0.216814 -0.216814 -0.186954
234 14.0331 0 0 0 0 -0.201211 -0.201211 -0.18383
235 14.0932 0 0 0 0 -0.194235 -0.194235 -0.182633
236 14.1533 0 0 0 0 -0.192479 -0.192479 -0.182234
237 14.2134 0 0 0 0 -0.195492 -0.195492 -0.182638
238 14.2735 0 0 0 0 -0.19428 -0.19428 -0.181751
239 14.3336 0 0 0 0 -0.192496 -0.192496 -0.180852
240 14.3937 0 0 0 0 -0.192382 -0.192382 -0.180451
241 14.4538 0 0 0 0 -0.19122 -0.19122 -0.179839
242 14.5139 0 0 0 0 -0.187776 -0.187776 -0.178657
243 14.574 0 0 0 0 -0.190371 -0.190371 -0.178736
244 14.6341 0 0 0 0 -0.189631 -0.189631 -0.177906
245 14.6942 0 0 0 0 -0.18751 -0.18751 -0.176809
246 14.7543 0 0 0 0 -0.18645 -0.18645 -0.176087
247 14.8144 0 0 0 0 -0.188563 -0.188563 -0.175901
248 14.8745 0 0 0 0 -0.186631 -0.186631 -0.174596
249 14.9346 0 0 0 0 -0.19134 -0.19134 -0.174545
250 14.9947 0 0 0 0 -0.195323 -0.195323 -0.173889
251 15.0548 0 0 0 0 -0.199307 -0.199307 -0.17328
252 15.1148 0 0 0 0 -0.196273 -0.196273 -0.171542
253 15.1749 0 0 0 0 -0.192283 -0.192283 -0.169905
254 15.235 0 0 0 0 -0.195376 -0.195376 -0.169829
255 15.2951 0 0 0 0 -0.19075 -0.19075 -0.16824
256 15.3552 0 0 0 0 -0.18482 -0.18482 -0.166622
257 15.4153 0 0 0 0 -0.178722 -0.178722 -0.165146
258 15.4754 0 0 0 0 -0.17533 -0.17533 -0.16424
259 15.5355 0 0 0 0 -0.17464 -0.17464 -0.163894
260 15.5956 0 0 0 0 -0.169755 -0.169755 -0.162273
261 15.6557 0 0 0 0 -0.171692 -0.171692 -0.162014
262 15.7158 0 0 0 0 -0.172712 -0.172712 -0.161141
263 15.7759 0 0 0 0 -0.177232 -0.177232 -0.16101
264 15.836 0 0 0 0 -0.173043 -0.173043 -0.159013
265 15.8961 0 0 0 0 -0.170288 -0.170288 -0.157458
266 15.9562 0 0 0 0 -0.173585 -0.173585 -0.156933
267 16.0163 0 0 0 0 -0.182057 -0.182057 -0.156935
268 16.0764 0 0 0 0 -0.174952 -0.174952 -0.153902
269 16.1365 0 0 0 0 -0.171088 -0.171088 -0.152178
270 16.1966 0 0 0 0 -0.167444 -0.167444 -0.150925
271 16.2567 0 0 0 0 -0.159826 -0.159826 -0.14874
272 16.3168 0 0 0 0 -0.158301 -0.158301 -0.147931
273 16.3769 0 0 0 0 -0.156075 -0.156075 -0.146774
274 16.437 0 0 0 0 -0.154623 -0.154623 -0.14581
275 16.4971 0 0 0 0 -0.150176 -0.150176 -0.144119
276 16.5572 0 0 0 0 -0.151914 -0.151914 -0.143967
277 16.6173 0 0 0 0 -0.15069 -0.15069 -0.142783
278 16.6774 0 0 0 0 -0.15437 -0.15437 -0.142363
279 16.7375 0 0 0 0 -0.157371 -0.157371 -0.141049
280 16.7976 0 0 0 0 -0.166825 -0.166825 -0.140495
281 16.8577 0 0 0 0 -0.164405 -0.164405 -0.137381
282 16.9178 0 0 0 0 -0.161901 -0.161901 -0.13485
283 16.9779 0 0 0 0 -0.163405 -0.163405 -0.133499
284 17.038 0 0 0 0 -0.157112 -0.157112 -0.130883
285 17.0981 0 0 0 0 -0.151495 -0.151495 -0.128786
286 17.1582 0 0 0 0 -0.147088 -0.147088 -0.126782
287 17.2183 0 0 0 0 -0.148545 -0.148545 -0.125799
288 17.2784 0 0 0 0 -0.151752 -0.151752 -0.124811
289 17.3385 0 0 0 0 -0.143601 -0.143601 -0.12167
290 17.3986 0 0 0 0 -0.137202 -0.137202 -0.119569
291 17.4587 0 0 0 0 -0.136095 -0.136095 -0.118687
292 17.5188 0 0 0 0 -0.137028 -0.137028 -0.117945
293 17.5789 0 0 0 0 -0.140839 -0.140839 -0.117027
294 17.639 0 0 0 0 -0.143017 -0.143017 -0.115127
295 17.6991 0 0 0 0 -0.137299 -0.137299 -0.111979
296 17.7592 0 0 0 0 -0.138088 -0.138088 -0.110516
297 17.8193 0 0 0 0 -0.142148 -0.142148 -0.109249
298 17.8794 0 0 0 0 -0.134081 -0.134081 -0.105678
299 17.9395 0 0 0 0 -0.136397 -0.136397 -0.104191
300 17.9996 0 0 0 0 -0.131247 -0.131247 -0.10139
301 18.0597 0 0 0 0 -0.122269 -0.122269 -0.098507
302 18.1198 0 0 0 0 -0.118998 -0.118998 -0.0970929
303 18.1799 0 0 0 0 -0.120598 -0.120598 -0.0964228
304 18.24 0 0 0 0 -0.118697 -0.118697 -0.0945156
305 18.3001 0 0 0 0 -0.117223 -0.117223 -0.0925311
306 18.3602 0 0 0 0 -0.117788 -0.117788 -0.0908823
307 18.4203 0 0 0 0 -0.112301 -0.112301 -0.0882038
308 18.4804 0 0 0 0 -0.112815 -0.112815 -0.0869435
309 18.5405 0 0 0 0 -0.109226 -0.109226 -0.0846711
310 18.6006 0 0 0 0 -0.107523 -0.107523 -0.0828945
311 18.6607 0 0 0 0 -0.107913 -0.107913 -0.081179
312 18.7208 0 0 0 0 -0.10377 -0.10377 -0.0786286
313 18.7809 0 0 0 0 -0.104394 -0.104394 -0.0769612
314 18.841 0 0 0 0 -0.100545 -0.100545 -0.0743592
315 18.9011 0 0 0 0 -0.0945624 -0.0945624 -0.0717303
316 18.9612 0 0 0 0 -0.0911383 -0.0911383 -0.0698931
317 19.0213 0 0 0 0 -0.0886264 -0.0886264 -0.0683081
318 19.0814 0 0 0 0 -0.0841365 -0.0841365 -0.0664923
319 19.1415 0 0 0 0 -0.0840488 -0.0840488 -0.0655406
320 19.2016 0 0 0 0 -0.0841914 -0.0841914 -0.0641361
321 19.2617 0 0 0 0 -0.082399 -0.082399 -0.0621119
322 19.3218 0 0 0 0 -0.0799318 -0.0799318 -0.0600923
323 19.3819 0 0 0 0 -0.0760754 -0.0760754 -0.0580376
324 19.442 0 0 0 0 -0.0750672 -0.0750672 -0.0566625
325 19.5021 0 0 0 0 -0.0739002 -0.0739002 -0.0550041
326 19.5622 0 0 0 0 -0.0715193 -0.0715193 -0.0530064
327 19.6223 0 0 0 0 -0.0690801 -0.0690801 -0.0509724
328 19.6824 0 0 0 0 -0.0683158 -0.0683158 -0.0491879
329 19.7425 0 0 0 0 -0.061128 -0.061128 -0.0463985
330 19.8026 0 0 0 0 -0.0584219 -0.0584219 -0.0448077
331 19.8627 0 0 0 0 -0.052553 -0.052553 -0.0427271
332 19.9228 0 0 0 0 -0.0508811 -0.0508811 -0.0416975
333 19.9829 0 0 0 0 -0.0483341 -0.0483341 -0.0403583
334 20.043 0 0 0 0 -0.0444381 -0.0444381 -0.0388975
335 20.1031 0 0 0 0 -0.0428489 -0.0428489 -0.0382007
336 20.1631 0 0 0 0 -0.0424262 -0.0424262 -0.0377483
337 20.2232 0 0 0 0 -0.0419679 -0.0419679 -0.0370905
338 20.2833 0 0 0 0 -0.0418844 -0.0418844 -0.0362172
339 20.3434 0 0 0 0 -0.0415775 -0.0415775 -0.0349107
340 20.4035 0 0 0 0 -0.0386934 -0.0386934 -0.033132
341 20.4636 0 0 0 0 -0.0359779 -0.0359779 -0.031706
342 20.5237 0 0 0 0 -0.0349715 -0.0349715 -0.0307939
343 20.5838 0 0 0 0 -0.034219 -0.034219 -0.0297056
344 20.6439 0 0 0 0 -0.0317577 -0.0317577 -0.0281235
345 20.704 0 0 0 0 -0.0289996 -0.0289996 -0.0266189
346 20.7641 0 0 0 0 -0.0260582 -0.0260582 -0.0252742
347 20.8242 0 0 0 0 -0.0237994 -0.0237994 -0.024304
348 20.8843 0 0 0 0 -0.0219813 -0.0219813 -0.0234513
349 20.9444 0 0 0 0 -0.0202983 -0.0202983 -0.0227866
350 21.0045 0 0 0 0 -0.0203645 -0.0203645 -0.0226022
351 21.0646 0 0 0 0 -0.0190018 -0.0190018 -0.0218545
352 21.1247 0 0 0 0 -0.0186995 -0.0186995 -0.0214903
353 21.1848 0 0 0 0 -0.0181443 -0.0181443 -0.0208913
354 21.2449 0 0 0 0 -0.0166864 -0.0166864 -0.0200243
355 21.305 0 0 0 0 -0.0155122 -0.0155122 -0.019419
356 21.3651 0 0 0 0 -0.0152687 -0.0152687 -0.0192034
357 21.4252 0 0 0 0 -0.0150673 -0.0150673 -0.0188555
358 21.4853 0 0 0 0 -0.0145282 -0.0145282 -0.0182966
359 21.5454 0 0 0 0 -0.0139463 -0.0139463 -0.0176726
360 21.6055 0 0 0 0 -0.0127839 -0.0127839 -0.0169484
361 21.6656 0 0 0 0 -0.0121195 -0.0121195 -0.0164803
362 21.7257 0 0 0 0 -0.0118692 -0.0118692 -0.0160862
363 21.7858 0 0 0 0 -0.0110737 -0.0110737 -0.0154557
364 21.8459 0 0 0 0 -0.00991054 -0.00991054 -0.0147883
365 21.906 0 0 0 0 -0.00947349 -0.00947349 -0.0143861
366 21.9661 0 0 0 0 -0.0081168 -0.0081168 -0.0137072
367 22.0262 0 0 0 0 -0.00707891 -0.00707891 -0.0132572
368 22.0863 0 0 0 0 -0.00694019 -0.00694019 -0.0131936
369 22.1464 0 0 0 0 -0.00698661 -0.00698661 -0.0131625
370 22.2065 0 0 0 0 -0.00649751 -0.00649751 -0.0128524
371 22.2666 0 0 0 0 -0.00634721 -0.00634721 -0.0127394
372 22.3267 0 0 0 0 -0.00598748 -0.00598748 -0.0125033
373 22.3868 0 0 0 0 -0.00568448 -0.00568448 -0.0123166
374 22.4469 0 0 0 0 -0.00547769 -0.00547769 -0.0121841
375 22.507 0 0 0 0 -0.00546662 -0.00546662 -0.0121764
376 22.5671 0 0 0 0 -0.00541868 -0.00541868 -0.0121362
377 22.6272 0 0 0 0 -0.0055329 -0.0055329 -0.0121167
378 22.6873 0 0 0 0 -0.00517803 -0.00517803 -0.0118199
379 22.7474 0 0 0 0 -0.00490823 -0.00490823 -0.0116493
380 22.8075 0 0 0 0 -0.0049019 -0.0049019 -0.01162
381 22.8676 0 0 0 0 -0.00475525 -0.00475525 -0.0114862
382 22.9277 0 0 0 0 -0.00439498 -0.00439498 -0.0112529
383 22.9878 0 0 0 0 -0.00431089 -0.00431089 -0.0112139
384 23.0479 0 0 0 0 -0.00434605 -0.00434605 -0.0112324
385 23.108 0 0 0 0 -0.00423019 -0.00423019 -0.0111279
386 23.1681 0 0 0 0 -0.00427494 -0.00427494 -0.0111177
387 23.2282 0 0 0 0 -0.00397052 -0.00397052 -0.0109393
388 23.2883 0 0 0 0 -0.00377043 -0.00377043 -0.0108468
389 23.3484 0 0 0 0 -0.00369226 -0.00369226 -0.0108311
390 23.4085 0 0 0 0 -0.00357752 -0.00357752 -0.0107571
391 23.4686 0 0 0 0 -0.00357775 -0.00357775 -0.0107572
392 23.5287 0 0 0 0 -0.00357756 -0.00357756 -0.0107571
393 23.5888 0 0 0 0 -0.00357636 -0.00357636 -0.0107564
394 23.6489 0 0 0 0 -0.00357566 -0.00357566 -0.0107544
395 23.709 0 0 0 0 -0.00365713 -0.00365713 -0.0108225
8000 395
1 0.0300494 0 0 0 0 -0.00330419 -0.00330419 -0.0101557
2 0.0901482 0 0 0 0 -0.00328006 -0.00328006 -0.01015
3 0.150247 0 0 0 0 -0.003241 -0.003241 -0.0101193
4 0.210346 0 0 0 0 -0.00324531 -0.00324531 -0.0101275
5 0.270445 0 0 0 0 -0.00326859 -0.00326859 -0.0101506
6 0.330543 0 0 0 0 -0.00324383 -0.00324383 -0.0101272
7 0.390642 0 0 0 0 -0.00326697 -0.00326697 -0.0101419
8 0.450741 0 0 0 0 -0.00333275 -0.00333275 -0.0101753
9 0.51084 0 0 0 0 -0.00347683 -0.00347683 -0.0102816
10 0.570939 0 0 0 0 -0.00345315 -0.00345315 -0.0102741
11 0.631037 0 0 0 0 -0.00345648 -0.00345648 -0.0102776
12 0.691136 0 0 0 0 -0.00351112 -0.00351112 -0.0103327
13 0.751235 0 0 0 0 -0.00350675 -0.00350675 -0.0103411
14 0.811334 0 0 0 0 -0.00363138 -0.00363138 -0.0104396
15 0.871433 0 0 0 0 -0.00371528 -0.00371528 -0.0105155
16 0.931531 0 0 0 0 -0.00367457 -0.00367457 -0.0105147
17 0.99163 0 0 0 0 -0.00376886 -0.00376886 -0.0105992
18 1.05173 0 0 0 0 -0.0038118 -0.0038118 -0.0106504
19 1.11183 0 0 0 0 -0.00378208 -0.00378208 -0.0106455
20 1.17193 0 0 0 0 -0.00379561 -0.00379561 -0.0106545
21 1.23203 0 0 0 0 -0.00391678 -0.00391678 -0.0107343
22 1.29212 0 0 0 0 -0.00402805 -0.00402805 -0.0108259
23 1.35222 0 0 0 0 -0.00411102 -0.00411102 -0.0108959
24 1.41232 0 0 0 0 -0.00411388 -0.00411388 -0.0109006
25 1.47242 0 0 0 0 -0.00420358 -0.00420358 -0.0109567
26 1.53252 0 0 0 0 -0.00455853 -0.00455853 -0.0111803
27 1.59262 0 0 0 0 -0.00481407 -0.00481407 -0.0113617
28 1.65272 0 0 0 0 -0.00504969 -0.00504969 -0.0115414
29 1.71282 0 0 0 0 -0.00526183 -0.00526183 -0.0117091
30 1.77291 0 0 0 0 -0.0053299 -0.0053299 -0.0117836
31 1.83301 0 0 0 0 -0.00549687 -0.00549687 -0.0119027
32 1.89311 0 0 0 0 -0.00580451 -0.00580451 -0.0120735
33 1.95321 0 0 0 0 -0.00631251 -0.00631251 -0.0123682
34 2.01331 0 0 0 0 -0.00659169 -0.00659169 -0.0125508
35 2.07341 0 0 0 0 -0.007195 -0.007195 -0.0128926
36 2.13351 0 0 0 0 -0.00772187 -0.00772187 -0.0132303
37 2.19361 0 0 0 0 -0.00842133 -0.00842133 -0.0137249
38 2.25371 0 0 0 0 -0.00890194 -0.00890194 -0.0141806
39 2.3138 0 0 0 0 -0.00932144 -0.00932144 -0.0145148
40 2.3739 0 0 0 0 -0.00981607 -0.00981607 -0.014773
41 2.434 0 0 0 0 -0.0108224 -0.0108224 -0.015252
42 2.4941 0 0 0 0 -0.0110881 -0.0110881 -0.0155136
43 2.5542 0 0 0 0 -0.0122276 -0.0122276 -0.0161037
44 2.6143 0 0 0 0 -0.0128293 -0.0128293 -0.0165211
45 2.6744 0 0 0 0 -0.0135917 -0.0135917 -0.0169706
46 2.7345 0 0 0 0 -0.014789 -0.014789 -0.017586
47 2.79459 0 0 0 0 -0.015836 -0.015836 -0.018129
48 2.85469 0 0 0 0 -0.0184102 -0.0184102 -0.0192674
49 2.91479 0 0 0 0 -0.0196262 -0.0196262 -0.0202314
50 2.97489 0 0 0 0 -0.0204965 -0.0204965 -0.0209897
51 3.03499 0 0 0 0 -0.0218546 -0.0218546 -0.0218382
52 3.09509 0 0 0 0 -0.022364 -0.022364 -0.0223984
53 3.15519 0 0 0 0 -0.0237768 -0.0237768 -0.0231796
54 3.21529 0 0 0 0 -0.0253252 -0.0253252 -0.0240684
55 3.27538 0 0 0 0 -0.0268475 -0.0268475 -0.0250624
56 3.33548 0 0 0 0 -0.0281796 -0.0281796 -0.0259756
57 3.39558 0 0 0 0 -0.029169 -0.029169 -0.0266578
58 3.45568 0 0 0 0 -0.0308247 -0.0308247 -0.027396
59 3.51578 0 0 0 0 -0.0332538 -0.0332538 -0.0284936
60 3.57588 0 0 0 0 -0.0346685 -0.0346685 -0.0293955
61 3.63598 0 0 0 0 -0.0372267 -0.0372267 -0.0305804
62 3.69608 0 0 0 0 -0.0402266 -0.0402266 -0.0319631
63 3.75618 0 0 0 0 -0.0434881 -0.0434881 -0.0335254
64 3.81627 0 0 0 0 -0.0470449 -0.0470449 -0.0352763
65 3.87637 0 0 0 0 -0.0495249 -0.0495249 -0.0368722
66 3.93647 0 0 0 0 -0.0518946 -0.0518946 -0.038424
67 3.99657 0 0 0 0 -0.0560612 -0.0560612 -0.0405353
68 4.05667 0 0 0 0 -0.0577902 -0.0577902 -0.0423465
69 4.11677 0 0 0 0 -0.0598036 -0.0598036 -0.0442124
70 4.17687 0 0 0 0 -0.0592636 -0.0592636 -0.0451738
71 4.23697 0 0 0 0 -0.0623405 -0.0623405 -0.0465931
72 4.29706 0 0 0 0 -0.0647603 -0.0647603 -0.0480989
73 4.35716 0 0 0 0 -0.0687605 -0.0687605 -0.0500573
74 4.41726 0 0 0 0 -0.0723097 -0.0723097 -0.0522914
75 4.47736 0 0 0 0 -0.0734282 -0.0734282 -0.0541384
76 4.53746 0 0 0 0 -0.0752471 -0.0752471 -0.0559701
77 4.59756 0 0 0 0 -0.0754063 -0.0754063 -0.0571366
78 4.65766 0 0 0 0 -0.0769681 -0.0769681 -0.058288
79 4.71776 0 0 0 0 -0.0822258 -0.0822258 -0.0604034
80 4.77786 0 0 0 0 -0.0867029 -0.0867029 -0.0627696
81 4.83795 0 0 0 0 -0.0874072 -0.0874072 -0.0644446
82 4.89805 0 0 0 0 -0.091804 -0.091804 -0.0667423
83 4.95815 0 0 0 0 -0.094749 -0.094749 -0.0690254
84 5.01825 0 0 0 0 -0.0984406 -0.0984406 -0.0716708
85 5.07835 0 0 0 0 -0.098417 -0.098417 -0.0736795
86 5.13845 0 0 0 0 -0.0979125 -0.0979125 -0.0752911
87 5.19855 0 0 0 0 -0.0999644 -0.0999644 -0.0772162
88 5.25865 0 0 0 0 -0.102064 -0.102064 -0.079147
89 5.31874 0 0 0 0 -0.101414 -0.101414 -0.080284
90 5.37884 0 0 0 0 -0.102832 -0.102832 -0.0815253
91 5.43894 0 0 0 0 -0.108032 -0.108032 -0.0836496
92 5.49904 0 0 0 0 -0.113063 -0.113063 -0.0859945
93 5.55914 0 0 0 0 -0.116332 -0.116332 -0.0883453
94 5.61924 0 0 0 0 -0.120073 -0.120073 -0.0911411
95 5.67934 0 0 0 0 -0.117923 -0.117923 -0.0928372
96 5.73944 0 0 0 0 -0.119571 -0.119571 -0.0949121
97 5.79953 0 0 0 0 -0.122344 -0.122344 -0.0969707
98 5.85963 0 0 0 0 -0.121572 -0.121572 -0.0981347
99 5.91973 0 0 0 0 -0.124349 -0.124349 -0.0999499
100 5.97983 0 0 0 0 -0.130578 -0.130578 -0.102727
101 6.03993 0 0 0 0 -0.13275 -0.13275 -0.105242
102 6.10003 0 0 0 0 -0.132639 -0.132639 -0.107486
103 6.16013 0 0 0 0 -0.130118 -0.130118 -0.10898
104 6.22023 0 0 0 0 -0.130451 -0.130451 -0.110521
105 6.28033 0 0 0 0 -0.13102 -0.13102 -0.111859
106 6.34042 0 0 0 0 -0.133606 -0.133606 -0.113602
107 6.40052 0 0 0 0 -0.137088 -0.137088 -0.115768
108 6.46062 0 0 0 0 -0.137203 -0.137203 -0.117341
109 6.52072 0 0 0 0 -0.137308 -0.137308 -0.118799
110 6.58082 0 0 0 0 -0.139769 -0.139769 -0.120673
111 6.64092 0 0 0 0 -0.1406 -0.1406 -0.122041
112 6.70102 0 0 0 0 -0.141054 -0.141054 -0.123125
113 6.76112 0 0 0 0 -0.147235 -0.147235 -0.12555
114 6.82121 0 0 0 0 -0.150033 -0.150033 -0.1274
115 6.88131 0 0 0 0 -0.150411 -0.150411 -0.128972
116 6.94141 0 0 0 0 -0.155791 -0.155791 -0.131649
117 7.00151 0 0 0 0 -0.15352 -0.15352 -0.13273
118 7.06161 0 0 0 0 -0.15318 -0.15318 -0.134102
119 7.12171 0 0 0 0 -0.154423 -0.154423 -0.13577
120 7.18181 0 0 0 0 -0.157379 -0.157379 -0.137664
121 7.24191 0 0 0 0 -0.158229 -0.158229 -0.139054
122 7.302 0 0 0 0 -0.158538 -0.158538 -0.140424
123 7.3621 0 0 0 0 -0.159334 -0.159334 -0.141996
124 7.4222 0 0 0 0 -0.159662 -0.159662 -0.143329
125 7.4823 0 0 0 0 -0.160024 -0.160024 -0.144479
126 7.5424 0 0 0 0 -0.160479 -0.160479 -0.145415
127 7.6025 0 0 0 0 -0.164987 -0.164987 -0.147148
128 7.6626 0 0 0 0 -0.168894 -0.168894 -0.148942
129 7.7227 0 0 0 0 -0.168533 -0.168533 -0.15005
130 7.7828 0 0 0 0 -0.1712 -0.1712 -0.152045
131 7.84289 0 0 0 0 -0.168283 -0.168283 -0.152618
132 7.90299 0 0 0 0 -0.169847 -0.169847 -0.153986
133 7.96309 0 0 0 0 -0.171259 -0.171259 -0.155215
134 8.02319 0 0 0 0 -0.17159 -0.17159 -0.1562
135 8.08329 0 0 0 0 -0.172844 -0.172844 -0.15739
136 8.14339 0 0 0 0 -0.174476 -0.174476 -0.158572
137 8.20349 0 0 0 0 -0.176683 -0.176683 -0.159834
138 8.26359 0 0 0 0 -0.177317 -0.177317 -0.160736
139 8.32368 0 0 0 0 -0.180367 -0.180367 -0.162274
140 8.38378 0 0 0 0 -0.178967 -0.178967 -0.162973
141 8.44388 0 0 0 0 -0.181113 -0.181113 -0.164417
142 8.50398 0 0 0 0 -0.18031 -0.18031 -0.165034
143 8.56408 0 0 0 0 -0.179916 -0.179916 -0.16547
144 8.62418 0 0 0 0 -0.185809 -0.185809 -0.167315
145 8.68428 0 0 0 0 -0.189304 -0.189304 -0.168735
146 8.74438 0 0 0 0 -0.186052 -0.186052 -0.16915
147 8.80447 0 0 0 0 -0.184502 -0.184502 -0.169869
148 8.86457 0 0 0 0 -0.185619 -0.185619 -0.170999
149 8.92467 0 0 0 0 -0.184453 -0.184453 -0.171394
150 8.98477 0 0 0 0 -0.186896 -0.186896 -0.172431
151 9.04487 0 0 0 0 -0.189547 -0.189547 -0.173437
152 9.10497 0 0 0 0 -0.191285 -0.191285 -0.174438
153 9.16507 0 0 0 0 -0.190459 -0.190459 -0.175017
154 9.22517 0 0 0 0 -0.190975 -0.190975 -0.175981
155 9.28527 0 0 0 0 -0.189676 -0.189676 -0.176397
156 9.34536 0 0 0 0 -0.189942 -0.189942 -0.177067
157 9.40546 0 0 0 0 -0.192113 -0.192113 -0.177971
158 9.46556 0 0 0 0 -0.192541 -0.192541 -0.178316
159 9.52566 0 0 0 0 -0.195573 -0.195573 -0.17922
160 9.58576 0 0 0 0 -0.201556 -0.201556 -0.181104
161 9.64586 0 0 0 0 -0.195211 -0.195211 -0.180573
162 9.70596 0 0 0 0 -0.194895 -0.194895 -0.181333
163 9.76606 0 0 0 0 -0.195542 -0.195542 -0.182117
164 9.82615 0 0 0 0 -0.19468 -0.19468 -0.182424
165 9.88625 0 0 0 0 -0.195849 -0.195849 -0.183138
166 9.94635 0 0 0 0 -0.195197 -0.195197 -0.183583
167 10.0065 0 0 0 0 -0.195319 -0.195319 -0.184205
168 10.0665 0 0 0 0 -0.193202 -0.193202 -0.184235
169 10.1266 0 0 0 0 -0.19587 -0.19587 -0.184997
170 10.1867 0 0 0 0 -0.197236 -0.197236 -0.185231
171 10.2468 0 0 0 0 -0.203602 -0.203602 -0.186749
172 10.3069 0 0 0 0 -0.204339 -0.204339 -0.187348
173 10.367 0 0 0 0 -0.201877 -0.201877 -0.187517
174 10.4271 0 0 0 0 -0.197913 -0.197913 -0.187144
175 10.4872 0 0 0 0 -0.199609 -0.199609 -0.187815
176 10.5473 0 0 0 0 -0.202732 -0.202732 -0.188892
177 10.6074 0 0 0 0 -0.20262 -0.20262 -0.18944
178 10.6675 0 0 0 0 -0.197214 -0.197214 -0.188846
179 10.7276 0 0 0 0 -0.19615 -0.19615 -0.188993
180 10.7877 0 0 0 0 -0.198536 -0.198536 -0.189686
181 10.8478 0 0 0 0 -0.202948 -0.202948 -0.190626
182 10.9079 0 0 0 0 -0.202844 -0.202844 -0.190668
183 10.968 0 0 0 0 -0.201655 -0.201655 -0.190721
184 11.0281 0 0 0 0 -0.203058 -0.203058 -0.191461
185 11.0882 0 0 0 0 -0.201337 -0.201337 -0.191386
186 11.1483 0 0 0 0 -0.201774 -0.201774 -0.191738
187 11.2084 0 0 0 0 -0.201267 -0.201267 -0.191773
188 11.2685 0 0 0 0 -0.202545 -0.202545 -0.192337
189 11.3286 0 0 0 0 -0.201025 -0.201025 -0.192155
190 11.3887 0 0 0 0 -0.202924 -0.202924 -0.192676
191 11.4488 0 0 0 0 -0.203248 -0.203248 -0.192732
192 11.5089 0 0 0 0 -0.206343 -0.206343 -0.193527
193 11.569 0 0 0 0 -0.202657 -0.202657 -0.192921
194 11.6291 0 0 0 0 -0.201371 -0.201371 -0.192793
195 11.6892 0 0 0 0 -0.206311 -0.206311 -0.194031
196 11.7493 0 0 0 0 -0.202622 -0.202622 -0.193165
197 11.8094 0 0 0 0 -0.205632 -0.205632 -0.194068
198 11.8695 0 0 0 0 -0.20193 -0.20193 -0.193334
199 11.9296 0 0 0 0 -0.203791 -0.203791 -0.193933
200 11.9897 0 0 0 0 -0.201038 -0.201038 -0.193589
201 12.0498 0 0 0 0 -0.199329 -0.199329 -0.193464
202 12.1099 0 0 0 0 -0.199019 -0.199019 -0.19353
203 12.17 0 0 0 0 -0.198296 -0.198296 -0.193269
204 12.2301 0 0 0 0 -0.200993 -0.200993 -0.193637
205 12.2902 0 0 0 0 -0.203161 -0.203161 -0.193763
206 12.3503 0 0 0 0 -0.204569 -0.204569 -0.193895
207 12.4104 0 0 0 0 -0.201923 -0.201923 -0.193145
208 12.4705 0 0 0 0 -0.204685 -0.204685 -0.193963
209 12.5306 0 0 0 0 -0.197878 -0.197878 -0.192486
210 12.5907 0 0 0 0 -0.199026 -0.199026 -0.192813
211 12.6508 0 0 0 0 -0.200318 -0.200318 -0.192994
212 12.7109 0 0 0 0 -0.199189 -0.199189 -0.192421
213 12.771 0 0 0 0 -0.201958 -0.201958 -0.192667
214 12.8311 0 0 0 0 -0.201685 -0.201685 -0.192122
215 12.8912 0 0 0 0 -0.206289 -0.206289 -0.192887
216 12.9513 0 0 0 0 -0.20247 -0.20247 -0.191961
217 13.0114 0 0 0 0 -0.19934 -0.19934 -0.191367
218 13.0715 0 0 0 0 -0.19698 -0.19698 -0.190788
219 13.1316 0 0 0 0 -0.199121 -0.199121 -0.190962
220 13.1917 0 0 0 0 -0.202447 -0.202447 -0.191032
221 13.2518 0 0 0 0 -0.206211 -0.206211 -0.191043
222 13.3119 0 0 0 0 -0.207455 -0.207455 -0.190802
223 13.372 0 0 0 0 -0.204645 -0.204645 -0.190314
224 13.4321 0 0 0 0 -0.197518 -0.197518 -0.189053
225 13.4922 0 0 0 0 -0.194014 -0.194014 -0.188486
226 13.5523 0 0 0 0 -0.194234 -0.194234 -0.188546
227 13.6124 0 0 0 0 -0.192698 -0.192698 -0.187942
228 13.6725 0 0 0 0 -0.192431 -0.192431 -0.18744
229 13.7326 0 0 0 0 -0.196899 -0.196899 -0.187916
230 13.7927 0 0 0 0 -0.196822 -0.196822 -0.187184
231 13.8528 0 0 0 0 -0.200065 -0.200065 -0.18696
232 13.9129 0 0 0 0 -0.203665 -0.203665 -0.186685
233 13.973 0 0 0 0 -0.208894 -0.208894 -0.186884
234 14.0331 0 0 0 0 -0.200217 -0.200217 -0.184791
235 14.0932 0 0 0 0 -0.200297 -0.200297 -0.184705
236 14.1533 0 0 0 0 -0.196243 -0.196243 -0.183574
237 14.2134 0 0 0 0 -0.197757 -0.197757 -0.183584
238 14.2735 0 0 0 0 -0.196911 -0.196911 -0.18285
239 14.3336 0 0 0 0 -0.196923 -0.196923 -0.182371
240 14.3937 0 0 0 0 -0.194965 -0.194965 -0.181591
241 14.4538 0 0 0 0 -0.192697 -0.192697 -0.180793
242 14.5139 0 0 0 0 -0.19028 -0.19028 -0.179901
243 14.574 0 0 0 0 -0.191887 -0.191887 -0.179738
244 14.6341 0 0 0 0 -0.193679 -0.193679 -0.179346
245 14.6942 0 0 0 0 -0.194701 -0.194701 -0.178609
246 14.7543 0 0 0 0 -0.194229 -0.194229 -0.177689
247 14.8144 0 0 0 0 -0.195276 -0.195276 -0.177246
248 14.8745 0 0 0 0 -0.192583 -0.192583 -0.176027
249 14.9346 0 0 0 0 -0.192857 -0.192857 -0.175377
250 14.9947 0 0 0 0 -0.19478 -0.19478 -0.174777
251 15.0548 0 0 0 0 -0.197572 -0.197572 -0.174284
252 15.1148 0 0 0 0 -0.195514 -0.195514 -0.172934
253 15.1749 0 0 0 0 -0.191668 -0.191668 -0.171452
254 15.235 0 0 0 0 -0.192899 -0.192899 -0.171089
255 15.2951 0 0 0 0 -0.190561 -0.190561 -0.169909
256 15.3552 0 0 0 0 -0.189288 -0.189288 -0.168838
257 15.4153 0 0 0 0 -0.188143 -0.188143 -0.167692
258 15.4754 0 0 0 0 -0.187166 -0.187166 -0.166815
259 15.5355 0 0 0 0 -0.181672 -0.181672 -0.165478
260 15.5956 0 0 0 0 -0.17472 -0.17472 -0.163721
261 15.6557 0 0 0 0 -0.174173 -0.174173 -0.163182
262 15.7158 0 0 0 0 -0.175506 -0.175506 -0.162685
263 15.7759 0 0 0 0 -0.178791 -0.178791 -0.162381
264 15.836 0 0 0 0 -0.175963 -0.175963 -0.160641
265 15.8961 0 0 0 0 -0.174992 -0.174992 -0.159436
266 15.9562 0 0 0 0 -0.177318 -0.177318 -0.158736
267 16.0163 0 0 0 0 -0.181473 -0.181473 -0.158062
268 16.0764 0 0 0 0 -0.178707 -0.178707 -0.156017
269 16.1365 0 0 0 0 -0.175247 -0.175247 -0.154326
270 16.1966 0 0 0 0 -0.169629 -0.169629 -0.152634
271 16.2567 0 0 0 0 -0.163883 -0.163883 -0.150921
272 16.3168 0 0 0 0 -0.162659 -0.162659 -0.150107
273 16.3769 0 0 0 0 -0.163117 -0.163117 -0.149338
274 16.437 0 0 0 0 -0.161911 -0.161911 -0.147947
275 16.4971 0 0 0 0 -0.161798 -0.161798 -0.146772
276 16.5572 0 0 0 0 -0.157937 -0.157937 -0.145114
277 16.6173 0 0 0 0 -0.156567 -0.156567 -0.144005
278 16.6774 0 0 0 0 -0.158925 -0.158925 -0.143495
279 16.7375 0 0 0 0 -0.156806 -0.156806 -0.141573
280 16.7976 0 0 0 0 -0.162196 -0.162196 -0.140975
281 16.8577 0 0 0 0 -0.16066 -0.16066 -0.138736
282 16.9178 0 0 0 0 -0.159841 -0.159841 -0.136936
283 16.9779 0 0 0 0 -0.160938 -0.160938 -0.135577
284 17.038 0 0 0 0 -0.158016 -0.158016 -0.133455
285 17.0981 0 0 0 0 -0.154386 -0.154386 -0.131307
286 17.1582 0 0 0 0 -0.152921 -0.152921 -0.129552
287 17.2183 0 0 0 0 -0.153669 -0.153669 -0.128119
288 17.2784 0 0 0 0 -0.154147 -0.154147 -0.126575
289 17.3385 0 0 0 0 -0.144259 -0.144259 -0.123196
290 17.3986 0 0 0 0 -0.141226 -0.141226 -0.121765
291 17.4587 0 0 0 0 -0.137979 -0.137979 -0.120325
292 17.5188 0 0 0 0 -0.136678 -0.136678 -0.119223
293 17.5789 0 0 0 0 -0.138015 -0.138015 -0.118234
294 17.639 0 0 0 0 -0.141967 -0.141967 -0.117123
295 17.6991 0 0 0 0 -0.139296 -0.139296 -0.114357
296 17.7592 0 0 0 0 -0.139556 -0.139556 -0.112465
297 17.8193 0 0 0 0 -0.138932 -0.138932 -0.110494
298 17.8794 0 0 0 0 -0.131078 -0.131078 -0.107371
299 17.9395 0 0 0 0 -0.131397 -0.131397 -0.106048
300 17.9996 0 0 0 0 -0.129625 -0.129625 -0.104225
301 18.0597 0 0 0 0 -0.125026 -0.125026 -0.101923
302 18.1198 0 0 0 0 -0.122099 -0.122099 -0.100011
303 18.1799 0 0 0 0 -0.125512 -0.125512 -0.0991655
304 18.24 0 0 0 0 -0.12145 -0.12145 -0.0965707
305 18.3001 0 0 0 0 -0.118344 -0.118344 -0.0942826
306 18.3602 0 0 0 0 -0.119606 -0.119606 -0.0928914
307 18.4203 0 0 0 0 -0.115161 -0.115161 -0.0902977
308 18.4804 0 0 0 0 -0.113321 -0.113321 -0.0885119
309 18.5405 0 0 0 0 -0.111415 -0.111415 -0.0866224
310 18.6006 0 0 0 0 -0.10936 -0.10936 -0.0846763
311 18.6607 0 0 0 0 -0.108258 -0.108258 -0.0827818
312 18.7208 0 0 0 0 -0.108152 -0.108152 -0.080883
313 18.7809 0 0 0 0 -0.105726 -0.105726 -0.0784734
314 18.841 0 0 0 0 -0.102398 -0.102398 -0.0760377
315 18.9011 0 0 0 0 -0.0981802 -0.0981802 -0.0736585
316 18.9612 0 0 0 0 -0.0966615 -0.0966615 -0.0717983
317 19.0213 0 0 0 0 -0.091936 -0.091936 -0.0694585
318 19.0814 0 0 0 0 -0.0880921 -0.0880921 -0.0675682
319 19.1415 0 0 0 0 -0.0865722 -0.0865722 -0.0661306
320 19.2016 0 0 0 0 -0.0846919 -0.0846919 -0.0644325
321 19.2617 0 0 0 0 -0.0827811 -0.0827811 -0.0626124
322 19.3218 0 0 0 0 -0.0803913 -0.0803913 -0.0607203
323 19.3819 0 0 0 0 -0.0774252 -0.0774252 -0.0588303
324 19.442 0 0 0 0 -0.074742 -0.074742 -0.0571404
325 19.5021 0 0 0 0 -0.0732659 -0.0732659 -0.0556862
326 19.5622 0 0 0 0 -0.0718083 -0.0718083 -0.0541188
327 19.6223 0 0 0 0 -0.0698427 -0.0698427 -0.0522974
328 19.6824 0 0 0 0 -0.0698152 -0.0698152 -0.0506851
329 19.7425 0 0 0 0 -0.0639404 -0.0639404 -0.0480521
330 19.8026 0 0 0 0 -0.0621721 -0.0621721 -0.0465158
331 19.8627 0 0 0 0 -0.0580729 -0.0580729 -0.0445674
332 19.9228 0 0 0 0 -0.0562948 -0.0562948 -0.0431851
333 19.9829 0 0 0 0 -0.0542148 -0.0542148 -0.0416168
334 20.043 0 0 0 0 -0.0513739 -0.0513739 -0.0399032
335 20.1031 0 0 0 0 -0.0482173 -0.0482173 -0.0383554
336 20.1631 0 0 0 0 -0.0458114 -0.0458114 -0.0371763
337 20.2232 0 0 0 0 -0.0448669 -0.0448669 -0.0362078
338 20.2833 0 0 0 0 -0.0419048 -0.0419048 -0.0347494
339 20.3434 0 0 0 0 -0.0412392 -0.0412392 -0.0337194
340 20.4035 0 0 0 0 -0.0391198 -0.0391198 -0.0322995
341 20.4636 0 0 0 0 -0.0367559 -0.0367559 -0.0309419
342 20.5237 0 0 0 0 -0.0349589 -0.0349589 -0.0298201
343 20.5838 0 0 0 0 -0.0337171 -0.0337171 -0.0287671
344 20.6439 0 0 0 0 -0.0322465 -0.0322465 -0.0275284
345 20.704 0 0 0 0 -0.029261 -0.029261 -0.0259759
346 20.7641 0 0 0 0 -0.0268 -0.0268 -0.0247625
347 20.8242 0 0 0 0 -0.0245402 -0.0245402 -0.023754
348 20.8843 0 0 0 0 -0.0231122 -0.0231122 -0.0229722
349 20.9444 0 0 0 0 -0.0217586 -0.0217586 -0.02224
350 21.0045 0 0 0 0 -0.0205371 -0.0205371 -0.0215938
351 21.0646 0 0 0 0 -0.0197181 -0.0197181 -0.0210227
352 21.1247 0 0 0 0 -0.0193364 -0.0193364 -0.0204809
353 21.1848 0 0 0 0 -0.0181603 -0.0181603 -0.019625
354 21.2449 0 0 0 0 -0.0169124 -0.0169124 -0.0187369
355 21.305 0 0 0 0 -0.0148632 -0.0148632 -0.0177871
356 21.3651 0 0 0 0 -0.0138862 -0.0138862 -0.0172988
357 21.4252 0 0 0 0 -0.0130456 -0.0130456 -0.0168081
358 21.4853 0 0 0 0 -0.0122183 -0.0122183 -0.0162822
359 21.5454 0 0 0 0 -0.0117238 -0.0117238 -0.0158596
360 21.6055 0 0 0 0 -0.0109654 -0.0109654 -0.0154009
361 21.6656 0 0 0 0 -0.0105896 -0.0105896 -0.0150981
362 21.7257 0 0 0 0 -0.0102747 -0.0102747 -0.0147143
363 21.7858 0 0 0 0 -0.00976743 -0.00976743 -0.0141539
364 21.8459 0 0 0 0 -0.00781609 -0.00781609 -0.0131964
365 21.906 0 0 0 0 -0.00707013 -0.00707013 -0.0128001
366 21.9661 0 0 0 0 -0.00630122 -0.00630122 -0.0124351
367 22.0262 0 0 0 0 -0.00585545 -0.00585545 -0.0122363
368 22.0863 0 0 0 0 -0.00585303 -0.00585303 -0.0122362
369 22.1464 0 0 0 0 -0.00588337 -0.00588337 -0.0122247
370 22.2065 0 0 0 0 -0.00560304 -0.00560304 -0.0120483
371 22.2666 0 0 0 0 -0.00549153 -0.00549153 -0.0119727
372 22.3267 0 0 0 0 -0.0053199 -0.0053199 -0.0118592
373 22.3868 0 0 0 0 -0.00519981 -0.00519981 -0.0117872
374 22.4469 0 0 0 0 -0.00510732 -0.00510732 -0.0117319
375 22.507 0 0 0 0 -0.00509215 -0.00509215 -0.0117109
376 22.5671 0 0 0 0 -0.00506644 -0.00506644 -0.0116512
377 22.6272 0 0 0 0 -0.00505743 -0.00505743 -0.0115496
378 22.6873 0 0 0 0 -0.00480956 -0.00480956 -0.0113141
379 22.7474 0 0 0 0 -0.00459241 -0.00459241 -0.0111537
380 22.8075 0 0 0 0 -0.00462993 -0.00462993 -0.0111217
381 22.8676 0 0 0 0 -0.00441044 -0.00441044 -0.0109185
382 22.9277 0 0 0 0 -0.00419906 -0.00419906 -0.0107573
383 22.9878 0 0 0 0 -0.00410337 -0.00410337 -0.0106749
384 23.0479 0 0 0 0 -0.00394524 -0.00394524 -0.010561
385 23.108 0 0 0 0 -0.00377819 -0.00377819 -0.0104381
386 23.1681 0 0 0 0 -0.00377071 -0.00377071 -0.0104182
387 23.2282 0 0 0 0 -0.00361843 -0.00361843 -0.0103355
388 23.2883 0 0 0 0 -0.00346604 -0.00346604 -0.0102504
389 23.3484 0 0 0 0 -0.00334616 -0.00334616 -0.0101799
390 23.4085 0 0 0 0 -0.00327359 -0.00327359 -0.010137
391 23.4686 0 0 0 0 -0.00326671 -0.00326671 -0.0101345
392 23.5287 0 0 0 0 -0.00326823 -0.00326823 -0.010135
393 23.5888 0 0 0 0 -0.00327249 -0.00327249 -0.0101367
394 23.6489 0 0 0 0 -0.00327397 -0.00327397 -0.010137
395 23.709 0 0 0 0 -0.00331491 -0.00331491 -0.0101707
16000 395
1 0.0300494 0 0 0 0 -0.00347082 -0.00347082 -0.0104434
2 0.0901482 0 0 0 0 -0.00343617 -0.00343617 -0.0104248
3 0.150247 0 0 0 0 -0.00341128 -0.00341128 -0.0104056
4 0.210346 0 0 0 0 -0.00341774 -0.00341774 -0.0104134
5 0.270445 0 0 0 0 -0.00346314 -0.00346314 -0.0104541
6 0.330543 0 0 0 0 -0.00343528 -0.00343528 -0.0104268
7 0.390642 0 0 0 0 -0.00345988 -0.00345988 -0.0104395
8 0.450741 0 0 0 0 -0.00351378 -0.00351378 -0.010465
9 0.51084 0 0 0 0 -0.00365556 -0.00365556 -0.0105689
10 0.570939 0 0 0 0 -0.00366841 -0.00366841 -0.0105824
11 0.631037 0 0 0 0 -0.00370043 -0.00370043 -0.0105926
12 0.691136 0 0 0 0 -0.00378907 -0.00378907 -0.0106429
13 0.751235 0 0 0 0 -0.00397968 -0.00397968 -0.0107454
14 0.811334 0 0 0 0 -0.00418399 -0.00418399 -0.0108864
15 0.871433 0 0 0 0 -0.00436561 -0.00436561 -0.0110542
16 0.931531 0 0 0 0 -0.00430629 -0.00430629 -0.0111109
17 0.99163 0 0 0 0 -0.00433767 -0.00433767 -0.0111938
18 1.05173 0 0 0 0 -0.00436459 -0.00436459 -0.0112394
19 1.11183 0 0 0 0 -0.00438311 -0.00438311 -0.0112715
20 1.17193 0 0 0 0 -0.00437511 -0.00437511 -0.0112759
21 1.23203 0 0 0 0 -0.00451289 -0.00451289 -0.0113682
22 1.29212 0 0 0 0 -0.0047424 -0.0047424 -0.0115303
23 1.35222 0 0 0 0 -0.00480097 -0.00480097 -0.0116079
24 1.41232 0 0 0 0 -0.00495227 -0.00495227 -0.011718
25 1.47242 0 0 0 0 -0.00505703 -0.00505703 -0.0118218
26 1.53252 0 0 0 0 -0.00540795 -0.00540795 -0.0120566
27 1.59262 0 0 0 0 -0.00567517 -0.00567517 -0.0122807
28 1.65272 0 0 0 0 -0.00593797 -0.00593797 -0.0125218
29 1.71282 0 0 0 0 -0.00605341 -0.00605341 -0.0126586
30 1.77291 0 0 0 0 -0.00608396 -0.00608396 -0.0127049
31 1.83301 0 0 0 0 -0.0061838 -0.0061838 -0.0127771
32 1.89311 0 0 0 0 -0.00641183 -0.00641183 -0.0129015
33 1.95321 0 0 0 0 -0.006854 -0.006854 -0.0131553
34 2.01331 0 0 0 0 -0.00753724 -0.00753724 -0.0135353
35 2.07341 0 0 0 0 -0.00809047 -0.00809047 -0.0139203
36 2.13351 0 0 0 0 -0.00848752 -0.00848752 -0.0142136
37 2.19361 0 0 0 0 -0.00902434 -0.00902434 -0.0145961
38 2.25371 0 0 0 0 -0.00959004 -0.00959004 -0.0150505
39 2.3138 0 0 0 0 -0.0099187 -0.0099187 -0.0153294
40 2.3739 0 0 0 0 -0.0102769 -0.0102769 -0.015523
41 2.434 0 0 0 0 -0.0111564 -0.0111564 -0.0159382
42 2.4941 0 0 0 0 -0.0120461 -0.0120461 -0.0164231
43 2.5542 0 0 0 0 -0.0129869 -0.0129869 -0.0169653
44 2.6143 0 0 0 0 -0.0137177 -0.0137177 -0.0174243
45 2.6744 0 0 0 0 -0.0143443 -0.0143443 -0.0178066
46 2.7345 0 0 0 0 -0.0152635 -0.0152635 -0.0182692
47 2.79459 0 0 0 0 -0.0171225 -0.0171225 -0.0190233
48 2.85469 0 0 0 0 -0.0194648 -0.0194648 -0.0200407
49 2.91479 0 0 0 0 -0.022172 -0.022172 -0.0213438
50 2.97489 0 0 0 0 -0.0232228 -0.0232228 -0.0222405
51 3.03499 0 0 0 0 -0.0251238 -0.0251238 -0.0233183
52 3.09509 0 0 0 0 -0.0261495 -0.0261495 -0.0241566
53 3.15519 0 0 0 0 -0.0278363 -0.0278363 -0.025172
54 3.21529 0 0 0 0 -0.0292758 -0.0292758 -0.0261919
55 3.27538 0 0 0 0 -0.0309282 -0.0309282 -0.0273081
56 3.33548 0 0 0 0 -0.0320468 -0.0320468 -0.0282772
57 3.39558 0 0 0 0 -0.0329356 -0.0329356 -0.0290097
58 3.45568 0 0 0 0 -0.0345992 -0.0345992 -0.0298421
59 3.51578 0 0 0 0 -0.0367919 -0.0367919 -0.0309234
60 3.57588 0 0 0 0 -0.0384408 -0.0384408 -0.0318976
61 3.63598 0 0 0 0 -0.0403435 -0.0403435 -0.0329053
62 3.69608 0 0 0 0 -0.0440447 -0.0440447 -0.0344151
63 3.75618 0 0 0 0 -0.0475613 -0.0475613 -0.0360328
64 3.81627 0 0 0 0 -0.0512144 -0.0512144 -0.0378447
65 3.87637 0 0 0 0 -0.0542227 -0.0542227 -0.0396425
66 3.93647 0 0 0 0 -0.0567082 -0.0567082 -0.0413916
67 3.99657 0 0 0 0 -0.0592752 -0.0592752 -0.0432034
68 4.05667 0 0 0 0 -0.0617475 -0.0617475 -0.0450559
69 4.11677 0 0 0 0 -0.0641583 -0.0641583 -0.0469828
70 4.17687 0 0 0 0 -0.0641109 -0.0641109 -0.0481732
71 4.23697 0 0 0 0 -0.0672828 -0.0672828 -0.0498855
72 4.29706 0 0 0 0 -0.0686566 -0.0686566 -0.0513643
73 4.35716 0 0 0 0 -0.0720013 -0.0720013 -0.0532556
74 4.41726 0 0 0 0 -0.0742971 -0.0742971 -0.0550867
75 4.47736 0 0 0 0 -0.0757282 -0.0757282 -0.0567581
76 4.53746 0 0 0 0 -0.0776983 -0.0776983 -0.0584525
77 4.59756 0 0 0 0 -0.0787992 -0.0787992 -0.0597705
78 4.65766 0 0 0 0 -0.0803207 -0.0803207 -0.0609442
79 4.71776 0 0 0 0 -0.0863593 -0.0863593 -0.0631934
80 4.77786 0 0 0 0 -0.0899931 -0.0899931 -0.0653618
81 4.83795 0 0 0 0 -0.0923297 -0.0923297 -0.0673174
82 4.89805 0 0 0 0 -0.0968596 -0.0968596 -0.0698152
83 4.95815 0 0 0 0 -0.0994607 -0.0994607 -0.0723095
84 5.01825 0 0 0 0 -0.101059 -0.101059 -0.0746685
85 5.07835 0 0 0 0 -0.100436 -0.100436 -0.0763881
86 5.13845 0 0 0 0 -0.100482 -0.100482 -0.077889
87 5.19855 0 0 0 0 -0.1033 -0.1033 -0.0798734
88 5.25865 0 0 0 0 -0.105048 -0.105048 -0.0816952
89 5.31874 0 0 0 0 -0.104567 -0.104567 -0.0828438
90 5.37884 0 0 0 0 -0.107225 -0.107225 -0.0843651
91 5.43894 0 0 0 0 -0.111436 -0.111436 -0.0863296
92 5.49904 0 0 0 0 -0.116425 -0.116425 -0.0886257
93 5.55914 0 0 0 0 -0.120635 -0.120635 -0.0911495
94 5.61924 0 0 0 0 -0.123392 -0.123392 -0.0937164
95 5.67934 0 0 0 0 -0.123041 -0.123041 -0.0958123
96 5.73944 0 0 0 0 -0.123849 -0.123849 -0.0979321
97 5.79953 0 0 0 0 -0.124216 -0.124216 -0.0996667
98 5.85963 0 0 0 0 -0.124579 -0.124579 -0.101134
99 5.91973 0 0 0 0 -0.125746 -0.125746 -0.102601
100 5.97983 0 0 0 0 -0.13051 -0.13051 -0.104858
101 6.03993 0 0 0 0 -0.133392 -0.133392 -0.107117
102 6.10003 0 0 0 0 -0.135797 -0.135797 -0.109492
103 6.16013 0 0 0 0 -0.134936 -0.134936 -0.111222
104 6.22023 0 0 0 0 -0.136115 -0.136115 -0.113118
105 6.28033 0 0 0 0 -0.136234 -0.136234 -0.114682
106 6.34042 0 0 0 0 -0.136925 -0.136925 -0.116237
107 6.40052 0 0 0 0 -0.140253 -0.140253 -0.118492
108 6.46062 0 0 0 0 -0.139607 -0.139607 -0.119957
109 6.52072 0 0 0 0 -0.139475 -0.139475 -0.121338
110 6.58082 0 0 0 0 -0.140436 -0.140436 -0.122726
111 6.64092 0 0 0 0 -0.143302 -0.143302 -0.124433
112 6.70102 0 0 0 0 -0.143905 -0.143905 -0.125549
113 6.76112 0 0 0 0 -0.14974 -0.14974 -0.127954
114 6.82121 0 0 0 0 -0.151139 -0.151139 -0.12959
115 6.88131 0 0 0 0 -0.151479 -0.151479 -0.131077
116 6.94141 0 0 0 0 -0.156349 -0.156349 -0.133506
117 7.00151 0 0 0 0 -0.155183 -0.155183 -0.134638
118 7.06161 0 0 0 0 -0.156753 -0.156753 -0.136415
119 7.12171 0 0 0 0 -0.157091 -0.157091 -0.138116
120 7.18181 0 0 0 0 -0.157154 -0.157154 -0.139605
121 7.24191 0 0 0 0 -0.157083 -0.157083 -0.140783
122 7.302 0 0 0 0 -0.157695 -0.157695 -0.14205
123 7.3621 0 0 0 0 -0.159069 -0.159069 -0.143511
124 7.4222 0 0 0 0 -0.160656 -0.160656 -0.145054
125 7.4823 0 0 0 0 -0.161538 -0.161538 -0.146487
126 7.5424 0 0 0 0 -0.159164 -0.159164 -0.146964
127 7.6025 0 0 0 0 -0.162021 -0.162021 -0.148328
128 7.6626 0 0 0 0 -0.165862 -0.165862 -0.149954
129 7.7227 0 0 0 0 -0.166138 -0.166138 -0.150883
130 7.7828 0 0 0 0 -0.172055 -0.172055 -0.153257
131 7.84289 0 0 0 0 -0.168378 -0.168378 -0.153448
132 7.90299 0 0 0 0 -0.171112 -0.171112 -0.155062
133 7.96309 0 0 0 0 -0.174012 -0.174012 -0.156744
134 8.02319 0 0 0 0 -0.171471 -0.171471 -0.157339
135 8.08329 0 0 0 0 -0.170781 -0.170781 -0.15817
136 8.14339 0 0 0 0 -0.172952 -0.172952 -0.159495
137 8.20349 0 0 0 0 -0.173733 -0.173733 -0.16029
138 8.26359 0 0 0 0 -0.175812 -0.175812 -0.16142
139 8.32368 0 0 0 0 -0.178773 -0.178773 -0.162722
140 8.38378 0 0 0 0 -0.178855 -0.178855 -0.163622
141 8.44388 0 0 0 0 -0.180869 -0.180869 -0.164937
142 8.50398 0 0 0 0 -0.180713 -0.180713 -0.165704
143 8.56408 0 0 0 0 -0.180517 -0.180517 -0.166232
144 8.62418 0 0 0 0 -0.184248 -0.184248 -0.16774
145 8.68428 0 0 0 0 -0.186117 -0.186117 -0.168825
146 8.74438 0 0 0 0 -0.184657 -0.184657 -0.16948
147 8.80447 0 0 0 0 -0.183544 -0.183544 -0.170055
148 8.86457 0 0 0 0 -0.185489 -0.185489 -0.171146
149 8.92467 0 0 0 0 -0.186262 -0.186262 -0.171847
150 8.98477 0 0 0 0 -0.188688 -0.188688 -0.172977
151 9.04487 0 0 0 0 -0.189508 -0.189508 -0.173849
152 9.10497 0 0 0 0 -0.188834 -0.188834 -0.174496
153 9.16507 0 0 0 0 -0.1876 -0.1876 -0.175031
154 9.22517 0 0 0 0 -0.187993 -0.187993 -0.175902
155 9.28527 0 0 0 0 -0.187016 -0.187016 -0.176343
156 9.34536 0 0 0 0 -0.187411 -0.187411 -0.176977
157 9.40546 0 0 0 0 -0.188112 -0.188112 -0.177455
158 9.46556 0 0 0 0 -0.189743 -0.189743 -0.177963
159 9.52566 0 0 0 0 -0.194627 -0.194627 -0.179108
160 9.58576 0 0 0 0 -0.199992 -0.199992 -0.180651
161 9.64586 0 0 0 0 -0.195635 -0.195635 -0.180405
162 9.70596 0 0 0 0 -0.194473 -0.194473 -0.180825
163 9.76606 0 0 0 0 -0.196346 -0.196346 -0.181752
164 9.82615 0 0 0 0 -0.197942 -0.197942 -0.182493
165 9.88625 0 0 0 0 -0.197129 -0.197129 -0.18279
166 9.94635 0 0 0 0 -0.196132 -0.196132 -0.183264
167 10.0065 0 0 0 0 -0.195845 -0.195845 -0.183884
168 10.0665 0 0 0 0 -0.193692 -0.193692 -0.183917
169 10.1266 0 0 0 0 -0.19554 -0.19554 -0.184504
170 10.1867 0 0 0 0 -0.197571 -0.197571 -0.184987
171 10.2468 0 0 0 0 -0.202381 -0.202381 -0.186288
172 10.3069 0 0 0 0 -0.201122 -0.201122 -0.18655
173 10.367 0 0 0 0 -0.198891 -0.198891 -0.1867
174 10.4271 0 0 0 0 -0.196299 -0.196299 -0.186531
175 10.4872 0 0 0 0 -0.197733 -0.197733 -0.186967
176 10.5473 0 0 0 0 -0.203689 -0.203689 -0.188504
177 10.6074 0 0 0 0 -0.202173 -0.202173 -0.188585
178 10.6675 0 0 0 0 -0.19795 -0.19795 -0.188158
179 10.7276 0 0 0 0 -0.198394 -0.198394 -0.188616
180 10.7877 0 0 0 0 -0.199617 -0.199617 -0.189005
181 10.8478 0 0 0 0 -0.204224 -0.204224 -0.190126
182 10.9079 0 0 0 0 -0.202113 -0.202113 -0.189902
183 10.968 0 0 0 0 -0.200018 -0.200018 -0.189841
184 11.0281 0 0 0 0 -0.201087 -0.201087 -0.190483
185 11.0882 0 0 0 0 -0.200846 -0.200846 -0.19068
186 11.1483 0 0 0 0 -0.200967 -0.200967 -0.190792
187 11.2084 0 0 0 0 -0.203216 -0.203216 -0.191373
188 11.2685 0 0 0 0 -0.202782 -0.202782 -0.191562
189 11.3286 0 0 0 0 -0.200485 -0.200485 -0.191389
190 11.3887 0 0 0 0 -0.201423 -0.201423 -0.191876
191 11.4488 0 0 0 0 -0.201454 -0.201454 -0.192021
192 11.5089 0 0 0 0 -0.202036 -0.202036 -0.192253
193 11.569 0 0 0 0 -0.200273 -0.200273 -0.192007
194 11.6291 0 0 0 0 -0.200671 -0.200671 -0.192182
195 11.6892 0 0 0 0 -0.204898 -0.204898 -0.193219
196 11.7493 0 0 0 0 -0.200449 -0.200449 -0.192249
197 11.8094 0 0 0 0 -0.202942 -0.202942 -0.193031
198 11.8695 0 0 0 0 -0.199549 -0.199549 -0.192312
199 11.9296 0 0 0 0 -0.203022 -0.203022 -0.193213
200 11.9897 0 0 0 0 -0.199551 -0.199551 -0.192542
201 12.0498 0 0 0 0 -0.200227 -0.200227 -0.192857
202 12.1099 0 0 0 0 -0.198647 -0.198647 -0.192538
203 12.17 0 0 0 0 -0.198919 -0.198919 -0.192512
204 12.2301 0 0 0 0 -0.200706 -0.200706 -0.192726
205 12.2902 0 0 0 0 -0.202268 -0.202268 -0.192804
206 12.3503 0 0 0 0 -0.203322 -0.203322 -0.192903
207 12.4104 0 0 0 0 -0.200992 -0.200992 -0.192195
208 12.4705 0 0 0 0 -0.203604 -0.203604 -0.192802
209 12.5306 0 0 0 0 -0.200512 -0.200512 -0.191997
210 12.5907 0 0 0 0 -0.200919 -0.200919 -0.192092
211 12.6508 0 0 0 0 -0.200746 -0.200746 -0.192147
212 12.7109 0 0 0 0 -0.197349 -0.197349 -0.191351
213 12.771 0 0 0 0 -0.198961 -0.198961 -0.191565
214 12.8311 0 0 0 0 -0.197636 -0.197636 -0.190877
215 12.8912 0 0 0 0 -0.203106 -0.203106 -0.191807
216 12.9513 0 0 0 0 -0.201198 -0.201198 -0.19113
217 13.0114 0 0 0 0 -0.198666 -0.198666 -0.190534
218 13.0715 0 0 0 0 -0.195792 -0.195792 -0.189761
219 13.1316 0 0 0 0 -0.199511 -0.199511 -0.190314
220 13.1917 0 0 0 0 -0.200957 -0.200957 -0.189982
221 13.2518 0 0 0 0 -0.204102 -0.204102 -0.190002
222 13.3119 0 0 0 0 -0.204577 -0.204577 -0.189677
223 13.372 0 0 0 0 -0.201681 -0.201681 -0.189053
224 13.4321 0 0 0 0 -0.197299 -0.197299 -0.188138
225 13.4922 0 0 0 0 -0.197536 -0.197536 -0.188038
226 13.5523 0 0 0 0 -0.198067 -0.198067 -0.187799
227 13.6124 0 0 0 0 -0.196914 -0.196914 -0.1872
228 13.6725 0 0 0 0 -0.195649 -0.195649 -0.186685
229 13.7326 0 0 0 0 -0.196318 -0.196318 -0.18658
230 13.7927 0 0 0 0 -0.195783 -0.195783 -0.185993
231 13.8528 0 0 0 0 -0.197253 -0.197253 -0.185614
232 13.9129 0 0 0 0 -0.199006 -0.199006 -0.185209
233 13.973 0 0 0 0 -0.202962 -0.202962 -0.185433
234 14.0331 0 0 0 0 -0.195063 -0.195063 -0.183495
235 14.0932 0 0 0 0 -0.195654 -0.195654 -0.183447
236 14.1533 0 0 0 0 -0.194015 -0.194015 -0.182562
237 14.2134 0 0 0 0 -0.200432 -0.200432 -0.183195
238 14.2735 0 0 0 0 -0.19674 -0.19674 -0.181679
239 14.3336 0 0 0 0 -0.195659 -0.195659 -0.181097
240 14.3937 0 0 0 0 -0.193592 -0.193592 -0.180344
241 14.4538 0 0 0 0 -0.191842 -0.191842 -0.179593
242 14.5139 0 0 0 0 -0.192053 -0.192053 -0.179106
243 14.574 0 0 0 0 -0.192511 -0.192511 -0.17858
244 14.6341 0 0 0 0 -0.191709 -0.191709 -0.177754
245 14.6942 0 0 0 0 -0.192281 -0.192281 -0.177194
246 14.7543 0 0 0 0 -0.190859 -0.190859 -0.176245
247 14.8144 0 0 0 0 -0.191728 -0.191728 -0.175829
248 14.8745 0 0 0 0 -0.189416 -0.189416 -0.174611
249 14.9346 0 0 0 0 -0.191116 -0.191116 -0.174208
250 14.9947 0 0 0 0 -0.192273 -0.192273 -0.173348
251 15.0548 0 0 0 0 -0.198436 -0.198436 -0.173414
252 15.1148 0 0 0 0 -0.195337 -0.195337 -0.171564
253 15.1749 0 0 0 0 -0.192711 -0.192711 -0.170164
254 15.235 0 0 0 0 -0.193908 -0.193908 -0.169778
255 15.2951 0 0 0 0 -0.189175 -0.189175 -0.168305
256 15.3552 0 0 0 0 -0.185768 -0.185768 -0.167018
257 15.4153 0 0 0 0 -0.184234 -0.184234 -0.165947
258 15.4754 0 0 0 0 -0.184579 -0.184579 -0.165363
259 15.5355 0 0 0 0 -0.180188 -0.180188 -0.164029
260 15.5956 0 0 0 0 -0.174951 -0.174951 -0.162516
261 15.6557 0 0 0 0 -0.173722 -0.173722 -0.161725
262 15.7158 0 0 0 0 -0.174946 -0.174946 -0.161186
263 15.7759 0 0 0 0 -0.177114 -0.177114 -0.160588
264 15.836 0 0 0 0 -0.174801 -0.174801 -0.158985
265 15.8961 0 0 0 0 -0.17395 -0.17395 -0.157901
266 15.9562 0 0 0 0 -0.173338 -0.173338 -0.156726
267 16.0163 0 0 0 0 -0.176281 -0.176281 -0.156129
268 16.0764 0 0 0 0 -0.173551 -0.173551 -0.15422
269 16.1365 0 0 0 0 -0.173069 -0.173069 -0.153069
270 16.1966 0 0 0 0 -0.170362 -0.170362 -0.151606
271 16.2567 0 0 0 0 -0.164693 -0.164693 -0.149601
272 16.3168 0 0 0 0 -0.16436 -0.16436 -0.148727
273 16.3769 0 0 0 0 -0.164872 -0.164872 -0.147762
274 16.437 0 0 0 0 -0.162721 -0.162721 -0.146109
275 16.4971 0 0 0 0 -0.162571 -0.162571 -0.144971
276 16.5572 0 0 0 0 -0.158212 -0.158212 -0.143157
277 16.6173 0 0 0 0 -0.156678 -0.156678 -0.141943
278 16.6774 0 0 0 0 -0.159736 -0.159736 -0.141433
279 16.7375 0 0 0 0 -0.157694 -0.157694 -0.139404
280 16.7976 0 0 0 0 -0.160133 -0.160133 -0.138337
281 16.8577 0 0 0 0 -0.156815 -0.156815 -0.136089
282 16.9178 0 0 0 0 -0.154518 -0.154518 -0.134315
283 16.9779 0 0 0 0 -0.156263 -0.156263 -0.133413
284 17.038 0 0 0 0 -0.154334 -0.154334 -0.13149
285 17.0981 0 0 0 0 -0.153004 -0.153004 -0.129628
286 17.1582 0 0 0 0 -0.153191 -0.153191 -0.127938
287 17.2183 0 0 0 0 -0.150835 -0.150835 -0.125833
288 17.2784 0 0 0 0 -0.149898 -0.149898 -0.124122
289 17.3385 0 0 0 0 -0.144464 -0.144464 -0.121619
290 17.3986 0 0 0 0 -0.142135 -0.142135 -0.119956
291 17.4587 0 0 0 0 -0.13899 -0.13899 -0.118183
292 17.5188 0 0 0 0 -0.137248 -0.137248 -0.11673
293 17.5789 0 0 0 0 -0.137381 -0.137381 -0.115407
294 17.639 0 0 0 0 -0.138492 -0.138492 -0.113889
295 17.6991 0 0 0 0 -0.135992 -0.135992 -0.111458
296 17.7592 0 0 0 0 -0.134912 -0.134912 -0.109536
297 17.8193 0 0 0 0 -0.133256 -0.133256 -0.107623
298 17.8794 0 0 0 0 -0.127582 -0.127582 -0.105132
299 17.9395 0 0 0 0 -0.129173 -0.129173 -0.104016
300 17.9996 0 0 0 0 -0.12735 -0.12735 -0.101969
301 18.0597 0 0 0 0 -0.12463 -0.12463 -0.0997832
302 18.1198 0 0 0 0 -0.12058 -0.12058 -0.0975026
303 18.1799 0 0 0 0 -0.121774 -0.121774 -0.0963089
304 18.24 0 0 0 0 -0.119633 -0.119633 -0.0942062
305 18.3001 0 0 0 0 -0.116419 -0.116419 -0.0919033
306 18.3602 0 0 0 0 -0.116217 -0.116217 -0.0902332
307 18.4203 0 0 0 0 -0.114505 -0.114505 -0.0880558
308 18.4804 0 0 0 0 -0.111901 -0.111901 -0.0859057
309 18.5405 0 0 0 0 -0.108592 -0.108592 -0.0837481
310 18.6006 0 0 0 0 -0.105784 -0.105784 -0.0818015
311 18.6607 0 0 0 0 -0.104651 -0.104651 -0.080078
312 18.7208 0 0 0 0 -0.104983 -0.104983 -0.0783767
313 18.7809 0 0 0 0 -0.102468 -0.102468 -0.0759743
314 18.841 0 0 0 0 -0.0981611 -0.0981611 -0.0734881
315 18.9011 0 0 0 0 -0.0957722 -0.0957722 -0.0715455
316 18.9612 0 0 0 0 -0.093725 -0.093725 -0.0696007
317 19.0213 0 0 0 0 -0.090674 -0.090674 -0.0674701
318 19.0814 0 0 0 0 -0.0873503 -0.0873503 -0.0653793
319 19.1415 0 0 0 0 -0.0841612 -0.0841612 -0.0634602
320 19.2016 0 0 0 0 -0.0819509 -0.0819509 -0.0617312
321 19.2617 0 0 0 0 -0.0788722 -0.0788722 -0.0598169
322 19.3218 0 0 0 0 -0.0764016 -0.0764016 -0.0581321
323 19.3819 0 0 0 0 -0.0735812 -0.0735812 -0.0564492
324 19.442 0 0 0 0 -0.0713484 -0.0713484 -0.0549774
325 19.5021 0 0 0 0 -0.0709349 -0.0709349 -0.0537055
326 19.5622 0 0 0 0 -0.0691744 -0.0691744 -0.0519588
327 19.6223 0 0 0 0 -0.066646 -0.066646 -0.0500683
328 19.6824 0 0 0 0 -0.0657714 -0.0657714 -0.0484731
329 19.7425 0 0 0 0 -0.0617065 -0.0617065 -0.0463037
330 19.8026 0 0 0 0 -0.0591474 -0.0591474 -0.0446065
331 19.8627 0 0 0 0 -0.0564204 -0.0564204 -0.0429406
332 19.9228 0 0 0 0 -0.0537515 -0.0537515 -0.0413288
333 19.9829 0 0 0 0 -0.0516528 -0.0516528 -0.0398592
334 20.043 0 0 0 0 -0.0492867 -0.0492867 -0.0383368
335 20.1031 0 0 0 0 -0.0469132 -0.0469132 -0.0368831
336 20.1631 0 0 0 0 -0.0443275 -0.0443275 -0.0355261
337 20.2232 0 0 0 0 -0.0430806 -0.0430806 -0.0344109
338 20.2833 0 0 0 0 -0.0400727 -0.0400727 -0.0328969
339 20.3434 0 0 0 0 -0.0389054 -0.0389054 -0.031781
340 20.4035 0 0 0 0 -0.0366891 -0.0366891 -0.0303985
341 20.4636 0 0 0 0 -0.0343452 -0.0343452 -0.0290601
342 20.5237 0 0 0 0 -0.0322659 -0.0322659 -0.0278824
343 20.5838 0 0 0 0 -0.0304601 -0.0304601 -0.0267634
344 20.6439 0 0 0 0 -0.0291205 -0.0291205 -0.0256752
345 20.704 0 0 0 0 -0.0260153 -0.0260153 -0.0241856
346 20.7641 0 0 0 0 -0.023604 -0.023604 -0.0230681
347 20.8242 0 0 0 0 -0.021544 -0.021544 -0.0221733
348 20.8843 0 0 0 0 -0.0202706 -0.0202706 -0.0215117
349 20.9444 0 0 0 0 -0.0191371 -0.0191371 -0.0208815
350 21.0045 0 0 0 0 -0.0177686 -0.0177686 -0.0202076
351 21.0646 0 0 0 0 -0.0171451 -0.0171451 -0.01976
352 21.1247 0 0 0 0 -0.0164402 -0.0164402 -0.01919
353 21.1848 0 0 0 0 -0.0156034 -0.0156034 -0.0185854
354 21.2449 0 0 0 0 -0.0146159 -0.0146159 -0.0179027
355 21.305 0 0 0 0 -0.0132194 -0.0132194 -0.0172227
356 21.3651 0 0 0 0 -0.0123413 -0.0123413 -0.0167562
357 21.4252 0 0 0 0 -0.0116311 -0.0116311 -0.0163367
358 21.4853 0 0 0 0 -0.0110497 -0.0110497 -0.0159382
359 21.5454 0 0 0 0 -0.0105391 -0.0105391 -0.0155261
360 21.6055 0 0 0 0 -0.00977928 -0.00977928 -0.0150682
361 21.6656 0 0 0 0 -0.00946056 -0.00946056 -0.0148331
362 21.7257 0 0 0 0 -0.00925199 -0.00925199 -0.0145783
363 21.7858 0 0 0 0 -0.00894274 -0.00894274 -0.0142125
364 21.8459 0 0 0 0 -0.00758873 -0.00758873 -0.0135203
365 21.906 0 0 0 0 -0.00704632 -0.00704632 -0.0132121
366 21.9661 0 0 0 0 -0.00655213 -0.00655213 -0.0129403
367 22.0262 0 0 0 0 -0.00615041 -0.00615041 -0.0126964
368 22.0863 0 0 0 0 -0.00606392 -0.00606392 -0.012626
369 22.1464 0 0 0 0 -0.00608801 -0.00608801 -0.0125832
370 22.2065 0 0 0 0 -0.00592178 -0.00592178 -0.0123921
371 22.2666 0 0 0 0 -0.00560147 -0.00560147 -0.0121628
372 22.3267 0 0 0 0 -0.0052998 -0.0052998 -0.0119844
373 22.3868 0 0 0 0 -0.00517237 -0.00517237 -0.0119114
374 22.4469 0 0 0 0 -0.00512453 -0.00512453 -0.0118743
375 22.507 0 0 0 0 -0.0050908 -0.0050908 -0.0118283
376 22.5671 0 0 0 0 -0.00500167 -0.00500167 -0.0117309
377 22.6272 0 0 0 0 -0.00498874 -0.00498874 -0.0116485
378 22.6873 0 0 0 0 -0.00476988 -0.00476988 -0.0114475
379 22.7474 0 0 0 0 -0.00463795 -0.00463795 -0.0113319
380 22.8075 0 0 0 0 -0.00466922 -0.00466922 -0.0112853
381 22.8676 0 0 0 0 -0.00441186 -0.00441186 -0.0110685
382 22.9277 0 0 0 0 -0.00417462 -0.00417462 -0.0109106
383 22.9878 0 0 0 0 -0.00409053 -0.00409053 -0.0108507
384 23.0479 0 0 0 0 -0.00399689 -0.00399689 -0.0107787
385 23.108 0 0 0 0 -0.0038534 -0.0038534 -0.0106704
386 23.1681 0 0 0 0 -0.00385871 -0.00385871 -0.0106598
387 23.2282 0 0 0 0 -0.00372994 -0.00372994 -0.0105875
388 23.2883 0 0 0 0 -0.00357951 -0.00357951 -0.0104986
389 23.3484 0 0 0 0 -0.00349498 -0.00349498 -0.0104527
390 23.4085 0 0 0 0 -0.00345857 -0.00345857 -0.0104343
391 23.4686 0 0 0 0 -0.00342853 -0.00342853 -0.0104106
392 23.5287 0 0 0 0 -0.00342859 -0.00342859 -0.0104109
393 23.5888 0 0 0 0 -0.00345037 -0.00345037 -0.0104306
394 23.6489 0 0 0 0 -0.00342644 -0.00342644 -0.0104096
395 23.709 0 0 0 0 -0.00345722 -0.00345722 -0.0104364
24000 395
1 0.0300494 0 0 0 0 -0.00366554 -0.00366554 -0.0107813
2 0.0901482 0 0 0 0 -0.00367508 -0.00367508 -0.0107745
3 0.150247 0 0 0 0 -0.00371225 -0.00371225 -0.0107971
4 0.210346 0 0 0 0 -0.00366735 -0.00366735 -0.0107785
5 0.270445 0 0 0 0 -0.00370084 -0.00370084 -0.0108086
6 0.330543 0 0 0 0 -0.00367956 -0.00367956 -0.010788
7 0.390642 0 0 0 0 -0.00373875 -0.00373875 -0.0108233
8 0.450741 0 0 0 0 -0.00381055 -0.00381055 -0.0108617
9 0.51084 0 0 0 0 -0.00391325 -0.00391325 -0.0109361
10 0.570939 0 0 0 0 -0.00392703 -0.00392703 -0.0109488
11 0.631037 0 0 0 0 -0.00397639 -0.00397639 -0.0109758
12 0.691136 0 0 0 0 -0.00403741 -0.00403741 -0.0110139
13 0.751235 0 0 0 0 -0.00422131 -0.00422131 -0.0111009
14 0.811334 0 0 0 0 -0.00451192 -0.00451192 -0.0112689
15 0.871433 0 0 0 0 -0.0047413 -0.0047413 -0.0114485
16 0.931531 0 0 0 0 -0.00477589 -0.00477589 -0.0115483
17 0.99163 0 0 0 0 -0.00481294 -0.00481294 -0.0116445
18 1.05173 0 0 0 0 -0.00483647 -0.00483647 -0.0116862
19 1.11183 0 0 0 0 -0.00491454 -0.00491454 -0.0117528
20 1.17193 0 0 0 0 -0.00491528 -0.00491528 -0.011767
21 1.23203 0 0 0 0 -0.00514508 -0.00514508 -0.0119081
22 1.29212 0 0 0 0 -0.00530362 -0.00530362 -0.0120356
23 1.35222 0 0 0 0 -0.0054081 -0.0054081 -0.0121214
24 1.41232 0 0 0 0 -0.00577742 -0.00577742 -0.0123293
25 1.47242 0 0 0 0 -0.00590957 -0.00590957 -0.0124629
26 1.53252 0 0 0 0 -0.00628335 -0.00628335 -0.012711
27 1.59262 0 0 0 0 -0.00664017 -0.00664017 -0.0129778
28 1.65272 0 0 0 0 -0.00689283 -0.00689283 -0.013213
29 1.71282 0 0 0 0 -0.00700674 -0.00700674 -0.0133394
30 1.77291 0 0 0 0 -0.00734205 -0.00734205 -0.0135254
31 1.83301 0 0 0 0 -0.00751795 -0.00751795 -0.0136582
32 1.89311 0 0 0 0 -0.00790092 -0.00790092 -0.0138738
33 1.95321 0 0 0 0 -0.00837225 -0.00837225 -0.0141597
34 2.01331 0 0 0 0 -0.00918037 -0.00918037 -0.0146012
35 2.07341 0 0 0 0 -0.00968848 -0.00968848 -0.0149891
36 2.13351 0 0 0 0 -0.0102414 -0.0102414 -0.0153577
37 2.19361 0 0 0 0 -0.0108601 -0.0108601 -0.015796
38 2.25371 0 0 0 0 -0.0112352 -0.0112352 -0.0161712
39 2.3138 0 0 0 0 -0.0114909 -0.0114909 -0.0163904
40 2.3739 0 0 0 0 -0.0119376 -0.0119376 -0.0166018
41 2.434 0 0 0 0 -0.0130567 -0.0130567 -0.0170548
42 2.4941 0 0 0 0 -0.0151413 -0.0151413 -0.0178619
43 2.5542 0 0 0 0 -0.0166331 -0.0166331 -0.0186567
44 2.6143 0 0 0 0 -0.0174675 -0.0174675 -0.01933
45 2.6744 0 0 0 0 -0.0182933 -0.0182933 -0.0199374
46 2.7345 0 0 0 0 -0.019036 -0.019036 -0.020473
47 2.79459 0 0 0 0 -0.0208746 -0.0208746 -0.0212987
48 2.85469 0 0 0 0 -0.0230357 -0.0230357 -0.0223359
49 2.91479 0 0 0 0 -0.0253332 -0.0253332 -0.0235586
50 2.97489 0 0 0 0 -0.0268645 -0.0268645 -0.024637
51 3.03499 0 0 0 0 -0.028653 -0.028653 -0.0258205
52 3.09509 0 0 0 0 -0.0292241 -0.0292241 -0.0266398
53 3.15519 0 0 0 0 -0.0305411 -0.0305411 -0.0275465
54 3.21529 0 0 0 0 -0.0320821 -0.0320821 -0.0285489
55 3.27538 0 0 0 0 -0.0338738 -0.0338738 -0.0296901
56 3.33548 0 0 0 0 -0.0350772 -0.0350772 -0.0306781
57 3.39558 0 0 0 0 -0.0363609 -0.0363609 -0.0315702
58 3.45568 0 0 0 0 -0.0382593 -0.0382593 -0.0325971
59 3.51578 0 0 0 0 -0.0403493 -0.0403493 -0.0338051
60 3.57588 0 0 0 0 -0.0418541 -0.0418541 -0.034851
61 3.63598 0 0 0 0 -0.0431662 -0.0431662 -0.0357615
62 3.69608 0 0 0 0 -0.0471207 -0.0471207 -0.0373548
63 3.75618 0 0 0 0 -0.050403 -0.050403 -0.038992
64 3.81627 0 0 0 0 -0.0540888 -0.0540888 -0.0409764
65 3.87637 0 0 0 0 -0.0558675 -0.0558675 -0.0426725
66 3.93647 0 0 0 0 -0.0576181 -0.0576181 -0.044241
67 3.99657 0 0 0 0 -0.0593677 -0.0593677 -0.045688
68 4.05667 0 0 0 0 -0.0615479 -0.0615479 -0.0472457
69 4.11677 0 0 0 0 -0.0641301 -0.0641301 -0.0489931
70 4.17687 0 0 0 0 -0.0652965 -0.0652965 -0.0503907
71 4.23697 0 0 0 0 -0.0684437 -0.0684437 -0.0521819
72 4.29706 0 0 0 0 -0.0694597 -0.0694597 -0.0536081
73 4.35716 0 0 0 0 -0.0725159 -0.0725159 -0.0554127
74 4.41726 0 0 0 0 -0.0744294 -0.0744294 -0.0570551
75 4.47736 0 0 0 0 -0.076547 -0.076547 -0.0587764
76 4.53746 0 0 0 0 -0.0787496 -0.0787496 -0.060519
77 4.59756 0 0 0 0 -0.0796477 -0.0796477 -0.0618305
78 4.65766 0 0 0 0 -0.0819415 -0.0819415 -0.0632775
79 4.71776 0 0 0 0 -0.0866279 -0.0866279 -0.0653711
80 4.77786 0 0 0 0 -0.0893918 -0.0893918 -0.0673106
81 4.83795 0 0 0 0 -0.0911842 -0.0911842 -0.0689992
82 4.89805 0 0 0 0 -0.0958516 -0.0958516 -0.0713618
83 4.95815 0 0 0 0 -0.0978046 -0.0978046 -0.0734245
84 5.01825 0 0 0 0 -0.100526 -0.100526 -0.0757034
85 5.07835 0 0 0 0 -0.101886 -0.101886 -0.0776464
86 5.13845 0 0 0 0 -0.103605 -0.103605 -0.0795681
87 5.19855 0 0 0 0 -0.105027 -0.105027 -0.0814678
88 5.25865 0 0 0 0 -0.106771 -0.106771 -0.0834028
89 5.31874 0 0 0 0 -0.106541 -0.106541 -0.0847413
90 5.37884 0 0 0 0 -0.108674 -0.108674 -0.0863462
91 5.43894 0 0 0 0 -0.111632 -0.111632 -0.0881767
92 5.49904 0 0 0 0 -0.115313 -0.115313 -0.0901977
93 5.55914 0 0 0 0 -0.118956 -0.118956 -0.0924853
94 5.61924 0 0 0 0 -0.121501 -0.121501 -0.0947975
95 5.67934 0 0 0 0 -0.122163 -0.122163 -0.0968708
96 5.73944 0 0 0 0 -0.122361 -0.122361 -0.0986999
97 5.79953 0 0 0 0 -0.123658 -0.123658 -0.100526
98 5.85963 0 0 0 0 -0.124225 -0.124225 -0.102028
99 5.91973 0 0 0 0 -0.125385 -0.125385 -0.103462
100 5.97983 0 0 0 0 -0.129538 -0.129538 -0.105531
101 6.03993 0 0 0 0 -0.132309 -0.132309 -0.107593
102 6.10003 0 0 0 0 -0.136318 -0.136318 -0.110236
103 6.16013 0 0 0 0 -0.134657 -0.134657 -0.111799
104 6.22023 0 0 0 0 -0.135747 -0.135747 -0.1137
105 6.28033 0 0 0 0 -0.135203 -0.135203 -0.115028
106 6.34042 0 0 0 0 -0.136221 -0.136221 -0.116518
107 6.40052 0 0 0 0 -0.139666 -0.139666 -0.118597
108 6.46062 0 0 0 0 -0.140912 -0.140912 -0.120353
109 6.52072 0 0 0 0 -0.140642 -0.140642 -0.121752
110 6.58082 0 0 0 0 -0.141269 -0.141269 -0.123186
111 6.64092 0 0 0 0 -0.143649 -0.143649 -0.124917
112 6.70102 0 0 0 0 -0.143298 -0.143298 -0.125838
113 6.76112 0 0 0 0 -0.148635 -0.148635 -0.128058
114 6.82121 0 0 0 0 -0.150346 -0.150346 -0.129631
115 6.88131 0 0 0 0 -0.15128 -0.15128 -0.131124
116 6.94141 0 0 0 0 -0.156104 -0.156104 -0.133521
117 7.00151 0 0 0 0 -0.155346 -0.155346 -0.134803
118 7.06161 0 0 0 0 -0.155712 -0.155712 -0.136351
119 7.12171 0 0 0 0 -0.1554 -0.1554 -0.137739
120 7.18181 0 0 0 0 -0.156659 -0.156659 -0.139316
121 7.24191 0 0 0 0 -0.157345 -0.157345 -0.140515
122 7.302 0 0 0 0 -0.158765 -0.158765 -0.141846
123 7.3621 0 0 0 0 -0.16167 -0.16167 -0.14364
124 7.4222 0 0 0 0 -0.162028 -0.162028 -0.14507
125 7.4823 0 0 0 0 -0.161677 -0.161677 -0.146335
126 7.5424 0 0 0 0 -0.160207 -0.160207 -0.147095
127 7.6025 0 0 0 0 -0.162298 -0.162298 -0.148382
128 7.6626 0 0 0 0 -0.164713 -0.164713 -0.149685
129 7.7227 0 0 0 0 -0.166765 -0.166765 -0.151055
130 7.7828 0 0 0 0 -0.170891 -0.170891 -0.153142
131 7.84289 0 0 0 0 -0.166877 -0.166877 -0.153354
132 7.90299 0 0 0 0 -0.168877 -0.168877 -0.154818
133 7.96309 0 0 0 0 -0.170955 -0.170955 -0.156222
134 8.02319 0 0 0 0 -0.169929 -0.169929 -0.157009
135 8.08329 0 0 0 0 -0.170261 -0.170261 -0.157982
136 8.14339 0 0 0 0 -0.172004 -0.172004 -0.15922
137 8.20349 0 0 0 0 -0.172339 -0.172339 -0.159977
138 8.26359 0 0 0 0 -0.174335 -0.174335 -0.161103
139 8.32368 0 0 0 0 -0.177002 -0.177002 -0.162279
140 8.38378 0 0 0 0 -0.177883 -0.177883 -0.163198
141 8.44388 0 0 0 0 -0.181024 -0.181024 -0.164614
142 8.50398 0 0 0 0 -0.181921 -0.181921 -0.165634
143 8.56408 0 0 0 0 -0.181962 -0.181962 -0.166489
144 8.62418 0 0 0 0 -0.181591 -0.181591 -0.167313
145 8.68428 0 0 0 0 -0.183836 -0.183836 -0.168605
146 8.74438 0 0 0 0 -0.181839 -0.181839 -0.169036
147 8.80447 0 0 0 0 -0.181586 -0.181586 -0.169724
148 8.86457 0 0 0 0 -0.183883 -0.183883 -0.170877
149 8.92467 0 0 0 0 -0.18388 -0.18388 -0.171396
150 8.98477 0 0 0 0 -0.186827 -0.186827 -0.172633
151 9.04487 0 0 0 0 -0.186667 -0.186667 -0.17318
152 9.10497 0 0 0 0 -0.188591 -0.188591 -0.17429
153 9.16507 0 0 0 0 -0.187524 -0.187524 -0.174767
154 9.22517 0 0 0 0 -0.187101 -0.187101 -0.175433
155 9.28527 0 0 0 0 -0.187445 -0.187445 -0.176177
156 9.34536 0 0 0 0 -0.187521 -0.187521 -0.176741
157 9.40546 0 0 0 0 -0.187782 -0.187782 -0.177134
158 9.46556 0 0 0 0 -0.190849 -0.190849 -0.178039
159 9.52566 0 0 0 0 -0.194293 -0.194293 -0.179024
160 9.58576 0 0 0 0 -0.19711 -0.19711 -0.180167
161 9.64586 0 0 0 0 -0.193477 -0.193477 -0.180098
162 9.70596 0 0 0 0 -0.192456 -0.192456 -0.180498
163 9.76606 0 0 0 0 -0.194498 -0.194498 -0.181384
164 9.82615 0 0 0 0 -0.196404 -0.196404 -0.182133
165 9.88625 0 0 0 0 -0.19617 -0.19617 -0.182481
166 9.94635 0 0 0 0 -0.195576 -0.195576 -0.182923
167 10.0065 0 0 0 0 -0.196819 -0.196819 -0.18377
168 10.0665 0 0 0 0 -0.194837 -0.194837 -0.183753
169 10.1266 0 0 0 0 -0.19709 -0.19709 -0.184478
170 10.1867 0 0 0 0 -0.198417 -0.198417 -0.185015
171 10.2468 0 0 0 0 -0.200437 -0.200437 -0.185876
172 10.3069 0 0 0 0 -0.19913 -0.19913 -0.186168
173 10.367 0 0 0 0 -0.197136 -0.197136 -0.186279
174 10.4271 0 0 0 0 -0.196374 -0.196374 -0.186453
175 10.4872 0 0 0 0 -0.196906 -0.196906 -0.186618
176 10.5473 0 0 0 0 -0.20318 -0.20318 -0.188172
177 10.6074 0 0 0 0 -0.202927 -0.202927 -0.188436
178 10.6675 0 0 0 0 -0.19831 -0.19831 -0.187765
179 10.7276 0 0 0 0 -0.200768 -0.200768 -0.188521
180 10.7877 0 0 0 0 -0.203551 -0.203551 -0.189196
181 10.8478 0 0 0 0 -0.205483 -0.205483 -0.18986
182 10.9079 0 0 0 0 -0.202523 -0.202523 -0.189588
183 10.968 0 0 0 0 -0.201081 -0.201081 -0.189708
184 11.0281 0 0 0 0 -0.201933 -0.201933 -0.190257
185 11.0882 0 0 0 0 -0.202372 -0.202372 -0.190603
186 11.1483 0 0 0 0 -0.201628 -0.201628 -0.190615
187 11.2084 0 0 0 0 -0.202683 -0.202683 -0.191101
188 11.2685 0 0 0 0 -0.201477 -0.201477 -0.19123
189 11.3286 0 0 0 0 -0.199366 -0.199366 -0.191122
190 11.3887 0 0 0 0 -0.199305 -0.199305 -0.191327
191 11.4488 0 0 0 0 -0.200357 -0.200357 -0.191662
192 11.5089 0 0 0 0 -0.201171 -0.201171 -0.19194
193 11.569 0 0 0 0 -0.19951 -0.19951 -0.191681
194 11.6291 0 0 0 0 -0.19962 -0.19962 -0.191723
195 11.6892 0 0 0 0 -0.203572 -0.203572 -0.192533
196 11.7493 0 0 0 0 -0.202977 -0.202977 -0.192204
197 11.8094 0 0 0 0 -0.206431 -0.206431 -0.192981
198 11.8695 0 0 0 0 -0.201672 -0.201672 -0.192063
199 11.9296 0 0 0 0 -0.203441 -0.203441 -0.192716
200 11.9897 0 0 0 0 -0.200549 -0.200549 -0.192253
201 12.0498 0 0 0 0 -0.200725 -0.200725 -0.192451
202 12.1099 0 0 0 0 -0.199452 -0.199452 -0.192187
203 12.17 0 0 0 0 -0.199734 -0.199734 -0.192135
204 12.2301 0 0 0 0 -0.20213 -0.20213 -0.1925
205 12.2902 0 0 0 0 -0.202911 -0.202911 -0.192495
206 12.3503 0 0 0 0 -0.202709 -0.202709 -0.192444
207 12.4104 0 0 0 0 -0.200186 -0.200186 -0.191828
208 12.4705 0 0 0 0 -0.201366 -0.201366 -0.19215
209 12.5306 0 0 0 0 -0.199282 -0.199282 -0.191582
210 12.5907 0 0 0 0 -0.199825 -0.199825 -0.191594
211 12.6508 0 0 0 0 -0.201338 -0.201338 -0.19184
212 12.7109 0 0 0 0 -0.19925 -0.19925 -0.191134
213 12.771 0 0 0 0 -0.201266 -0.201266 -0.19135
214 12.8311 0 0 0 0 -0.199611 -0.199611 -0.190608
215 12.8912 0 0 0 0 -0.204017 -0.204017 -0.191313
216 12.9513 0 0 0 0 -0.202734 -0.202734 -0.190757
217 13.0114 0 0 0 0 -0.20047 -0.20047 -0.190157
218 13.0715 0 0 0 0 -0.198559 -0.198559 -0.189609
219 13.1316 0 0 0 0 -0.200121 -0.200121 -0.189762
220 13.1917 0 0 0 0 -0.200973 -0.200973 -0.189452
221 13.2518 0 0 0 0 -0.203439 -0.203439 -0.18944
222 13.3119 0 0 0 0 -0.203564 -0.203564 -0.18906
223 13.372 0 0 0 0 -0.201726 -0.201726 -0.18858
224 13.4321 0 0 0 0 -0.197896 -0.197896 -0.187721
225 13.4922 0 0 0 0 -0.197913 -0.197913 -0.187562
226 13.5523 0 0 0 0 -0.197827 -0.197827 -0.187244
227 13.6124 0 0 0 0 -0.196878 -0.196878 -0.186722
228 13.6725 0 0 0 0 -0.195211 -0.195211 -0.186095
229 13.7326 0 0 0 0 -0.195832 -0.195832 -0.185977
230 13.7927 0 0 0 0 -0.195467 -0.195467 -0.185425
231 13.8528 0 0 0 0 -0.196536 -0.196536 -0.185009
232 13.9129 0 0 0 0 -0.198656 -0.198656 -0.184708
233 13.973 0 0 0 0 -0.201908 -0.201908 -0.184698
234 14.0331 0 0 0 0 -0.195799 -0.195799 -0.182992
235 14.0932 0 0 0 0 -0.198262 -0.198262 -0.183186
236 14.1533 0 0 0 0 -0.194766 -0.194766 -0.181873
237 14.2134 0 0 0 0 -0.199958 -0.199958 -0.182378
238 14.2735 0 0 0 0 -0.1965 -0.1965 -0.180992
239 14.3336 0 0 0 0 -0.194548 -0.194548 -0.180284
240 14.3937 0 0 0 0 -0.192481 -0.192481 -0.179555
241 14.4538 0 0 0 0 -0.190167 -0.190167 -0.178708
242 14.5139 0 0 0 0 -0.190818 -0.190818 -0.178401
243 14.574 0 0 0 0 -0.190046 -0.190046 -0.177632
244 14.6341 0 0 0 0 -0.188983 -0.188983 -0.176753
245 14.6942 0 0 0 0 -0.19118 -0.19118 -0.176526
246 14.7543 0 0 0 0 -0.190144 -0.190144 -0.175551
247 14.8144 0 0 0 0 -0.189734 -0.189734 -0.17481
248 14.8745 0 0 0 0 -0.187592 -0.187592 -0.173666
249 14.9346 0 0 0 0 -0.188835 -0.188835 -0.1732
250 14.9947 0 0 0 0 -0.189761 -0.189761 -0.172337
251 15.0548 0 0 0 0 -0.195286 -0.195286 -0.172324
252 15.1148 0 0 0 0 -0.193316 -0.193316 -0.170704
253 15.1749 0 0 0 0 -0.18951 -0.18951 -0.169043
254 15.235 0 0 0 0 -0.190131 -0.190131 -0.168577
255 15.2951 0 0 0 0 -0.186914 -0.186914 -0.167412
256 15.3552 0 0 0 0 -0.183081 -0.183081 -0.165991
257 15.4153 0 0 0 0 -0.181539 -0.181539 -0.16493
258 15.4754 0 0 0 0 -0.181634 -0.181634 -0.164262
259 15.5355 0 0 0 0 -0.178126 -0.178126 -0.163024
260 15.5956 0 0 0 0 -0.174117 -0.174117 -0.161694
261 15.6557 0 0 0 0 -0.172157 -0.172157 -0.160696
262 15.7158 0 0 0 0 -0.172825 -0.172825 -0.160016
263 15.7759 0 0 0 0 -0.17598 -0.17598 -0.159617
264 15.836 0 0 0 0 -0.173827 -0.173827 -0.157958
265 15.8961 0 0 0 0 -0.173652 -0.173652 -0.156886
266 15.9562 0 0 0 0 -0.173547 -0.173547 -0.155697
267 16.0163 0 0 0 0 -0.175981 -0.175981 -0.154877
268 16.0764 0 0 0 0 -0.17348 -0.17348 -0.152972
269 16.1365 0 0 0 0 -0.172149 -0.172149 -0.151642
270 16.1966 0 0 0 0 -0.169773 -0.169773 -0.150289
271 16.2567 0 0 0 0 -0.16378 -0.16378 -0.148231
272 16.3168 0 0 0 0 -0.162703 -0.162703 -0.147204
273 16.3769 0 0 0 0 -0.163864 -0.163864 -0.146381
274 16.437 0 0 0 0 -0.162874 -0.162874 -0.144933
275 16.4971 0 0 0 0 -0.161467 -0.161467 -0.143463
276 16.5572 0 0 0 0 -0.157445 -0.157445 -0.141671
277 16.6173 0 0 0 0 -0.156464 -0.156464 -0.140508
278 16.6774 0 0 0 0 -0.158464 -0.158464 -0.139713
279 16.7375 0 0 0 0 -0.15725 -0.15725 -0.137902
280 16.7976 0 0 0 0 -0.158034 -0.158034 -0.136556
281 16.8577 0 0 0 0 -0.154036 -0.154036 -0.134284
282 16.9178 0 0 0 0 -0.152528 -0.152528 -0.13276
283 16.9779 0 0 0 0 -0.154214 -0.154214 -0.131816
284 17.038 0 0 0 0 -0.152492 -0.152492 -0.129918
285 17.0981 0 0 0 0 -0.150986 -0.150986 -0.128027
286 17.1582 0 0 0 0 -0.150339 -0.150339 -0.12623
287 17.2183 0 0 0 0 -0.149294 -0.149294 -0.124425
288 17.2784 0 0 0 0 -0.148464 -0.148464 -0.122662
289 17.3385 0 0 0 0 -0.143792 -0.143792 -0.120209
290 17.3986 0 0 0 0 -0.141148 -0.141148 -0.118377
291 17.4587 0 0 0 0 -0.138967 -0.138967 -0.116701
292 17.5188 0 0 0 0 -0.136136 -0.136136 -0.114961
293 17.5789 0 0 0 0 -0.135595 -0.135595 -0.113541
294 17.639 0 0 0 0 -0.13672 -0.13672 -0.112112
295 17.6991 0 0 0 0 -0.134533 -0.134533 -0.109796
296 17.7592 0 0 0 0 -0.133814 -0.133814 -0.1079
297 17.8193 0 0 0 0 -0.131913 -0.131913 -0.105858
298 17.8794 0 0 0 0 -0.126825 -0.126825 -0.103401
299 17.9395 0 0 0 0 -0.127237 -0.127237 -0.102043
300 17.9996 0 0 0 0 -0.1253 -0.1253 -0.100057
301 18.0597 0 0 0 0 -0.122807 -0.122807 -0.0979834
302 18.1198 0 0 0 0 -0.119451 -0.119451 -0.0958194
303 18.1799 0 0 0 0 -0.119952 -0.119952 -0.0943939
304 18.24 0 0 0 0 -0.11876 -0.11876 -0.0923802
305 18.3001 0 0 0 0 -0.114798 -0.114798 -0.0898844
306 18.3602 0 0 0 0 -0.113549 -0.113549 -0.0880805
307 18.4203 0 0 0 0 -0.111536 -0.111536 -0.0860017
308 18.4804 0 0 0 0 -0.108757 -0.108757 -0.0839086
309 18.5405 0 0 0 0 -0.106322 -0.106322 -0.0819225
310 18.6006 0 0 0 0 -0.103836 -0.103836 -0.0799421
311 18.6607 0 0 0 0 -0.101026 -0.101026 -0.0779232
312 18.7208 0 0 0 0 -0.100208 -0.100208 -0.0762332
313 18.7809 0 0 0 0 -0.0980239 -0.0980239 -0.0741942
314 18.841 0 0 0 0 -0.0947619 -0.0947619 -0.0720837
315 18.9011 0 0 0 0 -0.0925429 -0.0925429 -0.0702442
316 18.9612 0 0 0 0 -0.0906449 -0.0906449 -0.0683923
317 19.0213 0 0 0 0 -0.0888007 -0.0888007 -0.0664858
318 19.0814 0 0 0 0 -0.0853164 -0.0853164 -0.0643076
319 19.1415 0 0 0 0 -0.0826639 -0.0826639 -0.0624574
320 19.2016 0 0 0 0 -0.0804541 -0.0804541 -0.0606917
321 19.2617 0 0 0 0 -0.0774733 -0.0774733 -0.0588118
322 19.3218 0 0 0 0 -0.0756474 -0.0756474 -0.0571939
323 19.3819 0 0 0 0 -0.0729558 -0.0729558 -0.0553959
324 19.442 0 0 0 0 -0.0704672 -0.0704672 -0.053741
325 19.5021 0 0 0 0 -0.0699806 -0.0699806 -0.0523768
326 19.5622 0 0 0 0 -0.0666037 -0.0666037 -0.0503755
327 19.6223 0 0 0 0 -0.0641672 -0.0641672 -0.0487182
328 19.6824 0 0 0 0 -0.0632693 -0.0632693 -0.047324
329 19.7425 0 0 0 0 -0.0602806 -0.0602806 -0.0454662
330 19.8026 0 0 0 0 -0.0584014 -0.0584014 -0.0438138
331 19.8627 0 0 0 0 -0.0557334 -0.0557334 -0.0420346
332 19.9228 0 0 0 0 -0.0521738 -0.0521738 -0.040264
333 19.9829 0 0 0 0 -0.0503175 -0.0503175 -0.0389461
334 20.043 0 0 0 0 -0.0485596 -0.0485596 -0.0375669
335 20.1031 0 0 0 0 -0.0465014 -0.0465014 -0.0360714
336 20.1631 0 0 0 0 -0.0432041 -0.0432041 -0.034489
337 20.2232 0 0 0 0 -0.0417295 -0.0417295 -0.0333712
338 20.2833 0 0 0 0 -0.0390291 -0.0390291 -0.0319709
339 20.3434 0 0 0 0 -0.0377808 -0.0377808 -0.0308571
340 20.4035 0 0 0 0 -0.0355644 -0.0355644 -0.0294904
341 20.4636 0 0 0 0 -0.0333854 -0.0333854 -0.0281817
342 20.5237 0 0 0 0 -0.0310148 -0.0310148 -0.0269288
343 20.5838 0 0 0 0 -0.0290569 -0.0290569 -0.0258102
344 20.6439 0 0 0 0 -0.0273529 -0.0273529 -0.0247298
345 20.704 0 0 0 0 -0.0249875 -0.0249875 -0.0234954
346 20.7641 0 0 0 0 -0.0224589 -0.0224589 -0.0223377
347 20.8242 0 0 0 0 -0.0202856 -0.0202856 -0.0214302
348 20.8843 0 0 0 0 -0.0191977 -0.0191977 -0.0208653
349 20.9444 0 0 0 0 -0.0181105 -0.0181105 -0.020252
350 21.0045 0 0 0 0 -0.0167368 -0.0167368 -0.0195813
351 21.0646 0 0 0 0 -0.0160616 -0.0160616 -0.0191361
352 21.1247 0 0 0 0 -0.0153643 -0.0153643 -0.0185988
353 21.1848 0 0 0 0 -0.0143767 -0.0143767 -0.017977
354 21.2449 0 0 0 0 -0.0134855 -0.0134855 -0.0173976
355 21.305 0 0 0 0 -0.0124679 -0.0124679 -0.0168679
356 21.3651 0 0 0 0 -0.0115161 -0.0115161 -0.0163519
357 21.4252 0 0 0 0 -0.0107951 -0.0107951 -0.0159442
358 21.4853 0 0 0 0 -0.0102275 -0.0102275 -0.0155797
359 21.5454 0 0 0 0 -0.00975982 -0.00975982 -0.0152236
360 21.6055 0 0 0 0 -0.00919575 -0.00919575 -0.014873
361 21.6656 0 0 0 0 -0.00889647 -0.00889647 -0.0146403
362 21.7257 0 0 0 0 -0.00854417 -0.00854417 -0.0143307
363 21.7858 0 0 0 0 -0.00824043 -0.00824043 -0.014023
364 21.8459 0 0 0 0 -0.00717424 -0.00717424 -0.0134696
365 21.906 0 0 0 0 -0.00672314 -0.00672314 -0.0132055
366 21.9661 0 0 0 0 -0.00633897 -0.00633897 -0.0129896
367 22.0262 0 0 0 0 -0.00603913 -0.00603913 -0.0127834
368 22.0863 0 0 0 0 -0.00583601 -0.00583601 -0.0126372
369 22.1464 0 0 0 0 -0.00569404 -0.00569404 -0.0125215
370 22.2065 0 0 0 0 -0.00556096 -0.00556096 -0.0123744
371 22.2666 0 0 0 0 -0.00533533 -0.00533533 -0.0122094
372 22.3267 0 0 0 0 -0.00511262 -0.00511262 -0.0120779
373 22.3868 0 0 0 0 -0.00500935 -0.00500935 -0.0120171
374 22.4469 0 0 0 0 -0.00497368 -0.00497368 -0.011986
375 22.507 0 0 0 0 -0.00491555 -0.00491555 -0.0119211
376 22.5671 0 0 0 0 -0.00481116 -0.00481116 -0.0118193
377 22.6272 0 0 0 0 -0.00479308 -0.00479308 -0.0117509
378 22.6873 0 0 0 0 -0.004627 -0.004627 -0.0115991
379 22.7474 0 0 0 0 -0.00452682 -0.00452682 -0.0115115
380 22.8075 0 0 0 0 -0.00456492 -0.00456492 -0.0114778
381 22.8676 0 0 0 0 -0.00437563 -0.00437563 -0.0113052
382 22.9277 0 0 0 0 -0.00411845 -0.00411845 -0.0111271
383 22.9878 0 0 0 0 -0.00403916 -0.00403916 -0.0110771
384 23.0479 0 0 0 0 -0.00397154 -0.00397154 -0.0110242
385 23.108 0 0 0 0 -0.00386823 -0.00386823 -0.0109467
386 23.1681 0 0 0 0 -0.00387203 -0.00387203 -0.01094
387 23.2282 0 0 0 0 -0.0037779 -0.0037779 -0.0108829
388 23.2883 0 0 0 0 -0.00368691 -0.00368691 -0.0108288
389 23.3484 0 0 0 0 -0.00360786 -0.00360786 -0.0107733
390 23.4085 0 0 0 0 -0.0036027 -0.0036027 -0.0107738
391 23.4686 0 0 0 0 -0.00357109 -0.00357109 -0.0107389
392 23.5287 0 0 0 0 -0.00360341 -0.00360341 -0.0107538
393 23.5888 0 0 0 0 -0.00362781 -0.00362781 -0.0107663
394 23.6489 0 0 0 0 -0.00359641 -0.00359641 -0.0107406
395 23.709 0 0 0 0 -0.00362389 -0.00362389 -0.01076
32000 395
1 0.0300494 0 0 0 0 -0.00369638 -0.00369638 -0.0108687
2 0.0901482 0 0 0 0 -0.00369991 -0.00369991 -0.0108638
3 0.150247 0 0 0 0 -0.00372945 -0.00372945 -0.0108819
4 0.210346 0 0 0 0 -0.0037077 -0.0037077 -0.0108801
5 0.270445 0 0 0 0 -0.00372394 -0.00372394 -0.0108952
6 0.330543 0 0 0 0 -0.00371037 -0.00371037 -0.0108793
7 0.390642 0 0 0 0 -0.00377602 -0.00377602 -0.0109247
8 0.450741 0 0 0 0 -0.00382269 -0.00382269 -0.0109486
9 0.51084 0 0 0 0 -0.00392411 -0.00392411 -0.0110241
10 0.570939 0 0 0 0 -0.00392974 -0.00392974 -0.0110278
11 0.631037 0 0 0 0 -0.00400225 -0.00400225 -0.0110722
12 0.691136 0 0 0 0 -0.00406985 -0.00406985 -0.0111255
13 0.751235 0 0 0 0 -0.00421976 -0.00421976 -0.0112099
14 0.811334 0 0 0 0 -0.00443707 -0.00443707 -0.0113392
15 0.871433 0 0 0 0 -0.00462124 -0.00462124 -0.0114837
16 0.931531 0 0 0 0 -0.00465176 -0.00465176 -0.0115656
17 0.99163 0 0 0 0 -0.00470815 -0.00470815 -0.0116653
18 1.05173 0 0 0 0 -0.00473046 -0.00473046 -0.0117042
19 1.11183 0 0 0 0 -0.00482346 -0.00482346 -0.0117829
20 1.17193 0 0 0 0 -0.00482202 -0.00482202 -0.0117934
21 1.23203 0 0 0 0 -0.00501996 -0.00501996 -0.0119167
22 1.29212 0 0 0 0 -0.00518539 -0.00518539 -0.0120469
23 1.35222 0 0 0 0 -0.0053022 -0.0053022 -0.0121441
24 1.41232 0 0 0 0 -0.00560765 -0.00560765 -0.0123201
25 1.47242 0 0 0 0 -0.00575927 -0.00575927 -0.0124567
26 1.53252 0 0 0 0 -0.00607854 -0.00607854 -0.0126704
27 1.59262 0 0 0 0 -0.00644879 -0.00644879 -0.0129459
28 1.65272 0 0 0 0 -0.00665216 -0.00665216 -0.013143
29 1.71282 0 0 0 0 -0.00679175 -0.00679175 -0.013277
30 1.77291 0 0 0 0 -0.00707766 -0.00707766 -0.0134398
31 1.83301 0 0 0 0 -0.00729174 -0.00729174 -0.0135882
32 1.89311 0 0 0 0 -0.00771227 -0.00771227 -0.0138301
33 1.95321 0 0 0 0 -0.00816129 -0.00816129 -0.0141123
34 2.01331 0 0 0 0 -0.00890489 -0.00890489 -0.0145279
35 2.07341 0 0 0 0 -0.00944659 -0.00944659 -0.014928
36 2.13351 0 0 0 0 -0.00993971 -0.00993971 -0.0152784
37 2.19361 0 0 0 0 -0.0105315 -0.0105315 -0.0157058
38 2.25371 0 0 0 0 -0.0108289 -0.0108289 -0.0160252
39 2.3138 0 0 0 0 -0.011054 -0.011054 -0.016211
40 2.3739 0 0 0 0 -0.0115101 -0.0115101 -0.0164233
41 2.434 0 0 0 0 -0.012765 -0.012765 -0.0169681
42 2.4941 0 0 0 0 -0.0145458 -0.0145458 -0.0177164
43 2.5542 0 0 0 0 -0.0157212 -0.0157212 -0.0183801
44 2.6143 0 0 0 0 -0.0164191 -0.0164191 -0.0189361
45 2.6744 0 0 0 0 -0.0172183 -0.0172183 -0.0194804
46 2.7345 0 0 0 0 -0.0182823 -0.0182823 -0.0200911
47 2.79459 0 0 0 0 -0.020269 -0.020269 -0.020992
48 2.85469 0 0 0 0 -0.0222985 -0.0222985 -0.0220453
49 2.91479 0 0 0 0 -0.0242468 -0.0242468 -0.0231789
50 2.97489 0 0 0 0 -0.0255662 -0.0255662 -0.0241556
51 3.03499 0 0 0 0 -0.0269675 -0.0269675 -0.025125
52 3.09509 0 0 0 0 -0.0276467 -0.0276467 -0.0258795
53 3.15519 0 0 0 0 -0.0289744 -0.0289744 -0.0267284
54 3.21529 0 0 0 0 -0.0306608 -0.0306608 -0.0277292
55 3.27538 0 0 0 0 -0.0323934 -0.0323934 -0.0287997
56 3.33548 0 0 0 0 -0.0336611 -0.0336611 -0.0297419
57 3.39558 0 0 0 0 -0.0354 -0.0354 -0.0307333
58 3.45568 0 0 0 0 -0.0371317 -0.0371317 -0.0316945
59 3.51578 0 0 0 0 -0.0394548 -0.0394548 -0.0328923
60 3.57588 0 0 0 0 -0.0417555 -0.0417555 -0.0340997
61 3.63598 0 0 0 0 -0.0439564 -0.0439564 -0.0352806
62 3.69608 0 0 0 0 -0.0480423 -0.0480423 -0.0370426
63 3.75618 0 0 0 0 -0.050729 -0.050729 -0.0386693
64 3.81627 0 0 0 0 -0.0546472 -0.0546472 -0.0407505
65 3.87637 0 0 0 0 -0.0561393 -0.0561393 -0.042455
66 3.93647 0 0 0 0 -0.0580798 -0.0580798 -0.0441558
67 3.99657 0 0 0 0 -0.0592804 -0.0592804 -0.0455939
68 4.05667 0 0 0 0 -0.0610411 -0.0610411 -0.0470587
69 4.11677 0 0 0 0 -0.0633359 -0.0633359 -0.0486682
70 4.17687 0 0 0 0 -0.0644764 -0.0644764 -0.049971
71 4.23697 0 0 0 0 -0.067442 -0.067442 -0.0516367
72 4.29706 0 0 0 0 -0.0693107 -0.0693107 -0.0532232
73 4.35716 0 0 0 0 -0.0719594 -0.0719594 -0.0549812
74 4.41726 0 0 0 0 -0.0737584 -0.0737584 -0.0565677
75 4.47736 0 0 0 0 -0.0760492 -0.0760492 -0.0582607
76 4.53746 0 0 0 0 -0.0780943 -0.0780943 -0.0598833
77 4.59756 0 0 0 0 -0.080076 -0.080076 -0.0613714
78 4.65766 0 0 0 0 -0.0829082 -0.0829082 -0.0630126
79 4.71776 0 0 0 0 -0.087299 -0.087299 -0.0651452
80 4.77786 0 0 0 0 -0.0902331 -0.0902331 -0.0671726
81 4.83795 0 0 0 0 -0.092796 -0.092796 -0.0691543
82 4.89805 0 0 0 0 -0.0961125 -0.0961125 -0.0713695
83 4.95815 0 0 0 0 -0.0981072 -0.0981072 -0.0734382
84 5.01825 0 0 0 0 -0.101169 -0.101169 -0.0758294
85 5.07835 0 0 0 0 -0.102288 -0.102288 -0.0778228
86 5.13845 0 0 0 0 -0.103129 -0.103129 -0.079577
87 5.19855 0 0 0 0 -0.104965 -0.104965 -0.0815332
88 5.25865 0 0 0 0 -0.106378 -0.106378 -0.0833841
89 5.31874 0 0 0 0 -0.106287 -0.106287 -0.0847047
90 5.37884 0 0 0 0 -0.108435 -0.108435 -0.0862686
91 5.43894 0 0 0 0 -0.111634 -0.111634 -0.0881033
92 5.49904 0 0 0 0 -0.115265 -0.115265 -0.0900848
93 5.55914 0 0 0 0 -0.119946 -0.119946 -0.0926014
94 5.61924 0 0 0 0 -0.122735 -0.122735 -0.0951129
95 5.67934 0 0 0 0 -0.122097 -0.122097 -0.0970141
96 5.73944 0 0 0 0 -0.122664 -0.122664 -0.0989158
97 5.79953 0 0 0 0 -0.1238 -0.1238 -0.100737
98 5.85963 0 0 0 0 -0.124801 -0.124801 -0.102429
99 5.91973 0 0 0 0 -0.124933 -0.124933 -0.103748
100 5.97983 0 0 0 0 -0.1285 -0.1285 -0.105681
101 6.03993 0 0 0 0 -0.130923 -0.130923 -0.10755
102 6.10003 0 0 0 0 -0.134901 -0.134901 -0.11
103 6.16013 0 0 0 0 -0.134055 -0.134055 -0.111552
104 6.22023 0 0 0 0 -0.136989 -0.136989 -0.113824
105 6.28033 0 0 0 0 -0.135527 -0.135527 -0.115028
106 6.34042 0 0 0 0 -0.136085 -0.136085 -0.116372
107 6.40052 0 0 0 0 -0.140257 -0.140257 -0.118483
108 6.46062 0 0 0 0 -0.14285 -0.14285 -0.120397
109 6.52072 0 0 0 0 -0.143635 -0.143635 -0.121999
110 6.58082 0 0 0 0 -0.145216 -0.145216 -0.123836
111 6.64092 0 0 0 0 -0.145639 -0.145639 -0.125413
112 6.70102 0 0 0 0 -0.146044 -0.146044 -0.126701
113 6.76112 0 0 0 0 -0.149436 -0.149436 -0.128617
114 6.82121 0 0 0 0 -0.151573 -0.151573 -0.130343
115 6.88131 0 0 0 0 -0.151731 -0.151731 -0.131728
116 6.94141 0 0 0 0 -0.156187 -0.156187 -0.134125
117 7.00151 0 0 0 0 -0.154975 -0.154975 -0.135317
118 7.06161 0 0 0 0 -0.155278 -0.155278 -0.136785
119 7.12171 0 0 0 0 -0.155519 -0.155519 -0.138204
120 7.18181 0 0 0 0 -0.155874 -0.155874 -0.139454
121 7.24191 0 0 0 0 -0.157687 -0.157687 -0.14085
122 7.302 0 0 0 0 -0.159267 -0.159267 -0.142117
123 7.3621 0 0 0 0 -0.162815 -0.162815 -0.143918
124 7.4222 0 0 0 0 -0.164419 -0.164419 -0.145469
125 7.4823 0 0 0 0 -0.164671 -0.164671 -0.146816
126 7.5424 0 0 0 0 -0.164288 -0.164288 -0.14793
127 7.6025 0 0 0 0 -0.165066 -0.165066 -0.149165
128 7.6626 0 0 0 0 -0.165985 -0.165985 -0.150231
129 7.7227 0 0 0 0 -0.168281 -0.168281 -0.151634
130 7.7828 0 0 0 0 -0.172475 -0.172475 -0.153628
131 7.84289 0 0 0 0 -0.169915 -0.169915 -0.154099
132 7.90299 0 0 0 0 -0.171958 -0.171958 -0.155634
133 7.96309 0 0 0 0 -0.173925 -0.173925 -0.157218
134 8.02319 0 0 0 0 -0.17097 -0.17097 -0.157745
135 8.08329 0 0 0 0 -0.170682 -0.170682 -0.158608
136 8.14339 0 0 0 0 -0.172679 -0.172679 -0.159871
137 8.20349 0 0 0 0 -0.172762 -0.172762 -0.160494
138 8.26359 0 0 0 0 -0.175294 -0.175294 -0.161636
139 8.32368 0 0 0 0 -0.179368 -0.179368 -0.163026
140 8.38378 0 0 0 0 -0.180612 -0.180612 -0.163963
141 8.44388 0 0 0 0 -0.183292 -0.183292 -0.165316
142 8.50398 0 0 0 0 -0.184284 -0.184284 -0.1664
143 8.56408 0 0 0 0 -0.184327 -0.184327 -0.167313
144 8.62418 0 0 0 0 -0.183491 -0.183491 -0.168044
145 8.68428 0 0 0 0 -0.186057 -0.186057 -0.16947
146 8.74438 0 0 0 0 -0.183831 -0.183831 -0.170001
147 8.80447 0 0 0 0 -0.182422 -0.182422 -0.170625
148 8.86457 0 0 0 0 -0.183112 -0.183112 -0.171492
149 8.92467 0 0 0 0 -0.18308 -0.18308 -0.171999
150 8.98477 0 0 0 0 -0.186178 -0.186178 -0.173209
151 9.04487 0 0 0 0 -0.187079 -0.187079 -0.173914
152 9.10497 0 0 0 0 -0.188547 -0.188547 -0.174851
153 9.16507 0 0 0 0 -0.188431 -0.188431 -0.175543
154 9.22517 0 0 0 0 -0.187354 -0.187354 -0.176041
155 9.28527 0 0 0 0 -0.188007 -0.188007 -0.176847
156 9.34536 0 0 0 0 -0.188089 -0.188089 -0.177377
157 9.40546 0 0 0 0 -0.188931 -0.188931 -0.177964
158 9.46556 0 0 0 0 -0.190468 -0.190468 -0.178608
159 9.52566 0 0 0 0 -0.193409 -0.193409 -0.179544
160 9.58576 0 0 0 0 -0.195708 -0.195708 -0.180503
161 9.64586 0 0 0 0 -0.193871 -0.193871 -0.180696
162 9.70596 0 0 0 0 -0.193854 -0.193854 -0.181198
163 9.76606 0 0 0 0 -0.195542 -0.195542 -0.182016
164 9.82615 0 0 0 0 -0.196619 -0.196619 -0.182661
165 9.88625 0 0 0 0 -0.195754 -0.195754 -0.182886
166 9.94635 0 0 0 0 -0.195875 -0.195875 -0.183411
167 10.0065 0 0 0 0 -0.197739 -0.197739 -0.184248
168 10.0665 0 0 0 0 -0.196495 -0.196495 -0.184252
169 10.1266 0 0 0 0 -0.200077 -0.200077 -0.185281
170 10.1867 0 0 0 0 -0.199922 -0.199922 -0.185619
171 10.2468 0 0 0 0 -0.200128 -0.200128 -0.186185
172 10.3069 0 0 0 0 -0.199258 -0.199258 -0.186643
173 10.367 0 0 0 0 -0.196602 -0.196602 -0.186621
174 10.4271 0 0 0 0 -0.196037 -0.196037 -0.186888
175 10.4872 0 0 0 0 -0.195735 -0.195735 -0.186897
176 10.5473 0 0 0 0 -0.200938 -0.200938 -0.188174
177 10.6074 0 0 0 0 -0.202137 -0.202137 -0.188631
178 10.6675 0 0 0 0 -0.199564 -0.199564 -0.188206
179 10.7276 0 0 0 0 -0.201967 -0.201967 -0.188789
180 10.7877 0 0 0 0 -0.204904 -0.204904 -0.189466
181 10.8478 0 0 0 0 -0.207158 -0.207158 -0.190204
182 10.9079 0 0 0 0 -0.203301 -0.203301 -0.189769
183 10.968 0 0 0 0 -0.201823 -0.201823 -0.189888
184 11.0281 0 0 0 0 -0.202616 -0.202616 -0.190445
185 11.0882 0 0 0 0 -0.202504 -0.202504 -0.190727
186 11.1483 0 0 0 0 -0.200927 -0.200927 -0.190581
187 11.2084 0 0 0 0 -0.202147 -0.202147 -0.191116
188 11.2685 0 0 0 0 -0.200787 -0.200787 -0.191114
189 11.3286 0 0 0 0 -0.200275 -0.200275 -0.191296
190 11.3887 0 0 0 0 -0.19954 -0.19954 -0.191296
191 11.4488 0 0 0 0 -0.199995 -0.199995 -0.191506
192 11.5089 0 0 0 0 -0.201088 -0.201088 -0.191834
193 11.569 0 0 0 0 -0.199801 -0.199801 -0.191585
194 11.6291 0 0 0 0 -0.20043 -0.20043 -0.191669
195 11.6892 0 0 0 0 -0.203824 -0.203824 -0.192286
196 11.7493 0 0 0 0 -0.204065 -0.204065 -0.192174
197 11.8094 0 0 0 0 -0.205782 -0.205782 -0.192617
198 11.8695 0 0 0 0 -0.20107 -0.20107 -0.191749
199 11.9296 0 0 0 0 -0.202926 -0.202926 -0.192407
200 11.9897 0 0 0 0 -0.200219 -0.200219 -0.191903
201 12.0498 0 0 0 0 -0.200963 -0.200963 -0.192158
202 12.1099 0 0 0 0 -0.199957 -0.199957 -0.191895
203 12.17 0 0 0 0 -0.200235 -0.200235 -0.19188
204 12.2301 0 0 0 0 -0.201298 -0.201298 -0.191994
205 12.2902 0 0 0 0 -0.201791 -0.201791 -0.192001
206 12.3503 0 0 0 0 -0.20148 -0.20148 -0.191902
207 12.4104 0 0 0 0 -0.199698 -0.199698 -0.191401
208 12.4705 0 0 0 0 -0.200873 -0.200873 -0.191626
209 12.5306 0 0 0 0 -0.199687 -0.199687 -0.191227
210 12.5907 0 0 0 0 -0.199186 -0.199186 -0.191
211 12.6508 0 0 0 0 -0.200223 -0.200223 -0.191142
212 12.7109 0 0 0 0 -0.199162 -0.199162 -0.190645
213 12.771 0 0 0 0 -0.201433 -0.201433 -0.190816
214 12.8311 0 0 0 0 -0.201174 -0.201174 -0.190292
215 12.8912 0 0 0 0 -0.203491 -0.203491 -0.190494
216 12.9513 0 0 0 0 -0.203181 -0.203181 -0.190214
217 13.0114 0 0 0 0 -0.200086 -0.200086 -0.189453
218 13.0715 0 0 0 0 -0.198681 -0.198681 -0.189007
219 13.1316 0 0 0 0 -0.200201 -0.200201 -0.189087
220 13.1917 0 0 0 0 -0.2013 -0.2013 -0.188811
221 13.2518 0 0 0 0 -0.203375 -0.203375 -0.18874
222 13.3119 0 0 0 0 -0.203018 -0.203018 -0.188344
223 13.372 0 0 0 0 -0.20039 -0.20039 -0.187707
224 13.4321 0 0 0 0 -0.197306 -0.197306 -0.187005
225 13.4922 0 0 0 0 -0.197366 -0.197366 -0.186862
226 13.5523 0 0 0 0 -0.19645 -0.19645 -0.186404
227 13.6124 0 0 0 0 -0.19525 -0.19525 -0.18589
228 13.6725 0 0 0 0 -0.193605 -0.193605 -0.1853
229 13.7326 0 0 0 0 -0.193926 -0.193926 -0.185103
230 13.7927 0 0 0 0 -0.193915 -0.193915 -0.184617
231 13.8528 0 0 0 0 -0.195267 -0.195267 -0.184252
232 13.9129 0 0 0 0 -0.197158 -0.197158 -0.183905
233 13.973 0 0 0 0 -0.19949 -0.19949 -0.183695
234 14.0331 0 0 0 0 -0.19547 -0.19547 -0.182379
235 14.0932 0 0 0 0 -0.197137 -0.197137 -0.18234
236 14.1533 0 0 0 0 -0.193666 -0.193666 -0.181086
237 14.2134 0 0 0 0 -0.196809 -0.196809 -0.181248
238 14.2735 0 0 0 0 -0.193841 -0.193841 -0.180087
239 14.3336 0 0 0 0 -0.191716 -0.191716 -0.179327
240 14.3937 0 0 0 0 -0.190512 -0.190512 -0.178725
241 14.4538 0 0 0 0 -0.189272 -0.189272 -0.177966
242 14.5139 0 0 0 0 -0.190424 -0.190424 -0.177662
243 14.574 0 0 0 0 -0.189201 -0.189201 -0.176776
244 14.6341 0 0 0 0 -0.18774 -0.18774 -0.175857
245 14.6942 0 0 0 0 -0.189288 -0.189288 -0.175554
246 14.7543 0 0 0 0 -0.187806 -0.187806 -0.174527
247 14.8144 0 0 0 0 -0.187948 -0.187948 -0.173934
248 14.8745 0 0 0 0 -0.185644 -0.185644 -0.172722
249 14.9346 0 0 0 0 -0.187621 -0.187621 -0.172388
250 14.9947 0 0 0 0 -0.188248 -0.188248 -0.171468
251 15.0548 0 0 0 0 -0.19195 -0.19195 -0.17112
252 15.1148 0 0 0 0 -0.190815 -0.190815 -0.169835
253 15.1749 0 0 0 0 -0.186013 -0.186013 -0.16804
254 15.235 0 0 0 0 -0.186411 -0.186411 -0.167593
255 15.2951 0 0 0 0 -0.183215 -0.183215 -0.166391
256 15.3552 0 0 0 0 -0.181472 -0.181472 -0.165373
257 15.4153 0 0 0 0 -0.180404 -0.180404 -0.164283
258 15.4754 0 0 0 0 -0.180753 -0.180753 -0.163557
259 15.5355 0 0 0 0 -0.177457 -0.177457 -0.162251
260 15.5956 0 0 0 0 -0.173868 -0.173868 -0.160876
261 15.6557 0 0 0 0 -0.173676 -0.173676 -0.160179
262 15.7158 0 0 0 0 -0.172348 -0.172348 -0.159083
263 15.7759 0 0 0 0 -0.173335 -0.173335 -0.158354
264 15.836 0 0 0 0 -0.171381 -0.171381 -0.156908
265 15.8961 0 0 0 0 -0.171117 -0.171117 -0.155906
266 15.9562 0 0 0 0 -0.172365 -0.172365 -0.155029
267 16.0163 0 0 0 0 -0.174167 -0.174167 -0.153966
268 16.0764 0 0 0 0 -0.172559 -0.172559 -0.152218
269 16.1365 0 0 0 0 -0.171221 -0.171221 -0.15088
270 16.1966 0 0 0 0 -0.167972 -0.167972 -0.149348
271 16.2567 0 0 0 0 -0.163393 -0.163393 -0.147578
272 16.3168 0 0 0 0 -0.162919 -0.162919 -0.146569
273 16.3769 0 0 0 0 -0.164007 -0.164007 -0.145604
274 16.437 0 0 0 0 -0.162959 -0.162959 -0.144103
275 16.4971 0 0 0 0 -0.160851 -0.160851 -0.14252
276 16.5572 0 0 0 0 -0.156739 -0.156739 -0.140732
277 16.6173 0 0 0 0 -0.156302 -0.156302 -0.139711
278 16.6774 0 0 0 0 -0.15683 -0.15683 -0.138627
279 16.7375 0 0 0 0 -0.155457 -0.155457 -0.136914
280 16.7976 0 0 0 0 -0.155717 -0.155717 -0.13558
281 16.8577 0 0 0 0 -0.152465 -0.152465 -0.133574
282 16.9178 0 0 0 0 -0.151178 -0.151178 -0.132122
283 16.9779 0 0 0 0 -0.152004 -0.152004 -0.130993
284 17.038 0 0 0 0 -0.151313 -0.151313 -0.129337
285 17.0981 0 0 0 0 -0.150391 -0.150391 -0.127538
286 17.1582 0 0 0 0 -0.149052 -0.149052 -0.125621
287 17.2183 0 0 0 0 -0.148945 -0.148945 -0.124011
288 17.2784 0 0 0 0 -0.147499 -0.147499 -0.122082
289 17.3385 0 0 0 0 -0.14417 -0.14417 -0.119845
290 17.3986 0 0 0 0 -0.141904 -0.141904 -0.117992
291 17.4587 0 0 0 0 -0.139047 -0.139047 -0.116154
292 17.5188 0 0 0 0 -0.135663 -0.135663 -0.114331
293 17.5789 0 0 0 0 -0.134738 -0.134738 -0.112905
294 17.639 0 0 0 0 -0.135653 -0.135653 -0.11153
295 17.6991 0 0 0 0 -0.133523 -0.133523 -0.109324
296 17.7592 0 0 0 0 -0.13294 -0.13294 -0.10751
297 17.8193 0 0 0 0 -0.130663 -0.130663 -0.105446
298 17.8794 0 0 0 0 -0.125821 -0.125821 -0.103084
299 17.9395 0 0 0 0 -0.125911 -0.125911 -0.101731
300 17.9996 0 0 0 0 -0.124264 -0.124264 -0.0998673
301 18.0597 0 0 0 0 -0.122027 -0.122027 -0.0978738
302 18.1198 0 0 0 0 -0.11942 -0.11942 -0.0958464
303 18.1799 0 0 0 0 -0.118434 -0.118434 -0.0941449
304 18.24 0 0 0 0 -0.11818 -0.11818 -0.0924118
305 18.3001 0 0 0 0 -0.114491 -0.114491 -0.0899924
306 18.3602 0 0 0 0 -0.112913 -0.112913 -0.0881292
307 18.4203 0 0 0 0 -0.111587 -0.111587 -0.0861797
308 18.4804 0 0 0 0 -0.108524 -0.108524 -0.0839889
309 18.5405 0 0 0 0 -0.106122 -0.106122 -0.0820207
310 18.6006 0 0 0 0 -0.103421 -0.103421 -0.0800366
311 18.6607 0 0 0 0 -0.100528 -0.100528 -0.0780596
312 18.7208 0 0 0 0 -0.0994854 -0.0994854 -0.0763979
313 18.7809 0 0 0 0 -0.0972712 -0.0972712 -0.0744252
314 18.841 0 0 0 0 -0.0944493 -0.0944493 -0.0724522
315 18.9011 0 0 0 0 -0.0922457 -0.0922457 -0.0706517
316 18.9612 0 0 0 0 -0.0908463 -0.0908463 -0.0689404
317 19.0213 0 0 0 0 -0.088458 -0.088458 -0.0669565
318 19.0814 0 0 0 0 -0.0865426 -0.0865426 -0.0650289
319 19.1415 0 0 0 0 -0.0845983 -0.0845983 -0.0630516
320 19.2016 0 0 0 0 -0.0819747 -0.0819747 -0.061036
321 19.2617 0 0 0 0 -0.0777896 -0.0777896 -0.0589045
322 19.3218 0 0 0 0 -0.0749571 -0.0749571 -0.0571716
323 19.3819 0 0 0 0 -0.0723162 -0.0723162 -0.05549
324 19.442 0 0 0 0 -0.0699342 -0.0699342 -0.0539073
325 19.5021 0 0 0 0 -0.068561 -0.068561 -0.0524505
326 19.5622 0 0 0 0 -0.0652359 -0.0652359 -0.0506211
327 19.6223 0 0 0 0 -0.0633175 -0.0633175 -0.0492242
328 19.6824 0 0 0 0 -0.0624508 -0.0624508 -0.0479355
329 19.7425 0 0 0 0 -0.0603217 -0.0603217 -0.0462686
330 19.8026 0 0 0 0 -0.0584856 -0.0584856 -0.0445682
331 19.8627 0 0 0 0 -0.0559045 -0.0559045 -0.0427753
332 19.9228 0 0 0 0 -0.052264 -0.052264 -0.040983
333 19.9829 0 0 0 0 -0.0503821 -0.0503821 -0.0396807
334 20.043 0 0 0 0 -0.0488993 -0.0488993 -0.0383638
335 20.1031 0 0 0 0 -0.0467295 -0.0467295 -0.0368268
336 20.1631 0 0 0 0 -0.0431687 -0.0431687 -0.035196
337 20.2232 0 0 0 0 -0.041771 -0.041771 -0.0341545
338 20.2833 0 0 0 0 -0.0394732 -0.0394732 -0.0328726
339 20.3434 0 0 0 0 -0.0380558 -0.0380558 -0.0317511
340 20.4035 0 0 0 0 -0.036247 -0.036247 -0.0305052
341 20.4636 0 0 0 0 -0.034045 -0.034045 -0.029191
342 20.5237 0 0 0 0 -0.0322231 -0.0322231 -0.0280335
343 20.5838 0 0 0 0 -0.0300212 -0.0300212 -0.026801
344 20.6439 0 0 0 0 -0.0284937 -0.0284937 -0.0257619
345 20.704 0 0 0 0 -0.0260188 -0.0260188 -0.0245061
346 20.7641 0 0 0 0 -0.0238708 -0.0238708 -0.0234509
347 20.8242 0 0 0 0 -0.0219181 -0.0219181 -0.0225372
348 20.8843 0 0 0 0 -0.0205756 -0.0205756 -0.0218537
349 20.9444 0 0 0 0 -0.019797 -0.019797 -0.021263
350 21.0045 0 0 0 0 -0.0180914 -0.0180914 -0.0204268
351 21.0646 0 0 0 0 -0.0171517 -0.0171517 -0.01991
352 21.1247 0 0 0 0 -0.0164519 -0.0164519 -0.0194141
353 21.1848 0 0 0 0 -0.0157109 -0.0157109 -0.018886
354 21.2449 0 0 0 0 -0.014987 -0.014987 -0.0183001
355 21.305 0 0 0 0 -0.0140281 -0.0140281 -0.017685
356 21.3651 0 0 0 0 -0.0130389 -0.0130389 -0.0170535
357 21.4252 0 0 0 0 -0.01192 -0.01192 -0.0164951
358 21.4853 0 0 0 0 -0.0112631 -0.0112631 -0.0160882
359 21.5454 0 0 0 0 -0.010647 -0.010647 -0.0156743
360 21.6055 0 0 0 0 -0.0100151 -0.0100151 -0.0152866
361 21.6656 0 0 0 0 -0.00955725 -0.00955725 -0.0149883
362 21.7257 0 0 0 0 -0.00918942 -0.00918942 -0.014667
363 21.7858 0 0 0 0 -0.00865227 -0.00865227 -0.0142862
364 21.8459 0 0 0 0 -0.00776489 -0.00776489 -0.0138088
365 21.906 0 0 0 0 -0.00718737 -0.00718737 -0.0134899
366 21.9661 0 0 0 0 -0.00685853 -0.00685853 -0.0132944
367 22.0262 0 0 0 0 -0.00648231 -0.00648231 -0.0130557
368 22.0863 0 0 0 0 -0.00629692 -0.00629692 -0.0129149
369 22.1464 0 0 0 0 -0.00613174 -0.00613174 -0.012773
370 22.2065 0 0 0 0 -0.00589301 -0.00589301 -0.0125745
371 22.2666 0 0 0 0 -0.00561677 -0.00561677 -0.0123896
372 22.3267 0 0 0 0 -0.00538659 -0.00538659 -0.0122495
373 22.3868 0 0 0 0 -0.00519625 -0.00519625 -0.0121414
374 22.4469 0 0 0 0 -0.00514765 -0.00514765 -0.0121024
375 22.507 0 0 0 0 -0.00506128 -0.00506128 -0.0120241
376 22.5671 0 0 0 0 -0.00490539 -0.00490539 -0.0118997
377 22.6272 0 0 0 0 -0.0048758 -0.0048758 -0.0118383
378 22.6873 0 0 0 0 -0.00474495 -0.00474495 -0.0117144
379 22.7474 0 0 0 0 -0.0046319 -0.0046319 -0.0116193
380 22.8075 0 0 0 0 -0.00468396 -0.00468396 -0.0115914
381 22.8676 0 0 0 0 -0.00447033 -0.00447033 -0.0114104
382 22.9277 0 0 0 0 -0.00419157 -0.00419157 -0.0112256
383 22.9878 0 0 0 0 -0.00411544 -0.00411544 -0.0111823
384 23.0479 0 0 0 0 -0.00403442 -0.00403442 -0.011123
385 23.108 0 0 0 0 -0.00395014 -0.00395014 -0.0110591
386 23.1681 0 0 0 0 -0.003953 -0.003953 -0.0110535
387 23.2282 0 0 0 0 -0.00387552 -0.00387552 -0.0110056
388 23.2883 0 0 0 0 -0.00382993 -0.00382993 -0.0109715
389 23.3484 0 0 0 0 -0.00372492 -0.00372492 -0.010897
390 23.4085 0 0 0 0 -0.00371447 -0.00371447 -0.0108945
391 23.4686 0 0 0 0 -0.00366172 -0.00366172 -0.0108513
392 23.5287 0 0 0 0 -0.00368696 -0.00368696 -0.0108669
393 23.5888 0 0 0 0 -0.00368757 -0.00368757 -0.0108633
394 23.6489 0 0 0 0 -0.00367502 -0.00367502 -0.0108521
395 23.709 0 0 0 0 -0.00369114 -0.00369114 -0.0108679
40000 395
1 0.0300494 0 0 0 0 -0.00363078 -0.00363078 -0.0107545
2 0.0901482 0 0 0 0 -0.00360303 -0.00360303 -0.0107281
3 0.150247 0 0 0 0 -0.00362489 -0.00362489 -0.0107437
4 0.210346 0 0 0 0 -0.00360644 -0.00360644 -0.0107423
5 0.270445 0 0 0 0 -0.00362045 -0.00362045 -0.0107559
6 0.330543 0 0 0 0 -0.00362094 -0.00362094 -0.0107541
7 0.390642 0 0 0 0 -0.0036694 -0.0036694 -0.0107845
8 0.450741 0 0 0 0 -0.00372016 -0.00372016 -0.0108193
9 0.51084 0 0 0 0 -0.0037953 -0.0037953 -0.0108774
10 0.570939 0 0 0 0 -0.00379928 -0.00379928 -0.0108796
11 0.631037 0 0 0 0 -0.00385891 -0.00385891 -0.0109159
12 0.691136 0 0 0 0 -0.00391462 -0.00391462 -0.01096
13 0.751235 0 0 0 0 -0.00404088 -0.00404088 -0.011031
14 0.811334 0 0 0 0 -0.00422403 -0.00422403 -0.0111399
15 0.871433 0 0 0 0 -0.00438185 -0.00438185 -0.0112649
16 0.931531 0 0 0 0 -0.00442567 -0.00442567 -0.0113485
17 0.99163 0 0 0 0 -0.00447769 -0.00447769 -0.011431
18 1.05173 0 0 0 0 -0.00452751 -0.00452751 -0.0114889
19 1.11183 0 0 0 0 -0.00462373 -0.00462373 -0.0115716
20 1.17193 0 0 0 0 -0.004627 -0.004627 -0.0115848
21 1.23203 0 0 0 0 -0.00479934 -0.00479934 -0.0116946
22 1.29212 0 0 0 0 -0.00496212 -0.00496212 -0.0118228
23 1.35222 0 0 0 0 -0.0050645 -0.0050645 -0.0119071
24 1.41232 0 0 0 0 -0.00535122 -0.00535122 -0.0120818
25 1.47242 0 0 0 0 -0.00547425 -0.00547425 -0.0121954
26 1.53252 0 0 0 0 -0.00573998 -0.00573998 -0.0123732
27 1.59262 0 0 0 0 -0.00604845 -0.00604845 -0.0126028
28 1.65272 0 0 0 0 -0.00622424 -0.00622424 -0.0127695
29 1.71282 0 0 0 0 -0.00638165 -0.00638165 -0.0129083
30 1.77291 0 0 0 0 -0.00663017 -0.00663017 -0.013049
31 1.83301 0 0 0 0 -0.0068603 -0.0068603 -0.0132011
32 1.89311 0 0 0 0 -0.00725037 -0.00725037 -0.0134233
33 1.95321 0 0 0 0 -0.00773673 -0.00773673 -0.0137192
34 2.01331 0 0 0 0 -0.00837548 -0.00837548 -0.0140786
35 2.07341 0 0 0 0 -0.0089094 -0.0089094 -0.0144519
36 2.13351 0 0 0 0 -0.00944619 -0.00944619 -0.014811
37 2.19361 0 0 0 0 -0.0100311 -0.0100311 -0.0152149
38 2.25371 0 0 0 0 -0.0104715 -0.0104715 -0.0155718
39 2.3138 0 0 0 0 -0.0108209 -0.0108209 -0.0158215
40 2.3739 0 0 0 0 -0.0113229 -0.0113229 -0.0160828
41 2.434 0 0 0 0 -0.0124184 -0.0124184 -0.0165831
42 2.4941 0 0 0 0 -0.0139978 -0.0139978 -0.017259
43 2.5542 0 0 0 0 -0.015111 -0.015111 -0.0178711
44 2.6143 0 0 0 0 -0.0159736 -0.0159736 -0.0184552
45 2.6744 0 0 0 0 -0.0170336 -0.0170336 -0.0190975
46 2.7345 0 0 0 0 -0.017962 -0.017962 -0.019688
47 2.79459 0 0 0 0 -0.0197872 -0.0197872 -0.0205285
48 2.85469 0 0 0 0 -0.021811 -0.021811 -0.0215559
49 2.91479 0 0 0 0 -0.023709 -0.023709 -0.0226474
50 2.97489 0 0 0 0 -0.0251496 -0.0251496 -0.0236435
51 3.03499 0 0 0 0 -0.0265102 -0.0265102 -0.0245887
52 3.09509 0 0 0 0 -0.0272637 -0.0272637 -0.0253327
53 3.15519 0 0 0 0 -0.0290078 -0.0290078 -0.0262952
54 3.21529 0 0 0 0 -0.0308615 -0.0308615 -0.0274002
55 3.27538 0 0 0 0 -0.0324126 -0.0324126 -0.0284885
56 3.33548 0 0 0 0 -0.0335346 -0.0335346 -0.0294032
57 3.39558 0 0 0 0 -0.0353488 -0.0353488 -0.0304198
58 3.45568 0 0 0 0 -0.0371051 -0.0371051 -0.0314256
59 3.51578 0 0 0 0 -0.0391708 -0.0391708 -0.0325784
60 3.57588 0 0 0 0 -0.041406 -0.041406 -0.0337692
61 3.63598 0 0 0 0 -0.0433027 -0.0433027 -0.0348584
62 3.69608 0 0 0 0 -0.0471393 -0.0471393 -0.0364961
63 3.75618 0 0 0 0 -0.0501033 -0.0501033 -0.0381142
64 3.81627 0 0 0 0 -0.0542827 -0.0542827 -0.0402359
65 3.87637 0 0 0 0 -0.0556159 -0.0556159 -0.0418931
66 3.93647 0 0 0 0 -0.0579184 -0.0579184 -0.0436574
67 3.99657 0 0 0 0 -0.0591687 -0.0591687 -0.0451299
68 4.05667 0 0 0 0 -0.0608759 -0.0608759 -0.0465626
69 4.11677 0 0 0 0 -0.0637084 -0.0637084 -0.0482987
70 4.17687 0 0 0 0 -0.064868 -0.064868 -0.0497002
71 4.23697 0 0 0 0 -0.0676438 -0.0676438 -0.0514053
72 4.29706 0 0 0 0 -0.0694735 -0.0694735 -0.0530178
73 4.35716 0 0 0 0 -0.0720349 -0.0720349 -0.05478
74 4.41726 0 0 0 0 -0.0734755 -0.0734755 -0.0562789
75 4.47736 0 0 0 0 -0.0761103 -0.0761103 -0.0580189
76 4.53746 0 0 0 0 -0.0782362 -0.0782362 -0.0596951
77 4.59756 0 0 0 0 -0.0804045 -0.0804045 -0.0613068
78 4.65766 0 0 0 0 -0.0825597 -0.0825597 -0.0628516
79 4.71776 0 0 0 0 -0.0868683 -0.0868683 -0.0649448
80 4.77786 0 0 0 0 -0.0899021 -0.0899021 -0.0669752
81 4.83795 0 0 0 0 -0.0926172 -0.0926172 -0.0690084
82 4.89805 0 0 0 0 -0.0952119 -0.0952119 -0.0710572
83 4.95815 0 0 0 0 -0.0977753 -0.0977753 -0.073168
84 5.01825 0 0 0 0 -0.100839 -0.100839 -0.0755248
85 5.07835 0 0 0 0 -0.102292 -0.102292 -0.0775757
86 5.13845 0 0 0 0 -0.103909 -0.103909 -0.0795929
87 5.19855 0 0 0 0 -0.10489 -0.10489 -0.081513
88 5.25865 0 0 0 0 -0.105876 -0.105876 -0.0833077
89 5.31874 0 0 0 0 -0.106506 -0.106506 -0.0848382
90 5.37884 0 0 0 0 -0.107904 -0.107904 -0.0863322
91 5.43894 0 0 0 0 -0.110792 -0.110792 -0.0881252
92 5.49904 0 0 0 0 -0.113719 -0.113719 -0.0899262
93 5.55914 0 0 0 0 -0.118596 -0.118596 -0.0924135
94 5.61924 0 0 0 0 -0.121356 -0.121356 -0.0948277
95 5.67934 0 0 0 0 -0.121017 -0.121017 -0.0966921
96 5.73944 0 0 0 0 -0.121827 -0.121827 -0.0985811
97 5.79953 0 0 0 0 -0.123484 -0.123484 -0.100498
98 5.85963 0 0 0 0 -0.124463 -0.124463 -0.102191
99 5.91973 0 0 0 0 -0.124866 -0.124866 -0.103589
100 5.97983 0 0 0 0 -0.12824 -0.12824 -0.105535
101 6.03993 0 0 0 0 -0.130619 -0.130619 -0.10743
102 6.10003 0 0 0 0 -0.134384 -0.134384 -0.109834
103 6.16013 0 0 0 0 -0.133423 -0.133423 -0.111304
104 6.22023 0 0 0 0 -0.136637 -0.136637 -0.113597
105 6.28033 0 0 0 0 -0.135944 -0.135944 -0.115021
106 6.34042 0 0 0 0 -0.136001 -0.136001 -0.116378
107 6.40052 0 0 0 0 -0.13913 -0.13913 -0.118296
108 6.46062 0 0 0 0 -0.141646 -0.141646 -0.12012
109 6.52072 0 0 0 0 -0.142867 -0.142867 -0.121714
110 6.58082 0 0 0 0 -0.144595 -0.144595 -0.123466
111 6.64092 0 0 0 0 -0.14665 -0.14665 -0.125375
112 6.70102 0 0 0 0 -0.146792 -0.146792 -0.126767
113 6.76112 0 0 0 0 -0.148889 -0.148889 -0.128537
114 6.82121 0 0 0 0 -0.150667 -0.150667 -0.130207
115 6.88131 0 0 0 0 -0.150975 -0.150975 -0.131588
116 6.94141 0 0 0 0 -0.154723 -0.154723 -0.13375
117 7.00151 0 0 0 0 -0.154164 -0.154164 -0.135017
118 7.06161 0 0 0 0 -0.154752 -0.154752 -0.136471
119 7.12171 0 0 0 0 -0.154988 -0.154988 -0.137784
120 7.18181 0 0 0 0 -0.156473 -0.156473 -0.13921
121 7.24191 0 0 0 0 -0.158661 -0.158661 -0.140683
122 7.302 0 0 0 0 -0.160352 -0.160352 -0.142035
123 7.3621 0 0 0 0 -0.163067 -0.163067 -0.143761
124 7.4222 0 0 0 0 -0.164429 -0.164429 -0.145264
125 7.4823 0 0 0 0 -0.164924 -0.164924 -0.14661
126 7.5424 0 0 0 0 -0.164872 -0.164872 -0.147728
127 7.6025 0 0 0 0 -0.16623 -0.16623 -0.149054
128 7.6626 0 0 0 0 -0.167358 -0.167358 -0.150212
129 7.7227 0 0 0 0 -0.169308 -0.169308 -0.151594
130 7.7828 0 0 0 0 -0.173518 -0.173518 -0.153651
131 7.84289 0 0 0 0 -0.170306 -0.170306 -0.153987
132 7.90299 0 0 0 0 -0.172565 -0.172565 -0.155535
133 7.96309 0 0 0 0 -0.174716 -0.174716 -0.157112
134 8.02319 0 0 0 0 -0.172667 -0.172667 -0.157802
135 8.08329 0 0 0 0 -0.172596 -0.172596 -0.158755
136 8.14339 0 0 0 0 -0.173946 -0.173946 -0.159947
137 8.20349 0 0 0 0 -0.17382 -0.17382 -0.160617
138 8.26359 0 0 0 0 -0.176541 -0.176541 -0.161901
139 8.32368 0 0 0 0 -0.179429 -0.179429 -0.163143
140 8.38378 0 0 0 0 -0.180249 -0.180249 -0.164049
141 8.44388 0 0 0 0 -0.182243 -0.182243 -0.165254
142 8.50398 0 0 0 0 -0.183645 -0.183645 -0.16642
143 8.56408 0 0 0 0 -0.183869 -0.183869 -0.167335
144 8.62418 0 0 0 0 -0.18298 -0.18298 -0.167999
145 8.68428 0 0 0 0 -0.186054 -0.186054 -0.169511
146 8.74438 0 0 0 0 -0.183502 -0.183502 -0.169897
147 8.80447 0 0 0 0 -0.183039 -0.183039 -0.170696
148 8.86457 0 0 0 0 -0.183802 -0.183802 -0.171586
149 8.92467 0 0 0 0 -0.183235 -0.183235 -0.171976
150 8.98477 0 0 0 0 -0.185917 -0.185917 -0.173036
151 9.04487 0 0 0 0 -0.188181 -0.188181 -0.173956
152 9.10497 0 0 0 0 -0.190653 -0.190653 -0.175011
153 9.16507 0 0 0 0 -0.190671 -0.190671 -0.175742
154 9.22517 0 0 0 0 -0.189169 -0.189169 -0.17627
155 9.28527 0 0 0 0 -0.18857 -0.18857 -0.176901
156 9.34536 0 0 0 0 -0.189023 -0.189023 -0.177603
157 9.40546 0 0 0 0 -0.188959 -0.188959 -0.178027
158 9.46556 0 0 0 0 -0.191116 -0.191116 -0.178877
159 9.52566 0 0 0 0 -0.192699 -0.192699 -0.179555
160 9.58576 0 0 0 0 -0.194856 -0.194856 -0.180508
161 9.64586 0 0 0 0 -0.193784 -0.193784 -0.180878
162 9.70596 0 0 0 0 -0.193563 -0.193563 -0.181388
163 9.76606 0 0 0 0 -0.194398 -0.194398 -0.182077
164 9.82615 0 0 0 0 -0.194734 -0.194734 -0.182593
165 9.88625 0 0 0 0 -0.194081 -0.194081 -0.182863
166 9.94635 0 0 0 0 -0.194354 -0.194354 -0.183361
167 10.0065 0 0 0 0 -0.196726 -0.196726 -0.184226
168 10.0665 0 0 0 0 -0.196074 -0.196074 -0.184263
169 10.1266 0 0 0 0 -0.19996 -0.19996 -0.185278
170 10.1867 0 0 0 0 -0.201021 -0.201021 -0.185823
171 10.2468 0 0 0 0 -0.200651 -0.200651 -0.186267
172 10.3069 0 0 0 0 -0.198985 -0.198985 -0.186578
173 10.367 0 0 0 0 -0.197334 -0.197334 -0.186795
174 10.4271 0 0 0 0 -0.196043 -0.196043 -0.186891
175 10.4872 0 0 0 0 -0.196072 -0.196072 -0.186992
176 10.5473 0 0 0 0 -0.20121 -0.20121 -0.188251
177 10.6074 0 0 0 0 -0.202314 -0.202314 -0.18872
178 10.6675 0 0 0 0 -0.199216 -0.199216 -0.188268
179 10.7276 0 0 0 0 -0.201249 -0.201249 -0.188864
180 10.7877 0 0 0 0 -0.203219 -0.203219 -0.189363
181 10.8478 0 0 0 0 -0.205145 -0.205145 -0.189998
182 10.9079 0 0 0 0 -0.202841 -0.202841 -0.189831
183 10.968 0 0 0 0 -0.201471 -0.201471 -0.189872
184 11.0281 0 0 0 0 -0.202815 -0.202815 -0.190482
185 11.0882 0 0 0 0 -0.202538 -0.202538 -0.190634
186 11.1483 0 0 0 0 -0.2019 -0.2019 -0.190579
187 11.2084 0 0 0 0 -0.204762 -0.204762 -0.191313
188 11.2685 0 0 0 0 -0.203617 -0.203617 -0.191335
189 11.3286 0 0 0 0 -0.201568 -0.201568 -0.191336
190 11.3887 0 0 0 0 -0.199811 -0.199811 -0.191264
191 11.4488 0 0 0 0 -0.199566 -0.199566 -0.191376
192 11.5089 0 0 0 0 -0.201123 -0.201123 -0.191802
193 11.569 0 0 0 0 -0.200322 -0.200322 -0.191626
194 11.6291 0 0 0 0 -0.200869 -0.200869 -0.191697
195 11.6892 0 0 0 0 -0.20337 -0.20337 -0.192177
196 11.7493 0 0 0 0 -0.203388 -0.203388 -0.192087
197 11.8094 0 0 0 0 -0.204713 -0.204713 -0.192443
198 11.8695 0 0 0 0 -0.201156 -0.201156 -0.191771
199 11.9296 0 0 0 0 -0.202877 -0.202877 -0.192269
200 11.9897 0 0 0 0 -0.201359 -0.201359 -0.191909
201 12.0498 0 0 0 0 -0.203511 -0.203511 -0.192373
202 12.1099 0 0 0 0 -0.201476 -0.201476 -0.19191
203 12.17 0 0 0 0 -0.201374 -0.201374 -0.19194
204 12.2301 0 0 0 0 -0.201129 -0.201129 -0.191932
205 12.2902 0 0 0 0 -0.200628 -0.200628 -0.191828
206 12.3503 0 0 0 0 -0.199828 -0.199828 -0.19163
207 12.4104 0 0 0 0 -0.199385 -0.199385 -0.191427
208 12.4705 0 0 0 0 -0.200881 -0.200881 -0.191629
209 12.5306 0 0 0 0 -0.200085 -0.200085 -0.191275
210 12.5907 0 0 0 0 -0.19907 -0.19907 -0.190958
211 12.6508 0 0 0 0 -0.199779 -0.199779 -0.191086
212 12.7109 0 0 0 0 -0.198639 -0.198639 -0.190611
213 12.771 0 0 0 0 -0.200594 -0.200594 -0.190717
214 12.8311 0 0 0 0 -0.200859 -0.200859 -0.190315
215 12.8912 0 0 0 0 -0.202475 -0.202475 -0.190343
216 12.9513 0 0 0 0 -0.202598 -0.202598 -0.190193
217 13.0114 0 0 0 0 -0.199786 -0.199786 -0.189513
218 13.0715 0 0 0 0 -0.197381 -0.197381 -0.188829
219 13.1316 0 0 0 0 -0.199427 -0.199427 -0.189039
220 13.1917 0 0 0 0 -0.200505 -0.200505 -0.188822
221 13.2518 0 0 0 0 -0.201338 -0.201338 -0.188563
222 13.3119 0 0 0 0 -0.200594 -0.200594 -0.188142
223 13.372 0 0 0 0 -0.198121 -0.198121 -0.187507
224 13.4321 0 0 0 0 -0.196494 -0.196494 -0.187068
225 13.4922 0 0 0 0 -0.196399 -0.196399 -0.18678
226 13.5523 0 0 0 0 -0.196158 -0.196158 -0.186405
227 13.6124 0 0 0 0 -0.19535 -0.19535 -0.185924
228 13.6725 0 0 0 0 -0.193959 -0.193959 -0.185333
229 13.7326 0 0 0 0 -0.194328 -0.194328 -0.185095
230 13.7927 0 0 0 0 -0.194714 -0.194714 -0.184687
231 13.8528 0 0 0 0 -0.195075 -0.195075 -0.18413
232 13.9129 0 0 0 0 -0.196711 -0.196711 -0.183812
233 13.973 0 0 0 0 -0.198425 -0.198425 -0.183512
234 14.0331 0 0 0 0 -0.195571 -0.195571 -0.182433
235 14.0932 0 0 0 0 -0.196617 -0.196617 -0.18217
236 14.1533 0 0 0 0 -0.194433 -0.194433 -0.181174
237 14.2134 0 0 0 0 -0.196685 -0.196685 -0.181146
238 14.2735 0 0 0 0 -0.193368 -0.193368 -0.179992
239 14.3336 0 0 0 0 -0.190925 -0.190925 -0.179176
240 14.3937 0 0 0 0 -0.189823 -0.189823 -0.178582
241 14.4538 0 0 0 0 -0.189317 -0.189317 -0.177928
242 14.5139 0 0 0 0 -0.191958 -0.191958 -0.177814
243 14.574 0 0 0 0 -0.190457 -0.190457 -0.176771
244 14.6341 0 0 0 0 -0.188467 -0.188467 -0.17573
245 14.6942 0 0 0 0 -0.190388 -0.190388 -0.175549
246 14.7543 0 0 0 0 -0.187838 -0.187838 -0.174328
247 14.8144 0 0 0 0 -0.187954 -0.187954 -0.173797
248 14.8745 0 0 0 0 -0.185518 -0.185518 -0.17259
249 14.9346 0 0 0 0 -0.187409 -0.187409 -0.172291
250 14.9947 0 0 0 0 -0.187002 -0.187002 -0.171204
251 15.0548 0 0 0 0 -0.190812 -0.190812 -0.170952
252 15.1148 0 0 0 0 -0.190488 -0.190488 -0.169856
253 15.1749 0 0 0 0 -0.185536 -0.185536 -0.168001
254 15.235 0 0 0 0 -0.185832 -0.185832 -0.167489
255 15.2951 0 0 0 0 -0.183783 -0.183783 -0.166449
256 15.3552 0 0 0 0 -0.182425 -0.182425 -0.165411
257 15.4153 0 0 0 0 -0.182026 -0.182026 -0.164395
258 15.4754 0 0 0 0 -0.181873 -0.181873 -0.163572
259 15.5355 0 0 0 0 -0.177274 -0.177274 -0.162031
260 15.5956 0 0 0 0 -0.174151 -0.174151 -0.160823
261 15.6557 0 0 0 0 -0.173932 -0.173932 -0.160158
262 15.7158 0 0 0 0 -0.172475 -0.172475 -0.159035
263 15.7759 0 0 0 0 -0.174175 -0.174175 -0.158412
264 15.836 0 0 0 0 -0.17265 -0.17265 -0.15696
265 15.8961 0 0 0 0 -0.172388 -0.172388 -0.155893
266 15.9562 0 0 0 0 -0.173285 -0.173285 -0.154964
267 16.0163 0 0 0 0 -0.174256 -0.174256 -0.15383
268 16.0764 0 0 0 0 -0.172278 -0.172278 -0.152087
269 16.1365 0 0 0 0 -0.17102 -0.17102 -0.15078
270 16.1966 0 0 0 0 -0.168331 -0.168331 -0.149351
271 16.2567 0 0 0 0 -0.16374 -0.16374 -0.147588
272 16.3168 0 0 0 0 -0.162557 -0.162557 -0.146469
273 16.3769 0 0 0 0 -0.163473 -0.163473 -0.145542
274 16.437 0 0 0 0 -0.162879 -0.162879 -0.144152
275 16.4971 0 0 0 0 -0.161371 -0.161371 -0.142641
276 16.5572 0 0 0 0 -0.157587 -0.157587 -0.140854
277 16.6173 0 0 0 0 -0.156586 -0.156586 -0.139698
278 16.6774 0 0 0 0 -0.156482 -0.156482 -0.138549
279 16.7375 0 0 0 0 -0.154893 -0.154893 -0.13689
280 16.7976 0 0 0 0 -0.15508 -0.15508 -0.135604
281 16.8577 0 0 0 0 -0.151977 -0.151977 -0.133653
282 16.9178 0 0 0 0 -0.151019 -0.151019 -0.132263
283 16.9779 0 0 0 0 -0.151326 -0.151326 -0.13105
284 17.038 0 0 0 0 -0.149825 -0.149825 -0.129294
285 17.0981 0 0 0 0 -0.148791 -0.148791 -0.127605
286 17.1582 0 0 0 0 -0.147672 -0.147672 -0.125867
287 17.2183 0 0 0 0 -0.14745 -0.14745 -0.124313
288 17.2784 0 0 0 0 -0.146742 -0.146742 -0.122566
289 17.3385 0 0 0 0 -0.144222 -0.144222 -0.120411
290 17.3986 0 0 0 0 -0.142089 -0.142089 -0.118465
291 17.4587 0 0 0 0 -0.140016 -0.140016 -0.116699
292 17.5188 0 0 0 0 -0.136296 -0.136296 -0.114755
293 17.5789 0 0 0 0 -0.134271 -0.134271 -0.113127
294 17.639 0 0 0 0 -0.135265 -0.135265 -0.111841
295 17.6991 0 0 0 0 -0.133808 -0.133808 -0.109779
296 17.7592 0 0 0 0 -0.132895 -0.132895 -0.107888
297 17.8193 0 0 0 0 -0.129278 -0.129278 -0.105623
298 17.8794 0 0 0 0 -0.125174 -0.125174 -0.103526
299 17.9395 0 0 0 0 -0.124649 -0.124649 -0.102138
300 17.9996 0 0 0 0 -0.122912 -0.122912 -0.100364
301 18.0597 0 0 0 0 -0.12181 -0.12181 -0.0986523
302 18.1198 0 0 0 0 -0.118975 -0.118975 -0.0965428
303 18.1799 0 0 0 0 -0.118114 -0.118114 -0.0948931
304 18.24 0 0 0 0 -0.117873 -0.117873 -0.093189
305 18.3001 0 0 0 0 -0.114669 -0.114669 -0.0908714
306 18.3602 0 0 0 0 -0.11427 -0.11427 -0.0891257
307 18.4203 0 0 0 0 -0.11245 -0.11245 -0.0869531
308 18.4804 0 0 0 0 -0.109488 -0.109488 -0.0847168
309 18.5405 0 0 0 0 -0.106855 -0.106855 -0.0826751
310 18.6006 0 0 0 0 -0.104263 -0.104263 -0.0806965
311 18.6607 0 0 0 0 -0.10066 -0.10066 -0.078592
312 18.7208 0 0 0 0 -0.0991884 -0.0991884 -0.0769321
313 18.7809 0 0 0 0 -0.0973862 -0.0973862 -0.075134
314 18.841 0 0 0 0 -0.0946342 -0.0946342 -0.0732091
315 18.9011 0 0 0 0 -0.0925365 -0.0925365 -0.0714608
316 18.9612 0 0 0 0 -0.0914653 -0.0914653 -0.0698187
317 19.0213 0 0 0 0 -0.0892804 -0.0892804 -0.0678561
318 19.0814 0 0 0 0 -0.0874272 -0.0874272 -0.0659495
319 19.1415 0 0 0 0 -0.0856321 -0.0856321 -0.0640061
320 19.2016 0 0 0 0 -0.0839956 -0.0839956 -0.0620739
321 19.2617 0 0 0 0 -0.0803513 -0.0803513 -0.0598251
322 19.3218 0 0 0 0 -0.077339 -0.077339 -0.0578728
323 19.3819 0 0 0 0 -0.0739904 -0.0739904 -0.0559807
324 19.442 0 0 0 0 -0.0712414 -0.0712414 -0.0543168
325 19.5021 0 0 0 0 -0.0694132 -0.0694132 -0.0527988
326 19.5622 0 0 0 0 -0.0661384 -0.0661384 -0.0509914
327 19.6223 0 0 0 0 -0.0642287 -0.0642287 -0.0495545
328 19.6824 0 0 0 0 -0.0627843 -0.0627843 -0.0481309
329 19.7425 0 0 0 0 -0.0604476 -0.0604476 -0.0464667
330 19.8026 0 0 0 0 -0.058176 -0.058176 -0.0447798
331 19.8627 0 0 0 0 -0.0556012 -0.0556012 -0.0431238
332 19.9228 0 0 0 0 -0.0524858 -0.0524858 -0.0415466
333 19.9829 0 0 0 0 -0.0510323 -0.0510323 -0.0403604
334 20.043 0 0 0 0 -0.0495789 -0.0495789 -0.0390495
335 20.1031 0 0 0 0 -0.0475989 -0.0475989 -0.0375668
336 20.1631 0 0 0 0 -0.0447948 -0.0447948 -0.0360165
337 20.2232 0 0 0 0 -0.043724 -0.043724 -0.0348378
338 20.2833 0 0 0 0 -0.0414026 -0.0414026 -0.0333475
339 20.3434 0 0 0 0 -0.0390419 -0.0390419 -0.0319395
340 20.4035 0 0 0 0 -0.0365624 -0.0365624 -0.0305753
341 20.4636 0 0 0 0 -0.0342446 -0.0342446 -0.0292868
342 20.5237 0 0 0 0 -0.0319838 -0.0319838 -0.0280935
343 20.5838 0 0 0 0 -0.0300845 -0.0300845 -0.0270235
344 20.6439 0 0 0 0 -0.0287322 -0.0287322 -0.0260767
345 20.704 0 0 0 0 -0.026445 -0.026445 -0.0248884
346 20.7641 0 0 0 0 -0.0243361 -0.0243361 -0.0238604
347 20.8242 0 0 0 0 -0.0227067 -0.0227067 -0.0230353
348 20.8843 0 0 0 0 -0.0212947 -0.0212947 -0.0223114
349 20.9444 0 0 0 0 -0.0205876 -0.0205876 -0.0217449
350 21.0045 0 0 0 0 -0.0189506 -0.0189506 -0.020925
351 21.0646 0 0 0 0 -0.0181991 -0.0181991 -0.020438
352 21.1247 0 0 0 0 -0.0175806 -0.0175806 -0.0198879
353 21.1848 0 0 0 0 -0.0167934 -0.0167934 -0.0192609
354 21.2449 0 0 0 0 -0.0159155 -0.0159155 -0.0185687
355 21.305 0 0 0 0 -0.0147286 -0.0147286 -0.017864
356 21.3651 0 0 0 0 -0.0136368 -0.0136368 -0.017196
357 21.4252 0 0 0 0 -0.012413 -0.012413 -0.0166009
358 21.4853 0 0 0 0 -0.0117657 -0.0117657 -0.0162017
359 21.5454 0 0 0 0 -0.0111033 -0.0111033 -0.0157726
360 21.6055 0 0 0 0 -0.0105169 -0.0105169 -0.0153893
361 21.6656 0 0 0 0 -0.0100155 -0.0100155 -0.0150449
362 21.7257 0 0 0 0 -0.00955776 -0.00955776 -0.0146731
363 21.7858 0 0 0 0 -0.00888657 -0.00888657 -0.0142424
364 21.8459 0 0 0 0 -0.00798039 -0.00798039 -0.0137679
365 21.906 0 0 0 0 -0.0074835 -0.0074835 -0.0134794
366 21.9661 0 0 0 0 -0.00710508 -0.00710508 -0.0132442
367 22.0262 0 0 0 0 -0.00671296 -0.00671296 -0.0129808
368 22.0863 0 0 0 0 -0.00629882 -0.00629882 -0.0127396
369 22.1464 0 0 0 0 -0.00604566 -0.00604566 -0.0125754
370 22.2065 0 0 0 0 -0.00580791 -0.00580791 -0.0123932
371 22.2666 0 0 0 0 -0.00553101 -0.00553101 -0.0122135
372 22.3267 0 0 0 0 -0.00533633 -0.00533633 -0.0120893
373 22.3868 0 0 0 0 -0.00507961 -0.00507961 -0.0119432
374 22.4469 0 0 0 0 -0.00501583 -0.00501583 -0.0119015
375 22.507 0 0 0 0 -0.00490247 -0.00490247 -0.0118115
376 22.5671 0 0 0 0 -0.00476607 -0.00476607 -0.0117041
377 22.6272 0 0 0 0 -0.00470445 -0.00470445 -0.0116275
378 22.6873 0 0 0 0 -0.00458401 -0.00458401 -0.0115205
379 22.7474 0 0 0 0 -0.00445326 -0.00445326 -0.0114181
380 22.8075 0 0 0 0 -0.00448539 -0.00448539 -0.0113891
381 22.8676 0 0 0 0 -0.00431035 -0.00431035 -0.0112393
382 22.9277 0 0 0 0 -0.00408151 -0.00408151 -0.0110868
383 22.9878 0 0 0 0 -0.00401786 -0.00401786 -0.0110505
384 23.0479 0 0 0 0 -0.00394803 -0.00394803 -0.0109998
385 23.108 0 0 0 0 -0.00387639 -0.00387639 -0.0109456
386 23.1681 0 0 0 0 -0.00387883 -0.00387883 -0.0109415
387 23.2282 0 0 0 0 -0.00382263 -0.00382263 -0.0109046
388 23.2883 0 0 0 0 -0.00377106 -0.00377106 -0.010859
389 23.3484 0 0 0 0 -0.00368873 -0.00368873 -0.0107963
390 23.4085 0 0 0 0 -0.00366407 -0.00366407 -0.0107813
391 23.4686 0 0 0 0 -0.00360164 -0.00360164 -0.0107359
392 23.5287 0 0 0 0 -0.00360294 -0.00360294 -0.0107354
393 23.5888 0 0 0 0 -0.00360326 -0.00360326 -0.0107323
394 23.6489 0 0 0 0 -0.00359261 -0.00359261 -0.0107228
395 23.709 0 0 0 0 -0.00360731 -0.00360731 -0.0107385
48000 395
1 0.0300494 0 0 0 0 -0.00365081 -0.00365081 -0.010718
2 0.0901482 0 0 0 0 -0.00363659 -0.00363659 -0.0106911
3 0.150247 0 0 0 0 -0.00368746 -0.00368746 -0.0107226
4 0.210346 0 0 0 0 -0.00361984 -0.00361984 -0.0106988
5 0.270445 0 0 0 0 -0.00362329 -0.00362329 -0.0107088
6 0.330543 0 0 0 0 -0.00362353 -0.00362353 -0.0107073
7 0.390642 0 0 0 0 -0.00366753 -0.00366753 -0.0107354
8 0.450741 0 0 0 0 -0.00372283 -0.00372283 -0.0107742
9 0.51084 0 0 0 0 -0.00379477 -0.00379477 -0.0108311
10 0.570939 0 0 0 0 -0.0037916 -0.0037916 -0.0108296
11 0.631037 0 0 0 0 -0.00384255 -0.00384255 -0.0108612
12 0.691136 0 0 0 0 -0.00389372 -0.00389372 -0.0109011
13 0.751235 0 0 0 0 -0.00404005 -0.00404005 -0.0109878
14 0.811334 0 0 0 0 -0.00419042 -0.00419042 -0.0110777
15 0.871433 0 0 0 0 -0.00435114 -0.00435114 -0.0112047
16 0.931531 0 0 0 0 -0.00440118 -0.00440118 -0.011294
17 0.99163 0 0 0 0 -0.00445168 -0.00445168 -0.0113773
18 1.05173 0 0 0 0 -0.00448335 -0.00448335 -0.0114252
19 1.11183 0 0 0 0 -0.00456901 -0.00456901 -0.0114982
20 1.17193 0 0 0 0 -0.00459577 -0.00459577 -0.011527
21 1.23203 0 0 0 0 -0.00477055 -0.00477055 -0.0116442
22 1.29212 0 0 0 0 -0.0049284 -0.0049284 -0.0117781
23 1.35222 0 0 0 0 -0.0050134 -0.0050134 -0.0118552
24 1.41232 0 0 0 0 -0.00526818 -0.00526818 -0.0120145
25 1.47242 0 0 0 0 -0.00539052 -0.00539052 -0.0121278
26 1.53252 0 0 0 0 -0.00561282 -0.00561282 -0.0122795
27 1.59262 0 0 0 0 -0.00588355 -0.00588355 -0.01248
28 1.65272 0 0 0 0 -0.00607037 -0.00607037 -0.0126484
29 1.71282 0 0 0 0 -0.0062313 -0.0062313 -0.0127879
30 1.77291 0 0 0 0 -0.00645532 -0.00645532 -0.0129192
31 1.83301 0 0 0 0 -0.0066893 -0.0066893 -0.0130726
32 1.89311 0 0 0 0 -0.00704274 -0.00704274 -0.0132763
33 1.95321 0 0 0 0 -0.00755227 -0.00755227 -0.0135819
34 2.01331 0 0 0 0 -0.00816857 -0.00816857 -0.0139396
35 2.07341 0 0 0 0 -0.00868744 -0.00868744 -0.0143035
36 2.13351 0 0 0 0 -0.00920626 -0.00920626 -0.0146552
37 2.19361 0 0 0 0 -0.00978646 -0.00978646 -0.0150592
38 2.25371 0 0 0 0 -0.0102107 -0.0102107 -0.0154072
39 2.3138 0 0 0 0 -0.0105492 -0.0105492 -0.0156561
40 2.3739 0 0 0 0 -0.0110053 -0.0110053 -0.0158986
41 2.434 0 0 0 0 -0.0121218 -0.0121218 -0.0164165
42 2.4941 0 0 0 0 -0.0135502 -0.0135502 -0.0170563
43 2.5542 0 0 0 0 -0.0146334 -0.0146334 -0.0176589
44 2.6143 0 0 0 0 -0.0155066 -0.0155066 -0.0182439
45 2.6744 0 0 0 0 -0.0165648 -0.0165648 -0.0188899
46 2.7345 0 0 0 0 -0.0174888 -0.0174888 -0.0194926
47 2.79459 0 0 0 0 -0.0192158 -0.0192158 -0.0203291
48 2.85469 0 0 0 0 -0.0209851 -0.0209851 -0.0212763
49 2.91479 0 0 0 0 -0.0226738 -0.0226738 -0.0222656
50 2.97489 0 0 0 0 -0.0240389 -0.0240389 -0.0231965
51 3.03499 0 0 0 0 -0.0252806 -0.0252806 -0.0240642
52 3.09509 0 0 0 0 -0.0261246 -0.0261246 -0.0248028
53 3.15519 0 0 0 0 -0.0278373 -0.0278373 -0.0257498
54 3.21529 0 0 0 0 -0.0295987 -0.0295987 -0.0268153
55 3.27538 0 0 0 0 -0.0309377 -0.0309377 -0.0277899
56 3.33548 0 0 0 0 -0.0320942 -0.0320942 -0.0286594
57 3.39558 0 0 0 0 -0.033898 -0.033898 -0.0296396
58 3.45568 0 0 0 0 -0.0358228 -0.0358228 -0.0306827
59 3.51578 0 0 0 0 -0.0377643 -0.0377643 -0.0317804
60 3.57588 0 0 0 0 -0.03995 -0.03995 -0.0329218
61 3.63598 0 0 0 0 -0.0420235 -0.0420235 -0.0340186
62 3.69608 0 0 0 0 -0.0461225 -0.0461225 -0.0356914
63 3.75618 0 0 0 0 -0.0492811 -0.0492811 -0.0373423
64 3.81627 0 0 0 0 -0.0537721 -0.0537721 -0.0395427
65 3.87637 0 0 0 0 -0.0552974 -0.0552974 -0.0413115
66 3.93647 0 0 0 0 -0.0571851 -0.0571851 -0.0430284
67 3.99657 0 0 0 0 -0.0586956 -0.0586956 -0.0445613
68 4.05667 0 0 0 0 -0.06052 -0.06052 -0.046078
69 4.11677 0 0 0 0 -0.0630607 -0.0630607 -0.047825
70 4.17687 0 0 0 0 -0.0640122 -0.0640122 -0.0492187
71 4.23697 0 0 0 0 -0.0665433 -0.0665433 -0.050868
72 4.29706 0 0 0 0 -0.0680232 -0.0680232 -0.0523261
73 4.35716 0 0 0 0 -0.0704199 -0.0704199 -0.0539404
74 4.41726 0 0 0 0 -0.0721763 -0.0721763 -0.0554316
75 4.47736 0 0 0 0 -0.0748234 -0.0748234 -0.0571167
76 4.53746 0 0 0 0 -0.0773109 -0.0773109 -0.0588232
77 4.59756 0 0 0 0 -0.0800622 -0.0800622 -0.0605645
78 4.65766 0 0 0 0 -0.0824185 -0.0824185 -0.0622062
79 4.71776 0 0 0 0 -0.0868592 -0.0868592 -0.0644159
80 4.77786 0 0 0 0 -0.0895736 -0.0895736 -0.0664936
81 4.83795 0 0 0 0 -0.0920491 -0.0920491 -0.0685796
82 4.89805 0 0 0 0 -0.0939938 -0.0939938 -0.0705024
83 4.95815 0 0 0 0 -0.096281 -0.096281 -0.0724656
84 5.01825 0 0 0 0 -0.0990827 -0.0990827 -0.0746224
85 5.07835 0 0 0 0 -0.101043 -0.101043 -0.0766594
86 5.13845 0 0 0 0 -0.10303 -0.10303 -0.078695
87 5.19855 0 0 0 0 -0.104162 -0.104162 -0.0805852
88 5.25865 0 0 0 0 -0.105691 -0.105691 -0.0824478
89 5.31874 0 0 0 0 -0.107032 -0.107032 -0.0841412
90 5.37884 0 0 0 0 -0.108951 -0.108951 -0.085848
91 5.43894 0 0 0 0 -0.111242 -0.111242 -0.0876765
92 5.49904 0 0 0 0 -0.11399 -0.11399 -0.0895526
93 5.55914 0 0 0 0 -0.118209 -0.118209 -0.091924
94 5.61924 0 0 0 0 -0.120865 -0.120865 -0.0942425
95 5.67934 0 0 0 0 -0.120771 -0.120771 -0.0960587
96 5.73944 0 0 0 0 -0.122734 -0.122734 -0.0981938
97 5.79953 0 0 0 0 -0.123835 -0.123835 -0.100112
98 5.85963 0 0 0 0 -0.12461 -0.12461 -0.10183
99 5.91973 0 0 0 0 -0.124696 -0.124696 -0.103137
100 5.97983 0 0 0 0 -0.127957 -0.127957 -0.104995
101 6.03993 0 0 0 0 -0.131181 -0.131181 -0.10701
102 6.10003 0 0 0 0 -0.135185 -0.135185 -0.109486
103 6.16013 0 0 0 0 -0.134172 -0.134172 -0.11102
104 6.22023 0 0 0 0 -0.137058 -0.137058 -0.113278
105 6.28033 0 0 0 0 -0.136501 -0.136501 -0.114715
106 6.34042 0 0 0 0 -0.137147 -0.137147 -0.116203
107 6.40052 0 0 0 0 -0.140322 -0.140322 -0.118202
108 6.46062 0 0 0 0 -0.142515 -0.142515 -0.120084
109 6.52072 0 0 0 0 -0.143154 -0.143154 -0.121631
110 6.58082 0 0 0 0 -0.144532 -0.144532 -0.123276
111 6.64092 0 0 0 0 -0.146874 -0.146874 -0.125155
112 6.70102 0 0 0 0 -0.147724 -0.147724 -0.126657
113 6.76112 0 0 0 0 -0.149752 -0.149752 -0.128405
114 6.82121 0 0 0 0 -0.152463 -0.152463 -0.130342
115 6.88131 0 0 0 0 -0.152113 -0.152113 -0.131701
116 6.94141 0 0 0 0 -0.155243 -0.155243 -0.133775
117 7.00151 0 0 0 0 -0.1551 -0.1551 -0.135145
118 7.06161 0 0 0 0 -0.156112 -0.156112 -0.136764
119 7.12171 0 0 0 0 -0.155586 -0.155586 -0.137982
120 7.18181 0 0 0 0 -0.156931 -0.156931 -0.139445
121 7.24191 0 0 0 0 -0.159062 -0.159062 -0.14095
122 7.302 0 0 0 0 -0.160002 -0.160002 -0.142098
123 7.3621 0 0 0 0 -0.163228 -0.163228 -0.143885
124 7.4222 0 0 0 0 -0.165175 -0.165175 -0.145475
125 7.4823 0 0 0 0 -0.165911 -0.165911 -0.146873
126 7.5424 0 0 0 0 -0.165774 -0.165774 -0.148032
127 7.6025 0 0 0 0 -0.16669 -0.16669 -0.149312
128 7.6626 0 0 0 0 -0.167644 -0.167644 -0.150438
129 7.7227 0 0 0 0 -0.169856 -0.169856 -0.151838
130 7.7828 0 0 0 0 -0.174059 -0.174059 -0.153813
131 7.84289 0 0 0 0 -0.172134 -0.172134 -0.154392
132 7.90299 0 0 0 0 -0.173895 -0.173895 -0.155846
133 7.96309 0 0 0 0 -0.176674 -0.176674 -0.15765
134 8.02319 0 0 0 0 -0.174076 -0.174076 -0.158376
135 8.08329 0 0 0 0 -0.172892 -0.172892 -0.159169
136 8.14339 0 0 0 0 -0.174003 -0.174003 -0.160305
137 8.20349 0 0 0 0 -0.174336 -0.174336 -0.161075
138 8.26359 0 0 0 0 -0.176744 -0.176744 -0.162265
139 8.32368 0 0 0 0 -0.180181 -0.180181 -0.163643
140 8.38378 0 0 0 0 -0.18106 -0.18106 -0.164615
141 8.44388 0 0 0 0 -0.182058 -0.182058 -0.165631
142 8.50398 0 0 0 0 -0.183589 -0.183589 -0.166824
143 8.56408 0 0 0 0 -0.183927 -0.183927 -0.167722
144 8.62418 0 0 0 0 -0.183721 -0.183721 -0.168482
145 8.68428 0 0 0 0 -0.186898 -0.186898 -0.169999
146 8.74438 0 0 0 0 -0.184526 -0.184526 -0.170434
147 8.80447 0 0 0 0 -0.183833 -0.183833 -0.171217
148 8.86457 0 0 0 0 -0.18467 -0.18467 -0.172167
149 8.92467 0 0 0 0 -0.184298 -0.184298 -0.17267
150 8.98477 0 0 0 0 -0.185961 -0.185961 -0.173542
151 9.04487 0 0 0 0 -0.187769 -0.187769 -0.174369
152 9.10497 0 0 0 0 -0.19053 -0.19053 -0.175482
153 9.16507 0 0 0 0 -0.191551 -0.191551 -0.176396
154 9.22517 0 0 0 0 -0.189787 -0.189787 -0.176822
155 9.28527 0 0 0 0 -0.189033 -0.189033 -0.177382
156 9.34536 0 0 0 0 -0.190123 -0.190123 -0.178241
157 9.40546 0 0 0 0 -0.190151 -0.190151 -0.178741
158 9.46556 0 0 0 0 -0.191255 -0.191255 -0.179422
159 9.52566 0 0 0 0 -0.192696 -0.192696 -0.18012
160 9.58576 0 0 0 0 -0.194349 -0.194349 -0.180939
161 9.64586 0 0 0 0 -0.19387 -0.19387 -0.181388
162 9.70596 0 0 0 0 -0.194432 -0.194432 -0.182
163 9.76606 0 0 0 0 -0.195465 -0.195465 -0.182679
164 9.82615 0 0 0 0 -0.195711 -0.195711 -0.183139
165 9.88625 0 0 0 0 -0.196042 -0.196042 -0.183642
166 9.94635 0 0 0 0 -0.19552 -0.19552 -0.184023
167 10.0065 0 0 0 0 -0.197293 -0.197293 -0.184848
168 10.0665 0 0 0 0 -0.196482 -0.196482 -0.184969
169 10.1266 0 0 0 0 -0.199151 -0.199151 -0.185798
170 10.1867 0 0 0 0 -0.199779 -0.199779 -0.186257
171 10.2468 0 0 0 0 -0.199699 -0.199699 -0.186722
172 10.3069 0 0 0 0 -0.198591 -0.198591 -0.187063
173 10.367 0 0 0 0 -0.197869 -0.197869 -0.187412
174 10.4271 0 0 0 0 -0.196172 -0.196172 -0.187335
175 10.4872 0 0 0 0 -0.197286 -0.197286 -0.187641
176 10.5473 0 0 0 0 -0.202515 -0.202515 -0.18885
177 10.6074 0 0 0 0 -0.203289 -0.203289 -0.189185
178 10.6675 0 0 0 0 -0.201295 -0.201295 -0.188928
179 10.7276 0 0 0 0 -0.203397 -0.203397 -0.18953
180 10.7877 0 0 0 0 -0.205046 -0.205046 -0.189986
181 10.8478 0 0 0 0 -0.206534 -0.206534 -0.190554
182 10.9079 0 0 0 0 -0.204519 -0.204519 -0.190536
183 10.968 0 0 0 0 -0.202124 -0.202124 -0.190507
184 11.0281 0 0 0 0 -0.20216 -0.20216 -0.190962
185 11.0882 0 0 0 0 -0.201298 -0.201298 -0.191038
186 11.1483 0 0 0 0 -0.200396 -0.200396 -0.190921
187 11.2084 0 0 0 0 -0.203867 -0.203867 -0.191797
188 11.2685 0 0 0 0 -0.202945 -0.202945 -0.191779
189 11.3286 0 0 0 0 -0.201272 -0.201272 -0.191772
190 11.3887 0 0 0 0 -0.200127 -0.200127 -0.191794
191 11.4488 0 0 0 0 -0.199866 -0.199866 -0.191854
192 11.5089 0 0 0 0 -0.201511 -0.201511 -0.192239
193 11.569 0 0 0 0 -0.201384 -0.201384 -0.192139
194 11.6291 0 0 0 0 -0.202176 -0.202176 -0.192214
195 11.6892 0 0 0 0 -0.204689 -0.204689 -0.192707
196 11.7493 0 0 0 0 -0.204123 -0.204123 -0.192553
197 11.8094 0 0 0 0 -0.204643 -0.204643 -0.192753
198 11.8695 0 0 0 0 -0.201433 -0.201433 -0.192139
199 11.9296 0 0 0 0 -0.204057 -0.204057 -0.192814
200 11.9897 0 0 0 0 -0.20202 -0.20202 -0.192348
201 12.0498 0 0 0 0 -0.203424 -0.203424 -0.192671
202 12.1099 0 0 0 0 -0.201645 -0.201645 -0.192275
203 12.17 0 0 0 0 -0.201587 -0.201587 -0.192293
204 12.2301 0 0 0 0 -0.201862 -0.201862 -0.192374
205 12.2902 0 0 0 0 -0.200994 -0.200994 -0.192174
206 12.3503 0 0 0 0 -0.200155 -0.200155 -0.191951
207 12.4104 0 0 0 0 -0.199814 -0.199814 -0.191731
208 12.4705 0 0 0 0 -0.202316 -0.202316 -0.192088
209 12.5306 0 0 0 0 -0.201414 -0.201414 -0.191654
210 12.5907 0 0 0 0 -0.200572 -0.200572 -0.191352
211 12.6508 0 0 0 0 -0.200757 -0.200757 -0.191351
212 12.7109 0 0 0 0 -0.200051 -0.200051 -0.190977
213 12.771 0 0 0 0 -0.201831 -0.201831 -0.191012
214 12.8311 0 0 0 0 -0.202552 -0.202552 -0.190679
215 12.8912 0 0 0 0 -0.204483 -0.204483 -0.190765
216 12.9513 0 0 0 0 -0.203495 -0.203495 -0.190457
217 13.0114 0 0 0 0 -0.1999 -0.1999 -0.189679
218 13.0715 0 0 0 0 -0.197787 -0.197787 -0.189102
219 13.1316 0 0 0 0 -0.199752 -0.199752 -0.189291
220 13.1917 0 0 0 0 -0.201128 -0.201128 -0.189121
221 13.2518 0 0 0 0 -0.202127 -0.202127 -0.188871
222 13.3119 0 0 0 0 -0.200992 -0.200992 -0.188328
223 13.372 0 0 0 0 -0.198965 -0.198965 -0.187752
224 13.4321 0 0 0 0 -0.198757 -0.198757 -0.187579
225 13.4922 0 0 0 0 -0.197339 -0.197339 -0.187014
226 13.5523 0 0 0 0 -0.196342 -0.196342 -0.186512
227 13.6124 0 0 0 0 -0.19575 -0.19575 -0.186109
228 13.6725 0 0 0 0 -0.195135 -0.195135 -0.185685
229 13.7326 0 0 0 0 -0.194968 -0.194968 -0.185296
230 13.7927 0 0 0 0 -0.19539 -0.19539 -0.184878
231 13.8528 0 0 0 0 -0.195929 -0.195929 -0.184376
232 13.9129 0 0 0 0 -0.19716 -0.19716 -0.184025
233 13.973 0 0 0 0 -0.198258 -0.198258 -0.183654
234 14.0331 0 0 0 0 -0.195613 -0.195613 -0.182633
235 14.0932 0 0 0 0 -0.196205 -0.196205 -0.182251
236 14.1533 0 0 0 0 -0.19578 -0.19578 -0.18162
237 14.2134 0 0 0 0 -0.196253 -0.196253 -0.181193
238 14.2735 0 0 0 0 -0.193596 -0.193596 -0.180224
239 14.3336 0 0 0 0 -0.190973 -0.190973 -0.179361
240 14.3937 0 0 0 0 -0.189797 -0.189797 -0.178744
241 14.4538 0 0 0 0 -0.189639 -0.189639 -0.178194
242 14.5139 0 0 0 0 -0.191116 -0.191116 -0.177866
243 14.574 0 0 0 0 -0.189501 -0.189501 -0.176848
244 14.6341 0 0 0 0 -0.18811 -0.18811 -0.175942
245 14.6942 0 0 0 0 -0.190342 -0.190342 -0.175766
246 14.7543 0 0 0 0 -0.188505 -0.188505 -0.17458
247 14.8144 0 0 0 0 -0.188881 -0.188881 -0.17403
248 14.8745 0 0 0 0 -0.186086 -0.186086 -0.172778
249 14.9346 0 0 0 0 -0.186797 -0.186797 -0.172304
250 14.9947 0 0 0 0 -0.186246 -0.186246 -0.171287
251 15.0548 0 0 0 0 -0.189331 -0.189331 -0.17096
252 15.1148 0 0 0 0 -0.188907 -0.188907 -0.169878
253 15.1749 0 0 0 0 -0.185072 -0.185072 -0.168262
254 15.235 0 0 0 0 -0.185154 -0.185154 -0.167675
255 15.2951 0 0 0 0 -0.182826 -0.182826 -0.166551
256 15.3552 0 0 0 0 -0.181773 -0.181773 -0.165593
257 15.4153 0 0 0 0 -0.18124 -0.18124 -0.164581
258 15.4754 0 0 0 0 -0.180426 -0.180426 -0.163612
259 15.5355 0 0 0 0 -0.176861 -0.176861 -0.162283
260 15.5956 0 0 0 0 -0.174238 -0.174238 -0.161129
261 15.6557 0 0 0 0 -0.173837 -0.173837 -0.160368
262 15.7158 0 0 0 0 -0.172386 -0.172386 -0.159201
263 15.7759 0 0 0 0 -0.174352 -0.174352 -0.158609
264 15.836 0 0 0 0 -0.173028 -0.173028 -0.157182
265 15.8961 0 0 0 0 -0.172593 -0.172593 -0.156063
266 15.9562 0 0 0 0 -0.173132 -0.173132 -0.155057
267 16.0163 0 0 0 0 -0.173916 -0.173916 -0.153924
268 16.0764 0 0 0 0 -0.171614 -0.171614 -0.152145
269 16.1365 0 0 0 0 -0.170515 -0.170515 -0.150903
270 16.1966 0 0 0 0 -0.167832 -0.167832 -0.149487
271 16.2567 0 0 0 0 -0.163018 -0.163018 -0.147687
272 16.3168 0 0 0 0 -0.161482 -0.161482 -0.146532
273 16.3769 0 0 0 0 -0.161954 -0.161954 -0.145594
274 16.437 0 0 0 0 -0.161712 -0.161712 -0.144382
275 16.4971 0 0 0 0 -0.160229 -0.160229 -0.142914
276 16.5572 0 0 0 0 -0.157471 -0.157471 -0.141295
277 16.6173 0 0 0 0 -0.158053 -0.158053 -0.140228
278 16.6774 0 0 0 0 -0.158598 -0.158598 -0.138933
279 16.7375 0 0 0 0 -0.156907 -0.156907 -0.137126
280 16.7976 0 0 0 0 -0.156167 -0.156167 -0.135658
281 16.8577 0 0 0 0 -0.152508 -0.152508 -0.133641
282 16.9178 0 0 0 0 -0.151681 -0.151681 -0.132295
283 16.9779 0 0 0 0 -0.151681 -0.151681 -0.131
284 17.038 0 0 0 0 -0.150541 -0.150541 -0.129318
285 17.0981 0 0 0 0 -0.148159 -0.148159 -0.127409
286 17.1582 0 0 0 0 -0.146913 -0.146913 -0.12578
287 17.2183 0 0 0 0 -0.14627 -0.14627 -0.124248
288 17.2784 0 0 0 0 -0.1457 -0.1457 -0.122638
289 17.3385 0 0 0 0 -0.144048 -0.144048 -0.120681
290 17.3986 0 0 0 0 -0.142342 -0.142342 -0.118746
291 17.4587 0 0 0 0 -0.140589 -0.140589 -0.11696
292 17.5188 0 0 0 0 -0.136615 -0.136615 -0.114905
293 17.5789 0 0 0 0 -0.135569 -0.135569 -0.113414
294 17.639 0 0 0 0 -0.135804 -0.135804 -0.111923
295 17.6991 0 0 0 0 -0.134317 -0.134317 -0.109862
296 17.7592 0 0 0 0 -0.133346 -0.133346 -0.107965
297 17.8193 0 0 0 0 -0.129975 -0.129975 -0.10573
298 17.8794 0 0 0 0 -0.126182 -0.126182 -0.103657
299 17.9395 0 0 0 0 -0.125268 -0.125268 -0.102136
300 17.9996 0 0 0 0 -0.123916 -0.123916 -0.100398
301 18.0597 0 0 0 0 -0.121899 -0.121899 -0.0985012
302 18.1198 0 0 0 0 -0.118852 -0.118852 -0.0964106
303 18.1799 0 0 0 0 -0.117996 -0.117996 -0.0948192
304 18.24 0 0 0 0 -0.117586 -0.117586 -0.093128
305 18.3001 0 0 0 0 -0.114438 -0.114438 -0.0908578
306 18.3602 0 0 0 0 -0.113974 -0.113974 -0.0891159
307 18.4203 0 0 0 0 -0.112268 -0.112268 -0.0869898
308 18.4804 0 0 0 0 -0.109038 -0.109038 -0.0847328
309 18.5405 0 0 0 0 -0.106469 -0.106469 -0.0827564
310 18.6006 0 0 0 0 -0.103666 -0.103666 -0.0807867
311 18.6607 0 0 0 0 -0.100599 -0.100599 -0.0788229
312 18.7208 0 0 0 0 -0.0995746 -0.0995746 -0.0772049
313 18.7809 0 0 0 0 -0.0977103 -0.0977103 -0.0753359
314 18.841 0 0 0 0 -0.0946728 -0.0946728 -0.0733338
315 18.9011 0 0 0 0 -0.092758 -0.092758 -0.0716119
316 18.9612 0 0 0 0 -0.0916903 -0.0916903 -0.0699438
317 19.0213 0 0 0 0 -0.0894601 -0.0894601 -0.0679585
318 19.0814 0 0 0 0 -0.086991 -0.086991 -0.0659659
319 19.1415 0 0 0 0 -0.0851394 -0.0851394 -0.0641063
320 19.2016 0 0 0 0 -0.08383 -0.08383 -0.0623075
321 19.2617 0 0 0 0 -0.080137 -0.080137 -0.060085
322 19.3218 0 0 0 0 -0.0774327 -0.0774327 -0.058217
323 19.3819 0 0 0 0 -0.07471 -0.07471 -0.0564025
324 19.442 0 0 0 0 -0.0718955 -0.0718955 -0.0546451
325 19.5021 0 0 0 0 -0.0697974 -0.0697974 -0.0530536
326 19.5622 0 0 0 0 -0.0669742 -0.0669742 -0.0513202
327 19.6223 0 0 0 0 -0.0651108 -0.0651108 -0.0498208
328 19.6824 0 0 0 0 -0.0636257 -0.0636257 -0.0483056
329 19.7425 0 0 0 0 -0.0611251 -0.0611251 -0.0465492
330 19.8026 0 0 0 0 -0.0585863 -0.0585863 -0.0447916
331 19.8627 0 0 0 0 -0.0557235 -0.0557235 -0.0430849
332 19.9228 0 0 0 0 -0.0523711 -0.0523711 -0.0414786
333 19.9829 0 0 0 0 -0.0506278 -0.0506278 -0.0402747
334 20.043 0 0 0 0 -0.0493834 -0.0493834 -0.0390664
335 20.1031 0 0 0 0 -0.0472929 -0.0472929 -0.037597
336 20.1631 0 0 0 0 -0.0446482 -0.0446482 -0.0361209
337 20.2232 0 0 0 0 -0.0434832 -0.0434832 -0.0349612
338 20.2833 0 0 0 0 -0.0414865 -0.0414865 -0.0335688
339 20.3434 0 0 0 0 -0.0390976 -0.0390976 -0.0321429
340 20.4035 0 0 0 0 -0.0368544 -0.0368544 -0.0308214
341 20.4636 0 0 0 0 -0.0344907 -0.0344907 -0.0295026
342 20.5237 0 0 0 0 -0.0321847 -0.0321847 -0.0283053
343 20.5838 0 0 0 0 -0.0305368 -0.0305368 -0.0272936
344 20.6439 0 0 0 0 -0.0291201 -0.0291201 -0.0262985
345 20.704 0 0 0 0 -0.0268977 -0.0268977 -0.0251023
346 20.7641 0 0 0 0 -0.0248827 -0.0248827 -0.0240519
347 20.8242 0 0 0 0 -0.0230472 -0.0230472 -0.023139
348 20.8843 0 0 0 0 -0.0214403 -0.0214403 -0.0223569
349 20.9444 0 0 0 0 -0.0206665 -0.0206665 -0.0217843
350 21.0045 0 0 0 0 -0.0190344 -0.0190344 -0.0209868
351 21.0646 0 0 0 0 -0.0184407 -0.0184407 -0.0205458
352 21.1247 0 0 0 0 -0.0176448 -0.0176448 -0.0199385
353 21.1848 0 0 0 0 -0.0169949 -0.0169949 -0.0193542
354 21.2449 0 0 0 0 -0.0160354 -0.0160354 -0.0186284
355 21.305 0 0 0 0 -0.0147544 -0.0147544 -0.0178933
356 21.3651 0 0 0 0 -0.0136976 -0.0136976 -0.0172594
357 21.4252 0 0 0 0 -0.0126348 -0.0126348 -0.0167163
358 21.4853 0 0 0 0 -0.012003 -0.012003 -0.0162981
359 21.5454 0 0 0 0 -0.0112871 -0.0112871 -0.0158268
360 21.6055 0 0 0 0 -0.0106457 -0.0106457 -0.0154087
361 21.6656 0 0 0 0 -0.0100891 -0.0100891 -0.0150322
362 21.7257 0 0 0 0 -0.00950799 -0.00950799 -0.0146204
363 21.7858 0 0 0 0 -0.00883889 -0.00883889 -0.0142031
364 21.8459 0 0 0 0 -0.00799155 -0.00799155 -0.0137584
365 21.906 0 0 0 0 -0.00754272 -0.00754272 -0.0134939
366 21.9661 0 0 0 0 -0.00718785 -0.00718785 -0.0132632
367 22.0262 0 0 0 0 -0.00677289 -0.00677289 -0.0129855
368 22.0863 0 0 0 0 -0.00639738 -0.00639738 -0.0127552
369 22.1464 0 0 0 0 -0.00610796 -0.00610796 -0.0125625
370 22.2065 0 0 0 0 -0.00583255 -0.00583255 -0.0123613
371 22.2666 0 0 0 0 -0.00550712 -0.00550712 -0.0121596
372 22.3267 0 0 0 0 -0.00531627 -0.00531627 -0.0120412
373 22.3868 0 0 0 0 -0.00509119 -0.00509119 -0.0119115
374 22.4469 0 0 0 0 -0.00501327 -0.00501327 -0.0118585
375 22.507 0 0 0 0 -0.00491878 -0.00491878 -0.0117784
376 22.5671 0 0 0 0 -0.0047703 -0.0047703 -0.0116612
377 22.6272 0 0 0 0 -0.00471876 -0.00471876 -0.0115863
378 22.6873 0 0 0 0 -0.00456363 -0.00456363 -0.0114564
379 22.7474 0 0 0 0 -0.0044109 -0.0044109 -0.0113431
380 22.8075 0 0 0 0 -0.00442691 -0.00442691 -0.0113113
381 22.8676 0 0 0 0 -0.00424772 -0.00424772 -0.0111639
382 22.9277 0 0 0 0 -0.00402106 -0.00402106 -0.0110137
383 22.9878 0 0 0 0 -0.00396199 -0.00396199 -0.0109802
384 23.0479 0 0 0 0 -0.00390278 -0.00390278 -0.010937
385 23.108 0 0 0 0 -0.00384169 -0.00384169 -0.0108908
386 23.1681 0 0 0 0 -0.00384303 -0.00384303 -0.0108868
387 23.2282 0 0 0 0 -0.00379449 -0.00379449 -0.010855
388 23.2883 0 0 0 0 -0.00375115 -0.00375115 -0.0108164
389 23.3484 0 0 0 0 -0.00368106 -0.00368106 -0.0107633
390 23.4085 0 0 0 0 -0.00366015 -0.00366015 -0.0107498
391 23.4686 0 0 0 0 -0.00361904 -0.00361904 -0.0107143
392 23.5287 0 0 0 0 -0.00361758 -0.00361758 -0.010706
393 23.5888 0 0 0 0 -0.00360438 -0.00360438 -0.0106923
394 23.6489 0 0 0 0 -0.00359418 -0.00359418 -0.0106833
395 23.709 0 0 0 0 -0.00360729 -0.00360729 -0.0106971
56000 395
1 0.0300494 0 0 0 0 -0.00371973 -0.00371973 -0.0108448
2 0.0901482 0 0 0 0 -0.00369974 -0.00369974 -0.0108159
3 0.150247 0 0 0 0 -0.00374537 -0.00374537 -0.0108434
4 0.210346 0 0 0 0 -0.00369027 -0.00369027 -0.0108259
5 0.270445 0 0 0 0 -0.00371017 -0.00371017 -0.0108433
6 0.330543 0 0 0 0 -0.00373773 -0.00373773 -0.0108609
7 0.390642 0 0 0 0 -0.00375739 -0.00375739 -0.0108769
8 0.450741 0 0 0 0 -0.00380741 -0.00380741 -0.0109134
9 0.51084 0 0 0 0 -0.00387168 -0.00387168 -0.0109644
10 0.570939 0 0 0 0 -0.00388802 -0.00388802 -0.0109759
11 0.631037 0 0 0 0 -0.00395801 -0.00395801 -0.011018
12 0.691136 0 0 0 0 -0.00403679 -0.00403679 -0.0110767
13 0.751235 0 0 0 0 -0.00415797 -0.00415797 -0.0111585
14 0.811334 0 0 0 0 -0.00429952 -0.00429952 -0.0112535
15 0.871433 0 0 0 0 -0.00442961 -0.00442961 -0.0113611
16 0.931531 0 0 0 0 -0.00446977 -0.00446977 -0.0114369
17 0.99163 0 0 0 0 -0.00451285 -0.00451285 -0.0115093
18 1.05173 0 0 0 0 -0.00454804 -0.00454804 -0.011554
19 1.11183 0 0 0 0 -0.00465288 -0.00465288 -0.0116346
20 1.17193 0 0 0 0 -0.00471167 -0.00471167 -0.0116807
21 1.23203 0 0 0 0 -0.00490363 -0.00490363 -0.0118081
22 1.29212 0 0 0 0 -0.00508142 -0.00508142 -0.011948
23 1.35222 0 0 0 0 -0.00518385 -0.00518385 -0.0120325
24 1.41232 0 0 0 0 -0.0055054 -0.0055054 -0.0122327
25 1.47242 0 0 0 0 -0.00560902 -0.00560902 -0.0123478
26 1.53252 0 0 0 0 -0.00581265 -0.00581265 -0.0124889
27 1.59262 0 0 0 0 -0.006105 -0.006105 -0.012693
28 1.65272 0 0 0 0 -0.00636431 -0.00636431 -0.0128918
29 1.71282 0 0 0 0 -0.00659689 -0.00659689 -0.0130745
30 1.77291 0 0 0 0 -0.00683111 -0.00683111 -0.0132316
31 1.83301 0 0 0 0 -0.00709925 -0.00709925 -0.013416
32 1.89311 0 0 0 0 -0.00742897 -0.00742897 -0.0136238
33 1.95321 0 0 0 0 -0.007888 -0.007888 -0.0139051
34 2.01331 0 0 0 0 -0.00854521 -0.00854521 -0.0142829
35 2.07341 0 0 0 0 -0.00904053 -0.00904053 -0.014639
36 2.13351 0 0 0 0 -0.00955222 -0.00955222 -0.0149818
37 2.19361 0 0 0 0 -0.0101792 -0.0101792 -0.0153957
38 2.25371 0 0 0 0 -0.0107473 -0.0107473 -0.0158112
39 2.3138 0 0 0 0 -0.0110611 -0.0110611 -0.0160772
40 2.3739 0 0 0 0 -0.0115108 -0.0115108 -0.0163334
41 2.434 0 0 0 0 -0.0125767 -0.0125767 -0.0168401
42 2.4941 0 0 0 0 -0.0138905 -0.0138905 -0.0174422
43 2.5542 0 0 0 0 -0.0150329 -0.0150329 -0.0180614
44 2.6143 0 0 0 0 -0.0159024 -0.0159024 -0.018642
45 2.6744 0 0 0 0 -0.0170557 -0.0170557 -0.0193269
46 2.7345 0 0 0 0 -0.0179229 -0.0179229 -0.0199216
47 2.79459 0 0 0 0 -0.0195044 -0.0195044 -0.0207026
48 2.85469 0 0 0 0 -0.0212481 -0.0212481 -0.0216148
49 2.91479 0 0 0 0 -0.0230441 -0.0230441 -0.0226134
50 2.97489 0 0 0 0 -0.0246175 -0.0246175 -0.0236164
51 3.03499 0 0 0 0 -0.0257288 -0.0257288 -0.0244772
52 3.09509 0 0 0 0 -0.0266132 -0.0266132 -0.0252279
53 3.15519 0 0 0 0 -0.0281953 -0.0281953 -0.0261253
54 3.21529 0 0 0 0 -0.0301329 -0.0301329 -0.0272239
55 3.27538 0 0 0 0 -0.0314991 -0.0314991 -0.0282233
56 3.33548 0 0 0 0 -0.0325033 -0.0325033 -0.0290503
57 3.39558 0 0 0 0 -0.0343787 -0.0343787 -0.0300373
58 3.45568 0 0 0 0 -0.0362031 -0.0362031 -0.0310377
59 3.51578 0 0 0 0 -0.0383006 -0.0383006 -0.0321436
60 3.57588 0 0 0 0 -0.0407255 -0.0407255 -0.0333424
61 3.63598 0 0 0 0 -0.0429496 -0.0429496 -0.0345148
62 3.69608 0 0 0 0 -0.0470217 -0.0470217 -0.036227
63 3.75618 0 0 0 0 -0.0498455 -0.0498455 -0.0378282
64 3.81627 0 0 0 0 -0.053953 -0.053953 -0.039888
65 3.87637 0 0 0 0 -0.0558695 -0.0558695 -0.0416715
66 3.93647 0 0 0 0 -0.0579802 -0.0579802 -0.0434307
67 3.99657 0 0 0 0 -0.059467 -0.059467 -0.044983
68 4.05667 0 0 0 0 -0.0612495 -0.0612495 -0.0464963
69 4.11677 0 0 0 0 -0.0635457 -0.0635457 -0.0481458
70 4.17687 0 0 0 0 -0.0649247 -0.0649247 -0.0495761
71 4.23697 0 0 0 0 -0.0679876 -0.0679876 -0.0513465
72 4.29706 0 0 0 0 -0.0696159 -0.0696159 -0.0529194
73 4.35716 0 0 0 0 -0.0718317 -0.0718317 -0.054609
74 4.41726 0 0 0 0 -0.0732958 -0.0732958 -0.0561086
75 4.47736 0 0 0 0 -0.075759 -0.075759 -0.0577651
76 4.53746 0 0 0 0 -0.0780847 -0.0780847 -0.0594175
77 4.59756 0 0 0 0 -0.081243 -0.081243 -0.0612611
78 4.65766 0 0 0 0 -0.0834369 -0.0834369 -0.0629654
79 4.71776 0 0 0 0 -0.0871991 -0.0871991 -0.0651006
80 4.77786 0 0 0 0 -0.089728 -0.089728 -0.0671315
81 4.83795 0 0 0 0 -0.0917434 -0.0917434 -0.0690442
82 4.89805 0 0 0 0 -0.0937861 -0.0937861 -0.0708893
83 4.95815 0 0 0 0 -0.096296 -0.096296 -0.0728273
84 5.01825 0 0 0 0 -0.0996137 -0.0996137 -0.0750696
85 5.07835 0 0 0 0 -0.1014 -0.1014 -0.077111
86 5.13845 0 0 0 0 -0.103333 -0.103333 -0.0791639
87 5.19855 0 0 0 0 -0.104237 -0.104237 -0.081
88 5.25865 0 0 0 0 -0.105694 -0.105694 -0.0828068
89 5.31874 0 0 0 0 -0.107202 -0.107202 -0.0845033
90 5.37884 0 0 0 0 -0.109664 -0.109664 -0.0863613
91 5.43894 0 0 0 0 -0.111273 -0.111273 -0.0881009
92 5.49904 0 0 0 0 -0.11387 -0.11387 -0.0899623
93 5.55914 0 0 0 0 -0.117939 -0.117939 -0.0922886
94 5.61924 0 0 0 0 -0.120317 -0.120317 -0.0944844
95 5.67934 0 0 0 0 -0.120652 -0.120652 -0.0963187
96 5.73944 0 0 0 0 -0.122922 -0.122922 -0.0985067
97 5.79953 0 0 0 0 -0.123833 -0.123833 -0.100409
98 5.85963 0 0 0 0 -0.124772 -0.124772 -0.102215
99 5.91973 0 0 0 0 -0.124377 -0.124377 -0.103472
100 5.97983 0 0 0 0 -0.127394 -0.127394 -0.105293
101 6.03993 0 0 0 0 -0.130363 -0.130363 -0.107242
102 6.10003 0 0 0 0 -0.134038 -0.134038 -0.109596
103 6.16013 0 0 0 0 -0.133385 -0.133385 -0.111143
104 6.22023 0 0 0 0 -0.13591 -0.13591 -0.113256
105 6.28033 0 0 0 0 -0.135825 -0.135825 -0.114735
106 6.34042 0 0 0 0 -0.136882 -0.136882 -0.116303
107 6.40052 0 0 0 0 -0.139479 -0.139479 -0.118176
108 6.46062 0 0 0 0 -0.141744 -0.141744 -0.120054
109 6.52072 0 0 0 0 -0.142762 -0.142762 -0.121664
110 6.58082 0 0 0 0 -0.143677 -0.143677 -0.123173
111 6.64092 0 0 0 0 -0.146315 -0.146315 -0.125071
112 6.70102 0 0 0 0 -0.147525 -0.147525 -0.126645
113 6.76112 0 0 0 0 -0.149925 -0.149925 -0.128522
114 6.82121 0 0 0 0 -0.151503 -0.151503 -0.130268
115 6.88131 0 0 0 0 -0.151176 -0.151176 -0.131631
116 6.94141 0 0 0 0 -0.154324 -0.154324 -0.133701
117 7.00151 0 0 0 0 -0.15391 -0.15391 -0.134982
118 7.06161 0 0 0 0 -0.154977 -0.154977 -0.136598
119 7.12171 0 0 0 0 -0.154311 -0.154311 -0.137732
120 7.18181 0 0 0 0 -0.155383 -0.155383 -0.139062
121 7.24191 0 0 0 0 -0.157909 -0.157909 -0.14058
122 7.302 0 0 0 0 -0.159637 -0.159637 -0.14182
123 7.3621 0 0 0 0 -0.16327 -0.16327 -0.14364
124 7.4222 0 0 0 0 -0.165079 -0.165079 -0.145216
125 7.4823 0 0 0 0 -0.165522 -0.165522 -0.146593
126 7.5424 0 0 0 0 -0.165607 -0.165607 -0.147832
127 7.6025 0 0 0 0 -0.1663 -0.1663 -0.149079
128 7.6626 0 0 0 0 -0.167039 -0.167039 -0.150184
129 7.7227 0 0 0 0 -0.168749 -0.168749 -0.151472
130 7.7828 0 0 0 0 -0.172873 -0.172873 -0.153418
131 7.84289 0 0 0 0 -0.171288 -0.171288 -0.154047
132 7.90299 0 0 0 0 -0.17305 -0.17305 -0.155456
133 7.96309 0 0 0 0 -0.175382 -0.175382 -0.157069
134 8.02319 0 0 0 0 -0.174081 -0.174081 -0.158008
135 8.08329 0 0 0 0 -0.173367 -0.173367 -0.1589
136 8.14339 0 0 0 0 -0.173671 -0.173671 -0.159904
137 8.20349 0 0 0 0 -0.174 -0.174 -0.160703
138 8.26359 0 0 0 0 -0.176532 -0.176532 -0.161923
139 8.32368 0 0 0 0 -0.179489 -0.179489 -0.1632
140 8.38378 0 0 0 0 -0.180444 -0.180444 -0.164151
141 8.44388 0 0 0 0 -0.182141 -0.182141 -0.16532
142 8.50398 0 0 0 0 -0.183372 -0.183372 -0.166463
143 8.56408 0 0 0 0 -0.183683 -0.183683 -0.16742
144 8.62418 0 0 0 0 -0.182818 -0.182818 -0.168067
145 8.68428 0 0 0 0 -0.185814 -0.185814 -0.169565
146 8.74438 0 0 0 0 -0.183824 -0.183824 -0.170077
147 8.80447 0 0 0 0 -0.182866 -0.182866 -0.170761
148 8.86457 0 0 0 0 -0.184198 -0.184198 -0.171815
149 8.92467 0 0 0 0 -0.183353 -0.183353 -0.172191
150 8.98477 0 0 0 0 -0.185286 -0.185286 -0.173116
151 9.04487 0 0 0 0 -0.187371 -0.187371 -0.173992
152 9.10497 0 0 0 0 -0.190166 -0.190166 -0.175082
153 9.16507 0 0 0 0 -0.191397 -0.191397 -0.176006
154 9.22517 0 0 0 0 -0.189945 -0.189945 -0.176468
155 9.28527 0 0 0 0 -0.189382 -0.189382 -0.177067
156 9.34536 0 0 0 0 -0.190831 -0.190831 -0.178029
157 9.40546 0 0 0 0 -0.190474 -0.190474 -0.178493
158 9.46556 0 0 0 0 -0.191111 -0.191111 -0.179096
159 9.52566 0 0 0 0 -0.192898 -0.192898 -0.179914
160 9.58576 0 0 0 0 -0.194778 -0.194778 -0.180883
161 9.64586 0 0 0 0 -0.192819 -0.192819 -0.181112
162 9.70596 0 0 0 0 -0.193094 -0.193094 -0.181739
163 9.76606 0 0 0 0 -0.193907 -0.193907 -0.1824
164 9.82615 0 0 0 0 -0.194019 -0.194019 -0.182824
165 9.88625 0 0 0 0 -0.194611 -0.194611 -0.183361
166 9.94635 0 0 0 0 -0.194607 -0.194607 -0.183834
167 10.0065 0 0 0 0 -0.195815 -0.195815 -0.184507
168 10.0665 0 0 0 0 -0.195591 -0.195591 -0.18476
169 10.1266 0 0 0 0 -0.19789 -0.19789 -0.185483
170 10.1867 0 0 0 0 -0.199041 -0.199041 -0.186002
171 10.2468 0 0 0 0 -0.199797 -0.199797 -0.186551
172 10.3069 0 0 0 0 -0.199275 -0.199275 -0.186929
173 10.367 0 0 0 0 -0.199031 -0.199031 -0.187361
174 10.4271 0 0 0 0 -0.197564 -0.197564 -0.187441
175 10.4872 0 0 0 0 -0.197411 -0.197411 -0.187638
176 10.5473 0 0 0 0 -0.201224 -0.201224 -0.188655
177 10.6074 0 0 0 0 -0.201904 -0.201904 -0.189034
178 10.6675 0 0 0 0 -0.199951 -0.199951 -0.188816
179 10.7276 0 0 0 0 -0.202009 -0.202009 -0.189441
180 10.7877 0 0 0 0 -0.203156 -0.203156 -0.189801
181 10.8478 0 0 0 0 -0.204757 -0.204757 -0.190399
182 10.9079 0 0 0 0 -0.203082 -0.203082 -0.190409
183 10.968 0 0 0 0 -0.200851 -0.200851 -0.190326
184 11.0281 0 0 0 0 -0.202329 -0.202329 -0.19101
185 11.0882 0 0 0 0 -0.201202 -0.201202 -0.190948
186 11.1483 0 0 0 0 -0.201122 -0.201122 -0.191009
187 11.2084 0 0 0 0 -0.203849 -0.203849 -0.191748
188 11.2685 0 0 0 0 -0.203115 -0.203115 -0.191815
189 11.3286 0 0 0 0 -0.200882 -0.200882 -0.191674
190 11.3887 0 0 0 0 -0.200517 -0.200517 -0.191871
191 11.4488 0 0 0 0 -0.199961 -0.199961 -0.191864
192 11.5089 0 0 0 0 -0.201484 -0.201484 -0.192237
193 11.569 0 0 0 0 -0.201447 -0.201447 -0.192182
194 11.6291 0 0 0 0 -0.202219 -0.202219 -0.192276
195 11.6892 0 0 0 0 -0.20431 -0.20431 -0.192707
196 11.7493 0 0 0 0 -0.203626 -0.203626 -0.192549
197 11.8094 0 0 0 0 -0.203839 -0.203839 -0.192672
198 11.8695 0 0 0 0 -0.201304 -0.201304 -0.192167
199 11.9296 0 0 0 0 -0.204529 -0.204529 -0.192877
200 11.9897 0 0 0 0 -0.203845 -0.203845 -0.192602
201 12.0498 0 0 0 0 -0.204264 -0.204264 -0.192673
202 12.1099 0 0 0 0 -0.203146 -0.203146 -0.192456
203 12.17 0 0 0 0 -0.202438 -0.202438 -0.192375
204 12.2301 0 0 0 0 -0.202723 -0.202723 -0.192475
205 12.2902 0 0 0 0 -0.201788 -0.201788 -0.192243
206 12.3503 0 0 0 0 -0.201378 -0.201378 -0.192077
207 12.4104 0 0 0 0 -0.201125 -0.201125 -0.191866
208 12.4705 0 0 0 0 -0.203653 -0.203653 -0.192261
209 12.5306 0 0 0 0 -0.202061 -0.202061 -0.191709
210 12.5907 0 0 0 0 -0.201568 -0.201568 -0.19149
211 12.6508 0 0 0 0 -0.201797 -0.201797 -0.191467
212 12.7109 0 0 0 0 -0.201069 -0.201069 -0.1911
213 12.771 0 0 0 0 -0.202855 -0.202855 -0.191199
214 12.8311 0 0 0 0 -0.202849 -0.202849 -0.190782
215 12.8912 0 0 0 0 -0.204047 -0.204047 -0.190737
216 12.9513 0 0 0 0 -0.204051 -0.204051 -0.190617
217 13.0114 0 0 0 0 -0.200727 -0.200727 -0.189826
218 13.0715 0 0 0 0 -0.19919 -0.19919 -0.189353
219 13.1316 0 0 0 0 -0.200588 -0.200588 -0.189428
220 13.1917 0 0 0 0 -0.201524 -0.201524 -0.189177
221 13.2518 0 0 0 0 -0.202967 -0.202967 -0.188988
222 13.3119 0 0 0 0 -0.203085 -0.203085 -0.188613
223 13.372 0 0 0 0 -0.201188 -0.201188 -0.188022
224 13.4321 0 0 0 0 -0.199914 -0.199914 -0.187697
225 13.4922 0 0 0 0 -0.197592 -0.197592 -0.187063
226 13.5523 0 0 0 0 -0.196134 -0.196134 -0.186529
227 13.6124 0 0 0 0 -0.195783 -0.195783 -0.186211
228 13.6725 0 0 0 0 -0.195484 -0.195484 -0.185834
229 13.7326 0 0 0 0 -0.195463 -0.195463 -0.185427
230 13.7927 0 0 0 0 -0.196282 -0.196282 -0.185059
231 13.8528 0 0 0 0 -0.197131 -0.197131 -0.184633
232 13.9129 0 0 0 0 -0.197588 -0.197588 -0.184147
233 13.973 0 0 0 0 -0.197985 -0.197985 -0.183657
234 14.0331 0 0 0 0 -0.196246 -0.196246 -0.182844
235 14.0932 0 0 0 0 -0.196524 -0.196524 -0.182371
236 14.1533 0 0 0 0 -0.196489 -0.196489 -0.181806
237 14.2134 0 0 0 0 -0.196661 -0.196661 -0.18128
238 14.2735 0 0 0 0 -0.194454 -0.194454 -0.180387
239 14.3336 0 0 0 0 -0.192205 -0.192205 -0.179592
240 14.3937 0 0 0 0 -0.190423 -0.190423 -0.178857
241 14.4538 0 0 0 0 -0.190051 -0.190051 -0.178305
242 14.5139 0 0 0 0 -0.190859 -0.190859 -0.17788
243 14.574 0 0 0 0 -0.189158 -0.189158 -0.176889
244 14.6341 0 0 0 0 -0.188028 -0.188028 -0.176099
245 14.6942 0 0 0 0 -0.18925 -0.18925 -0.175734
246 14.7543 0 0 0 0 -0.187757 -0.187757 -0.174673
247 14.8144 0 0 0 0 -0.1882 -0.1882 -0.174115
248 14.8745 0 0 0 0 -0.186474 -0.186474 -0.173023
249 14.9346 0 0 0 0 -0.187739 -0.187739 -0.172564
250 14.9947 0 0 0 0 -0.187028 -0.187028 -0.171474
251 15.0548 0 0 0 0 -0.189276 -0.189276 -0.170964
252 15.1148 0 0 0 0 -0.189302 -0.189302 -0.17001
253 15.1749 0 0 0 0 -0.18553 -0.18553 -0.168398
254 15.235 0 0 0 0 -0.185362 -0.185362 -0.167774
255 15.2951 0 0 0 0 -0.182336 -0.182336 -0.166532
256 15.3552 0 0 0 0 -0.180945 -0.180945 -0.165547
257 15.4153 0 0 0 0 -0.180519 -0.180519 -0.164609
258 15.4754 0 0 0 0 -0.179982 -0.179982 -0.163712
259 15.5355 0 0 0 0 -0.176735 -0.176735 -0.162409
260 15.5956 0 0 0 0 -0.173853 -0.173853 -0.16115
261 15.6557 0 0 0 0 -0.173954 -0.173954 -0.160483
262 15.7158 0 0 0 0 -0.173145 -0.173145 -0.159387
263 15.7759 0 0 0 0 -0.174763 -0.174763 -0.158643
264 15.836 0 0 0 0 -0.174222 -0.174222 -0.157293
265 15.8961 0 0 0 0 -0.173681 -0.173681 -0.156067
266 15.9562 0 0 0 0 -0.173864 -0.173864 -0.154993
267 16.0163 0 0 0 0 -0.17361 -0.17361 -0.153713
268 16.0764 0 0 0 0 -0.171037 -0.171037 -0.151962
269 16.1365 0 0 0 0 -0.169763 -0.169763 -0.150711
270 16.1966 0 0 0 0 -0.167578 -0.167578 -0.149406
271 16.2567 0 0 0 0 -0.162552 -0.162552 -0.147537
272 16.3168 0 0 0 0 -0.160777 -0.160777 -0.146342
273 16.3769 0 0 0 0 -0.161468 -0.161468 -0.145496
274 16.437 0 0 0 0 -0.161058 -0.161058 -0.144264
275 16.4971 0 0 0 0 -0.159719 -0.159719 -0.142816
276 16.5572 0 0 0 0 -0.157386 -0.157386 -0.141215
277 16.6173 0 0 0 0 -0.15876 -0.15876 -0.140217
278 16.6774 0 0 0 0 -0.159234 -0.159234 -0.138812
279 16.7375 0 0 0 0 -0.157282 -0.157282 -0.136902
280 16.7976 0 0 0 0 -0.156549 -0.156549 -0.135386
281 16.8577 0 0 0 0 -0.153503 -0.153503 -0.133437
282 16.9178 0 0 0 0 -0.151838 -0.151838 -0.131888
283 16.9779 0 0 0 0 -0.15103 -0.15103 -0.130467
284 17.038 0 0 0 0 -0.149834 -0.149834 -0.128862
285 17.0981 0 0 0 0 -0.146811 -0.146811 -0.126899
286 17.1582 0 0 0 0 -0.145933 -0.145933 -0.125436
287 17.2183 0 0 0 0 -0.145487 -0.145487 -0.123965
288 17.2784 0 0 0 0 -0.145466 -0.145466 -0.122409
289 17.3385 0 0 0 0 -0.144251 -0.144251 -0.120437
290 17.3986 0 0 0 0 -0.142326 -0.142326 -0.118387
291 17.4587 0 0 0 0 -0.14009 -0.14009 -0.116487
292 17.5188 0 0 0 0 -0.136565 -0.136565 -0.114526
293 17.5789 0 0 0 0 -0.134929 -0.134929 -0.112927
294 17.639 0 0 0 0 -0.134917 -0.134917 -0.111446
295 17.6991 0 0 0 0 -0.133824 -0.133824 -0.109499
296 17.7592 0 0 0 0 -0.133292 -0.133292 -0.107633
297 17.8193 0 0 0 0 -0.129833 -0.129833 -0.105309
298 17.8794 0 0 0 0 -0.126171 -0.126171 -0.103207
299 17.9395 0 0 0 0 -0.12507 -0.12507 -0.101622
300 17.9996 0 0 0 0 -0.122965 -0.122965 -0.0997698
301 18.0597 0 0 0 0 -0.121024 -0.121024 -0.097947
302 18.1198 0 0 0 0 -0.118269 -0.118269 -0.0959447
303 18.1799 0 0 0 0 -0.117198 -0.117198 -0.0943146
304 18.24 0 0 0 0 -0.11658 -0.11658 -0.0926229
305 18.3001 0 0 0 0 -0.113883 -0.113883 -0.0904651
306 18.3602 0 0 0 0 -0.113167 -0.113167 -0.0887003
307 18.4203 0 0 0 0 -0.111407 -0.111407 -0.0866189
308 18.4804 0 0 0 0 -0.108786 -0.108786 -0.0844885
309 18.5405 0 0 0 0 -0.106489 -0.106489 -0.0825056
310 18.6006 0 0 0 0 -0.103653 -0.103653 -0.080481
311 18.6607 0 0 0 0 -0.101167 -0.101167 -0.0785551
312 18.7208 0 0 0 0 -0.100273 -0.100273 -0.0768405
313 18.7809 0 0 0 0 -0.0978113 -0.0978113 -0.0748055
314 18.841 0 0 0 0 -0.0952487 -0.0952487 -0.0728309
315 18.9011 0 0 0 0 -0.0927646 -0.0927646 -0.0709498
316 18.9612 0 0 0 0 -0.0909376 -0.0909376 -0.0691636
317 19.0213 0 0 0 0 -0.0885882 -0.0885882 -0.0672204
318 19.0814 0 0 0 0 -0.0859997 -0.0859997 -0.0652657
319 19.1415 0 0 0 0 -0.0840977 -0.0840977 -0.0634572
320 19.2016 0 0 0 0 -0.0824793 -0.0824793 -0.0616674
321 19.2617 0 0 0 0 -0.0789816 -0.0789816 -0.0595655
322 19.3218 0 0 0 0 -0.0766061 -0.0766061 -0.0578045
323 19.3819 0 0 0 0 -0.0740025 -0.0740025 -0.0560182
324 19.442 0 0 0 0 -0.0714616 -0.0714616 -0.0542938
325 19.5021 0 0 0 0 -0.0691607 -0.0691607 -0.0526469
326 19.5622 0 0 0 0 -0.0665969 -0.0665969 -0.0509638
327 19.6223 0 0 0 0 -0.064735 -0.064735 -0.0494386
328 19.6824 0 0 0 0 -0.0632113 -0.0632113 -0.0478949
329 19.7425 0 0 0 0 -0.0609391 -0.0609391 -0.0461352
330 19.8026 0 0 0 0 -0.0581222 -0.0581222 -0.0442885
331 19.8627 0 0 0 0 -0.0549697 -0.0549697 -0.0425313
332 19.9228 0 0 0 0 -0.051742 -0.051742 -0.0409471
333 19.9829 0 0 0 0 -0.0496973 -0.0496973 -0.0396757
334 20.043 0 0 0 0 -0.0480431 -0.0480431 -0.038416
335 20.1031 0 0 0 0 -0.0458717 -0.0458717 -0.0370086
336 20.1631 0 0 0 0 -0.043481 -0.043481 -0.0356539
337 20.2232 0 0 0 0 -0.0422204 -0.0422204 -0.0345181
338 20.2833 0 0 0 0 -0.0402933 -0.0402933 -0.0332089
339 20.3434 0 0 0 0 -0.0381139 -0.0381139 -0.0318965
340 20.4035 0 0 0 0 -0.0362067 -0.0362067 -0.0306722
341 20.4636 0 0 0 0 -0.0339086 -0.0339086 -0.0293503
342 20.5237 0 0 0 0 -0.0316196 -0.0316196 -0.0281491
343 20.5838 0 0 0 0 -0.0300111 -0.0300111 -0.0271532
344 20.6439 0 0 0 0 -0.0286155 -0.0286155 -0.0261692
345 20.704 0 0 0 0 -0.0264844 -0.0264844 -0.0249983
346 20.7641 0 0 0 0 -0.0244272 -0.0244272 -0.0239408
347 20.8242 0 0 0 0 -0.0227325 -0.0227325 -0.0230734
348 20.8843 0 0 0 0 -0.0211464 -0.0211464 -0.0222842
349 20.9444 0 0 0 0 -0.0202541 -0.0202541 -0.0216821
350 21.0045 0 0 0 0 -0.0188215 -0.0188215 -0.0209471
351 21.0646 0 0 0 0 -0.0181186 -0.0181186 -0.0204503
352 21.1247 0 0 0 0 -0.0172161 -0.0172161 -0.0198191
353 21.1848 0 0 0 0 -0.0165402 -0.0165402 -0.0192546
354 21.2449 0 0 0 0 -0.0156289 -0.0156289 -0.0185789
355 21.305 0 0 0 0 -0.0144813 -0.0144813 -0.0179043
356 21.3651 0 0 0 0 -0.0134645 -0.0134645 -0.0172886
357 21.4252 0 0 0 0 -0.0124638 -0.0124638 -0.0167623
358 21.4853 0 0 0 0 -0.0118103 -0.0118103 -0.0163357
359 21.5454 0 0 0 0 -0.0111309 -0.0111309 -0.0158857
360 21.6055 0 0 0 0 -0.0104858 -0.0104858 -0.0154714
361 21.6656 0 0 0 0 -0.00994113 -0.00994113 -0.0151076
362 21.7257 0 0 0 0 -0.00942936 -0.00942936 -0.0147396
363 21.7858 0 0 0 0 -0.00881483 -0.00881483 -0.0143479
364 21.8459 0 0 0 0 -0.00803841 -0.00803841 -0.013927
365 21.906 0 0 0 0 -0.00761539 -0.00761539 -0.0136666
366 21.9661 0 0 0 0 -0.00723588 -0.00723588 -0.0134183
367 22.0262 0 0 0 0 -0.00685396 -0.00685396 -0.0131628
368 22.0863 0 0 0 0 -0.00652204 -0.00652204 -0.0129529
369 22.1464 0 0 0 0 -0.00625761 -0.00625761 -0.0127646
370 22.2065 0 0 0 0 -0.00600596 -0.00600596 -0.0125626
371 22.2666 0 0 0 0 -0.00566544 -0.00566544 -0.012341
372 22.3267 0 0 0 0 -0.00550915 -0.00550915 -0.0122279
373 22.3868 0 0 0 0 -0.00523924 -0.00523924 -0.0120612
374 22.4469 0 0 0 0 -0.00515791 -0.00515791 -0.0119987
375 22.507 0 0 0 0 -0.00502391 -0.00502391 -0.011893
376 22.5671 0 0 0 0 -0.00483946 -0.00483946 -0.0117579
377 22.6272 0 0 0 0 -0.00475938 -0.00475938 -0.0116748
378 22.6873 0 0 0 0 -0.0045854 -0.0045854 -0.0115397
379 22.7474 0 0 0 0 -0.00444256 -0.00444256 -0.0114359
380 22.8075 0 0 0 0 -0.00445617 -0.00445617 -0.0114078
381 22.8676 0 0 0 0 -0.00428037 -0.00428037 -0.0112653
382 22.9277 0 0 0 0 -0.00408204 -0.00408204 -0.0111339
383 22.9878 0 0 0 0 -0.00401203 -0.00401203 -0.0110912
384 23.0479 0 0 0 0 -0.00396364 -0.00396364 -0.0110557
385 23.108 0 0 0 0 -0.00389601 -0.00389601 -0.0110047
386 23.1681 0 0 0 0 -0.00389827 -0.00389827 -0.0110028
387 23.2282 0 0 0 0 -0.00384055 -0.00384055 -0.0109639
388 23.2883 0 0 0 0 -0.00380064 -0.00380064 -0.0109286
389 23.3484 0 0 0 0 -0.00373889 -0.00373889 -0.0108818
390 23.4085 0 0 0 0 -0.00372141 -0.00372141 -0.0108705
391 23.4686 0 0 0 0 -0.00370569 -0.00370569 -0.0108502
392 23.5287 0 0 0 0 -0.00368153 -0.00368153 -0.0108259
393 23.5888 0 0 0 0 -0.00366845 -0.00366845 -0.0108133
394 23.6489 0 0 0 0 -0.0036689 -0.0036689 -0.010813
395 23.709 0 0 0 0 -0.00367112 -0.00367112 -0.0108183
64000 395
1 0.0300494 0 0 0 0 -0.00385642 -0.00385642 -0.0110332
2 0.0901482 0 0 0 0 -0.00382795 -0.00382795 -0.0110042
3 0.150247 0 0 0 0 -0.00386861 -0.00386861 -0.0110301
4 0.210346 0 0 0 0 -0.00382683 -0.00382683 -0.0110206
5 0.270445 0 0 0 0 -0.00383937 -0.00383937 -0.011036
6 0.330543 0 0 0 0 -0.00387121 -0.00387121 -0.0110585
7 0.390642 0 0 0 0 -0.00388117 -0.00388117 -0.0110693
8 0.450741 0 0 0 0 -0.00393926 -0.00393926 -0.0111116
9 0.51084 0 0 0 0 -0.00399394 -0.00399394 -0.011155
10 0.570939 0 0 0 0 -0.00403221 -0.00403221 -0.0111816
11 0.631037 0 0 0 0 -0.00411829 -0.00411829 -0.0112417
12 0.691136 0 0 0 0 -0.00416606 -0.00416606 -0.0112888
13 0.751235 0 0 0 0 -0.00427446 -0.00427446 -0.0113638
14 0.811334 0 0 0 0 -0.00440002 -0.00440002 -0.0114481
15 0.871433 0 0 0 0 -0.00451501 -0.00451501 -0.0115432
16 0.931531 0 0 0 0 -0.00457132 -0.00457132 -0.0116246
17 0.99163 0 0 0 0 -0.00461725 -0.00461725 -0.011691
18 1.05173 0 0 0 0 -0.00471231 -0.00471231 -0.0117684
19 1.11183 0 0 0 0 -0.00484192 -0.00484192 -0.0118691
20 1.17193 0 0 0 0 -0.00488309 -0.00488309 -0.0119179
21 1.23203 0 0 0 0 -0.00506929 -0.00506929 -0.0120475
22 1.29212 0 0 0 0 -0.00521794 -0.00521794 -0.0121693
23 1.35222 0 0 0 0 -0.0053044 -0.0053044 -0.0122416
24 1.41232 0 0 0 0 -0.00558951 -0.00558951 -0.0124192
25 1.47242 0 0 0 0 -0.0057214 -0.0057214 -0.0125398
26 1.53252 0 0 0 0 -0.00599152 -0.00599152 -0.0127081
27 1.59262 0 0 0 0 -0.00633484 -0.00633484 -0.0129367
28 1.65272 0 0 0 0 -0.00662322 -0.00662322 -0.0131618
29 1.71282 0 0 0 0 -0.00684515 -0.00684515 -0.013355
30 1.77291 0 0 0 0 -0.0070463 -0.0070463 -0.0135019
31 1.83301 0 0 0 0 -0.00728394 -0.00728394 -0.0136656
32 1.89311 0 0 0 0 -0.00758373 -0.00758373 -0.0138545
33 1.95321 0 0 0 0 -0.00807153 -0.00807153 -0.0141409
34 2.01331 0 0 0 0 -0.00873433 -0.00873433 -0.014511
35 2.07341 0 0 0 0 -0.00930751 -0.00930751 -0.014886
36 2.13351 0 0 0 0 -0.00995887 -0.00995887 -0.0152815
37 2.19361 0 0 0 0 -0.0106292 -0.0106292 -0.0157266
38 2.25371 0 0 0 0 -0.0111658 -0.0111658 -0.0161281
39 2.3138 0 0 0 0 -0.0116587 -0.0116587 -0.0164621
40 2.3739 0 0 0 0 -0.0123721 -0.0123721 -0.0168531
41 2.434 0 0 0 0 -0.0132454 -0.0132454 -0.0173686
42 2.4941 0 0 0 0 -0.0144276 -0.0144276 -0.0179521
43 2.5542 0 0 0 0 -0.015551 -0.015551 -0.0185744
44 2.6143 0 0 0 0 -0.0164653 -0.0164653 -0.0191855
45 2.6744 0 0 0 0 -0.0175625 -0.0175625 -0.0198801
46 2.7345 0 0 0 0 -0.0183797 -0.0183797 -0.0204853
47 2.79459 0 0 0 0 -0.019787 -0.019787 -0.0212199
48 2.85469 0 0 0 0 -0.0213721 -0.0213721 -0.0220649
49 2.91479 0 0 0 0 -0.0230549 -0.0230549 -0.0230043
50 2.97489 0 0 0 0 -0.0244577 -0.0244577 -0.0239138
51 3.03499 0 0 0 0 -0.0256311 -0.0256311 -0.024757
52 3.09509 0 0 0 0 -0.0264262 -0.0264262 -0.0254438
53 3.15519 0 0 0 0 -0.0281652 -0.0281652 -0.0263456
54 3.21529 0 0 0 0 -0.0304443 -0.0304443 -0.027516
55 3.27538 0 0 0 0 -0.032183 -0.032183 -0.0286496
56 3.33548 0 0 0 0 -0.0329778 -0.0329778 -0.0294899
57 3.39558 0 0 0 0 -0.0348952 -0.0348952 -0.0305263
58 3.45568 0 0 0 0 -0.0367824 -0.0367824 -0.0315907
59 3.51578 0 0 0 0 -0.0386122 -0.0386122 -0.0326643
60 3.57588 0 0 0 0 -0.0408596 -0.0408596 -0.0338171
61 3.63598 0 0 0 0 -0.0431264 -0.0431264 -0.0350092
62 3.69608 0 0 0 0 -0.0468843 -0.0468843 -0.0366533
63 3.75618 0 0 0 0 -0.0496698 -0.0496698 -0.0382299
64 3.81627 0 0 0 0 -0.0533578 -0.0533578 -0.0401487
65 3.87637 0 0 0 0 -0.0552922 -0.0552922 -0.0418558
66 3.93647 0 0 0 0 -0.0575722 -0.0575722 -0.0435992
67 3.99657 0 0 0 0 -0.0591391 -0.0591391 -0.0451361
68 4.05667 0 0 0 0 -0.0609159 -0.0609159 -0.0466082
69 4.11677 0 0 0 0 -0.0635881 -0.0635881 -0.0483186
70 4.17687 0 0 0 0 -0.0650474 -0.0650474 -0.0497692
71 4.23697 0 0 0 0 -0.0682803 -0.0682803 -0.0516208
72 4.29706 0 0 0 0 -0.0698483 -0.0698483 -0.0532485
73 4.35716 0 0 0 0 -0.0716166 -0.0716166 -0.0548361
74 4.41726 0 0 0 0 -0.0731265 -0.0731265 -0.0562819
75 4.47736 0 0 0 0 -0.0757326 -0.0757326 -0.0579188
76 4.53746 0 0 0 0 -0.0785371 -0.0785371 -0.059658
77 4.59756 0 0 0 0 -0.0819866 -0.0819866 -0.0616406
78 4.65766 0 0 0 0 -0.0839214 -0.0839214 -0.0634294
79 4.71776 0 0 0 0 -0.0869813 -0.0869813 -0.0654773
80 4.77786 0 0 0 0 -0.0893381 -0.0893381 -0.0674418
81 4.83795 0 0 0 0 -0.0910208 -0.0910208 -0.0692053
82 4.89805 0 0 0 0 -0.093297 -0.093297 -0.0710303
83 4.95815 0 0 0 0 -0.0960601 -0.0960601 -0.0729962
84 5.01825 0 0 0 0 -0.0993199 -0.0993199 -0.0752255
85 5.07835 0 0 0 0 -0.100929 -0.100929 -0.0772155
86 5.13845 0 0 0 0 -0.102908 -0.102908 -0.0792566
87 5.19855 0 0 0 0 -0.104009 -0.104009 -0.0811218
88 5.25865 0 0 0 0 -0.105224 -0.105224 -0.0828485
89 5.31874 0 0 0 0 -0.106634 -0.106634 -0.0844652
90 5.37884 0 0 0 0 -0.109246 -0.109246 -0.0862879
91 5.43894 0 0 0 0 -0.111184 -0.111184 -0.0880277
92 5.49904 0 0 0 0 -0.1145 -0.1145 -0.09001
93 5.55914 0 0 0 0 -0.118872 -0.118872 -0.0924412
94 5.61924 0 0 0 0 -0.120695 -0.120695 -0.0945793
95 5.67934 0 0 0 0 -0.121345 -0.121345 -0.0965081
96 5.73944 0 0 0 0 -0.123605 -0.123605 -0.0987481
97 5.79953 0 0 0 0 -0.124205 -0.124205 -0.100639
98 5.85963 0 0 0 0 -0.124979 -0.124979 -0.102446
99 5.91973 0 0 0 0 -0.124372 -0.124372 -0.103681
100 5.97983 0 0 0 0 -0.127173 -0.127173 -0.105457
101 6.03993 0 0 0 0 -0.130155 -0.130155 -0.107395
102 6.10003 0 0 0 0 -0.133355 -0.133355 -0.10958
103 6.16013 0 0 0 0 -0.133039 -0.133039 -0.111101
104 6.22023 0 0 0 0 -0.135979 -0.135979 -0.113238
105 6.28033 0 0 0 0 -0.13652 -0.13652 -0.114837
106 6.34042 0 0 0 0 -0.137508 -0.137508 -0.116448
107 6.40052 0 0 0 0 -0.139658 -0.139658 -0.118265
108 6.46062 0 0 0 0 -0.142042 -0.142042 -0.120178
109 6.52072 0 0 0 0 -0.14284 -0.14284 -0.12173
110 6.58082 0 0 0 0 -0.143871 -0.143871 -0.12324
111 6.64092 0 0 0 0 -0.14709 -0.14709 -0.125273
112 6.70102 0 0 0 0 -0.147754 -0.147754 -0.126765
113 6.76112 0 0 0 0 -0.150185 -0.150185 -0.128664
114 6.82121 0 0 0 0 -0.151732 -0.151732 -0.130387
115 6.88131 0 0 0 0 -0.151418 -0.151418 -0.13171
116 6.94141 0 0 0 0 -0.155162 -0.155162 -0.133889
117 7.00151 0 0 0 0 -0.154851 -0.154851 -0.135235
118 7.06161 0 0 0 0 -0.155657 -0.155657 -0.136873
119 7.12171 0 0 0 0 -0.154699 -0.154699 -0.137995
120 7.18181 0 0 0 0 -0.155686 -0.155686 -0.13933
121 7.24191 0 0 0 0 -0.158053 -0.158053 -0.140839
122 7.302 0 0 0 0 -0.159698 -0.159698 -0.142096
123 7.3621 0 0 0 0 -0.1629 -0.1629 -0.143847
124 7.4222 0 0 0 0 -0.164553 -0.164553 -0.145371
125 7.4823 0 0 0 0 -0.164929 -0.164929 -0.146663
126 7.5424 0 0 0 0 -0.16547 -0.16547 -0.147917
127 7.6025 0 0 0 0 -0.167225 -0.167225 -0.149325
128 7.6626 0 0 0 0 -0.168241 -0.168241 -0.1505
129 7.7227 0 0 0 0 -0.169595 -0.169595 -0.151815
130 7.7828 0 0 0 0 -0.17347 -0.17347 -0.153825
131 7.84289 0 0 0 0 -0.171175 -0.171175 -0.154367
132 7.90299 0 0 0 0 -0.172419 -0.172419 -0.155642
133 7.96309 0 0 0 0 -0.174942 -0.174942 -0.157237
134 8.02319 0 0 0 0 -0.174479 -0.174479 -0.158291
135 8.08329 0 0 0 0 -0.174426 -0.174426 -0.159315
136 8.14339 0 0 0 0 -0.174167 -0.174167 -0.160239
137 8.20349 0 0 0 0 -0.174465 -0.174465 -0.161103
138 8.26359 0 0 0 0 -0.176913 -0.176913 -0.162395
139 8.32368 0 0 0 0 -0.17884 -0.17884 -0.163482
140 8.38378 0 0 0 0 -0.179909 -0.179909 -0.164455
141 8.44388 0 0 0 0 -0.181517 -0.181517 -0.165564
142 8.50398 0 0 0 0 -0.183056 -0.183056 -0.166719
143 8.56408 0 0 0 0 -0.183727 -0.183727 -0.167686
144 8.62418 0 0 0 0 -0.183804 -0.183804 -0.168516
145 8.68428 0 0 0 0 -0.186161 -0.186161 -0.169875
146 8.74438 0 0 0 0 -0.184375 -0.184375 -0.170423
147 8.80447 0 0 0 0 -0.183797 -0.183797 -0.17119
148 8.86457 0 0 0 0 -0.185034 -0.185034 -0.172244
149 8.92467 0 0 0 0 -0.184335 -0.184335 -0.172717
150 8.98477 0 0 0 0 -0.185646 -0.185646 -0.173573
151 9.04487 0 0 0 0 -0.187101 -0.187101 -0.174352
152 9.10497 0 0 0 0 -0.18989 -0.18989 -0.175461
153 9.16507 0 0 0 0 -0.191267 -0.191267 -0.17639
154 9.22517 0 0 0 0 -0.190305 -0.190305 -0.176917
155 9.28527 0 0 0 0 -0.189713 -0.189713 -0.17748
156 9.34536 0 0 0 0 -0.191211 -0.191211 -0.178449
157 9.40546 0 0 0 0 -0.190948 -0.190948 -0.178952
158 9.46556 0 0 0 0 -0.191298 -0.191298 -0.179503
159 9.52566 0 0 0 0 -0.193414 -0.193414 -0.180396
160 9.58576 0 0 0 0 -0.194936 -0.194936 -0.181244
161 9.64586 0 0 0 0 -0.193896 -0.193896 -0.18164
162 9.70596 0 0 0 0 -0.193949 -0.193949 -0.182217
163 9.76606 0 0 0 0 -0.194703 -0.194703 -0.182925
164 9.82615 0 0 0 0 -0.194462 -0.194462 -0.183346
165 9.88625 0 0 0 0 -0.194407 -0.194407 -0.183772
166 9.94635 0 0 0 0 -0.19439 -0.19439 -0.184234
167 10.0065 0 0 0 0 -0.195486 -0.195486 -0.184839
168 10.0665 0 0 0 0 -0.196215 -0.196215 -0.185279
169 10.1266 0 0 0 0 -0.198339 -0.198339 -0.185923
170 10.1867 0 0 0 0 -0.199531 -0.199531 -0.186406
171 10.2468 0 0 0 0 -0.200625 -0.200625 -0.186956
172 10.3069 0 0 0 0 -0.201342 -0.201342 -0.187547
173 10.367 0 0 0 0 -0.200609 -0.200609 -0.187881
174 10.4271 0 0 0 0 -0.198807 -0.198807 -0.187942
175 10.4872 0 0 0 0 -0.198401 -0.198401 -0.18815
176 10.5473 0 0 0 0 -0.201532 -0.201532 -0.189046
177 10.6074 0 0 0 0 -0.202414 -0.202414 -0.189475
178 10.6675 0 0 0 0 -0.200801 -0.200801 -0.189335
179 10.7276 0 0 0 0 -0.202456 -0.202456 -0.189891
180 10.7877 0 0 0 0 -0.20335 -0.20335 -0.190223
181 10.8478 0 0 0 0 -0.204728 -0.204728 -0.19076
182 10.9079 0 0 0 0 -0.203608 -0.203608 -0.190839
183 10.968 0 0 0 0 -0.201998 -0.201998 -0.19083
184 11.0281 0 0 0 0 -0.203585 -0.203585 -0.19151
185 11.0882 0 0 0 0 -0.202327 -0.202327 -0.191452
186 11.1483 0 0 0 0 -0.20148 -0.20148 -0.191361
187 11.2084 0 0 0 0 -0.204756 -0.204756 -0.192225
188 11.2685 0 0 0 0 -0.20404 -0.20404 -0.19225
189 11.3286 0 0 0 0 -0.202435 -0.202435 -0.192228
190 11.3887 0 0 0 0 -0.201533 -0.201533 -0.192342
191 11.4488 0 0 0 0 -0.200392 -0.200392 -0.192253
192 11.5089 0 0 0 0 -0.20191 -0.20191 -0.192651
193 11.569 0 0 0 0 -0.201953 -0.201953 -0.192605
194 11.6291 0 0 0 0 -0.20287 -0.20287 -0.192695
195 11.6892 0 0 0 0 -0.205397 -0.205397 -0.193195
196 11.7493 0 0 0 0 -0.204358 -0.204358 -0.192959
197 11.8094 0 0 0 0 -0.204495 -0.204495 -0.193075
198 11.8695 0 0 0 0 -0.20267 -0.20267 -0.192709
199 11.9296 0 0 0 0 -0.205145 -0.205145 -0.193213
200 11.9897 0 0 0 0 -0.205252 -0.205252 -0.193064
201 12.0498 0 0 0 0 -0.206494 -0.206494 -0.193286
202 12.1099 0 0 0 0 -0.204065 -0.204065 -0.192824
203 12.17 0 0 0 0 -0.20342 -0.20342 -0.192809
204 12.2301 0 0 0 0 -0.203708 -0.203708 -0.192943
205 12.2902 0 0 0 0 -0.202355 -0.202355 -0.192634
206 12.3503 0 0 0 0 -0.202005 -0.202005 -0.192486
207 12.4104 0 0 0 0 -0.201893 -0.201893 -0.192315
208 12.4705 0 0 0 0 -0.204225 -0.204225 -0.192692
209 12.5306 0 0 0 0 -0.202248 -0.202248 -0.192071
210 12.5907 0 0 0 0 -0.201969 -0.201969 -0.191914
211 12.6508 0 0 0 0 -0.202034 -0.202034 -0.191824
212 12.7109 0 0 0 0 -0.201715 -0.201715 -0.191525
213 12.771 0 0 0 0 -0.203756 -0.203756 -0.191676
214 12.8311 0 0 0 0 -0.203115 -0.203115 -0.19114
215 12.8912 0 0 0 0 -0.204145 -0.204145 -0.191088
216 12.9513 0 0 0 0 -0.204084 -0.204084 -0.190945
217 13.0114 0 0 0 0 -0.201108 -0.201108 -0.190186
218 13.0715 0 0 0 0 -0.200164 -0.200164 -0.189784
219 13.1316 0 0 0 0 -0.202114 -0.202114 -0.189921
220 13.1917 0 0 0 0 -0.202315 -0.202315 -0.189516
221 13.2518 0 0 0 0 -0.20345 -0.20345 -0.189294
222 13.3119 0 0 0 0 -0.203312 -0.203312 -0.188888
223 13.372 0 0 0 0 -0.201706 -0.201706 -0.188355
224 13.4321 0 0 0 0 -0.200812 -0.200812 -0.188085
225 13.4922 0 0 0 0 -0.197765 -0.197765 -0.187284
226 13.5523 0 0 0 0 -0.196437 -0.196437 -0.186785
227 13.6124 0 0 0 0 -0.196318 -0.196318 -0.186495
228 13.6725 0 0 0 0 -0.196682 -0.196682 -0.186231
229 13.7326 0 0 0 0 -0.196103 -0.196103 -0.185686
230 13.7927 0 0 0 0 -0.196267 -0.196267 -0.185211
231 13.8528 0 0 0 0 -0.196937 -0.196937 -0.184811
232 13.9129 0 0 0 0 -0.197155 -0.197155 -0.184309
233 13.973 0 0 0 0 -0.197347 -0.197347 -0.183797
234 14.0331 0 0 0 0 -0.196008 -0.196008 -0.183051
235 14.0932 0 0 0 0 -0.196133 -0.196133 -0.18252
236 14.1533 0 0 0 0 -0.196041 -0.196041 -0.18193
237 14.2134 0 0 0 0 -0.196202 -0.196202 -0.181396
238 14.2735 0 0 0 0 -0.194501 -0.194501 -0.180585
239 14.3336 0 0 0 0 -0.192016 -0.192016 -0.179674
240 14.3937 0 0 0 0 -0.190698 -0.190698 -0.179001
241 14.4538 0 0 0 0 -0.190183 -0.190183 -0.178389
242 14.5139 0 0 0 0 -0.190493 -0.190493 -0.177846
243 14.574 0 0 0 0 -0.189601 -0.189601 -0.17703
244 14.6341 0 0 0 0 -0.188157 -0.188157 -0.176113
245 14.6942 0 0 0 0 -0.189209 -0.189209 -0.17567
246 14.7543 0 0 0 0 -0.188139 -0.188139 -0.174685
247 14.8144 0 0 0 0 -0.188351 -0.188351 -0.174057
248 14.8745 0 0 0 0 -0.186569 -0.186569 -0.172959
249 14.9346 0 0 0 0 -0.187421 -0.187421 -0.172391
250 14.9947 0 0 0 0 -0.18722 -0.18722 -0.171395
251 15.0548 0 0 0 0 -0.188945 -0.188945 -0.170743
252 15.1148 0 0 0 0 -0.189258 -0.189258 -0.169862
253 15.1749 0 0 0 0 -0.185336 -0.185336 -0.168229
254 15.235 0 0 0 0 -0.184665 -0.184665 -0.167479
255 15.2951 0 0 0 0 -0.182315 -0.182315 -0.166339
256 15.3552 0 0 0 0 -0.182016 -0.182016 -0.165482
257 15.4153 0 0 0 0 -0.180723 -0.180723 -0.164302
258 15.4754 0 0 0 0 -0.180237 -0.180237 -0.163416
259 15.5355 0 0 0 0 -0.176721 -0.176721 -0.162033
260 15.5956 0 0 0 0 -0.174437 -0.174437 -0.160875
261 15.6557 0 0 0 0 -0.174491 -0.174491 -0.160135
262 15.7158 0 0 0 0 -0.173817 -0.173817 -0.159008
263 15.7759 0 0 0 0 -0.175003 -0.175003 -0.158156
264 15.836 0 0 0 0 -0.174301 -0.174301 -0.156794
265 15.8961 0 0 0 0 -0.173769 -0.173769 -0.155567
266 15.9562 0 0 0 0 -0.174044 -0.174044 -0.154477
267 16.0163 0 0 0 0 -0.173727 -0.173727 -0.153134
268 16.0764 0 0 0 0 -0.171414 -0.171414 -0.151407
269 16.1365 0 0 0 0 -0.169602 -0.169602 -0.15004
270 16.1966 0 0 0 0 -0.16706 -0.16706 -0.148685
271 16.2567 0 0 0 0 -0.16188 -0.16188 -0.146803
272 16.3168 0 0 0 0 -0.160317 -0.160317 -0.145667
273 16.3769 0 0 0 0 -0.161884 -0.161884 -0.144983
274 16.437 0 0 0 0 -0.1605 -0.1605 -0.143474
275 16.4971 0 0 0 0 -0.159823 -0.159823 -0.142118
276 16.5572 0 0 0 0 -0.158444 -0.158444 -0.140604
277 16.6173 0 0 0 0 -0.158676 -0.158676 -0.139298
278 16.6774 0 0 0 0 -0.159602 -0.159602 -0.137973
279 16.7375 0 0 0 0 -0.156396 -0.156396 -0.135832
280 16.7976 0 0 0 0 -0.155884 -0.155884 -0.134413
281 16.8577 0 0 0 0 -0.152289 -0.152289 -0.132399
282 16.9178 0 0 0 0 -0.150576 -0.150576 -0.13089
283 16.9779 0 0 0 0 -0.149884 -0.149884 -0.129532
284 17.038 0 0 0 0 -0.148605 -0.148605 -0.127923
285 17.0981 0 0 0 0 -0.146158 -0.146158 -0.126053
286 17.1582 0 0 0 0 -0.145734 -0.145734 -0.124596
287 17.2183 0 0 0 0 -0.144989 -0.144989 -0.122996
288 17.2784 0 0 0 0 -0.144667 -0.144667 -0.121369
289 17.3385 0 0 0 0 -0.143171 -0.143171 -0.119372
290 17.3986 0 0 0 0 -0.141426 -0.141426 -0.117377
291 17.4587 0 0 0 0 -0.139207 -0.139207 -0.115462
292 17.5188 0 0 0 0 -0.135755 -0.135755 -0.113489
293 17.5789 0 0 0 0 -0.133649 -0.133649 -0.111803
294 17.639 0 0 0 0 -0.13337 -0.13337 -0.110314
295 17.6991 0 0 0 0 -0.132443 -0.132443 -0.108452
296 17.7592 0 0 0 0 -0.131765 -0.131765 -0.106584
297 17.8193 0 0 0 0 -0.128175 -0.128175 -0.104254
298 17.8794 0 0 0 0 -0.125074 -0.125074 -0.102259
299 17.9395 0 0 0 0 -0.12358 -0.12358 -0.10058
300 17.9996 0 0 0 0 -0.12141 -0.12141 -0.0987309
301 18.0597 0 0 0 0 -0.119796 -0.119796 -0.0969752
302 18.1198 0 0 0 0 -0.116488 -0.116488 -0.0948697
303 18.1799 0 0 0 0 -0.115192 -0.115192 -0.0932434
304 18.24 0 0 0 0 -0.114614 -0.114614 -0.0916302
305 18.3001 0 0 0 0 -0.112262 -0.112262 -0.089583
306 18.3602 0 0 0 0 -0.111302 -0.111302 -0.0877834
307 18.4203 0 0 0 0 -0.10956 -0.10956 -0.0857332
308 18.4804 0 0 0 0 -0.10727 -0.10727 -0.0836678
309 18.5405 0 0 0 0 -0.104729 -0.104729 -0.0816346
310 18.6006 0 0 0 0 -0.101924 -0.101924 -0.0796514
311 18.6607 0 0 0 0 -0.0994083 -0.0994083 -0.0777588
312 18.7208 0 0 0 0 -0.0983382 -0.0983382 -0.0760649
313 18.7809 0 0 0 0 -0.0961842 -0.0961842 -0.0741314
314 18.841 0 0 0 0 -0.0939464 -0.0939464 -0.072205
315 18.9011 0 0 0 0 -0.091436 -0.091436 -0.0702953
316 18.9612 0 0 0 0 -0.0893571 -0.0893571 -0.0684859
317 19.0213 0 0 0 0 -0.0872542 -0.0872542 -0.066637
318 19.0814 0 0 0 0 -0.0848705 -0.0848705 -0.0647291
319 19.1415 0 0 0 0 -0.0835198 -0.0835198 -0.062957
320 19.2016 0 0 0 0 -0.0816327 -0.0816327 -0.0610358
321 19.2617 0 0 0 0 -0.0776162 -0.0776162 -0.0588353
322 19.3218 0 0 0 0 -0.0753295 -0.0753295 -0.0571341
323 19.3819 0 0 0 0 -0.0725829 -0.0725829 -0.0553554
324 19.442 0 0 0 0 -0.0702369 -0.0702369 -0.0536986
325 19.5021 0 0 0 0 -0.0679003 -0.0679003 -0.0520393
326 19.5622 0 0 0 0 -0.0654861 -0.0654861 -0.0503713
327 19.6223 0 0 0 0 -0.0631534 -0.0631534 -0.0487599
328 19.6824 0 0 0 0 -0.0615021 -0.0615021 -0.0472623
329 19.7425 0 0 0 0 -0.0593578 -0.0593578 -0.0456144
330 19.8026 0 0 0 0 -0.0567874 -0.0567874 -0.043879
331 19.8627 0 0 0 0 -0.0538115 -0.0538115 -0.0421676
332 19.9228 0 0 0 0 -0.0508633 -0.0508633 -0.0406108
333 19.9829 0 0 0 0 -0.0487871 -0.0487871 -0.0392918
334 20.043 0 0 0 0 -0.0467566 -0.0467566 -0.0379494
335 20.1031 0 0 0 0 -0.0444915 -0.0444915 -0.0365674
336 20.1631 0 0 0 0 -0.0421896 -0.0421896 -0.0352726
337 20.2232 0 0 0 0 -0.0408378 -0.0408378 -0.0341611
338 20.2833 0 0 0 0 -0.0390787 -0.0390787 -0.0329421
339 20.3434 0 0 0 0 -0.0368427 -0.0368427 -0.0316496
340 20.4035 0 0 0 0 -0.0351173 -0.0351173 -0.0305357
341 20.4636 0 0 0 0 -0.0330332 -0.0330332 -0.0293112
342 20.5237 0 0 0 0 -0.0309496 -0.0309496 -0.028171
343 20.5838 0 0 0 0 -0.0293629 -0.0293629 -0.0271796
344 20.6439 0 0 0 0 -0.0279614 -0.0279614 -0.0262196
345 20.704 0 0 0 0 -0.0259539 -0.0259539 -0.0251243
346 20.7641 0 0 0 0 -0.0241129 -0.0241129 -0.0241745
347 20.8242 0 0 0 0 -0.0226482 -0.0226482 -0.0233905
348 20.8843 0 0 0 0 -0.0212823 -0.0212823 -0.0226294
349 20.9444 0 0 0 0 -0.0203465 -0.0203465 -0.0219756
350 21.0045 0 0 0 0 -0.019085 -0.019085 -0.0212542
351 21.0646 0 0 0 0 -0.0182979 -0.0182979 -0.0206969
352 21.1247 0 0 0 0 -0.0174485 -0.0174485 -0.0200645
353 21.1848 0 0 0 0 -0.0167083 -0.0167083 -0.0194651
354 21.2449 0 0 0 0 -0.0157307 -0.0157307 -0.0187776
355 21.305 0 0 0 0 -0.0147959 -0.0147959 -0.0181495
356 21.3651 0 0 0 0 -0.013628 -0.013628 -0.0174742
357 21.4252 0 0 0 0 -0.0126406 -0.0126406 -0.0169469
358 21.4853 0 0 0 0 -0.0120172 -0.0120172 -0.0165242
359 21.5454 0 0 0 0 -0.0112814 -0.0112814 -0.0160553
360 21.6055 0 0 0 0 -0.0106779 -0.0106779 -0.0156497
361 21.6656 0 0 0 0 -0.0100779 -0.0100779 -0.015262
362 21.7257 0 0 0 0 -0.00956883 -0.00956883 -0.0148921
363 21.7858 0 0 0 0 -0.00888581 -0.00888581 -0.0144788
364 21.8459 0 0 0 0 -0.00812006 -0.00812006 -0.0140717
365 21.906 0 0 0 0 -0.00767909 -0.00767909 -0.0138096
366 21.9661 0 0 0 0 -0.00733609 -0.00733609 -0.0135862
367 22.0262 0 0 0 0 -0.00699173 -0.00699173 -0.0133525
368 22.0863 0 0 0 0 -0.00671838 -0.00671838 -0.013156
369 22.1464 0 0 0 0 -0.00635964 -0.00635964 -0.0129242
370 22.2065 0 0 0 0 -0.00611434 -0.00611434 -0.0127359
371 22.2666 0 0 0 0 -0.00582625 -0.00582625 -0.01254
372 22.3267 0 0 0 0 -0.00565097 -0.00565097 -0.012413
373 22.3868 0 0 0 0 -0.00537735 -0.00537735 -0.0122431
374 22.4469 0 0 0 0 -0.00525936 -0.00525936 -0.0121643
375 22.507 0 0 0 0 -0.00513257 -0.00513257 -0.0120674
376 22.5671 0 0 0 0 -0.00497599 -0.00497599 -0.0119513
377 22.6272 0 0 0 0 -0.00490609 -0.00490609 -0.0118799
378 22.6873 0 0 0 0 -0.00478297 -0.00478297 -0.0117624
379 22.7474 0 0 0 0 -0.00464008 -0.00464008 -0.0116407
380 22.8075 0 0 0 0 -0.00464569 -0.00464569 -0.0116057
381 22.8676 0 0 0 0 -0.00440818 -0.00440818 -0.0114393
382 22.9277 0 0 0 0 -0.00422496 -0.00422496 -0.0113191
383 22.9878 0 0 0 0 -0.00416201 -0.00416201 -0.0112811
384 23.0479 0 0 0 0 -0.00410385 -0.00410385 -0.0112392
385 23.108 0 0 0 0 -0.00405837 -0.00405837 -0.0111991
386 23.1681 0 0 0 0 -0.00403157 -0.00403157 -0.0111813
387 23.2282 0 0 0 0 -0.00397519 -0.00397519 -0.0111431
388 23.2883 0 0 0 0 -0.00394826 -0.00394826 -0.0111146
389 23.3484 0 0 0 0 -0.00389323 -0.00389323 -0.0110717
390 23.4085 0 0 0 0 -0.0038617 -0.0038617 -0.011051
391 23.4686 0 0 0 0 -0.00385666 -0.00385666 -0.0110379
392 23.5287 0 0 0 0 -0.0038346 -0.0038346 -0.0110145
393 23.5888 0 0 0 0 -0.00381959 -0.00381959 -0.010999
394 23.6489 0 0 0 0 -0.00384019 -0.00384019 -0.0110088
395 23.709 0 0 0 0 -0.00382537 -0.00382537 -0.0110099
72000 395
1 0.0300494 0 0 0 0 -0.00382654 -0.00382654 -0.011002
2 0.0901482 0 0 0 0 -0.00379649 -0.00379649 -0.0109691
3 0.150247 0 0 0 0 -0.0038452 -0.0038452 -0.0109999
4 0.210346 0 0 0 0 -0.00380865 -0.00380865 -0.0109936
5 0.270445 0 0 0 0 -0.00381064 -0.00381064 -0.0110024
6 0.330543 0 0 0 0 -0.0038389 -0.0038389 -0.0110223
7 0.390642 0 0 0 0 -0.00384713 -0.00384713 -0.0110315
8 0.450741 0 0 0 0 -0.0039106 -0.0039106 -0.0110774
9 0.51084 0 0 0 0 -0.00396225 -0.00396225 -0.0111155
10 0.570939 0 0 0 0 -0.0040154 -0.0040154 -0.0111521
11 0.631037 0 0 0 0 -0.0041 -0.0041 -0.0112129
12 0.691136 0 0 0 0 -0.00415875 -0.00415875 -0.0112713
13 0.751235 0 0 0 0 -0.00424611 -0.00424611 -0.0113392
14 0.811334 0 0 0 0 -0.00435825 -0.00435825 -0.0114166
15 0.871433 0 0 0 0 -0.00446183 -0.00446183 -0.0115029
16 0.931531 0 0 0 0 -0.00451058 -0.00451058 -0.0115747
17 0.99163 0 0 0 0 -0.00454954 -0.00454954 -0.0116335
18 1.05173 0 0 0 0 -0.00465114 -0.00465114 -0.0117159
19 1.11183 0 0 0 0 -0.00477225 -0.00477225 -0.0118092
20 1.17193 0 0 0 0 -0.00481335 -0.00481335 -0.0118559
21 1.23203 0 0 0 0 -0.00497964 -0.00497964 -0.0119718
22 1.29212 0 0 0 0 -0.00511176 -0.00511176 -0.0120818
23 1.35222 0 0 0 0 -0.00520824 -0.00520824 -0.012159
24 1.41232 0 0 0 0 -0.00549974 -0.00549974 -0.0123368
25 1.47242 0 0 0 0 -0.00563899 -0.00563899 -0.0124556
26 1.53252 0 0 0 0 -0.00594331 -0.00594331 -0.0126443
27 1.59262 0 0 0 0 -0.00628928 -0.00628928 -0.0128815
28 1.65272 0 0 0 0 -0.00654953 -0.00654953 -0.0130897
29 1.71282 0 0 0 0 -0.00679073 -0.00679073 -0.0132882
30 1.77291 0 0 0 0 -0.00700626 -0.00700626 -0.0134479
31 1.83301 0 0 0 0 -0.00724519 -0.00724519 -0.0136165
32 1.89311 0 0 0 0 -0.00753257 -0.00753257 -0.0138029
33 1.95321 0 0 0 0 -0.00798262 -0.00798262 -0.0140672
34 2.01331 0 0 0 0 -0.00864025 -0.00864025 -0.0144304
35 2.07341 0 0 0 0 -0.00925907 -0.00925907 -0.01483
36 2.13351 0 0 0 0 -0.00983039 -0.00983039 -0.0151944
37 2.19361 0 0 0 0 -0.0104496 -0.0104496 -0.0156028
38 2.25371 0 0 0 0 -0.0109853 -0.0109853 -0.0159896
39 2.3138 0 0 0 0 -0.0115274 -0.0115274 -0.0163348
40 2.3739 0 0 0 0 -0.0123266 -0.0123266 -0.0167604
41 2.434 0 0 0 0 -0.0132019 -0.0132019 -0.0172803
42 2.4941 0 0 0 0 -0.0143812 -0.0143812 -0.0178686
43 2.5542 0 0 0 0 -0.0155577 -0.0155577 -0.0185194
44 2.6143 0 0 0 0 -0.0164625 -0.0164625 -0.0191394
45 2.6744 0 0 0 0 -0.0175243 -0.0175243 -0.0198283
46 2.7345 0 0 0 0 -0.0183039 -0.0183039 -0.0204178
47 2.79459 0 0 0 0 -0.0196829 -0.0196829 -0.0211443
48 2.85469 0 0 0 0 -0.0210774 -0.0210774 -0.0219115
49 2.91479 0 0 0 0 -0.0226258 -0.0226258 -0.0227696
50 2.97489 0 0 0 0 -0.0241179 -0.0241179 -0.0236632
51 3.03499 0 0 0 0 -0.0255059 -0.0255059 -0.0245323
52 3.09509 0 0 0 0 -0.0268467 -0.0268467 -0.0253665
53 3.15519 0 0 0 0 -0.0286481 -0.0286481 -0.0263571
54 3.21529 0 0 0 0 -0.0307998 -0.0307998 -0.0275554
55 3.27538 0 0 0 0 -0.0325475 -0.0325475 -0.0287395
56 3.33548 0 0 0 0 -0.0332057 -0.0332057 -0.0295752
57 3.39558 0 0 0 0 -0.0349722 -0.0349722 -0.030567
58 3.45568 0 0 0 0 -0.0369455 -0.0369455 -0.0316525
59 3.51578 0 0 0 0 -0.0387054 -0.0387054 -0.0327238
60 3.57588 0 0 0 0 -0.0408405 -0.0408405 -0.0338542
61 3.63598 0 0 0 0 -0.043134 -0.043134 -0.0350582
62 3.69608 0 0 0 0 -0.0466815 -0.0466815 -0.0366541
63 3.75618 0 0 0 0 -0.0495235 -0.0495235 -0.0382406
64 3.81627 0 0 0 0 -0.052917 -0.052917 -0.0400842
65 3.87637 0 0 0 0 -0.0548899 -0.0548899 -0.041771
66 3.93647 0 0 0 0 -0.0570654 -0.0570654 -0.0434622
67 3.99657 0 0 0 0 -0.0585028 -0.0585028 -0.0449117
68 4.05667 0 0 0 0 -0.0603519 -0.0603519 -0.0463396
69 4.11677 0 0 0 0 -0.0629923 -0.0629923 -0.0479802
70 4.17687 0 0 0 0 -0.0649821 -0.0649821 -0.0495088
71 4.23697 0 0 0 0 -0.068434 -0.068434 -0.0514149
72 4.29706 0 0 0 0 -0.0701258 -0.0701258 -0.0530875
73 4.35716 0 0 0 0 -0.0721025 -0.0721025 -0.0547443
74 4.41726 0 0 0 0 -0.0736613 -0.0736613 -0.056242
75 4.47736 0 0 0 0 -0.0763802 -0.0763802 -0.0579565
76 4.53746 0 0 0 0 -0.0791247 -0.0791247 -0.0597593
77 4.59756 0 0 0 0 -0.0822656 -0.0822656 -0.061735
78 4.65766 0 0 0 0 -0.083867 -0.083867 -0.0634483
79 4.71776 0 0 0 0 -0.0869384 -0.0869384 -0.0654639
80 4.77786 0 0 0 0 -0.0894342 -0.0894342 -0.067447
81 4.83795 0 0 0 0 -0.0910665 -0.0910665 -0.0692117
82 4.89805 0 0 0 0 -0.0931541 -0.0931541 -0.0709942
83 4.95815 0 0 0 0 -0.0960046 -0.0960046 -0.0729569
84 5.01825 0 0 0 0 -0.0990684 -0.0990684 -0.0751082
85 5.07835 0 0 0 0 -0.101084 -0.101084 -0.077145
86 5.13845 0 0 0 0 -0.103026 -0.103026 -0.0791686
87 5.19855 0 0 0 0 -0.1045 -0.1045 -0.0811124
88 5.25865 0 0 0 0 -0.105847 -0.105847 -0.0829064
89 5.31874 0 0 0 0 -0.106983 -0.106983 -0.0845185
90 5.37884 0 0 0 0 -0.109831 -0.109831 -0.0864367
91 5.43894 0 0 0 0 -0.111665 -0.111665 -0.0882337
92 5.49904 0 0 0 0 -0.114568 -0.114568 -0.0902185
93 5.55914 0 0 0 0 -0.118099 -0.118099 -0.0924635
94 5.61924 0 0 0 0 -0.120167 -0.120167 -0.0945866
95 5.67934 0 0 0 0 -0.120857 -0.120857 -0.0964529
96 5.73944 0 0 0 0 -0.123456 -0.123456 -0.0987194
97 5.79953 0 0 0 0 -0.124003 -0.124003 -0.100577
98 5.85963 0 0 0 0 -0.124944 -0.124944 -0.102418
99 5.91973 0 0 0 0 -0.124737 -0.124737 -0.103787
100 5.97983 0 0 0 0 -0.127041 -0.127041 -0.105522
101 6.03993 0 0 0 0 -0.129526 -0.129526 -0.107341
102 6.10003 0 0 0 0 -0.132836 -0.132836 -0.109496
103 6.16013 0 0 0 0 -0.13295 -0.13295 -0.111054
104 6.22023 0 0 0 0 -0.135698 -0.135698 -0.113106
105 6.28033 0 0 0 0 -0.136726 -0.136726 -0.114794
106 6.34042 0 0 0 0 -0.138223 -0.138223 -0.116544
107 6.40052 0 0 0 0 -0.139906 -0.139906 -0.118344
108 6.46062 0 0 0 0 -0.141949 -0.141949 -0.120223
109 6.52072 0 0 0 0 -0.142761 -0.142761 -0.121801
110 6.58082 0 0 0 0 -0.143637 -0.143637 -0.123284
111 6.64092 0 0 0 0 -0.146613 -0.146613 -0.125243
112 6.70102 0 0 0 0 -0.147345 -0.147345 -0.126716
113 6.76112 0 0 0 0 -0.149809 -0.149809 -0.128582
114 6.82121 0 0 0 0 -0.151816 -0.151816 -0.130389
115 6.88131 0 0 0 0 -0.151586 -0.151586 -0.131743
116 6.94141 0 0 0 0 -0.154758 -0.154758 -0.133806
117 7.00151 0 0 0 0 -0.154603 -0.154603 -0.135152
118 7.06161 0 0 0 0 -0.155803 -0.155803 -0.136828
119 7.12171 0 0 0 0 -0.155207 -0.155207 -0.138003
120 7.18181 0 0 0 0 -0.156434 -0.156434 -0.139427
121 7.24191 0 0 0 0 -0.158239 -0.158239 -0.140889
122 7.302 0 0 0 0 -0.159873 -0.159873 -0.142238
123 7.3621 0 0 0 0 -0.162321 -0.162321 -0.143839
124 7.4222 0 0 0 0 -0.163963 -0.163963 -0.145325
125 7.4823 0 0 0 0 -0.164749 -0.164749 -0.146671
126 7.5424 0 0 0 0 -0.165242 -0.165242 -0.147904
127 7.6025 0 0 0 0 -0.167178 -0.167178 -0.149385
128 7.6626 0 0 0 0 -0.167942 -0.167942 -0.150536
129 7.7227 0 0 0 0 -0.169159 -0.169159 -0.151814
130 7.7828 0 0 0 0 -0.17265 -0.17265 -0.153688
131 7.84289 0 0 0 0 -0.171215 -0.171215 -0.154398
132 7.90299 0 0 0 0 -0.172341 -0.172341 -0.155639
133 7.96309 0 0 0 0 -0.174905 -0.174905 -0.157247
134 8.02319 0 0 0 0 -0.174414 -0.174414 -0.15827
135 8.08329 0 0 0 0 -0.174372 -0.174372 -0.159262
136 8.14339 0 0 0 0 -0.174661 -0.174661 -0.160285
137 8.20349 0 0 0 0 -0.175348 -0.175348 -0.16127
138 8.26359 0 0 0 0 -0.176933 -0.176933 -0.162412
139 8.32368 0 0 0 0 -0.178936 -0.178936 -0.163563
140 8.38378 0 0 0 0 -0.179684 -0.179684 -0.164474
141 8.44388 0 0 0 0 -0.181544 -0.181544 -0.165653
142 8.50398 0 0 0 0 -0.182876 -0.182876 -0.16679
143 8.56408 0 0 0 0 -0.183109 -0.183109 -0.167675
144 8.62418 0 0 0 0 -0.183323 -0.183323 -0.168533
145 8.68428 0 0 0 0 -0.185502 -0.185502 -0.169815
146 8.74438 0 0 0 0 -0.184369 -0.184369 -0.170456
147 8.80447 0 0 0 0 -0.183936 -0.183936 -0.171223
148 8.86457 0 0 0 0 -0.185221 -0.185221 -0.172292
149 8.92467 0 0 0 0 -0.184393 -0.184393 -0.172761
150 8.98477 0 0 0 0 -0.185731 -0.185731 -0.173635
151 9.04487 0 0 0 0 -0.186873 -0.186873 -0.174344
152 9.10497 0 0 0 0 -0.189967 -0.189967 -0.17552
153 9.16507 0 0 0 0 -0.191145 -0.191145 -0.176399
154 9.22517 0 0 0 0 -0.190349 -0.190349 -0.176957
155 9.28527 0 0 0 0 -0.190046 -0.190046 -0.177592
156 9.34536 0 0 0 0 -0.19106 -0.19106 -0.178465
157 9.40546 0 0 0 0 -0.19078 -0.19078 -0.178972
158 9.46556 0 0 0 0 -0.191203 -0.191203 -0.179539
159 9.52566 0 0 0 0 -0.193355 -0.193355 -0.180433
160 9.58576 0 0 0 0 -0.194889 -0.194889 -0.181239
161 9.64586 0 0 0 0 -0.194339 -0.194339 -0.181684
162 9.70596 0 0 0 0 -0.194948 -0.194948 -0.182352
163 9.76606 0 0 0 0 -0.195721 -0.195721 -0.183088
164 9.82615 0 0 0 0 -0.195034 -0.195034 -0.183483
165 9.88625 0 0 0 0 -0.194628 -0.194628 -0.183892
166 9.94635 0 0 0 0 -0.194298 -0.194298 -0.18431
167 10.0065 0 0 0 0 -0.195607 -0.195607 -0.185009
168 10.0665 0 0 0 0 -0.195636 -0.195636 -0.18532
169 10.1266 0 0 0 0 -0.197604 -0.197604 -0.185952
170 10.1867 0 0 0 0 -0.198794 -0.198794 -0.186421
171 10.2468 0 0 0 0 -0.200113 -0.200113 -0.186965
172 10.3069 0 0 0 0 -0.201674 -0.201674 -0.187651
173 10.367 0 0 0 0 -0.201394 -0.201394 -0.188014
174 10.4271 0 0 0 0 -0.199725 -0.199725 -0.188107
175 10.4872 0 0 0 0 -0.199182 -0.199182 -0.188328
176 10.5473 0 0 0 0 -0.201492 -0.201492 -0.189068
177 10.6074 0 0 0 0 -0.202715 -0.202715 -0.189577
178 10.6675 0 0 0 0 -0.201356 -0.201356 -0.189499
179 10.7276 0 0 0 0 -0.202956 -0.202956 -0.190082
180 10.7877 0 0 0 0 -0.203013 -0.203013 -0.190296
181 10.8478 0 0 0 0 -0.20401 -0.20401 -0.190784
182 10.9079 0 0 0 0 -0.203255 -0.203255 -0.190958
183 10.968 0 0 0 0 -0.201551 -0.201551 -0.190908
184 11.0281 0 0 0 0 -0.202804 -0.202804 -0.191476
185 11.0882 0 0 0 0 -0.202259 -0.202259 -0.191539
186 11.1483 0 0 0 0 -0.201973 -0.201973 -0.191516
187 11.2084 0 0 0 0 -0.205168 -0.205168 -0.192306
188 11.2685 0 0 0 0 -0.204631 -0.204631 -0.192328
189 11.3286 0 0 0 0 -0.203759 -0.203759 -0.192434
190 11.3887 0 0 0 0 -0.202515 -0.202515 -0.192462
191 11.4488 0 0 0 0 -0.201296 -0.201296 -0.19236
192 11.5089 0 0 0 0 -0.203033 -0.203033 -0.192811
193 11.569 0 0 0 0 -0.203192 -0.203192 -0.192823
194 11.6291 0 0 0 0 -0.203362 -0.203362 -0.192803
195 11.6892 0 0 0 0 -0.205391 -0.205391 -0.193251
196 11.7493 0 0 0 0 -0.204591 -0.204591 -0.193127
197 11.8094 0 0 0 0 -0.204046 -0.204046 -0.19312
198 11.8695 0 0 0 0 -0.202235 -0.202235 -0.192771
199 11.9296 0 0 0 0 -0.204704 -0.204704 -0.193281
200 11.9897 0 0 0 0 -0.204882 -0.204882 -0.193129
201 12.0498 0 0 0 0 -0.206473 -0.206473 -0.193376
202 12.1099 0 0 0 0 -0.204822 -0.204822 -0.19301
203 12.17 0 0 0 0 -0.204227 -0.204227 -0.19296
204 12.2301 0 0 0 0 -0.20453 -0.20453 -0.193111
205 12.2902 0 0 0 0 -0.202716 -0.202716 -0.192721
206 12.3503 0 0 0 0 -0.202468 -0.202468 -0.192607
207 12.4104 0 0 0 0 -0.202529 -0.202529 -0.19247
208 12.4705 0 0 0 0 -0.204613 -0.204613 -0.192807
209 12.5306 0 0 0 0 -0.202599 -0.202599 -0.192221
210 12.5907 0 0 0 0 -0.201858 -0.201858 -0.191998
211 12.6508 0 0 0 0 -0.201634 -0.201634 -0.191844
212 12.7109 0 0 0 0 -0.202034 -0.202034 -0.191696
213 12.771 0 0 0 0 -0.204004 -0.204004 -0.191782
214 12.8311 0 0 0 0 -0.203904 -0.203904 -0.191355
215 12.8912 0 0 0 0 -0.204362 -0.204362 -0.191187
216 12.9513 0 0 0 0 -0.203973 -0.203973 -0.190972
217 13.0114 0 0 0 0 -0.201824 -0.201824 -0.190393
218 13.0715 0 0 0 0 -0.200642 -0.200642 -0.189925
219 13.1316 0 0 0 0 -0.202205 -0.202205 -0.19
220 13.1917 0 0 0 0 -0.202142 -0.202142 -0.18958
221 13.2518 0 0 0 0 -0.203002 -0.203002 -0.189328
222 13.3119 0 0 0 0 -0.203227 -0.203227 -0.189002
223 13.372 0 0 0 0 -0.201827 -0.201827 -0.188451
224 13.4321 0 0 0 0 -0.201306 -0.201306 -0.188191
225 13.4922 0 0 0 0 -0.198781 -0.198781 -0.187471
226 13.5523 0 0 0 0 -0.19697 -0.19697 -0.186867
227 13.6124 0 0 0 0 -0.196756 -0.196756 -0.186562
228 13.6725 0 0 0 0 -0.197105 -0.197105 -0.186291
229 13.7326 0 0 0 0 -0.196777 -0.196777 -0.185819
230 13.7927 0 0 0 0 -0.196178 -0.196178 -0.185209
231 13.8528 0 0 0 0 -0.196668 -0.196668 -0.184813
232 13.9129 0 0 0 0 -0.196931 -0.196931 -0.184351
233 13.973 0 0 0 0 -0.196928 -0.196928 -0.183796
234 14.0331 0 0 0 0 -0.195994 -0.195994 -0.183157
235 14.0932 0 0 0 0 -0.195355 -0.195355 -0.182484
236 14.1533 0 0 0 0 -0.195156 -0.195156 -0.181916
237 14.2134 0 0 0 0 -0.195263 -0.195263 -0.181385
238 14.2735 0 0 0 0 -0.194211 -0.194211 -0.180671
239 14.3336 0 0 0 0 -0.192848 -0.192848 -0.179875
240 14.3937 0 0 0 0 -0.191538 -0.191538 -0.179113
241 14.4538 0 0 0 0 -0.190718 -0.190718 -0.178467
242 14.5139 0 0 0 0 -0.19002 -0.19002 -0.177769
243 14.574 0 0 0 0 -0.188998 -0.188998 -0.176973
244 14.6341 0 0 0 0 -0.187985 -0.187985 -0.176172
245 14.6942 0 0 0 0 -0.188712 -0.188712 -0.175625
246 14.7543 0 0 0 0 -0.188344 -0.188344 -0.174772
247 14.8144 0 0 0 0 -0.188428 -0.188428 -0.174088
248 14.8745 0 0 0 0 -0.186547 -0.186547 -0.172958
249 14.9346 0 0 0 0 -0.187403 -0.187403 -0.172398
250 14.9947 0 0 0 0 -0.186943 -0.186943 -0.171356
251 15.0548 0 0 0 0 -0.188478 -0.188478 -0.170691
252 15.1148 0 0 0 0 -0.188701 -0.188701 -0.169804
253 15.1749 0 0 0 0 -0.185104 -0.185104 -0.168244
254 15.235 0 0 0 0 -0.18431 -0.18431 -0.167446
255 15.2951 0 0 0 0 -0.182135 -0.182135 -0.166314
256 15.3552 0 0 0 0 -0.18189 -0.18189 -0.16545
257 15.4153 0 0 0 0 -0.180984 -0.180984 -0.164337
258 15.4754 0 0 0 0 -0.18027 -0.18027 -0.163372
259 15.5355 0 0 0 0 -0.176818 -0.176818 -0.161968
260 15.5956 0 0 0 0 -0.175143 -0.175143 -0.160926
261 15.6557 0 0 0 0 -0.174268 -0.174268 -0.159975
262 15.7158 0 0 0 0 -0.173991 -0.173991 -0.15897
263 15.7759 0 0 0 0 -0.174751 -0.174751 -0.158036
264 15.836 0 0 0 0 -0.174363 -0.174363 -0.156749
265 15.8961 0 0 0 0 -0.173735 -0.173735 -0.155489
266 15.9562 0 0 0 0 -0.173976 -0.173976 -0.154395
267 16.0163 0 0 0 0 -0.173525 -0.173525 -0.153042
268 16.0764 0 0 0 0 -0.171523 -0.171523 -0.151379
269 16.1365 0 0 0 0 -0.170226 -0.170226 -0.150051
270 16.1966 0 0 0 0 -0.168224 -0.168224 -0.148708
271 16.2567 0 0 0 0 -0.162594 -0.162594 -0.14669
272 16.3168 0 0 0 0 -0.160962 -0.160962 -0.145548
273 16.3769 0 0 0 0 -0.161771 -0.161771 -0.144739
274 16.437 0 0 0 0 -0.160496 -0.160496 -0.143308
275 16.4971 0 0 0 0 -0.159362 -0.159362 -0.141882
276 16.5572 0 0 0 0 -0.158211 -0.158211 -0.140447
277 16.6173 0 0 0 0 -0.158213 -0.158213 -0.139127
278 16.6774 0 0 0 0 -0.158984 -0.158984 -0.137819
279 16.7375 0 0 0 0 -0.15591 -0.15591 -0.135728
280 16.7976 0 0 0 0 -0.155913 -0.155913 -0.134387
281 16.8577 0 0 0 0 -0.152555 -0.152555 -0.132365
282 16.9178 0 0 0 0 -0.150458 -0.150458 -0.130761
283 16.9779 0 0 0 0 -0.149287 -0.149287 -0.129339
284 17.038 0 0 0 0 -0.148041 -0.148041 -0.127799
285 17.0981 0 0 0 0 -0.145594 -0.145594 -0.125965
286 17.1582 0 0 0 0 -0.145403 -0.145403 -0.124565
287 17.2183 0 0 0 0 -0.145128 -0.145128 -0.123012
288 17.2784 0 0 0 0 -0.144664 -0.144664 -0.121307
289 17.3385 0 0 0 0 -0.14268 -0.14268 -0.119221
290 17.3986 0 0 0 0 -0.141206 -0.141206 -0.117319
291 17.4587 0 0 0 0 -0.13845 -0.13845 -0.115329
292 17.5188 0 0 0 0 -0.135085 -0.135085 -0.113416
293 17.5789 0 0 0 0 -0.132777 -0.132777 -0.111727
294 17.639 0 0 0 0 -0.132578 -0.132578 -0.11031
295 17.6991 0 0 0 0 -0.132105 -0.132105 -0.108568
296 17.7592 0 0 0 0 -0.13161 -0.13161 -0.106719
297 17.8193 0 0 0 0 -0.127859 -0.127859 -0.104337
298 17.8794 0 0 0 0 -0.125221 -0.125221 -0.102417
299 17.9395 0 0 0 0 -0.124205 -0.124205 -0.100759
300 17.9996 0 0 0 0 -0.122569 -0.122569 -0.0988856
301 18.0597 0 0 0 0 -0.120523 -0.120523 -0.096939
302 18.1198 0 0 0 0 -0.116977 -0.116977 -0.0947542
303 18.1799 0 0 0 0 -0.115549 -0.115549 -0.0930938
304 18.24 0 0 0 0 -0.114145 -0.114145 -0.0913579
305 18.3001 0 0 0 0 -0.111457 -0.111457 -0.0893253
306 18.3602 0 0 0 0 -0.110422 -0.110422 -0.0875961
307 18.4203 0 0 0 0 -0.108555 -0.108555 -0.085599
308 18.4804 0 0 0 0 -0.106271 -0.106271 -0.0836075
309 18.5405 0 0 0 0 -0.104368 -0.104368 -0.081734
310 18.6006 0 0 0 0 -0.101362 -0.101362 -0.079696
311 18.6607 0 0 0 0 -0.0988264 -0.0988264 -0.0778236
312 18.7208 0 0 0 0 -0.0980494 -0.0980494 -0.0761994
313 18.7809 0 0 0 0 -0.0960839 -0.0960839 -0.0742623
314 18.841 0 0 0 0 -0.0939102 -0.0939102 -0.0723024
315 18.9011 0 0 0 0 -0.0909617 -0.0909617 -0.0702983
316 18.9612 0 0 0 0 -0.0888423 -0.0888423 -0.0685215
317 19.0213 0 0 0 0 -0.0865464 -0.0865464 -0.0666929
318 19.0814 0 0 0 0 -0.0842349 -0.0842349 -0.0648898
319 19.1415 0 0 0 0 -0.083346 -0.083346 -0.0632599
320 19.2016 0 0 0 0 -0.0817505 -0.0817505 -0.061342
321 19.2617 0 0 0 0 -0.0778088 -0.0778088 -0.0590826
322 19.3218 0 0 0 0 -0.075695 -0.075695 -0.057364
323 19.3819 0 0 0 0 -0.0725364 -0.0725364 -0.055495
324 19.442 0 0 0 0 -0.0701556 -0.0701556 -0.0538763
325 19.5021 0 0 0 0 -0.0679055 -0.0679055 -0.0522799
326 19.5622 0 0 0 0 -0.0658911 -0.0658911 -0.0506886
327 19.6223 0 0 0 0 -0.0638228 -0.0638228 -0.0490493
328 19.6824 0 0 0 0 -0.0622023 -0.0622023 -0.0474719
329 19.7425 0 0 0 0 -0.0596314 -0.0596314 -0.0457144
330 19.8026 0 0 0 0 -0.0569617 -0.0569617 -0.043981
331 19.8627 0 0 0 0 -0.0542576 -0.0542576 -0.0423235
332 19.9228 0 0 0 0 -0.0511942 -0.0511942 -0.0407207
333 19.9829 0 0 0 0 -0.0489395 -0.0489395 -0.0393638
334 20.043 0 0 0 0 -0.0469495 -0.0469495 -0.0380449
335 20.1031 0 0 0 0 -0.0448131 -0.0448131 -0.0366878
336 20.1631 0 0 0 0 -0.0424696 -0.0424696 -0.0353698
337 20.2232 0 0 0 0 -0.0410627 -0.0410627 -0.0342383
338 20.2833 0 0 0 0 -0.0392117 -0.0392117 -0.0330032
339 20.3434 0 0 0 0 -0.0370043 -0.0370043 -0.0317343
340 20.4035 0 0 0 0 -0.0353668 -0.0353668 -0.030648
341 20.4636 0 0 0 0 -0.0333823 -0.0333823 -0.0294396
342 20.5237 0 0 0 0 -0.0313236 -0.0313236 -0.0282887
343 20.5838 0 0 0 0 -0.0297637 -0.0297637 -0.0272893
344 20.6439 0 0 0 0 -0.0283543 -0.0283543 -0.0263108
345 20.704 0 0 0 0 -0.0264028 -0.0264028 -0.0252106
346 20.7641 0 0 0 0 -0.0246608 -0.0246608 -0.0242334
347 20.8242 0 0 0 0 -0.0229861 -0.0229861 -0.0233516
348 20.8843 0 0 0 0 -0.0213481 -0.0213481 -0.0225195
349 20.9444 0 0 0 0 -0.0202713 -0.0202713 -0.021844
350 21.0045 0 0 0 0 -0.0190109 -0.0190109 -0.0211456
351 21.0646 0 0 0 0 -0.0183058 -0.0183058 -0.0206228
352 21.1247 0 0 0 0 -0.0173959 -0.0173959 -0.0199726
353 21.1848 0 0 0 0 -0.0165902 -0.0165902 -0.0193619
354 21.2449 0 0 0 0 -0.0156363 -0.0156363 -0.0186955
355 21.305 0 0 0 0 -0.014644 -0.014644 -0.01806
356 21.3651 0 0 0 0 -0.0135305 -0.0135305 -0.0174172
357 21.4252 0 0 0 0 -0.0125797 -0.0125797 -0.0169062
358 21.4853 0 0 0 0 -0.0119733 -0.0119733 -0.0164934
359 21.5454 0 0 0 0 -0.0112227 -0.0112227 -0.0160232
360 21.6055 0 0 0 0 -0.0106347 -0.0106347 -0.0156319
361 21.6656 0 0 0 0 -0.0100703 -0.0100703 -0.0152625
362 21.7257 0 0 0 0 -0.00957109 -0.00957109 -0.0148994
363 21.7858 0 0 0 0 -0.00891912 -0.00891912 -0.014499
364 21.8459 0 0 0 0 -0.00818878 -0.00818878 -0.0141063
365 21.906 0 0 0 0 -0.00780177 -0.00780177 -0.0138583
366 21.9661 0 0 0 0 -0.00746789 -0.00746789 -0.0136142
367 22.0262 0 0 0 0 -0.00701442 -0.00701442 -0.0133297
368 22.0863 0 0 0 0 -0.00673024 -0.00673024 -0.0131367
369 22.1464 0 0 0 0 -0.00640133 -0.00640133 -0.0129218
370 22.2065 0 0 0 0 -0.00616709 -0.00616709 -0.012739
371 22.2666 0 0 0 0 -0.00589921 -0.00589921 -0.0125497
372 22.3267 0 0 0 0 -0.00572987 -0.00572987 -0.0124101
373 22.3868 0 0 0 0 -0.00545489 -0.00545489 -0.0122245
374 22.4469 0 0 0 0 -0.00521714 -0.00521714 -0.0120946
375 22.507 0 0 0 0 -0.00505368 -0.00505368 -0.0119877
376 22.5671 0 0 0 0 -0.00491822 -0.00491822 -0.0118846
377 22.6272 0 0 0 0 -0.00485692 -0.00485692 -0.0118211
378 22.6873 0 0 0 0 -0.00475086 -0.00475086 -0.0117156
379 22.7474 0 0 0 0 -0.00458044 -0.00458044 -0.0115805
380 22.8075 0 0 0 0 -0.00456884 -0.00456884 -0.0115417
381 22.8676 0 0 0 0 -0.00435566 -0.00435566 -0.0113922
382 22.9277 0 0 0 0 -0.00419681 -0.00419681 -0.0112876
383 22.9878 0 0 0 0 -0.00412579 -0.00412579 -0.0112409
384 23.0479 0 0 0 0 -0.00406615 -0.00406615 -0.0112004
385 23.108 0 0 0 0 -0.00402373 -0.00402373 -0.0111661
386 23.1681 0 0 0 0 -0.003991 -0.003991 -0.0111411
387 23.2282 0 0 0 0 -0.00394071 -0.00394071 -0.0111064
388 23.2883 0 0 0 0 -0.00391619 -0.00391619 -0.0110802
389 23.3484 0 0 0 0 -0.00386561 -0.00386561 -0.0110408
390 23.4085 0 0 0 0 -0.00383975 -0.00383975 -0.0110247
391 23.4686 0 0 0 0 -0.00382839 -0.00382839 -0.0110067
392 23.5287 0 0 0 0 -0.00379993 -0.00379993 -0.0109792
393 23.5888 0 0 0 0 -0.00378576 -0.00378576 -0.0109649
394 23.6489 0 0 0 0 -0.00380386 -0.00380386 -0.0109734
395 23.709 0 0 0 0 -0.00379045 -0.00379045 -0.0109744
80000 395
1 0.0300494 0 0 0 0 -0.00380645 -0.00380645 -0.0110171
2 0.0901482 0 0 0 0 -0.00377596 -0.00377596 -0.0109856
3 0.150247 0 0 0 0 -0.00382076 -0.00382076 -0.0110138
4 0.210346 0 0 0 0 -0.00378772 -0.00378772 -0.0110081
5 0.270445 0 0 0 0 -0.00378949 -0.00378949 -0.011016
6 0.330543 0 0 0 0 -0.00381516 -0.00381516 -0.0110341
7 0.390642 0 0 0 0 -0.00382309 -0.00382309 -0.0110428
8 0.450741 0 0 0 0 -0.00388707 -0.00388707 -0.0110917
9 0.51084 0 0 0 0 -0.00392875 -0.00392875 -0.0111217
10 0.570939 0 0 0 0 -0.00397735 -0.00397735 -0.0111553
11 0.631037 0 0 0 0 -0.00405427 -0.00405427 -0.0112107
12 0.691136 0 0 0 0 -0.00410706 -0.00410706 -0.0112634
13 0.751235 0 0 0 0 -0.00419377 -0.00419377 -0.0113323
14 0.811334 0 0 0 0 -0.00429737 -0.00429737 -0.0114026
15 0.871433 0 0 0 0 -0.00439617 -0.00439617 -0.0114836
16 0.931531 0 0 0 0 -0.00445073 -0.00445073 -0.011559
17 0.99163 0 0 0 0 -0.00448266 -0.00448266 -0.0116094
18 1.05173 0 0 0 0 -0.00458456 -0.00458456 -0.0116935
19 1.11183 0 0 0 0 -0.00469504 -0.00469504 -0.0117785
20 1.17193 0 0 0 0 -0.00473768 -0.00473768 -0.0118235
21 1.23203 0 0 0 0 -0.00490149 -0.00490149 -0.0119408
22 1.29212 0 0 0 0 -0.00501935 -0.00501935 -0.0120402
23 1.35222 0 0 0 0 -0.00510615 -0.00510615 -0.0121095
24 1.41232 0 0 0 0 -0.00537278 -0.00537278 -0.0122719
25 1.47242 0 0 0 0 -0.00550435 -0.00550435 -0.0123821
26 1.53252 0 0 0 0 -0.00578833 -0.00578833 -0.0125582
27 1.59262 0 0 0 0 -0.00611434 -0.00611434 -0.0127828
28 1.65272 0 0 0 0 -0.00634837 -0.00634837 -0.0129704
29 1.71282 0 0 0 0 -0.00657738 -0.00657738 -0.0131542
30 1.77291 0 0 0 0 -0.0068156 -0.0068156 -0.0133199
31 1.83301 0 0 0 0 -0.00708139 -0.00708139 -0.0135016
32 1.89311 0 0 0 0 -0.00734728 -0.00734728 -0.0136747
33 1.95321 0 0 0 0 -0.00777145 -0.00777145 -0.0139206
34 2.01331 0 0 0 0 -0.00846704 -0.00846704 -0.014295
35 2.07341 0 0 0 0 -0.0090964 -0.0090964 -0.0146924
36 2.13351 0 0 0 0 -0.00970732 -0.00970732 -0.0150759
37 2.19361 0 0 0 0 -0.0102772 -0.0102772 -0.0154645
38 2.25371 0 0 0 0 -0.0108097 -0.0108097 -0.015842
39 2.3138 0 0 0 0 -0.0113467 -0.0113467 -0.0161807
40 2.3739 0 0 0 0 -0.0121584 -0.0121584 -0.0166086
41 2.434 0 0 0 0 -0.0130552 -0.0130552 -0.0171345
42 2.4941 0 0 0 0 -0.0142214 -0.0142214 -0.017729
43 2.5542 0 0 0 0 -0.015301 -0.015301 -0.0183439
44 2.6143 0 0 0 0 -0.0161502 -0.0161502 -0.0189235
45 2.6744 0 0 0 0 -0.0172233 -0.0172233 -0.0195945
46 2.7345 0 0 0 0 -0.0181142 -0.0181142 -0.0202085
47 2.79459 0 0 0 0 -0.0194856 -0.0194856 -0.0209375
48 2.85469 0 0 0 0 -0.0208133 -0.0208133 -0.0216786
49 2.91479 0 0 0 0 -0.0223298 -0.0223298 -0.02251
50 2.97489 0 0 0 0 -0.0238986 -0.0238986 -0.0234051
51 3.03499 0 0 0 0 -0.0254398 -0.0254398 -0.0243109
52 3.09509 0 0 0 0 -0.0268788 -0.0268788 -0.0251894
53 3.15519 0 0 0 0 -0.0286505 -0.0286505 -0.0261971
54 3.21529 0 0 0 0 -0.030766 -0.030766 -0.0273999
55 3.27538 0 0 0 0 -0.0323852 -0.0323852 -0.0285433
56 3.33548 0 0 0 0 -0.0331494 -0.0331494 -0.0293924
57 3.39558 0 0 0 0 -0.0349496 -0.0349496 -0.0304037
58 3.45568 0 0 0 0 -0.0368846 -0.0368846 -0.0314906
59 3.51578 0 0 0 0 -0.0386084 -0.0386084 -0.0325543
60 3.57588 0 0 0 0 -0.0408666 -0.0408666 -0.0337243
61 3.63598 0 0 0 0 -0.0430568 -0.0430568 -0.0349236
62 3.69608 0 0 0 0 -0.0465968 -0.0465968 -0.0365316
63 3.75618 0 0 0 0 -0.0493321 -0.0493321 -0.0381139
64 3.81627 0 0 0 0 -0.0526383 -0.0526383 -0.0399598
65 3.87637 0 0 0 0 -0.0543297 -0.0543297 -0.0415673
66 3.93647 0 0 0 0 -0.0566043 -0.0566043 -0.0432539
67 3.99657 0 0 0 0 -0.0580377 -0.0580377 -0.0447069
68 4.05667 0 0 0 0 -0.0596943 -0.0596943 -0.0460848
69 4.11677 0 0 0 0 -0.0624426 -0.0624426 -0.047744
70 4.17687 0 0 0 0 -0.0641182 -0.0641182 -0.0491877
71 4.23697 0 0 0 0 -0.0675792 -0.0675792 -0.0510545
72 4.29706 0 0 0 0 -0.0695441 -0.0695441 -0.0527743
73 4.35716 0 0 0 0 -0.0713617 -0.0713617 -0.0544125
74 4.41726 0 0 0 0 -0.0728963 -0.0728963 -0.0559048
75 4.47736 0 0 0 0 -0.0755926 -0.0755926 -0.0576202
76 4.53746 0 0 0 0 -0.0782372 -0.0782372 -0.0593999
77 4.59756 0 0 0 0 -0.0812156 -0.0812156 -0.0613208
78 4.65766 0 0 0 0 -0.0827824 -0.0827824 -0.0629837
79 4.71776 0 0 0 0 -0.0860047 -0.0860047 -0.0650008
80 4.77786 0 0 0 0 -0.0886352 -0.0886352 -0.0670131
81 4.83795 0 0 0 0 -0.0902674 -0.0902674 -0.0688115
82 4.89805 0 0 0 0 -0.0921921 -0.0921921 -0.0705974
83 4.95815 0 0 0 0 -0.0948986 -0.0948986 -0.0725446
84 5.01825 0 0 0 0 -0.0974987 -0.0974987 -0.0745494
85 5.07835 0 0 0 0 -0.0997327 -0.0997327 -0.0765609
86 5.13845 0 0 0 0 -0.10157 -0.10157 -0.0784913
87 5.19855 0 0 0 0 -0.103645 -0.103645 -0.0805232
88 5.25865 0 0 0 0 -0.104943 -0.104943 -0.0823277
89 5.31874 0 0 0 0 -0.105912 -0.105912 -0.0839081
90 5.37884 0 0 0 0 -0.109137 -0.109137 -0.0859162
91 5.43894 0 0 0 0 -0.110916 -0.110916 -0.0877286
92 5.49904 0 0 0 0 -0.113535 -0.113535 -0.089671
93 5.55914 0 0 0 0 -0.117107 -0.117107 -0.0919475
94 5.61924 0 0 0 0 -0.118971 -0.118971 -0.0940513
95 5.67934 0 0 0 0 -0.119344 -0.119344 -0.0958098
96 5.73944 0 0 0 0 -0.12201 -0.12201 -0.0980187
97 5.79953 0 0 0 0 -0.122636 -0.122636 -0.0998114
98 5.85963 0 0 0 0 -0.123903 -0.123903 -0.10166
99 5.91973 0 0 0 0 -0.123897 -0.123897 -0.10304
100 5.97983 0 0 0 0 -0.126764 -0.126764 -0.104908
101 6.03993 0 0 0 0 -0.129161 -0.129161 -0.106751
102 6.10003 0 0 0 0 -0.13207 -0.13207 -0.108835
103 6.16013 0 0 0 0 -0.132566 -0.132566 -0.110473
104 6.22023 0 0 0 0 -0.135283 -0.135283 -0.112542
105 6.28033 0 0 0 0 -0.136508 -0.136508 -0.114329
106 6.34042 0 0 0 0 -0.137689 -0.137689 -0.116078
107 6.40052 0 0 0 0 -0.138853 -0.138853 -0.117773
108 6.46062 0 0 0 0 -0.140822 -0.140822 -0.119602
109 6.52072 0 0 0 0 -0.142077 -0.142077 -0.121258
110 6.58082 0 0 0 0 -0.143043 -0.143043 -0.122774
111 6.64092 0 0 0 0 -0.145451 -0.145451 -0.124606
112 6.70102 0 0 0 0 -0.146574 -0.146574 -0.126162
113 6.76112 0 0 0 0 -0.14884 -0.14884 -0.127973
114 6.82121 0 0 0 0 -0.150856 -0.150856 -0.129761
115 6.88131 0 0 0 0 -0.150849 -0.150849 -0.131133
116 6.94141 0 0 0 0 -0.153864 -0.153864 -0.133134
117 7.00151 0 0 0 0 -0.154031 -0.154031 -0.134514
118 7.06161 0 0 0 0 -0.15577 -0.15577 -0.136304
119 7.12171 0 0 0 0 -0.155002 -0.155002 -0.13747
120 7.18181 0 0 0 0 -0.155999 -0.155999 -0.138866
121 7.24191 0 0 0 0 -0.158081 -0.158081 -0.140408
122 7.302 0 0 0 0 -0.159462 -0.159462 -0.141719
123 7.3621 0 0 0 0 -0.161927 -0.161927 -0.143325
124 7.4222 0 0 0 0 -0.163637 -0.163637 -0.144827
125 7.4823 0 0 0 0 -0.164782 -0.164782 -0.146288
126 7.5424 0 0 0 0 -0.164834 -0.164834 -0.147492
127 7.6025 0 0 0 0 -0.166472 -0.166472 -0.14896
128 7.6626 0 0 0 0 -0.166949 -0.166949 -0.150056
129 7.7227 0 0 0 0 -0.168205 -0.168205 -0.151323
130 7.7828 0 0 0 0 -0.171534 -0.171534 -0.15312
131 7.84289 0 0 0 0 -0.17063 -0.17063 -0.15391
132 7.90299 0 0 0 0 -0.171841 -0.171841 -0.155139
133 7.96309 0 0 0 0 -0.174567 -0.174567 -0.156753
134 8.02319 0 0 0 0 -0.174592 -0.174592 -0.157875
135 8.08329 0 0 0 0 -0.174544 -0.174544 -0.158889
136 8.14339 0 0 0 0 -0.174728 -0.174728 -0.159935
137 8.20349 0 0 0 0 -0.175354 -0.175354 -0.160969
138 8.26359 0 0 0 0 -0.176589 -0.176589 -0.162083
139 8.32368 0 0 0 0 -0.178171 -0.178171 -0.16315
140 8.38378 0 0 0 0 -0.179377 -0.179377 -0.164168
141 8.44388 0 0 0 0 -0.180845 -0.180845 -0.165235
142 8.50398 0 0 0 0 -0.182824 -0.182824 -0.16651
143 8.56408 0 0 0 0 -0.182992 -0.182992 -0.167408
144 8.62418 0 0 0 0 -0.182859 -0.182859 -0.168223
145 8.68428 0 0 0 0 -0.184976 -0.184976 -0.169517
146 8.74438 0 0 0 0 -0.183695 -0.183695 -0.170103
147 8.80447 0 0 0 0 -0.183273 -0.183273 -0.170817
148 8.86457 0 0 0 0 -0.18519 -0.18519 -0.171962
149 8.92467 0 0 0 0 -0.185547 -0.185547 -0.172627
150 8.98477 0 0 0 0 -0.186587 -0.186587 -0.173422
151 9.04487 0 0 0 0 -0.188 -0.188 -0.174264
152 9.10497 0 0 0 0 -0.190685 -0.190685 -0.17549
153 9.16507 0 0 0 0 -0.190732 -0.190732 -0.176231
154 9.22517 0 0 0 0 -0.189674 -0.189674 -0.176752
155 9.28527 0 0 0 0 -0.189514 -0.189514 -0.177407
156 9.34536 0 0 0 0 -0.190624 -0.190624 -0.178279
157 9.40546 0 0 0 0 -0.190747 -0.190747 -0.178869
158 9.46556 0 0 0 0 -0.191045 -0.191045 -0.179422
159 9.52566 0 0 0 0 -0.192701 -0.192701 -0.180213
160 9.58576 0 0 0 0 -0.194651 -0.194651 -0.181102
161 9.64586 0 0 0 0 -0.194444 -0.194444 -0.18159
162 9.70596 0 0 0 0 -0.19482 -0.19482 -0.182164
163 9.76606 0 0 0 0 -0.196121 -0.196121 -0.182987
164 9.82615 0 0 0 0 -0.195909 -0.195909 -0.183473
165 9.88625 0 0 0 0 -0.195365 -0.195365 -0.183867
166 9.94635 0 0 0 0 -0.194632 -0.194632 -0.18419
167 10.0065 0 0 0 0 -0.19651 -0.19651 -0.185011
168 10.0665 0 0 0 0 -0.196924 -0.196924 -0.185431
169 10.1266 0 0 0 0 -0.197816 -0.197816 -0.185875
170 10.1867 0 0 0 0 -0.199239 -0.199239 -0.186459
171 10.2468 0 0 0 0 -0.200206 -0.200206 -0.186977
172 10.3069 0 0 0 0 -0.201264 -0.201264 -0.187574
173 10.367 0 0 0 0 -0.20109 -0.20109 -0.187954
174 10.4271 0 0 0 0 -0.199712 -0.199712 -0.188078
175 10.4872 0 0 0 0 -0.19949 -0.19949 -0.188335
176 10.5473 0 0 0 0 -0.202178 -0.202178 -0.189126
177 10.6074 0 0 0 0 -0.203475 -0.203475 -0.189644
178 10.6675 0 0 0 0 -0.201727 -0.201727 -0.189516
179 10.7276 0 0 0 0 -0.203211 -0.203211 -0.190125
180 10.7877 0 0 0 0 -0.203277 -0.203277 -0.190388
181 10.8478 0 0 0 0 -0.203611 -0.203611 -0.190734
182 10.9079 0 0 0 0 -0.203064 -0.203064 -0.190931
183 10.968 0 0 0 0 -0.202081 -0.202081 -0.190997
184 11.0281 0 0 0 0 -0.203517 -0.203517 -0.191574
185 11.0882 0 0 0 0 -0.202713 -0.202713 -0.191591
186 11.1483 0 0 0 0 -0.202404 -0.202404 -0.191596
187 11.2084 0 0 0 0 -0.205126 -0.205126 -0.192282
188 11.2685 0 0 0 0 -0.205121 -0.205121 -0.192399
189 11.3286 0 0 0 0 -0.204494 -0.204494 -0.192497
190 11.3887 0 0 0 0 -0.20383 -0.20383 -0.192609
191 11.4488 0 0 0 0 -0.202494 -0.202494 -0.192516
192 11.5089 0 0 0 0 -0.203559 -0.203559 -0.192916
193 11.569 0 0 0 0 -0.203055 -0.203055 -0.192876
194 11.6291 0 0 0 0 -0.202893 -0.202893 -0.192852
195 11.6892 0 0 0 0 -0.204398 -0.204398 -0.193196
196 11.7493 0 0 0 0 -0.204047 -0.204047 -0.193165
197 11.8094 0 0 0 0 -0.203885 -0.203885 -0.193193
198 11.8695 0 0 0 0 -0.202376 -0.202376 -0.192851
199 11.9296 0 0 0 0 -0.205151 -0.205151 -0.193384
200 11.9897 0 0 0 0 -0.205416 -0.205416 -0.193241
201 12.0498 0 0 0 0 -0.206924 -0.206924 -0.193483
202 12.1099 0 0 0 0 -0.205253 -0.205253 -0.193131
203 12.17 0 0 0 0 -0.204228 -0.204228 -0.192991
204 12.2301 0 0 0 0 -0.204815 -0.204815 -0.193212
205 12.2902 0 0 0 0 -0.202845 -0.202845 -0.192804
206 12.3503 0 0 0 0 -0.202308 -0.202308 -0.192635
207 12.4104 0 0 0 0 -0.202618 -0.202618 -0.192565
208 12.4705 0 0 0 0 -0.204415 -0.204415 -0.192812
209 12.5306 0 0 0 0 -0.20323 -0.20323 -0.192389
210 12.5907 0 0 0 0 -0.202345 -0.202345 -0.192115
211 12.6508 0 0 0 0 -0.201875 -0.201875 -0.191942
212 12.7109 0 0 0 0 -0.201871 -0.201871 -0.191757
213 12.771 0 0 0 0 -0.203239 -0.203239 -0.191745
214 12.8311 0 0 0 0 -0.203409 -0.203409 -0.191399
215 12.8912 0 0 0 0 -0.204167 -0.204167 -0.191272
216 12.9513 0 0 0 0 -0.204003 -0.204003 -0.19105
217 13.0114 0 0 0 0 -0.202153 -0.202153 -0.190488
218 13.0715 0 0 0 0 -0.201216 -0.201216 -0.190069
219 13.1316 0 0 0 0 -0.202469 -0.202469 -0.190082
220 13.1917 0 0 0 0 -0.20211 -0.20211 -0.189623
221 13.2518 0 0 0 0 -0.202777 -0.202777 -0.189354
222 13.3119 0 0 0 0 -0.203083 -0.203083 -0.189051
223 13.372 0 0 0 0 -0.201864 -0.201864 -0.188518
224 13.4321 0 0 0 0 -0.20148 -0.20148 -0.188243
225 13.4922 0 0 0 0 -0.199577 -0.199577 -0.187614
226 13.5523 0 0 0 0 -0.197708 -0.197708 -0.186967
227 13.6124 0 0 0 0 -0.197298 -0.197298 -0.186612
228 13.6725 0 0 0 0 -0.197781 -0.197781 -0.186389
229 13.7326 0 0 0 0 -0.196993 -0.196993 -0.185838
230 13.7927 0 0 0 0 -0.196326 -0.196326 -0.185242
231 13.8528 0 0 0 0 -0.196715 -0.196715 -0.184865
232 13.9129 0 0 0 0 -0.196393 -0.196393 -0.184304
233 13.973 0 0 0 0 -0.196376 -0.196376 -0.183795
234 14.0331 0 0 0 0 -0.195348 -0.195348 -0.183158
235 14.0932 0 0 0 0 -0.194652 -0.194652 -0.182503
236 14.1533 0 0 0 0 -0.194169 -0.194169 -0.181879
237 14.2134 0 0 0 0 -0.194569 -0.194569 -0.181423
238 14.2735 0 0 0 0 -0.193899 -0.193899 -0.180751
239 14.3336 0 0 0 0 -0.193067 -0.193067 -0.179991
240 14.3937 0 0 0 0 -0.192397 -0.192397 -0.179258
241 14.4538 0 0 0 0 -0.191977 -0.191977 -0.178607
242 14.5139 0 0 0 0 -0.191069 -0.191069 -0.177875
243 14.574 0 0 0 0 -0.189133 -0.189133 -0.17695
244 14.6341 0 0 0 0 -0.187777 -0.187777 -0.176155
245 14.6942 0 0 0 0 -0.188084 -0.188084 -0.175563
246 14.7543 0 0 0 0 -0.187828 -0.187828 -0.174767
247 14.8144 0 0 0 0 -0.188088 -0.188088 -0.174114
248 14.8745 0 0 0 0 -0.186574 -0.186574 -0.173042
249 14.9346 0 0 0 0 -0.187102 -0.187102 -0.17242
250 14.9947 0 0 0 0 -0.186448 -0.186448 -0.17138
251 15.0548 0 0 0 0 -0.187583 -0.187583 -0.170685
252 15.1148 0 0 0 0 -0.18766 -0.18766 -0.169793
253 15.1749 0 0 0 0 -0.184558 -0.184558 -0.168342
254 15.235 0 0 0 0 -0.184394 -0.184394 -0.167632
255 15.2951 0 0 0 0 -0.182022 -0.182022 -0.16641
256 15.3552 0 0 0 0 -0.18183 -0.18183 -0.165551
257 15.4153 0 0 0 0 -0.181239 -0.181239 -0.164502
258 15.4754 0 0 0 0 -0.180337 -0.180337 -0.163484
259 15.5355 0 0 0 0 -0.177051 -0.177051 -0.162099
260 15.5956 0 0 0 0 -0.175429 -0.175429 -0.161053
261 15.6557 0 0 0 0 -0.174654 -0.174654 -0.160116
262 15.7158 0 0 0 0 -0.1742 -0.1742 -0.159082
263 15.7759 0 0 0 0 -0.174739 -0.174739 -0.158128
264 15.836 0 0 0 0 -0.17423 -0.17423 -0.156849
265 15.8961 0 0 0 0 -0.173574 -0.173574 -0.155608
266 15.9562 0 0 0 0 -0.173603 -0.173603 -0.154494
267 16.0163 0 0 0 0 -0.172912 -0.172912 -0.153136
268 16.0764 0 0 0 0 -0.171013 -0.171013 -0.151544
269 16.1365 0 0 0 0 -0.169619 -0.169619 -0.150231
270 16.1966 0 0 0 0 -0.167462 -0.167462 -0.148865
271 16.2567 0 0 0 0 -0.162499 -0.162499 -0.146988
272 16.3168 0 0 0 0 -0.161283 -0.161283 -0.145897
273 16.3769 0 0 0 0 -0.161847 -0.161847 -0.145003
274 16.437 0 0 0 0 -0.160549 -0.160549 -0.143554
275 16.4971 0 0 0 0 -0.160085 -0.160085 -0.142248
276 16.5572 0 0 0 0 -0.15872 -0.15872 -0.140718
277 16.6173 0 0 0 0 -0.158864 -0.158864 -0.1394
278 16.6774 0 0 0 0 -0.159546 -0.159546 -0.13807
279 16.7375 0 0 0 0 -0.155992 -0.155992 -0.135917
280 16.7976 0 0 0 0 -0.155648 -0.155648 -0.134572
281 16.8577 0 0 0 0 -0.152146 -0.152146 -0.132579
282 16.9178 0 0 0 0 -0.150273 -0.150273 -0.131059
283 16.9779 0 0 0 0 -0.149381 -0.149381 -0.129683
284 17.038 0 0 0 0 -0.148333 -0.148333 -0.128145
285 17.0981 0 0 0 0 -0.14608 -0.14608 -0.126329
286 17.1582 0 0 0 0 -0.14518 -0.14518 -0.124795
287 17.2183 0 0 0 0 -0.144913 -0.144913 -0.1233
288 17.2784 0 0 0 0 -0.144729 -0.144729 -0.121687
289 17.3385 0 0 0 0 -0.142527 -0.142527 -0.119567
290 17.3986 0 0 0 0 -0.141175 -0.141175 -0.117705
291 17.4587 0 0 0 0 -0.138513 -0.138513 -0.11574
292 17.5188 0 0 0 0 -0.135004 -0.135004 -0.113814
293 17.5789 0 0 0 0 -0.132802 -0.132802 -0.11218
294 17.639 0 0 0 0 -0.132455 -0.132455 -0.110752
295 17.6991 0 0 0 0 -0.132652 -0.132652 -0.109141
296 17.7592 0 0 0 0 -0.132101 -0.132101 -0.107224
297 17.8193 0 0 0 0 -0.128448 -0.128448 -0.104832
298 17.8794 0 0 0 0 -0.125808 -0.125808 -0.102903
299 17.9395 0 0 0 0 -0.124585 -0.124585 -0.101215
300 17.9996 0 0 0 0 -0.122831 -0.122831 -0.0993452
301 18.0597 0 0 0 0 -0.120801 -0.120801 -0.0974093
302 18.1198 0 0 0 0 -0.117559 -0.117559 -0.0952775
303 18.1799 0 0 0 0 -0.116046 -0.116046 -0.0935823
304 18.24 0 0 0 0 -0.114338 -0.114338 -0.0918002
305 18.3001 0 0 0 0 -0.111488 -0.111488 -0.0897686
306 18.3602 0 0 0 0 -0.110634 -0.110634 -0.0881145
307 18.4203 0 0 0 0 -0.108565 -0.108565 -0.0861092
308 18.4804 0 0 0 0 -0.106349 -0.106349 -0.084174
309 18.5405 0 0 0 0 -0.104492 -0.104492 -0.0823421
310 18.6006 0 0 0 0 -0.101683 -0.101683 -0.0803614
311 18.6607 0 0 0 0 -0.0994549 -0.0994549 -0.0785313
312 18.7208 0 0 0 0 -0.0989758 -0.0989758 -0.0769083
313 18.7809 0 0 0 0 -0.0968117 -0.0968117 -0.0748929
314 18.841 0 0 0 0 -0.0942964 -0.0942964 -0.0728868
315 18.9011 0 0 0 0 -0.0915021 -0.0915021 -0.0709598
316 18.9612 0 0 0 0 -0.08958 -0.08958 -0.0692453
317 19.0213 0 0 0 0 -0.0875762 -0.0875762 -0.0674536
318 19.0814 0 0 0 0 -0.0855333 -0.0855333 -0.0656267
319 19.1415 0 0 0 0 -0.0848687 -0.0848687 -0.06394
320 19.2016 0 0 0 0 -0.0831513 -0.0831513 -0.0619272
321 19.2617 0 0 0 0 -0.0788364 -0.0788364 -0.0595889
322 19.3218 0 0 0 0 -0.0764589 -0.0764589 -0.0578376
323 19.3819 0 0 0 0 -0.0733504 -0.0733504 -0.0559914
324 19.442 0 0 0 0 -0.0707938 -0.0707938 -0.0543505
325 19.5021 0 0 0 0 -0.0685564 -0.0685564 -0.0527706
326 19.5622 0 0 0 0 -0.0664294 -0.0664294 -0.051179
327 19.6223 0 0 0 0 -0.0645393 -0.0645393 -0.0495924
328 19.6824 0 0 0 0 -0.0630228 -0.0630228 -0.0480187
329 19.7425 0 0 0 0 -0.0602454 -0.0602454 -0.0462105
330 19.8026 0 0 0 0 -0.0576337 -0.0576337 -0.0444969
331 19.8627 0 0 0 0 -0.0548388 -0.0548388 -0.0428329
332 19.9228 0 0 0 0 -0.0520353 -0.0520353 -0.0412866
333 19.9829 0 0 0 0 -0.0496059 -0.0496059 -0.0398988
334 20.043 0 0 0 0 -0.0477937 -0.0477937 -0.0386262
335 20.1031 0 0 0 0 -0.0458801 -0.0458801 -0.0372724
336 20.1631 0 0 0 0 -0.0435928 -0.0435928 -0.0358915
337 20.2232 0 0 0 0 -0.0420049 -0.0420049 -0.0346653
338 20.2833 0 0 0 0 -0.039861 -0.039861 -0.0333523
339 20.3434 0 0 0 0 -0.037423 -0.037423 -0.0320506
340 20.4035 0 0 0 0 -0.0357884 -0.0357884 -0.0309889
341 20.4636 0 0 0 0 -0.0338866 -0.0338866 -0.0298085
342 20.5237 0 0 0 0 -0.03179 -0.03179 -0.0286433
343 20.5838 0 0 0 0 -0.0302783 -0.0302783 -0.0276422
344 20.6439 0 0 0 0 -0.0286274 -0.0286274 -0.0266094
345 20.704 0 0 0 0 -0.0266914 -0.0266914 -0.0255397
346 20.7641 0 0 0 0 -0.0250566 -0.0250566 -0.0246086
347 20.8242 0 0 0 0 -0.0234335 -0.0234335 -0.0237413
348 20.8843 0 0 0 0 -0.0218341 -0.0218341 -0.0229178
349 20.9444 0 0 0 0 -0.0207669 -0.0207669 -0.0222462
350 21.0045 0 0 0 0 -0.0196149 -0.0196149 -0.0215659
351 21.0646 0 0 0 0 -0.0188054 -0.0188054 -0.0209999
352 21.1247 0 0 0 0 -0.0180479 -0.0180479 -0.0203761
353 21.1848 0 0 0 0 -0.0170878 -0.0170878 -0.0196997
354 21.2449 0 0 0 0 -0.0161393 -0.0161393 -0.0190378
355 21.305 0 0 0 0 -0.015236 -0.015236 -0.0184124
356 21.3651 0 0 0 0 -0.0141267 -0.0141267 -0.0177381
357 21.4252 0 0 0 0 -0.0131001 -0.0131001 -0.0171728
358 21.4853 0 0 0 0 -0.0123686 -0.0123686 -0.0167096
359 21.5454 0 0 0 0 -0.0116016 -0.0116016 -0.0162285
360 21.6055 0 0 0 0 -0.01086 -0.01086 -0.0157884
361 21.6656 0 0 0 0 -0.0103141 -0.0103141 -0.0154392
362 21.7257 0 0 0 0 -0.00987169 -0.00987169 -0.0150992
363 21.7858 0 0 0 0 -0.00923383 -0.00923383 -0.0146907
364 21.8459 0 0 0 0 -0.00846604 -0.00846604 -0.0142743
365 21.906 0 0 0 0 -0.00805779 -0.00805779 -0.0140153
366 21.9661 0 0 0 0 -0.00773252 -0.00773252 -0.0137672
367 22.0262 0 0 0 0 -0.00723006 -0.00723006 -0.0134567
368 22.0863 0 0 0 0 -0.00690978 -0.00690978 -0.0132456
369 22.1464 0 0 0 0 -0.00657335 -0.00657335 -0.0130255
370 22.2065 0 0 0 0 -0.00629662 -0.00629662 -0.0128236
371 22.2666 0 0 0 0 -0.00597577 -0.00597577 -0.0126134
372 22.3267 0 0 0 0 -0.00581047 -0.00581047 -0.0124803
373 22.3868 0 0 0 0 -0.00553511 -0.00553511 -0.0122956
374 22.4469 0 0 0 0 -0.0052855 -0.0052855 -0.012158
375 22.507 0 0 0 0 -0.0051039 -0.0051039 -0.0120433
376 22.5671 0 0 0 0 -0.00497754 -0.00497754 -0.0119486
377 22.6272 0 0 0 0 -0.00490425 -0.00490425 -0.011878
378 22.6873 0 0 0 0 -0.00480702 -0.00480702 -0.0117817
379 22.7474 0 0 0 0 -0.00465016 -0.00465016 -0.0116578
380 22.8075 0 0 0 0 -0.00463954 -0.00463954 -0.0116203
381 22.8676 0 0 0 0 -0.00443071 -0.00443071 -0.0114721
382 22.9277 0 0 0 0 -0.00429127 -0.00429127 -0.011377
383 22.9878 0 0 0 0 -0.00422015 -0.00422015 -0.0113247
384 23.0479 0 0 0 0 -0.00415831 -0.00415831 -0.011278
385 23.108 0 0 0 0 -0.00410466 -0.00410466 -0.0112344
386 23.1681 0 0 0 0 -0.00407468 -0.00407468 -0.0112079
387 23.2282 0 0 0 0 -0.00402815 -0.00402815 -0.0111698
388 23.2883 0 0 0 0 -0.00398049 -0.00398049 -0.0111293
389 23.3484 0 0 0 0 -0.00391261 -0.00391261 -0.0110807
390 23.4085 0 0 0 0 -0.00388691 -0.00388691 -0.0110657
391 23.4686 0 0 0 0 -0.00386878 -0.00386878 -0.0110452
392 23.5287 0 0 0 0 -0.00383315 -0.00383315 -0.0110145
393 23.5888 0 0 0 0 -0.00380678 -0.00380678 -0.0109933
394 23.6489 0 0 0 0 -0.00382836 -0.00382836 -0.0110072
395 23.709 0 0 0 0 -0.00378956 -0.00378956 -0.0109981
88000 395
1 0.0300494 0 0 0 0 -0.00395911 -0.00395911 -0.0112532
2 0.0901482 0 0 0 0 -0.0039287 -0.0039287 -0.0112236
3 0.150247 0 0 0 0 -0.00397163 -0.00397163 -0.0112508
4 0.210346 0 0 0 0 -0.00396321 -0.00396321 -0.0112559
5 0.270445 0 0 0 0 -0.00395426 -0.00395426 -0.0112565
6 0.330543 0 0 0 0 -0.00398976 -0.00398976 -0.0112811
7 0.390642 0 0 0 0 -0.00398984 -0.00398984 -0.0112854
8 0.450741 0 0 0 0 -0.00405141 -0.00405141 -0.0113319
9 0.51084 0 0 0 0 -0.00410956 -0.00410956 -0.0113672
10 0.570939 0 0 0 0 -0.0041841 -0.0041841 -0.0114106
11 0.631037 0 0 0 0 -0.00426698 -0.00426698 -0.0114676
12 0.691136 0 0 0 0 -0.00431525 -0.00431525 -0.011518
13 0.751235 0 0 0 0 -0.00443427 -0.00443427 -0.0116016
14 0.811334 0 0 0 0 -0.00455055 -0.00455055 -0.0116783
15 0.871433 0 0 0 0 -0.00463728 -0.00463728 -0.0117535
16 0.931531 0 0 0 0 -0.00473172 -0.00473172 -0.0118456
17 0.99163 0 0 0 0 -0.00478297 -0.00478297 -0.0119067
18 1.05173 0 0 0 0 -0.00494219 -0.00494219 -0.0120236
19 1.11183 0 0 0 0 -0.00502339 -0.00502339 -0.0121114
20 1.17193 0 0 0 0 -0.00507011 -0.00507011 -0.0121688
21 1.23203 0 0 0 0 -0.00524219 -0.00524219 -0.0122999
22 1.29212 0 0 0 0 -0.00538188 -0.00538188 -0.0124237
23 1.35222 0 0 0 0 -0.00543128 -0.00543128 -0.0124897
24 1.41232 0 0 0 0 -0.0057053 -0.0057053 -0.0126657
25 1.47242 0 0 0 0 -0.00582538 -0.00582538 -0.012781
26 1.53252 0 0 0 0 -0.00608153 -0.00608153 -0.0129494
27 1.59262 0 0 0 0 -0.00638357 -0.00638357 -0.0131594
28 1.65272 0 0 0 0 -0.00662789 -0.00662789 -0.0133535
29 1.71282 0 0 0 0 -0.00683516 -0.00683516 -0.0135256
30 1.77291 0 0 0 0 -0.00708342 -0.00708342 -0.013696
31 1.83301 0 0 0 0 -0.0073563 -0.0073563 -0.0138855
32 1.89311 0 0 0 0 -0.00760262 -0.00760262 -0.014051
33 1.95321 0 0 0 0 -0.00803695 -0.00803695 -0.0143025
34 2.01331 0 0 0 0 -0.00868508 -0.00868508 -0.0146538
35 2.07341 0 0 0 0 -0.00937333 -0.00937333 -0.0150729
36 2.13351 0 0 0 0 -0.00998548 -0.00998548 -0.0154655
37 2.19361 0 0 0 0 -0.010528 -0.010528 -0.015847
38 2.25371 0 0 0 0 -0.0110641 -0.0110641 -0.0162242
39 2.3138 0 0 0 0 -0.0115812 -0.0115812 -0.0165514
40 2.3739 0 0 0 0 -0.0124728 -0.0124728 -0.0170107
41 2.434 0 0 0 0 -0.0134491 -0.0134491 -0.0175851
42 2.4941 0 0 0 0 -0.0144849 -0.0144849 -0.0181624
43 2.5542 0 0 0 0 -0.015504 -0.015504 -0.0187572
44 2.6143 0 0 0 0 -0.0163068 -0.0163068 -0.0193086
45 2.6744 0 0 0 0 -0.0173768 -0.0173768 -0.019967
46 2.7345 0 0 0 0 -0.0183499 -0.0183499 -0.0206125
47 2.79459 0 0 0 0 -0.0195957 -0.0195957 -0.0213082
48 2.85469 0 0 0 0 -0.0208919 -0.0208919 -0.0220342
49 2.91479 0 0 0 0 -0.0222887 -0.0222887 -0.0228109
50 2.97489 0 0 0 0 -0.0238912 -0.0238912 -0.0236974
51 3.03499 0 0 0 0 -0.0253589 -0.0253589 -0.0245563
52 3.09509 0 0 0 0 -0.0271081 -0.0271081 -0.0255161
53 3.15519 0 0 0 0 -0.0287921 -0.0287921 -0.0265237
54 3.21529 0 0 0 0 -0.030876 -0.030876 -0.0277183
55 3.27538 0 0 0 0 -0.03242 -0.03242 -0.028828
56 3.33548 0 0 0 0 -0.0331521 -0.0331521 -0.0296391
57 3.39558 0 0 0 0 -0.0352175 -0.0352175 -0.030704
58 3.45568 0 0 0 0 -0.0372933 -0.0372933 -0.0318501
59 3.51578 0 0 0 0 -0.0389805 -0.0389805 -0.0329437
60 3.57588 0 0 0 0 -0.0412613 -0.0412613 -0.0341689
61 3.63598 0 0 0 0 -0.0432317 -0.0432317 -0.0353532
62 3.69608 0 0 0 0 -0.0464993 -0.0464993 -0.0368917
63 3.75618 0 0 0 0 -0.0491537 -0.0491537 -0.038431
64 3.81627 0 0 0 0 -0.0521389 -0.0521389 -0.0401462
65 3.87637 0 0 0 0 -0.0539628 -0.0539628 -0.0417197
66 3.93647 0 0 0 0 -0.0563756 -0.0563756 -0.0434002
67 3.99657 0 0 0 0 -0.05781 -0.05781 -0.0448226
68 4.05667 0 0 0 0 -0.0597327 -0.0597327 -0.0462506
69 4.11677 0 0 0 0 -0.0624831 -0.0624831 -0.0479221
70 4.17687 0 0 0 0 -0.0641626 -0.0641626 -0.0493684
71 4.23697 0 0 0 0 -0.0674591 -0.0674591 -0.0511851
72 4.29706 0 0 0 0 -0.0696398 -0.0696398 -0.0529254
73 4.35716 0 0 0 0 -0.0716969 -0.0716969 -0.0546265
74 4.41726 0 0 0 0 -0.0732274 -0.0732274 -0.0561656
75 4.47736 0 0 0 0 -0.0756565 -0.0756565 -0.0578565
76 4.53746 0 0 0 0 -0.0781995 -0.0781995 -0.0596183
77 4.59756 0 0 0 0 -0.0811975 -0.0811975 -0.0615489
78 4.65766 0 0 0 0 -0.0825836 -0.0825836 -0.0631688
79 4.71776 0 0 0 0 -0.0856394 -0.0856394 -0.0651301
80 4.77786 0 0 0 0 -0.0881626 -0.0881626 -0.0670795
81 4.83795 0 0 0 0 -0.0896886 -0.0896886 -0.0687924
82 4.89805 0 0 0 0 -0.0918246 -0.0918246 -0.0705599
83 4.95815 0 0 0 0 -0.0946499 -0.0946499 -0.0724791
84 5.01825 0 0 0 0 -0.0976265 -0.0976265 -0.0745232
85 5.07835 0 0 0 0 -0.100246 -0.100246 -0.0766191
86 5.13845 0 0 0 0 -0.101906 -0.101906 -0.0785559
87 5.19855 0 0 0 0 -0.104181 -0.104181 -0.0806718
88 5.25865 0 0 0 0 -0.105025 -0.105025 -0.0824172
89 5.31874 0 0 0 0 -0.106204 -0.106204 -0.0840448
90 5.37884 0 0 0 0 -0.109144 -0.109144 -0.085998
91 5.43894 0 0 0 0 -0.110943 -0.110943 -0.087791
92 5.49904 0 0 0 0 -0.113696 -0.113696 -0.0897538
93 5.55914 0 0 0 0 -0.117245 -0.117245 -0.0920305
94 5.61924 0 0 0 0 -0.11929 -0.11929 -0.0942058
95 5.67934 0 0 0 0 -0.119201 -0.119201 -0.0959115
96 5.73944 0 0 0 0 -0.121607 -0.121607 -0.0980511
97 5.79953 0 0 0 0 -0.122448 -0.122448 -0.0998577
98 5.85963 0 0 0 0 -0.123458 -0.123458 -0.101596
99 5.91973 0 0 0 0 -0.123811 -0.123811 -0.103002
100 5.97983 0 0 0 0 -0.126816 -0.126816 -0.104877
101 6.03993 0 0 0 0 -0.129239 -0.129239 -0.10671
102 6.10003 0 0 0 0 -0.132566 -0.132566 -0.108894
103 6.16013 0 0 0 0 -0.133084 -0.133084 -0.110585
104 6.22023 0 0 0 0 -0.135376 -0.135376 -0.112602
105 6.28033 0 0 0 0 -0.136392 -0.136392 -0.114342
106 6.34042 0 0 0 0 -0.137885 -0.137885 -0.116158
107 6.40052 0 0 0 0 -0.138992 -0.138992 -0.117847
108 6.46062 0 0 0 0 -0.140798 -0.140798 -0.119649
109 6.52072 0 0 0 0 -0.142093 -0.142093 -0.121324
110 6.58082 0 0 0 0 -0.143088 -0.143088 -0.122873
111 6.64092 0 0 0 0 -0.145251 -0.145251 -0.124691
112 6.70102 0 0 0 0 -0.146275 -0.146275 -0.126251
113 6.76112 0 0 0 0 -0.148106 -0.148106 -0.127946
114 6.82121 0 0 0 0 -0.150023 -0.150023 -0.129655
115 6.88131 0 0 0 0 -0.150315 -0.150315 -0.131026
116 6.94141 0 0 0 0 -0.153979 -0.153979 -0.133126
117 7.00151 0 0 0 0 -0.153959 -0.153959 -0.134448
118 7.06161 0 0 0 0 -0.155804 -0.155804 -0.136259
119 7.12171 0 0 0 0 -0.155313 -0.155313 -0.137492
120 7.18181 0 0 0 0 -0.156406 -0.156406 -0.138941
121 7.24191 0 0 0 0 -0.158102 -0.158102 -0.140433
122 7.302 0 0 0 0 -0.159403 -0.159403 -0.141766
123 7.3621 0 0 0 0 -0.161619 -0.161619 -0.143345
124 7.4222 0 0 0 0 -0.163229 -0.163229 -0.144835
125 7.4823 0 0 0 0 -0.164347 -0.164347 -0.146278
126 7.5424 0 0 0 0 -0.1643 -0.1643 -0.147435
127 7.6025 0 0 0 0 -0.165973 -0.165973 -0.148887
128 7.6626 0 0 0 0 -0.166542 -0.166542 -0.149978
129 7.7227 0 0 0 0 -0.167915 -0.167915 -0.151238
130 7.7828 0 0 0 0 -0.171662 -0.171662 -0.153098
131 7.84289 0 0 0 0 -0.170701 -0.170701 -0.153861
132 7.90299 0 0 0 0 -0.172106 -0.172106 -0.155155
133 7.96309 0 0 0 0 -0.174411 -0.174411 -0.156704
134 8.02319 0 0 0 0 -0.174574 -0.174574 -0.157869
135 8.08329 0 0 0 0 -0.174155 -0.174155 -0.158784
136 8.14339 0 0 0 0 -0.174639 -0.174639 -0.159866
137 8.20349 0 0 0 0 -0.175491 -0.175491 -0.160939
138 8.26359 0 0 0 0 -0.176606 -0.176606 -0.16203
139 8.32368 0 0 0 0 -0.177945 -0.177945 -0.163047
140 8.38378 0 0 0 0 -0.179205 -0.179205 -0.164054
141 8.44388 0 0 0 0 -0.180925 -0.180925 -0.165132
142 8.50398 0 0 0 0 -0.183332 -0.183332 -0.16646
143 8.56408 0 0 0 0 -0.183534 -0.183534 -0.167353
144 8.62418 0 0 0 0 -0.183473 -0.183473 -0.168218
145 8.68428 0 0 0 0 -0.185138 -0.185138 -0.169442
146 8.74438 0 0 0 0 -0.183729 -0.183729 -0.169987
147 8.80447 0 0 0 0 -0.18371 -0.18371 -0.170761
148 8.86457 0 0 0 0 -0.185919 -0.185919 -0.171959
149 8.92467 0 0 0 0 -0.185867 -0.185867 -0.172559
150 8.98477 0 0 0 0 -0.186895 -0.186895 -0.1734
151 9.04487 0 0 0 0 -0.188124 -0.188124 -0.174254
152 9.10497 0 0 0 0 -0.189984 -0.189984 -0.175301
153 9.16507 0 0 0 0 -0.190363 -0.190363 -0.176098
154 9.22517 0 0 0 0 -0.189576 -0.189576 -0.176644
155 9.28527 0 0 0 0 -0.189625 -0.189625 -0.177323
156 9.34536 0 0 0 0 -0.190465 -0.190465 -0.178119
157 9.40546 0 0 0 0 -0.190795 -0.190795 -0.178734
158 9.46556 0 0 0 0 -0.191483 -0.191483 -0.17935
159 9.52566 0 0 0 0 -0.193234 -0.193234 -0.180155
160 9.58576 0 0 0 0 -0.194625 -0.194625 -0.18091
161 9.64586 0 0 0 0 -0.195229 -0.195229 -0.181598
162 9.70596 0 0 0 0 -0.19489 -0.19489 -0.182057
163 9.76606 0 0 0 0 -0.195801 -0.195801 -0.182818
164 9.82615 0 0 0 0 -0.195753 -0.195753 -0.183347
165 9.88625 0 0 0 0 -0.195158 -0.195158 -0.183713
166 9.94635 0 0 0 0 -0.194624 -0.194624 -0.184057
167 10.0065 0 0 0 0 -0.19665 -0.19665 -0.184906
168 10.0665 0 0 0 0 -0.19696 -0.19696 -0.185341
169 10.1266 0 0 0 0 -0.197261 -0.197261 -0.185691
170 10.1867 0 0 0 0 -0.198534 -0.198534 -0.186252
171 10.2468 0 0 0 0 -0.19949 -0.19949 -0.186745
172 10.3069 0 0 0 0 -0.201128 -0.201128 -0.187423
173 10.367 0 0 0 0 -0.201165 -0.201165 -0.187787
174 10.4271 0 0 0 0 -0.200182 -0.200182 -0.187972
175 10.4872 0 0 0 0 -0.199835 -0.199835 -0.188217
176 10.5473 0 0 0 0 -0.202284 -0.202284 -0.188991
177 10.6074 0 0 0 0 -0.203278 -0.203278 -0.189462
178 10.6675 0 0 0 0 -0.201715 -0.201715 -0.18939
179 10.7276 0 0 0 0 -0.202982 -0.202982 -0.189959
180 10.7877 0 0 0 0 -0.202965 -0.202965 -0.190214
181 10.8478 0 0 0 0 -0.203108 -0.203108 -0.190502
182 10.9079 0 0 0 0 -0.203098 -0.203098 -0.190797
183 10.968 0 0 0 0 -0.202401 -0.202401 -0.190897
184 11.0281 0 0 0 0 -0.203467 -0.203467 -0.191383
185 11.0882 0 0 0 0 -0.202608 -0.202608 -0.191389
186 11.1483 0 0 0 0 -0.202612 -0.202612 -0.191469
187 11.2084 0 0 0 0 -0.205338 -0.205338 -0.192145
188 11.2685 0 0 0 0 -0.2051 -0.2051 -0.192195
189 11.3286 0 0 0 0 -0.204955 -0.204955 -0.192397
190 11.3887 0 0 0 0 -0.203873 -0.203873 -0.192441
191 11.4488 0 0 0 0 -0.202497 -0.202497 -0.192384
192 11.5089 0 0 0 0 -0.20314 -0.20314 -0.192724
193 11.569 0 0 0 0 -0.202524 -0.202524 -0.192682
194 11.6291 0 0 0 0 -0.202208 -0.202208 -0.192627
195 11.6892 0 0 0 0 -0.203847 -0.203847 -0.193008
196 11.7493 0 0 0 0 -0.203634 -0.203634 -0.193016
197 11.8094 0 0 0 0 -0.203042 -0.203042 -0.19295
198 11.8695 0 0 0 0 -0.201669 -0.201669 -0.19264
199 11.9296 0 0 0 0 -0.2045 -0.2045 -0.19318
200 11.9897 0 0 0 0 -0.204734 -0.204734 -0.193002
201 12.0498 0 0 0 0 -0.206593 -0.206593 -0.19328
202 12.1099 0 0 0 0 -0.205397 -0.205397 -0.192985
203 12.17 0 0 0 0 -0.204436 -0.204436 -0.192844
204 12.2301 0 0 0 0 -0.204549 -0.204549 -0.192984
205 12.2902 0 0 0 0 -0.20233 -0.20233 -0.192559
206 12.3503 0 0 0 0 -0.201598 -0.201598 -0.192372
207 12.4104 0 0 0 0 -0.202264 -0.202264 -0.19241
208 12.4705 0 0 0 0 -0.203233 -0.203233 -0.192486
209 12.5306 0 0 0 0 -0.202109 -0.202109 -0.1921
210 12.5907 0 0 0 0 -0.201216 -0.201216 -0.191844
211 12.6508 0 0 0 0 -0.200673 -0.200673 -0.191661
212 12.7109 0 0 0 0 -0.200581 -0.200581 -0.19145
213 12.771 0 0 0 0 -0.202002 -0.202002 -0.191434
214 12.8311 0 0 0 0 -0.202691 -0.202691 -0.191156
215 12.8912 0 0 0 0 -0.203905 -0.203905 -0.191041
216 12.9513 0 0 0 0 -0.204394 -0.204394 -0.190897
217 13.0114 0 0 0 0 -0.201974 -0.201974 -0.190187
218 13.0715 0 0 0 0 -0.201281 -0.201281 -0.189814
219 13.1316 0 0 0 0 -0.202379 -0.202379 -0.18977
220 13.1917 0 0 0 0 -0.202682 -0.202682 -0.189448
221 13.2518 0 0 0 0 -0.202684 -0.202684 -0.189073
222 13.3119 0 0 0 0 -0.202246 -0.202246 -0.188662
223 13.372 0 0 0 0 -0.201089 -0.201089 -0.188187
224 13.4321 0 0 0 0 -0.20047 -0.20047 -0.187866
225 13.4922 0 0 0 0 -0.198744 -0.198744 -0.187272
226 13.5523 0 0 0 0 -0.197355 -0.197355 -0.186716
227 13.6124 0 0 0 0 -0.19663 -0.19663 -0.18627
228 13.6725 0 0 0 0 -0.197172 -0.197172 -0.186058
229 13.7326 0 0 0 0 -0.196466 -0.196466 -0.185516
230 13.7927 0 0 0 0 -0.195919 -0.195919 -0.18493
231 13.8528 0 0 0 0 -0.19635 -0.19635 -0.184533
232 13.9129 0 0 0 0 -0.196546 -0.196546 -0.184047
233 13.973 0 0 0 0 -0.196466 -0.196466 -0.183476
234 14.0331 0 0 0 0 -0.195764 -0.195764 -0.182868
235 14.0932 0 0 0 0 -0.195221 -0.195221 -0.182219
236 14.1533 0 0 0 0 -0.194376 -0.194376 -0.181512
237 14.2134 0 0 0 0 -0.194895 -0.194895 -0.181095
238 14.2735 0 0 0 0 -0.193923 -0.193923 -0.180379
239 14.3336 0 0 0 0 -0.192907 -0.192907 -0.179597
240 14.3937 0 0 0 0 -0.192141 -0.192141 -0.178843
241 14.4538 0 0 0 0 -0.192238 -0.192238 -0.178292
242 14.5139 0 0 0 0 -0.191258 -0.191258 -0.17751
243 14.574 0 0 0 0 -0.189265 -0.189265 -0.176572
244 14.6341 0 0 0 0 -0.187873 -0.187873 -0.175787
245 14.6942 0 0 0 0 -0.187587 -0.187587 -0.175089
246 14.7543 0 0 0 0 -0.187605 -0.187605 -0.174383
247 14.8144 0 0 0 0 -0.187755 -0.187755 -0.173705
248 14.8745 0 0 0 0 -0.186216 -0.186216 -0.172621
249 14.9346 0 0 0 0 -0.18696 -0.18696 -0.172051
250 14.9947 0 0 0 0 -0.185791 -0.185791 -0.170908
251 15.0548 0 0 0 0 -0.187188 -0.187188 -0.170298
252 15.1148 0 0 0 0 -0.187119 -0.187119 -0.169378
253 15.1749 0 0 0 0 -0.184211 -0.184211 -0.167958
254 15.235 0 0 0 0 -0.184106 -0.184106 -0.16723
255 15.2951 0 0 0 0 -0.181962 -0.181962 -0.166014
256 15.3552 0 0 0 0 -0.182329 -0.182329 -0.165236
257 15.4153 0 0 0 0 -0.181205 -0.181205 -0.164062
258 15.4754 0 0 0 0 -0.180062 -0.180062 -0.163022
259 15.5355 0 0 0 0 -0.176546 -0.176546 -0.161625
260 15.5956 0 0 0 0 -0.174529 -0.174529 -0.160541
261 15.6557 0 0 0 0 -0.173605 -0.173605 -0.15962
262 15.7158 0 0 0 0 -0.173067 -0.173067 -0.15861
263 15.7759 0 0 0 0 -0.173591 -0.173591 -0.157675
264 15.836 0 0 0 0 -0.173645 -0.173645 -0.156511
265 15.8961 0 0 0 0 -0.173045 -0.173045 -0.155246
266 15.9562 0 0 0 0 -0.172771 -0.172771 -0.154059
267 16.0163 0 0 0 0 -0.172261 -0.172261 -0.152752
268 16.0764 0 0 0 0 -0.170518 -0.170518 -0.151188
269 16.1365 0 0 0 0 -0.169128 -0.169128 -0.149846
270 16.1966 0 0 0 0 -0.167282 -0.167282 -0.148513
271 16.2567 0 0 0 0 -0.162336 -0.162336 -0.146624
272 16.3168 0 0 0 0 -0.160715 -0.160715 -0.145455
273 16.3769 0 0 0 0 -0.161222 -0.161222 -0.144577
274 16.437 0 0 0 0 -0.159834 -0.159834 -0.143125
275 16.4971 0 0 0 0 -0.159508 -0.159508 -0.141869
276 16.5572 0 0 0 0 -0.157844 -0.157844 -0.140289
277 16.6173 0 0 0 0 -0.15801 -0.15801 -0.139017
278 16.6774 0 0 0 0 -0.158596 -0.158596 -0.137703
279 16.7375 0 0 0 0 -0.155439 -0.155439 -0.135628
280 16.7976 0 0 0 0 -0.155791 -0.155791 -0.134354
281 16.8577 0 0 0 0 -0.152101 -0.152101 -0.132237
282 16.9178 0 0 0 0 -0.150877 -0.150877 -0.130789
283 16.9779 0 0 0 0 -0.149341 -0.149341 -0.129262
284 17.038 0 0 0 0 -0.14782 -0.14782 -0.127648
285 17.0981 0 0 0 0 -0.145789 -0.145789 -0.125897
286 17.1582 0 0 0 0 -0.144746 -0.144746 -0.124352
287 17.2183 0 0 0 0 -0.143916 -0.143916 -0.12278
288 17.2784 0 0 0 0 -0.143537 -0.143537 -0.121201
289 17.3385 0 0 0 0 -0.141564 -0.141564 -0.119198
290 17.3986 0 0 0 0 -0.14038 -0.14038 -0.117389
291 17.4587 0 0 0 0 -0.13825 -0.13825 -0.1155
292 17.5188 0 0 0 0 -0.134509 -0.134509 -0.11348
293 17.5789 0 0 0 0 -0.132292 -0.132292 -0.111848
294 17.639 0 0 0 0 -0.132047 -0.132047 -0.110454
295 17.6991 0 0 0 0 -0.132232 -0.132232 -0.108847
296 17.7592 0 0 0 0 -0.131604 -0.131604 -0.106912
297 17.8193 0 0 0 0 -0.128402 -0.128402 -0.104586
298 17.8794 0 0 0 0 -0.125675 -0.125675 -0.102605
299 17.9395 0 0 0 0 -0.124214 -0.124214 -0.100874
300 17.9996 0 0 0 0 -0.122635 -0.122635 -0.0990411
301 18.0597 0 0 0 0 -0.12055 -0.12055 -0.0970759
302 18.1198 0 0 0 0 -0.117475 -0.117475 -0.0949552
303 18.1799 0 0 0 0 -0.115574 -0.115574 -0.0931834
304 18.24 0 0 0 0 -0.113525 -0.113525 -0.0913747
305 18.3001 0 0 0 0 -0.110862 -0.110862 -0.0894322
306 18.3602 0 0 0 0 -0.10988 -0.10988 -0.0877894
307 18.4203 0 0 0 0 -0.107913 -0.107913 -0.0858368
308 18.4804 0 0 0 0 -0.105759 -0.105759 -0.0839265
309 18.5405 0 0 0 0 -0.104013 -0.104013 -0.082125
310 18.6006 0 0 0 0 -0.101338 -0.101338 -0.0801647
311 18.6607 0 0 0 0 -0.0992171 -0.0992171 -0.0783379
312 18.7208 0 0 0 0 -0.0986805 -0.0986805 -0.0766869
313 18.7809 0 0 0 0 -0.0964398 -0.0964398 -0.0746622
314 18.841 0 0 0 0 -0.0937147 -0.0937147 -0.072647
315 18.9011 0 0 0 0 -0.0912352 -0.0912352 -0.0708062
316 18.9612 0 0 0 0 -0.0893401 -0.0893401 -0.0690822
317 19.0213 0 0 0 0 -0.0875086 -0.0875086 -0.0672854
318 19.0814 0 0 0 0 -0.0856436 -0.0856436 -0.0654363
319 19.1415 0 0 0 0 -0.0841341 -0.0841341 -0.0635992
320 19.2016 0 0 0 0 -0.0823707 -0.0823707 -0.0616518
321 19.2617 0 0 0 0 -0.078164 -0.078164 -0.0593916
322 19.3218 0 0 0 0 -0.0758211 -0.0758211 -0.0576809
323 19.3819 0 0 0 0 -0.0729824 -0.0729824 -0.0558928
324 19.442 0 0 0 0 -0.0703206 -0.0703206 -0.0542194
325 19.5021 0 0 0 0 -0.0679398 -0.0679398 -0.052632
326 19.5622 0 0 0 0 -0.065909 -0.065909 -0.0510981
327 19.6223 0 0 0 0 -0.0641743 -0.0641743 -0.0495587
328 19.6824 0 0 0 0 -0.0624426 -0.0624426 -0.0479549
329 19.7425 0 0 0 0 -0.0598982 -0.0598982 -0.0462212
330 19.8026 0 0 0 0 -0.0572988 -0.0572988 -0.0445192
331 19.8627 0 0 0 0 -0.0545724 -0.0545724 -0.0428831
332 19.9228 0 0 0 0 -0.0518564 -0.0518564 -0.0413589
333 19.9829 0 0 0 0 -0.0496517 -0.0496517 -0.0399909
334 20.043 0 0 0 0 -0.047652 -0.047652 -0.0386519
335 20.1031 0 0 0 0 -0.0456537 -0.0456537 -0.0372875
336 20.1631 0 0 0 0 -0.0432692 -0.0432692 -0.0359054
337 20.2232 0 0 0 0 -0.041653 -0.041653 -0.0347042
338 20.2833 0 0 0 0 -0.0396422 -0.0396422 -0.0334394
339 20.3434 0 0 0 0 -0.0372185 -0.0372185 -0.0321378
340 20.4035 0 0 0 0 -0.0355448 -0.0355448 -0.031071
341 20.4636 0 0 0 0 -0.0336186 -0.0336186 -0.029901
342 20.5237 0 0 0 0 -0.031477 -0.031477 -0.0287474
343 20.5838 0 0 0 0 -0.0300587 -0.0300587 -0.0278041
344 20.6439 0 0 0 0 -0.0284872 -0.0284872 -0.0268141
345 20.704 0 0 0 0 -0.026641 -0.026641 -0.0257798
346 20.7641 0 0 0 0 -0.0251322 -0.0251322 -0.0248786
347 20.8242 0 0 0 0 -0.0235756 -0.0235756 -0.0240088
348 20.8843 0 0 0 0 -0.0219064 -0.0219064 -0.0231538
349 20.9444 0 0 0 0 -0.0208222 -0.0208222 -0.0224803
350 21.0045 0 0 0 0 -0.019701 -0.019701 -0.0218076
351 21.0646 0 0 0 0 -0.0188397 -0.0188397 -0.0212272
352 21.1247 0 0 0 0 -0.0180587 -0.0180587 -0.0206073
353 21.1848 0 0 0 0 -0.0170822 -0.0170822 -0.0199416
354 21.2449 0 0 0 0 -0.0162189 -0.0162189 -0.0193271
355 21.305 0 0 0 0 -0.0153405 -0.0153405 -0.0187178
356 21.3651 0 0 0 0 -0.0142989 -0.0142989 -0.0180723
357 21.4252 0 0 0 0 -0.0133819 -0.0133819 -0.0175275
358 21.4853 0 0 0 0 -0.0126084 -0.0126084 -0.0170317
359 21.5454 0 0 0 0 -0.011832 -0.011832 -0.0165401
360 21.6055 0 0 0 0 -0.0110782 -0.0110782 -0.0160938
361 21.6656 0 0 0 0 -0.0105531 -0.0105531 -0.0157468
362 21.7257 0 0 0 0 -0.0100778 -0.0100778 -0.0153914
363 21.7858 0 0 0 0 -0.00945949 -0.00945949 -0.0149879
364 21.8459 0 0 0 0 -0.00868491 -0.00868491 -0.0145642
365 21.906 0 0 0 0 -0.00828103 -0.00828103 -0.0143049
366 21.9661 0 0 0 0 -0.00794152 -0.00794152 -0.0140495
367 22.0262 0 0 0 0 -0.00745042 -0.00745042 -0.0137404
368 22.0863 0 0 0 0 -0.00711092 -0.00711092 -0.0135178
369 22.1464 0 0 0 0 -0.0067422 -0.0067422 -0.0132848
370 22.2065 0 0 0 0 -0.00647578 -0.00647578 -0.0130931
371 22.2666 0 0 0 0 -0.00619595 -0.00619595 -0.0128989
372 22.3267 0 0 0 0 -0.0059907 -0.0059907 -0.012742
373 22.3868 0 0 0 0 -0.0057344 -0.0057344 -0.0125651
374 22.4469 0 0 0 0 -0.00546697 -0.00546697 -0.0124148
375 22.507 0 0 0 0 -0.0052731 -0.0052731 -0.0122938
376 22.5671 0 0 0 0 -0.0051436 -0.0051436 -0.0121982
377 22.6272 0 0 0 0 -0.00505618 -0.00505618 -0.0121203
378 22.6873 0 0 0 0 -0.00497188 -0.00497188 -0.0120311
379 22.7474 0 0 0 0 -0.00479724 -0.00479724 -0.0118991
380 22.8075 0 0 0 0 -0.0047772 -0.0047772 -0.011858
381 22.8676 0 0 0 0 -0.00458702 -0.00458702 -0.0117216
382 22.9277 0 0 0 0 -0.00444908 -0.00444908 -0.0116262
383 22.9878 0 0 0 0 -0.00439491 -0.00439491 -0.0115793
384 23.0479 0 0 0 0 -0.00433999 -0.00433999 -0.0115285
385 23.108 0 0 0 0 -0.00423759 -0.00423759 -0.0114633
386 23.1681 0 0 0 0 -0.00420758 -0.00420758 -0.0114404
387 23.2282 0 0 0 0 -0.00415767 -0.00415767 -0.0114002
388 23.2883 0 0 0 0 -0.00411176 -0.00411176 -0.0113616
389 23.3484 0 0 0 0 -0.00404888 -0.00404888 -0.0113165
390 23.4085 0 0 0 0 -0.00403076 -0.00403076 -0.011306
391 23.4686 0 0 0 0 -0.00400569 -0.00400569 -0.0112805
392 23.5287 0 0 0 0 -0.00397311 -0.00397311 -0.0112523
393 23.5888 0 0 0 0 -0.00395495 -0.00395495 -0.0112339
394 23.6489 0 0 0 0 -0.00400485 -0.00400485 -0.0112586
395 23.709 0 0 0 0 -0.00395544 -0.00395544 -0.0112406
96000 395
1 0.0300494 0 0 0 0 -0.00402353 -0.00402353 -0.0113318
2 0.0901482 0 0 0 0 -0.00399267 -0.00399267 -0.0113065
3 0.150247 0 0 0 0 -0.00402398 -0.00402398 -0.0113292
4 0.210346 0 0 0 0 -0.00401607 -0.00401607 -0.011334
5 0.270445 0 0 0 0 -0.00401445 -0.00401445 -0.0113407
6 0.330543 0 0 0 0 -0.00404568 -0.00404568 -0.0113624
7 0.390642 0 0 0 0 -0.00405121 -0.00405121 -0.0113688
8 0.450741 0 0 0 0 -0.00411919 -0.00411919 -0.0114194
9 0.51084 0 0 0 0 -0.0041707 -0.0041707 -0.0114511
10 0.570939 0 0 0 0 -0.00426339 -0.00426339 -0.011508
11 0.631037 0 0 0 0 -0.00433394 -0.00433394 -0.0115586
12 0.691136 0 0 0 0 -0.0043952 -0.0043952 -0.011615
13 0.751235 0 0 0 0 -0.00451042 -0.00451042 -0.011698
14 0.811334 0 0 0 0 -0.00463122 -0.00463122 -0.0117788
15 0.871433 0 0 0 0 -0.00472033 -0.00472033 -0.0118567
16 0.931531 0 0 0 0 -0.00480607 -0.00480607 -0.0119419
17 0.99163 0 0 0 0 -0.00486656 -0.00486656 -0.0120044
18 1.05173 0 0 0 0 -0.00506918 -0.00506918 -0.012144
19 1.11183 0 0 0 0 -0.00513925 -0.00513925 -0.0122289
20 1.17193 0 0 0 0 -0.00521301 -0.00521301 -0.0123006
21 1.23203 0 0 0 0 -0.0054125 -0.0054125 -0.0124474
22 1.29212 0 0 0 0 -0.00556209 -0.00556209 -0.0125825
23 1.35222 0 0 0 0 -0.00563943 -0.00563943 -0.0126713
24 1.41232 0 0 0 0 -0.00588514 -0.00588514 -0.0128405
25 1.47242 0 0 0 0 -0.00602904 -0.00602904 -0.0129708
26 1.53252 0 0 0 0 -0.00626823 -0.00626823 -0.0131345
27 1.59262 0 0 0 0 -0.00658411 -0.00658411 -0.0133555
28 1.65272 0 0 0 0 -0.00680768 -0.00680768 -0.0135418
29 1.71282 0 0 0 0 -0.00700207 -0.00700207 -0.0137041
30 1.77291 0 0 0 0 -0.00723396 -0.00723396 -0.0138633
31 1.83301 0 0 0 0 -0.00753749 -0.00753749 -0.0140647
32 1.89311 0 0 0 0 -0.0077968 -0.0077968 -0.0142362
33 1.95321 0 0 0 0 -0.00824539 -0.00824539 -0.0144943
34 2.01331 0 0 0 0 -0.00888943 -0.00888943 -0.0148445
35 2.07341 0 0 0 0 -0.00958233 -0.00958233 -0.0152612
36 2.13351 0 0 0 0 -0.0102073 -0.0102073 -0.0156526
37 2.19361 0 0 0 0 -0.0108247 -0.0108247 -0.0160547
38 2.25371 0 0 0 0 -0.0114861 -0.0114861 -0.0164836
39 2.3138 0 0 0 0 -0.012018 -0.012018 -0.016837
40 2.3739 0 0 0 0 -0.0128666 -0.0128666 -0.0172906
41 2.434 0 0 0 0 -0.0138502 -0.0138502 -0.0178629
42 2.4941 0 0 0 0 -0.0149543 -0.0149543 -0.018465
43 2.5542 0 0 0 0 -0.0159249 -0.0159249 -0.0190496
44 2.6143 0 0 0 0 -0.0167292 -0.0167292 -0.0195923
45 2.6744 0 0 0 0 -0.0178027 -0.0178027 -0.0202348
46 2.7345 0 0 0 0 -0.0189455 -0.0189455 -0.0209091
47 2.79459 0 0 0 0 -0.0204659 -0.0204659 -0.0216653
48 2.85469 0 0 0 0 -0.0222291 -0.0222291 -0.0225337
49 2.91479 0 0 0 0 -0.0236936 -0.0236936 -0.0234283
50 2.97489 0 0 0 0 -0.0250539 -0.0250539 -0.0243394
51 3.03499 0 0 0 0 -0.026604 -0.026604 -0.0252733
52 3.09509 0 0 0 0 -0.0281999 -0.0281999 -0.026249
53 3.15519 0 0 0 0 -0.0296692 -0.0296692 -0.0272214
54 3.21529 0 0 0 0 -0.0316715 -0.0316715 -0.0283878
55 3.27538 0 0 0 0 -0.0332331 -0.0332331 -0.0294982
56 3.33548 0 0 0 0 -0.0338338 -0.0338338 -0.0302585
57 3.39558 0 0 0 0 -0.0359109 -0.0359109 -0.0313069
58 3.45568 0 0 0 0 -0.0380649 -0.0380649 -0.0324597
59 3.51578 0 0 0 0 -0.0398883 -0.0398883 -0.0335862
60 3.57588 0 0 0 0 -0.0422906 -0.0422906 -0.03486
61 3.63598 0 0 0 0 -0.0443574 -0.0443574 -0.0361014
62 3.69608 0 0 0 0 -0.0474895 -0.0474895 -0.0376396
63 3.75618 0 0 0 0 -0.0501245 -0.0501245 -0.0391907
64 3.81627 0 0 0 0 -0.0530406 -0.0530406 -0.0409008
65 3.87637 0 0 0 0 -0.0549644 -0.0549644 -0.042515
66 3.93647 0 0 0 0 -0.0572712 -0.0572712 -0.0442046
67 3.99657 0 0 0 0 -0.0586288 -0.0586288 -0.0456291
68 4.05667 0 0 0 0 -0.0604115 -0.0604115 -0.0470306
69 4.11677 0 0 0 0 -0.0631781 -0.0631781 -0.048713
70 4.17687 0 0 0 0 -0.0647319 -0.0647319 -0.050135
71 4.23697 0 0 0 0 -0.0679975 -0.0679975 -0.051946
72 4.29706 0 0 0 0 -0.0700016 -0.0700016 -0.0536258
73 4.35716 0 0 0 0 -0.0720691 -0.0720691 -0.0552989
74 4.41726 0 0 0 0 -0.0736173 -0.0736173 -0.056816
75 4.47736 0 0 0 0 -0.0762168 -0.0762168 -0.0585353
76 4.53746 0 0 0 0 -0.0787487 -0.0787487 -0.060297
77 4.59756 0 0 0 0 -0.0814668 -0.0814668 -0.0621412
78 4.65766 0 0 0 0 -0.0830372 -0.0830372 -0.0637559
79 4.71776 0 0 0 0 -0.0865588 -0.0865588 -0.0658011
80 4.77786 0 0 0 0 -0.0891342 -0.0891342 -0.0677964
81 4.83795 0 0 0 0 -0.0905098 -0.0905098 -0.0695292
82 4.89805 0 0 0 0 -0.0925314 -0.0925314 -0.0713111
83 4.95815 0 0 0 0 -0.0951208 -0.0951208 -0.0731936
84 5.01825 0 0 0 0 -0.0978885 -0.0978885 -0.0751708
85 5.07835 0 0 0 0 -0.100345 -0.100345 -0.0771792
86 5.13845 0 0 0 0 -0.102505 -0.102505 -0.0791854
87 5.19855 0 0 0 0 -0.104491 -0.104491 -0.0812171
88 5.25865 0 0 0 0 -0.105565 -0.105565 -0.0829865
89 5.31874 0 0 0 0 -0.106878 -0.106878 -0.0846452
90 5.37884 0 0 0 0 -0.10972 -0.10972 -0.0865904
91 5.43894 0 0 0 0 -0.111376 -0.111376 -0.0883383
92 5.49904 0 0 0 0 -0.114259 -0.114259 -0.090303
93 5.55914 0 0 0 0 -0.117857 -0.117857 -0.0925626
94 5.61924 0 0 0 0 -0.120006 -0.120006 -0.094737
95 5.67934 0 0 0 0 -0.120144 -0.120144 -0.0965033
96 5.73944 0 0 0 0 -0.122389 -0.122389 -0.0986488
97 5.79953 0 0 0 0 -0.123161 -0.123161 -0.100469
98 5.85963 0 0 0 0 -0.123748 -0.123748 -0.102105
99 5.91973 0 0 0 0 -0.124275 -0.124275 -0.103518
100 5.97983 0 0 0 0 -0.127552 -0.127552 -0.105452
101 6.03993 0 0 0 0 -0.129662 -0.129662 -0.107224
102 6.10003 0 0 0 0 -0.132735 -0.132735 -0.109333
103 6.16013 0 0 0 0 -0.133525 -0.133525 -0.111053
104 6.22023 0 0 0 0 -0.135805 -0.135805 -0.113042
105 6.28033 0 0 0 0 -0.136563 -0.136563 -0.114681
106 6.34042 0 0 0 0 -0.138279 -0.138279 -0.11649
107 6.40052 0 0 0 0 -0.14026 -0.14026 -0.118334
108 6.46062 0 0 0 0 -0.141366 -0.141366 -0.119972
109 6.52072 0 0 0 0 -0.143038 -0.143038 -0.121701
110 6.58082 0 0 0 0 -0.144491 -0.144491 -0.12336
111 6.64092 0 0 0 0 -0.146316 -0.146316 -0.125143
112 6.70102 0 0 0 0 -0.147125 -0.147125 -0.126677
113 6.76112 0 0 0 0 -0.148828 -0.148828 -0.128346
114 6.82121 0 0 0 0 -0.150839 -0.150839 -0.130079
115 6.88131 0 0 0 0 -0.151085 -0.151085 -0.131447
116 6.94141 0 0 0 0 -0.154502 -0.154502 -0.133514
117 7.00151 0 0 0 0 -0.1545 -0.1545 -0.134859
118 7.06161 0 0 0 0 -0.155908 -0.155908 -0.136564
119 7.12171 0 0 0 0 -0.15544 -0.15544 -0.137762
120 7.18181 0 0 0 0 -0.156751 -0.156751 -0.139232
121 7.24191 0 0 0 0 -0.1588 -0.1588 -0.140783
122 7.302 0 0 0 0 -0.159715 -0.159715 -0.14205
123 7.3621 0 0 0 0 -0.162001 -0.162001 -0.143653
124 7.4222 0 0 0 0 -0.163169 -0.163169 -0.145039
125 7.4823 0 0 0 0 -0.164419 -0.164419 -0.146481
126 7.5424 0 0 0 0 -0.164933 -0.164933 -0.147737
127 7.6025 0 0 0 0 -0.166317 -0.166317 -0.149129
128 7.6626 0 0 0 0 -0.166683 -0.166683 -0.150195
129 7.7227 0 0 0 0 -0.16796 -0.16796 -0.151448
130 7.7828 0 0 0 0 -0.171903 -0.171903 -0.153374
131 7.84289 0 0 0 0 -0.170426 -0.170426 -0.154059
132 7.90299 0 0 0 0 -0.171581 -0.171581 -0.155313
133 7.96309 0 0 0 0 -0.173569 -0.173569 -0.156786
134 8.02319 0 0 0 0 -0.173782 -0.173782 -0.157925
135 8.08329 0 0 0 0 -0.173525 -0.173525 -0.158833
136 8.14339 0 0 0 0 -0.174048 -0.174048 -0.15986
137 8.20349 0 0 0 0 -0.175453 -0.175453 -0.160993
138 8.26359 0 0 0 0 -0.176817 -0.176817 -0.16208
139 8.32368 0 0 0 0 -0.178458 -0.178458 -0.163167
140 8.38378 0 0 0 0 -0.179431 -0.179431 -0.164148
141 8.44388 0 0 0 0 -0.18085 -0.18085 -0.165205
142 8.50398 0 0 0 0 -0.182988 -0.182988 -0.166497
143 8.56408 0 0 0 0 -0.183022 -0.183022 -0.16736
144 8.62418 0 0 0 0 -0.182965 -0.182965 -0.168236
145 8.68428 0 0 0 0 -0.18437 -0.18437 -0.169414
146 8.74438 0 0 0 0 -0.182998 -0.182998 -0.169969
147 8.80447 0 0 0 0 -0.182808 -0.182808 -0.170679
148 8.86457 0 0 0 0 -0.184918 -0.184918 -0.17182
149 8.92467 0 0 0 0 -0.18536 -0.18536 -0.172498
150 8.98477 0 0 0 0 -0.186475 -0.186475 -0.173336
151 9.04487 0 0 0 0 -0.187596 -0.187596 -0.174162
152 9.10497 0 0 0 0 -0.189261 -0.189261 -0.175155
153 9.16507 0 0 0 0 -0.189726 -0.189726 -0.175943
154 9.22517 0 0 0 0 -0.189195 -0.189195 -0.176505
155 9.28527 0 0 0 0 -0.189646 -0.189646 -0.177249
156 9.34536 0 0 0 0 -0.190269 -0.190269 -0.177992
157 9.40546 0 0 0 0 -0.190481 -0.190481 -0.178585
158 9.46556 0 0 0 0 -0.190926 -0.190926 -0.179133
159 9.52566 0 0 0 0 -0.193381 -0.193381 -0.180089
160 9.58576 0 0 0 0 -0.194324 -0.194324 -0.180742
161 9.64586 0 0 0 0 -0.19486 -0.19486 -0.181428
162 9.70596 0 0 0 0 -0.194311 -0.194311 -0.181837
163 9.76606 0 0 0 0 -0.195276 -0.195276 -0.182589
164 9.82615 0 0 0 0 -0.195625 -0.195625 -0.183169
165 9.88625 0 0 0 0 -0.195307 -0.195307 -0.183567
166 9.94635 0 0 0 0 -0.194634 -0.194634 -0.183886
167 10.0065 0 0 0 0 -0.196259 -0.196259 -0.184664
168 10.0665 0 0 0 0 -0.196831 -0.196831 -0.185184
169 10.1266 0 0 0 0 -0.196742 -0.196742 -0.185447
170 10.1867 0 0 0 0 -0.198066 -0.198066 -0.186013
171 10.2468 0 0 0 0 -0.199046 -0.199046 -0.186495
172 10.3069 0 0 0 0 -0.200839 -0.200839 -0.187199
173 10.367 0 0 0 0 -0.200855 -0.200855 -0.187548
174 10.4271 0 0 0 0 -0.199898 -0.199898 -0.187731
175 10.4872 0 0 0 0 -0.199658 -0.199658 -0.188011
176 10.5473 0 0 0 0 -0.201689 -0.201689 -0.188722
177 10.6074 0 0 0 0 -0.202334 -0.202334 -0.189135
178 10.6675 0 0 0 0 -0.201049 -0.201049 -0.189122
179 10.7276 0 0 0 0 -0.2021 -0.2021 -0.189607
180 10.7877 0 0 0 0 -0.202759 -0.202759 -0.189959
181 10.8478 0 0 0 0 -0.203358 -0.203358 -0.190303
182 10.9079 0 0 0 0 -0.202994 -0.202994 -0.190544
183 10.968 0 0 0 0 -0.201912 -0.201912 -0.190624
184 11.0281 0 0 0 0 -0.202709 -0.202709 -0.191092
185 11.0882 0 0 0 0 -0.201462 -0.201462 -0.191014
186 11.1483 0 0 0 0 -0.201904 -0.201904 -0.191207
187 11.2084 0 0 0 0 -0.204223 -0.204223 -0.191794
188 11.2685 0 0 0 0 -0.204087 -0.204087 -0.191876
189 11.3286 0 0 0 0 -0.203822 -0.203822 -0.19203
190 11.3887 0 0 0 0 -0.203092 -0.203092 -0.192112
191 11.4488 0 0 0 0 -0.20217 -0.20217 -0.192094
192 11.5089 0 0 0 0 -0.203229 -0.203229 -0.192471
193 11.569 0 0 0 0 -0.202408 -0.202408 -0.192367
194 11.6291 0 0 0 0 -0.202383 -0.202383 -0.192382
195 11.6892 0 0 0 0 -0.203831 -0.203831 -0.192728
196 11.7493 0 0 0 0 -0.203507 -0.203507 -0.192718
197 11.8094 0 0 0 0 -0.202932 -0.202932 -0.19269
198 11.8695 0 0 0 0 -0.201271 -0.201271 -0.192379
199 11.9296 0 0 0 0 -0.203427 -0.203427 -0.19282
200 11.9897 0 0 0 0 -0.203447 -0.203447 -0.192622
201 12.0498 0 0 0 0 -0.205284 -0.205284 -0.192897
202 12.1099 0 0 0 0 -0.2047 -0.2047 -0.192714
203 12.17 0 0 0 0 -0.203828 -0.203828 -0.192566
204 12.2301 0 0 0 0 -0.20364 -0.20364 -0.192632
205 12.2902 0 0 0 0 -0.201438 -0.201438 -0.192197
206 12.3503 0 0 0 0 -0.201245 -0.201245 -0.192113
207 12.4104 0 0 0 0 -0.20183 -0.20183 -0.192086
208 12.4705 0 0 0 0 -0.203115 -0.203115 -0.192203
209 12.5306 0 0 0 0 -0.202083 -0.202083 -0.191832
210 12.5907 0 0 0 0 -0.200741 -0.200741 -0.191469
211 12.6508 0 0 0 0 -0.200695 -0.200695 -0.191385
212 12.7109 0 0 0 0 -0.200715 -0.200715 -0.191165
213 12.771 0 0 0 0 -0.202285 -0.202285 -0.191164
214 12.8311 0 0 0 0 -0.202633 -0.202633 -0.19083
215 12.8912 0 0 0 0 -0.203753 -0.203753 -0.190738
216 12.9513 0 0 0 0 -0.20392 -0.20392 -0.19055
217 13.0114 0 0 0 0 -0.201443 -0.201443 -0.189825
218 13.0715 0 0 0 0 -0.201302 -0.201302 -0.189556
219 13.1316 0 0 0 0 -0.202372 -0.202372 -0.18947
220 13.1917 0 0 0 0 -0.202727 -0.202727 -0.189148
221 13.2518 0 0 0 0 -0.202695 -0.202695 -0.188768
222 13.3119 0 0 0 0 -0.202235 -0.202235 -0.188357
223 13.372 0 0 0 0 -0.201177 -0.201177 -0.187894
224 13.4321 0 0 0 0 -0.200551 -0.200551 -0.187556
225 13.4922 0 0 0 0 -0.199144 -0.199144 -0.187032
226 13.5523 0 0 0 0 -0.197208 -0.197208 -0.186365
227 13.6124 0 0 0 0 -0.196517 -0.196517 -0.185951
228 13.6725 0 0 0 0 -0.19721 -0.19721 -0.185788
229 13.7326 0 0 0 0 -0.196062 -0.196062 -0.185148
230 13.7927 0 0 0 0 -0.195863 -0.195863 -0.18464
231 13.8528 0 0 0 0 -0.196254 -0.196254 -0.184223
232 13.9129 0 0 0 0 -0.196669 -0.196669 -0.183801
233 13.973 0 0 0 0 -0.19588 -0.19588 -0.183098
234 14.0331 0 0 0 0 -0.195294 -0.195294 -0.182541
235 14.0932 0 0 0 0 -0.194854 -0.194854 -0.18192
236 14.1533 0 0 0 0 -0.194086 -0.194086 -0.181203
237 14.2134 0 0 0 0 -0.195141 -0.195141 -0.180855
238 14.2735 0 0 0 0 -0.194423 -0.194423 -0.180164
239 14.3336 0 0 0 0 -0.192855 -0.192855 -0.179278
240 14.3937 0 0 0 0 -0.191874 -0.191874 -0.178509
241 14.4538 0 0 0 0 -0.192011 -0.192011 -0.177989
242 14.5139 0 0 0 0 -0.191096 -0.191096 -0.17722
243 14.574 0 0 0 0 -0.18915 -0.18915 -0.176274
244 14.6341 0 0 0 0 -0.188257 -0.188257 -0.17559
245 14.6942 0 0 0 0 -0.18718 -0.18718 -0.174725
246 14.7543 0 0 0 0 -0.187525 -0.187525 -0.17412
247 14.8144 0 0 0 0 -0.187514 -0.187514 -0.173406
248 14.8745 0 0 0 0 -0.186294 -0.186294 -0.172382
249 14.9346 0 0 0 0 -0.187099 -0.187099 -0.171808
250 14.9947 0 0 0 0 -0.185617 -0.185617 -0.170599
251 15.0548 0 0 0 0 -0.18692 -0.18692 -0.169995
252 15.1148 0 0 0 0 -0.18692 -0.18692 -0.169109
253 15.1749 0 0 0 0 -0.184058 -0.184058 -0.167701
254 15.235 0 0 0 0 -0.183956 -0.183956 -0.166958
255 15.2951 0 0 0 0 -0.182153 -0.182153 -0.165773
256 15.3552 0 0 0 0 -0.182488 -0.182488 -0.164948
257 15.4153 0 0 0 0 -0.181795 -0.181795 -0.163874
258 15.4754 0 0 0 0 -0.179583 -0.179583 -0.162657
259 15.5355 0 0 0 0 -0.175665 -0.175665 -0.161218
260 15.5956 0 0 0 0 -0.173747 -0.173747 -0.160192
261 15.6557 0 0 0 0 -0.173043 -0.173043 -0.159333
262 15.7158 0 0 0 0 -0.172655 -0.172655 -0.158346
263 15.7759 0 0 0 0 -0.173172 -0.173172 -0.15739
264 15.836 0 0 0 0 -0.173211 -0.173211 -0.156225
265 15.8961 0 0 0 0 -0.172462 -0.172462 -0.154934
266 15.9562 0 0 0 0 -0.172368 -0.172368 -0.153798
267 16.0163 0 0 0 0 -0.171547 -0.171547 -0.15243
268 16.0764 0 0 0 0 -0.169745 -0.169745 -0.150875
269 16.1365 0 0 0 0 -0.168337 -0.168337 -0.149554
270 16.1966 0 0 0 0 -0.166202 -0.166202 -0.148179
271 16.2567 0 0 0 0 -0.161326 -0.161326 -0.146324
272 16.3168 0 0 0 0 -0.159911 -0.159911 -0.145215
273 16.3769 0 0 0 0 -0.160498 -0.160498 -0.144359
274 16.437 0 0 0 0 -0.158853 -0.158853 -0.142849
275 16.4971 0 0 0 0 -0.158721 -0.158721 -0.141653
276 16.5572 0 0 0 0 -0.157218 -0.157218 -0.140098
277 16.6173 0 0 0 0 -0.157945 -0.157945 -0.138901
278 16.6774 0 0 0 0 -0.158436 -0.158436 -0.137487
279 16.7375 0 0 0 0 -0.155525 -0.155525 -0.135409
280 16.7976 0 0 0 0 -0.155939 -0.155939 -0.134111
281 16.8577 0 0 0 0 -0.151933 -0.151933 -0.131925
282 16.9178 0 0 0 0 -0.150799 -0.150799 -0.130498
283 16.9779 0 0 0 0 -0.148832 -0.148832 -0.128874
284 17.038 0 0 0 0 -0.1479 -0.1479 -0.127377
285 17.0981 0 0 0 0 -0.145354 -0.145354 -0.12551
286 17.1582 0 0 0 0 -0.144571 -0.144571 -0.124028
287 17.2183 0 0 0 0 -0.143621 -0.143621 -0.122424
288 17.2784 0 0 0 0 -0.143352 -0.143352 -0.120857
289 17.3385 0 0 0 0 -0.141329 -0.141329 -0.118825
290 17.3986 0 0 0 0 -0.140279 -0.140279 -0.117032
291 17.4587 0 0 0 0 -0.138033 -0.138033 -0.115112
292 17.5188 0 0 0 0 -0.134289 -0.134289 -0.113082
293 17.5789 0 0 0 0 -0.132119 -0.132119 -0.111446
294 17.639 0 0 0 0 -0.131784 -0.131784 -0.110025
295 17.6991 0 0 0 0 -0.132039 -0.132039 -0.10844
296 17.7592 0 0 0 0 -0.131081 -0.131081 -0.106459
297 17.8193 0 0 0 0 -0.12813 -0.12813 -0.104203
298 17.8794 0 0 0 0 -0.125823 -0.125823 -0.102256
299 17.9395 0 0 0 0 -0.124403 -0.124403 -0.100464
300 17.9996 0 0 0 0 -0.122495 -0.122495 -0.0985453
301 18.0597 0 0 0 0 -0.120278 -0.120278 -0.0965753
302 18.1198 0 0 0 0 -0.117231 -0.117231 -0.0944841
303 18.1799 0 0 0 0 -0.115379 -0.115379 -0.0927245
304 18.24 0 0 0 0 -0.113614 -0.113614 -0.0909377
305 18.3001 0 0 0 0 -0.110857 -0.110857 -0.0889405
306 18.3602 0 0 0 0 -0.109692 -0.109692 -0.0872623
307 18.4203 0 0 0 0 -0.107881 -0.107881 -0.085343
308 18.4804 0 0 0 0 -0.105694 -0.105694 -0.0834077
309 18.5405 0 0 0 0 -0.1041 -0.1041 -0.0815938
310 18.6006 0 0 0 0 -0.10117 -0.10117 -0.079563
311 18.6607 0 0 0 0 -0.0989748 -0.0989748 -0.0777366
312 18.7208 0 0 0 0 -0.0980776 -0.0980776 -0.0760658
313 18.7809 0 0 0 0 -0.0960711 -0.0960711 -0.0741398
314 18.841 0 0 0 0 -0.0939716 -0.0939716 -0.0721845
315 18.9011 0 0 0 0 -0.0916608 -0.0916608 -0.0702441
316 18.9612 0 0 0 0 -0.0890168 -0.0890168 -0.0683321
317 19.0213 0 0 0 0 -0.0870152 -0.0870152 -0.0665263
318 19.0814 0 0 0 0 -0.084751 -0.084751 -0.0646464
319 19.1415 0 0 0 0 -0.0830601 -0.0830601 -0.0628411
320 19.2016 0 0 0 0 -0.0812401 -0.0812401 -0.0609545
321 19.2617 0 0 0 0 -0.0773699 -0.0773699 -0.0588016
322 19.3218 0 0 0 0 -0.0749431 -0.0749431 -0.057097
323 19.3819 0 0 0 0 -0.0721567 -0.0721567 -0.0553599
324 19.442 0 0 0 0 -0.0698757 -0.0698757 -0.0537624
325 19.5021 0 0 0 0 -0.0676003 -0.0676003 -0.052143
326 19.5622 0 0 0 0 -0.0653865 -0.0653865 -0.0505377
327 19.6223 0 0 0 0 -0.0633893 -0.0633893 -0.0489634
328 19.6824 0 0 0 0 -0.0616474 -0.0616474 -0.0474002
329 19.7425 0 0 0 0 -0.0591512 -0.0591512 -0.0457163
330 19.8026 0 0 0 0 -0.0567143 -0.0567143 -0.0440667
331 19.8627 0 0 0 0 -0.0540781 -0.0540781 -0.0424377
332 19.9228 0 0 0 0 -0.0515122 -0.0515122 -0.0409113
333 19.9829 0 0 0 0 -0.04907 -0.04907 -0.0394769
334 20.043 0 0 0 0 -0.0471085 -0.0471085 -0.0381461
335 20.1031 0 0 0 0 -0.0449129 -0.0449129 -0.0367402
336 20.1631 0 0 0 0 -0.0423546 -0.0423546 -0.0353409
337 20.2232 0 0 0 0 -0.0406795 -0.0406795 -0.0341654
338 20.2833 0 0 0 0 -0.0387681 -0.0387681 -0.0329588
339 20.3434 0 0 0 0 -0.0363353 -0.0363353 -0.0316735
340 20.4035 0 0 0 0 -0.0346784 -0.0346784 -0.0306381
341 20.4636 0 0 0 0 -0.0328554 -0.0328554 -0.0295264
342 20.5237 0 0 0 0 -0.0308228 -0.0308228 -0.0284175
343 20.5838 0 0 0 0 -0.0293842 -0.0293842 -0.0274827
344 20.6439 0 0 0 0 -0.0279113 -0.0279113 -0.0265441
345 20.704 0 0 0 0 -0.026168 -0.026168 -0.0255435
346 20.7641 0 0 0 0 -0.0247304 -0.0247304 -0.0246516
347 20.8242 0 0 0 0 -0.0231869 -0.0231869 -0.0237693
348 20.8843 0 0 0 0 -0.021438 -0.021438 -0.0228864
349 20.9444 0 0 0 0 -0.0203698 -0.0203698 -0.0222307
350 21.0045 0 0 0 0 -0.0192901 -0.0192901 -0.0215712
351 21.0646 0 0 0 0 -0.0183765 -0.0183765 -0.0209708
352 21.1247 0 0 0 0 -0.0175347 -0.0175347 -0.0203434
353 21.1848 0 0 0 0 -0.0165409 -0.0165409 -0.0196903
354 21.2449 0 0 0 0 -0.0157181 -0.0157181 -0.0191102
355 21.305 0 0 0 0 -0.0149112 -0.0149112 -0.0185493
356 21.3651 0 0 0 0 -0.0139458 -0.0139458 -0.0179495
357 21.4252 0 0 0 0 -0.013107 -0.013107 -0.0174353
358 21.4853 0 0 0 0 -0.0123421 -0.0123421 -0.0169346
359 21.5454 0 0 0 0 -0.0115455 -0.0115455 -0.016436
360 21.6055 0 0 0 0 -0.0108409 -0.0108409 -0.0160147
361 21.6656 0 0 0 0 -0.0103107 -0.0103107 -0.0156642
362 21.7257 0 0 0 0 -0.0098332 -0.0098332 -0.0153136
363 21.7858 0 0 0 0 -0.00923137 -0.00923137 -0.0149241
364 21.8459 0 0 0 0 -0.00851513 -0.00851513 -0.0145326
365 21.906 0 0 0 0 -0.00815094 -0.00815094 -0.0142964
366 21.9661 0 0 0 0 -0.00782562 -0.00782562 -0.014049
367 22.0262 0 0 0 0 -0.00737587 -0.00737587 -0.013757
368 22.0863 0 0 0 0 -0.0070215 -0.0070215 -0.0135224
369 22.1464 0 0 0 0 -0.0066698 -0.0066698 -0.0133002
370 22.2065 0 0 0 0 -0.00641322 -0.00641322 -0.0131132
371 22.2666 0 0 0 0 -0.00614362 -0.00614362 -0.0129247
372 22.3267 0 0 0 0 -0.00595114 -0.00595114 -0.0127765
373 22.3868 0 0 0 0 -0.00572114 -0.00572114 -0.0126117
374 22.4469 0 0 0 0 -0.00545072 -0.00545072 -0.0124542
375 22.507 0 0 0 0 -0.0052531 -0.0052531 -0.0123291
376 22.5671 0 0 0 0 -0.00513235 -0.00513235 -0.0122401
377 22.6272 0 0 0 0 -0.00505133 -0.00505133 -0.0121677
378 22.6873 0 0 0 0 -0.00497531 -0.00497531 -0.0120841
379 22.7474 0 0 0 0 -0.00482994 -0.00482994 -0.0119626
380 22.8075 0 0 0 0 -0.00478653 -0.00478653 -0.0119036
381 22.8676 0 0 0 0 -0.0046066 -0.0046066 -0.0117749
382 22.9277 0 0 0 0 -0.00445746 -0.00445746 -0.0116741
383 22.9878 0 0 0 0 -0.00440312 -0.00440312 -0.0116289
384 23.0479 0 0 0 0 -0.00435344 -0.00435344 -0.0115826
385 23.108 0 0 0 0 -0.00425907 -0.00425907 -0.0115229
386 23.1681 0 0 0 0 -0.00423226 -0.00423226 -0.0115013
387 23.2282 0 0 0 0 -0.00420478 -0.00420478 -0.0114724
388 23.2883 0 0 0 0 -0.00414984 -0.00414984 -0.0114236
389 23.3484 0 0 0 0 -0.00409217 -0.00409217 -0.0113812
390 23.4085 0 0 0 0 -0.00410138 -0.00410138 -0.0113842
391 23.4686 0 0 0 0 -0.00405366 -0.00405366 -0.0113456
392 23.5287 0 0 0 0 -0.0040243 -0.0040243 -0.0113204
393 23.5888 0 0 0 0 -0.00402181 -0.00402181 -0.0113124
394 23.6489 0 0 0 0 -0.00405283 -0.00405283 -0.0113272
395 23.709 0 0 0 0 -0.0040171 -0.0040171 -0.0113174
104000 395
1 0.0300494 0 0 0 0 -0.00399869 -0.00399869 -0.0112891
2 0.0901482 0 0 0 0 -0.00397291 -0.00397291 -0.011267
3 0.150247 0 0 0 0 -0.00401094 -0.00401094 -0.0112936
4 0.210346 0 0 0 0 -0.00400792 -0.00400792 -0.0113008
5 0.270445 0 0 0 0 -0.0040039 -0.0040039 -0.0113058
6 0.330543 0 0 0 0 -0.00404265 -0.00404265 -0.0113327
7 0.390642 0 0 0 0 -0.00405368 -0.00405368 -0.0113447
8 0.450741 0 0 0 0 -0.00411327 -0.00411327 -0.0113904
9 0.51084 0 0 0 0 -0.00416378 -0.00416378 -0.0114217
10 0.570939 0 0 0 0 -0.00426895 -0.00426895 -0.0114894
11 0.631037 0 0 0 0 -0.00432847 -0.00432847 -0.0115355
12 0.691136 0 0 0 0 -0.00438799 -0.00438799 -0.0115898
13 0.751235 0 0 0 0 -0.00449865 -0.00449865 -0.0116701
14 0.811334 0 0 0 0 -0.00461813 -0.00461813 -0.0117514
15 0.871433 0 0 0 0 -0.00469827 -0.00469827 -0.0118228
16 0.931531 0 0 0 0 -0.00478393 -0.00478393 -0.0119045
17 0.99163 0 0 0 0 -0.00486207 -0.00486207 -0.011976
18 1.05173 0 0 0 0 -0.00507352 -0.00507352 -0.0121229
19 1.11183 0 0 0 0 -0.00513942 -0.00513942 -0.0122049
20 1.17193 0 0 0 0 -0.00521512 -0.00521512 -0.0122763
21 1.23203 0 0 0 0 -0.00543258 -0.00543258 -0.0124336
22 1.29212 0 0 0 0 -0.0055829 -0.0055829 -0.0125703
23 1.35222 0 0 0 0 -0.00566144 -0.00566144 -0.0126592
24 1.41232 0 0 0 0 -0.00590785 -0.00590785 -0.0128285
25 1.47242 0 0 0 0 -0.00604369 -0.00604369 -0.0129525
26 1.53252 0 0 0 0 -0.00627114 -0.00627114 -0.0131072
27 1.59262 0 0 0 0 -0.00662 -0.00662 -0.0133387
28 1.65272 0 0 0 0 -0.0069049 -0.0069049 -0.0135478
29 1.71282 0 0 0 0 -0.00714232 -0.00714232 -0.0137327
30 1.77291 0 0 0 0 -0.00741558 -0.00741558 -0.0139167
31 1.83301 0 0 0 0 -0.00778329 -0.00778329 -0.0141607
32 1.89311 0 0 0 0 -0.00803848 -0.00803848 -0.0143516
33 1.95321 0 0 0 0 -0.0084687 -0.0084687 -0.0146138
34 2.01331 0 0 0 0 -0.00909092 -0.00909092 -0.0149599
35 2.07341 0 0 0 0 -0.00979075 -0.00979075 -0.015381
36 2.13351 0 0 0 0 -0.0104453 -0.0104453 -0.0157936
37 2.19361 0 0 0 0 -0.0110339 -0.0110339 -0.0161945
38 2.25371 0 0 0 0 -0.0117113 -0.0117113 -0.0166363
39 2.3138 0 0 0 0 -0.0122321 -0.0122321 -0.0169947
40 2.3739 0 0 0 0 -0.0130753 -0.0130753 -0.0174541
41 2.434 0 0 0 0 -0.0140417 -0.0140417 -0.0180258
42 2.4941 0 0 0 0 -0.0151392 -0.0151392 -0.0186357
43 2.5542 0 0 0 0 -0.0160436 -0.0160436 -0.0192008
44 2.6143 0 0 0 0 -0.0168619 -0.0168619 -0.0197475
45 2.6744 0 0 0 0 -0.0179121 -0.0179121 -0.0203854
46 2.7345 0 0 0 0 -0.0189855 -0.0189855 -0.021031
47 2.79459 0 0 0 0 -0.0204353 -0.0204353 -0.0217558
48 2.85469 0 0 0 0 -0.0221166 -0.0221166 -0.0225843
49 2.91479 0 0 0 0 -0.0235896 -0.0235896 -0.0234581
50 2.97489 0 0 0 0 -0.0251101 -0.0251101 -0.0244
51 3.03499 0 0 0 0 -0.0266905 -0.0266905 -0.0253454
52 3.09509 0 0 0 0 -0.0283916 -0.0283916 -0.0263611
53 3.15519 0 0 0 0 -0.029786 -0.029786 -0.0273253
54 3.21529 0 0 0 0 -0.0318178 -0.0318178 -0.028498
55 3.27538 0 0 0 0 -0.0332639 -0.0332639 -0.0295633
56 3.33548 0 0 0 0 -0.0340306 -0.0340306 -0.0303518
57 3.39558 0 0 0 0 -0.0361268 -0.0361268 -0.0314041
58 3.45568 0 0 0 0 -0.0384601 -0.0384601 -0.0326092
59 3.51578 0 0 0 0 -0.0403489 -0.0403489 -0.0337791
60 3.57588 0 0 0 0 -0.0426705 -0.0426705 -0.0350613
61 3.63598 0 0 0 0 -0.0448616 -0.0448616 -0.0363627
62 3.69608 0 0 0 0 -0.0477135 -0.0477135 -0.0378605
63 3.75618 0 0 0 0 -0.0502628 -0.0502628 -0.0393787
64 3.81627 0 0 0 0 -0.0530816 -0.0530816 -0.0410391
65 3.87637 0 0 0 0 -0.055045 -0.055045 -0.0426247
66 3.93647 0 0 0 0 -0.0574563 -0.0574563 -0.0443089
67 3.99657 0 0 0 0 -0.0589393 -0.0589393 -0.045744
68 4.05667 0 0 0 0 -0.0609884 -0.0609884 -0.0472104
69 4.11677 0 0 0 0 -0.0637024 -0.0637024 -0.0488993
70 4.17687 0 0 0 0 -0.0655493 -0.0655493 -0.0504132
71 4.23697 0 0 0 0 -0.0685683 -0.0685683 -0.0522155
72 4.29706 0 0 0 0 -0.070531 -0.070531 -0.0538972
73 4.35716 0 0 0 0 -0.0728592 -0.0728592 -0.0556496
74 4.41726 0 0 0 0 -0.0741278 -0.0741278 -0.0571462
75 4.47736 0 0 0 0 -0.0766342 -0.0766342 -0.0588451
76 4.53746 0 0 0 0 -0.0793562 -0.0793562 -0.0606582
77 4.59756 0 0 0 0 -0.0819404 -0.0819404 -0.0625141
78 4.65766 0 0 0 0 -0.0833846 -0.0833846 -0.0641277
79 4.71776 0 0 0 0 -0.0866513 -0.0866513 -0.0661106
80 4.77786 0 0 0 0 -0.089121 -0.089121 -0.0680416
81 4.83795 0 0 0 0 -0.0906422 -0.0906422 -0.0697575
82 4.89805 0 0 0 0 -0.0930423 -0.0930423 -0.0716204
83 4.95815 0 0 0 0 -0.0955209 -0.0955209 -0.0735176
84 5.01825 0 0 0 0 -0.0979757 -0.0979757 -0.0754434
85 5.07835 0 0 0 0 -0.100407 -0.100407 -0.0774241
86 5.13845 0 0 0 0 -0.102739 -0.102739 -0.0794379
87 5.19855 0 0 0 0 -0.104825 -0.104825 -0.081474
88 5.25865 0 0 0 0 -0.105925 -0.105925 -0.0832476
89 5.31874 0 0 0 0 -0.107352 -0.107352 -0.0849531
90 5.37884 0 0 0 0 -0.110136 -0.110136 -0.0869218
91 5.43894 0 0 0 0 -0.111802 -0.111802 -0.0886991
92 5.49904 0 0 0 0 -0.114358 -0.114358 -0.0906058
93 5.55914 0 0 0 0 -0.117849 -0.117849 -0.0928291
94 5.61924 0 0 0 0 -0.120219 -0.120219 -0.0950473
95 5.67934 0 0 0 0 -0.120225 -0.120225 -0.0968004
96 5.73944 0 0 0 0 -0.122182 -0.122182 -0.0988694
97 5.79953 0 0 0 0 -0.123118 -0.123118 -0.100692
98 5.85963 0 0 0 0 -0.123556 -0.123556 -0.102251
99 5.91973 0 0 0 0 -0.124398 -0.124398 -0.1037
100 5.97983 0 0 0 0 -0.127694 -0.127694 -0.105619
101 6.03993 0 0 0 0 -0.130062 -0.130062 -0.10744
102 6.10003 0 0 0 0 -0.133098 -0.133098 -0.109542
103 6.16013 0 0 0 0 -0.133966 -0.133966 -0.111274
104 6.22023 0 0 0 0 -0.136423 -0.136423 -0.113319
105 6.28033 0 0 0 0 -0.13718 -0.13718 -0.115007
106 6.34042 0 0 0 0 -0.138533 -0.138533 -0.116803
107 6.40052 0 0 0 0 -0.140323 -0.140323 -0.118644
108 6.46062 0 0 0 0 -0.141065 -0.141065 -0.120195
109 6.52072 0 0 0 0 -0.142782 -0.142782 -0.121896
110 6.58082 0 0 0 0 -0.144276 -0.144276 -0.123517
111 6.64092 0 0 0 0 -0.146226 -0.146226 -0.125282
112 6.70102 0 0 0 0 -0.147449 -0.147449 -0.126892
113 6.76112 0 0 0 0 -0.149184 -0.149184 -0.128589
114 6.82121 0 0 0 0 -0.150807 -0.150807 -0.130257
115 6.88131 0 0 0 0 -0.151148 -0.151148 -0.131632
116 6.94141 0 0 0 0 -0.154568 -0.154568 -0.133675
117 7.00151 0 0 0 0 -0.154806 -0.154806 -0.135054
118 7.06161 0 0 0 0 -0.156167 -0.156167 -0.136739
119 7.12171 0 0 0 0 -0.156002 -0.156002 -0.138025
120 7.18181 0 0 0 0 -0.157035 -0.157035 -0.139464
121 7.24191 0 0 0 0 -0.15879 -0.15879 -0.140961
122 7.302 0 0 0 0 -0.159741 -0.159741 -0.142229
123 7.3621 0 0 0 0 -0.162078 -0.162078 -0.143827
124 7.4222 0 0 0 0 -0.163227 -0.163227 -0.145187
125 7.4823 0 0 0 0 -0.164675 -0.164675 -0.146653
126 7.5424 0 0 0 0 -0.165407 -0.165407 -0.147948
127 7.6025 0 0 0 0 -0.166527 -0.166527 -0.149287
128 7.6626 0 0 0 0 -0.167301 -0.167301 -0.150476
129 7.7227 0 0 0 0 -0.168196 -0.168196 -0.151689
130 7.7828 0 0 0 0 -0.171635 -0.171635 -0.15352
131 7.84289 0 0 0 0 -0.170181 -0.170181 -0.154194
132 7.90299 0 0 0 0 -0.171493 -0.171493 -0.155454
133 7.96309 0 0 0 0 -0.173548 -0.173548 -0.156905
134 8.02319 0 0 0 0 -0.174116 -0.174116 -0.158094
135 8.08329 0 0 0 0 -0.173737 -0.173737 -0.158958
136 8.14339 0 0 0 0 -0.174456 -0.174456 -0.160016
137 8.20349 0 0 0 0 -0.176239 -0.176239 -0.161231
138 8.26359 0 0 0 0 -0.177317 -0.177317 -0.162287
139 8.32368 0 0 0 0 -0.178617 -0.178617 -0.163337
140 8.38378 0 0 0 0 -0.179602 -0.179602 -0.164355
141 8.44388 0 0 0 0 -0.180736 -0.180736 -0.165365
142 8.50398 0 0 0 0 -0.182754 -0.182754 -0.166627
143 8.56408 0 0 0 0 -0.182857 -0.182857 -0.167489
144 8.62418 0 0 0 0 -0.183054 -0.183054 -0.168407
145 8.68428 0 0 0 0 -0.184292 -0.184292 -0.169551
146 8.74438 0 0 0 0 -0.183005 -0.183005 -0.170119
147 8.80447 0 0 0 0 -0.18276 -0.18276 -0.170814
148 8.86457 0 0 0 0 -0.185024 -0.185024 -0.171985
149 8.92467 0 0 0 0 -0.18541 -0.18541 -0.172653
150 8.98477 0 0 0 0 -0.186402 -0.186402 -0.173471
151 9.04487 0 0 0 0 -0.187376 -0.187376 -0.174252
152 9.10497 0 0 0 0 -0.189356 -0.189356 -0.175304
153 9.16507 0 0 0 0 -0.190045 -0.190045 -0.176133
154 9.22517 0 0 0 0 -0.189247 -0.189247 -0.176651
155 9.28527 0 0 0 0 -0.18942 -0.18942 -0.177354
156 9.34536 0 0 0 0 -0.190088 -0.190088 -0.178115
157 9.40546 0 0 0 0 -0.190312 -0.190312 -0.178692
158 9.46556 0 0 0 0 -0.190986 -0.190986 -0.179267
159 9.52566 0 0 0 0 -0.193402 -0.193402 -0.180178
160 9.58576 0 0 0 0 -0.194841 -0.194841 -0.180939
161 9.64586 0 0 0 0 -0.195109 -0.195109 -0.181583
162 9.70596 0 0 0 0 -0.194384 -0.194384 -0.181981
163 9.76606 0 0 0 0 -0.195135 -0.195135 -0.182687
164 9.82615 0 0 0 0 -0.195561 -0.195561 -0.183275
165 9.88625 0 0 0 0 -0.195341 -0.195341 -0.183678
166 9.94635 0 0 0 0 -0.195075 -0.195075 -0.18408
167 10.0065 0 0 0 0 -0.19643 -0.19643 -0.184794
168 10.0665 0 0 0 0 -0.197054 -0.197054 -0.185323
169 10.1266 0 0 0 0 -0.196991 -0.196991 -0.185594
170 10.1867 0 0 0 0 -0.198387 -0.198387 -0.186192
171 10.2468 0 0 0 0 -0.199196 -0.199196 -0.18668
172 10.3069 0 0 0 0 -0.20038 -0.20038 -0.187271
173 10.367 0 0 0 0 -0.200421 -0.200421 -0.187627
174 10.4271 0 0 0 0 -0.199673 -0.199673 -0.187827
175 10.4872 0 0 0 0 -0.199897 -0.199897 -0.18816
176 10.5473 0 0 0 0 -0.202393 -0.202393 -0.188927
177 10.6074 0 0 0 0 -0.202773 -0.202773 -0.189278
178 10.6675 0 0 0 0 -0.20159 -0.20159 -0.189328
179 10.7276 0 0 0 0 -0.202194 -0.202194 -0.189757
180 10.7877 0 0 0 0 -0.202648 -0.202648 -0.190098
181 10.8478 0 0 0 0 -0.203 -0.203 -0.190389
182 10.9079 0 0 0 0 -0.203036 -0.203036 -0.190706
183 10.968 0 0 0 0 -0.201914 -0.201914 -0.190735
184 11.0281 0 0 0 0 -0.203385 -0.203385 -0.191329
185 11.0882 0 0 0 0 -0.201901 -0.201901 -0.191205
186 11.1483 0 0 0 0 -0.201994 -0.201994 -0.19137
187 11.2084 0 0 0 0 -0.204037 -0.204037 -0.191945
188 11.2685 0 0 0 0 -0.203601 -0.203601 -0.191972
189 11.3286 0 0 0 0 -0.203335 -0.203335 -0.192109
190 11.3887 0 0 0 0 -0.203091 -0.203091 -0.192256
191 11.4488 0 0 0 0 -0.20265 -0.20265 -0.19227
192 11.5089 0 0 0 0 -0.20424 -0.20424 -0.192693
193 11.569 0 0 0 0 -0.203668 -0.203668 -0.192606
194 11.6291 0 0 0 0 -0.203646 -0.203646 -0.192647
195 11.6892 0 0 0 0 -0.204394 -0.204394 -0.192919
196 11.7493 0 0 0 0 -0.203473 -0.203473 -0.192846
197 11.8094 0 0 0 0 -0.20298 -0.20298 -0.192894
198 11.8695 0 0 0 0 -0.20098 -0.20098 -0.192525
199 11.9296 0 0 0 0 -0.202921 -0.202921 -0.192922
200 11.9897 0 0 0 0 -0.203296 -0.203296 -0.192808
201 12.0498 0 0 0 0 -0.20513 -0.20513 -0.193059
202 12.1099 0 0 0 0 -0.204733 -0.204733 -0.192899
203 12.17 0 0 0 0 -0.203887 -0.203887 -0.192725
204 12.2301 0 0 0 0 -0.204254 -0.204254 -0.192875
205 12.2902 0 0 0 0 -0.202173 -0.202173 -0.192433
206 12.3503 0 0 0 0 -0.201813 -0.201813 -0.192314
207 12.4104 0 0 0 0 -0.202319 -0.202319 -0.192303
208 12.4705 0 0 0 0 -0.203337 -0.203337 -0.1924
209 12.5306 0 0 0 0 -0.202052 -0.202052 -0.191992
210 12.5907 0 0 0 0 -0.200709 -0.200709 -0.191614
211 12.6508 0 0 0 0 -0.201269 -0.201269 -0.191641
212 12.7109 0 0 0 0 -0.201257 -0.201257 -0.191393
213 12.771 0 0 0 0 -0.20262 -0.20262 -0.191369
214 12.8311 0 0 0 0 -0.202808 -0.202808 -0.191034
215 12.8912 0 0 0 0 -0.203711 -0.203711 -0.190913
216 12.9513 0 0 0 0 -0.203689 -0.203689 -0.190675
217 13.0114 0 0 0 0 -0.201919 -0.201919 -0.190102
218 13.0715 0 0 0 0 -0.201543 -0.201543 -0.189793
219 13.1316 0 0 0 0 -0.202013 -0.202013 -0.189588
220 13.1917 0 0 0 0 -0.202508 -0.202508 -0.18932
221 13.2518 0 0 0 0 -0.202633 -0.202633 -0.188968
222 13.3119 0 0 0 0 -0.202328 -0.202328 -0.188572
223 13.372 0 0 0 0 -0.201472 -0.201472 -0.188136
224 13.4321 0 0 0 0 -0.200552 -0.200552 -0.187722
225 13.4922 0 0 0 0 -0.199222 -0.199222 -0.187215
226 13.5523 0 0 0 0 -0.197591 -0.197591 -0.186614
227 13.6124 0 0 0 0 -0.196785 -0.196785 -0.186172
228 13.6725 0 0 0 0 -0.197274 -0.197274 -0.185962
229 13.7326 0 0 0 0 -0.196141 -0.196141 -0.185316
230 13.7927 0 0 0 0 -0.196257 -0.196257 -0.18486
231 13.8528 0 0 0 0 -0.196966 -0.196966 -0.184479
232 13.9129 0 0 0 0 -0.197355 -0.197355 -0.184033
233 13.973 0 0 0 0 -0.196302 -0.196302 -0.183293
234 14.0331 0 0 0 0 -0.195406 -0.195406 -0.182696
235 14.0932 0 0 0 0 -0.194935 -0.194935 -0.182102
236 14.1533 0 0 0 0 -0.194067 -0.194067 -0.181382
237 14.2134 0 0 0 0 -0.195003 -0.195003 -0.181015
238 14.2735 0 0 0 0 -0.194405 -0.194405 -0.180336
239 14.3336 0 0 0 0 -0.193203 -0.193203 -0.179501
240 14.3937 0 0 0 0 -0.192718 -0.192718 -0.178805
241 14.4538 0 0 0 0 -0.192275 -0.192275 -0.178139
242 14.5139 0 0 0 0 -0.191515 -0.191515 -0.177414
243 14.574 0 0 0 0 -0.189587 -0.189587 -0.176481
244 14.6341 0 0 0 0 -0.188374 -0.188374 -0.175727
245 14.6942 0 0 0 0 -0.187556 -0.187556 -0.174919
246 14.7543 0 0 0 0 -0.188031 -0.188031 -0.17432
247 14.8144 0 0 0 0 -0.188254 -0.188254 -0.173624
248 14.8745 0 0 0 0 -0.186902 -0.186902 -0.172543
249 14.9346 0 0 0 0 -0.187841 -0.187841 -0.171986
250 14.9947 0 0 0 0 -0.186388 -0.186388 -0.170791
251 15.0548 0 0 0 0 -0.187167 -0.187167 -0.170099
252 15.1148 0 0 0 0 -0.186914 -0.186914 -0.169191
253 15.1749 0 0 0 0 -0.184091 -0.184091 -0.16782
254 15.235 0 0 0 0 -0.183927 -0.183927 -0.167077
255 15.2951 0 0 0 0 -0.18215 -0.18215 -0.165899
256 15.3552 0 0 0 0 -0.182641 -0.182641 -0.165092
257 15.4153 0 0 0 0 -0.182376 -0.182376 -0.164067
258 15.4754 0 0 0 0 -0.180021 -0.180021 -0.162784
259 15.5355 0 0 0 0 -0.176363 -0.176363 -0.161379
260 15.5956 0 0 0 0 -0.174341 -0.174341 -0.160314
261 15.6557 0 0 0 0 -0.17352 -0.17352 -0.159405
262 15.7158 0 0 0 0 -0.17362 -0.17362 -0.158494
263 15.7759 0 0 0 0 -0.173885 -0.173885 -0.15747
264 15.836 0 0 0 0 -0.173257 -0.173257 -0.156185
265 15.8961 0 0 0 0 -0.172613 -0.172613 -0.154955
266 15.9562 0 0 0 0 -0.172275 -0.172275 -0.153787
267 16.0163 0 0 0 0 -0.171656 -0.171656 -0.152466
268 16.0764 0 0 0 0 -0.169736 -0.169736 -0.150876
269 16.1365 0 0 0 0 -0.168403 -0.168403 -0.149567
270 16.1966 0 0 0 0 -0.166261 -0.166261 -0.148186
271 16.2567 0 0 0 0 -0.161465 -0.161465 -0.146332
272 16.3168 0 0 0 0 -0.160302 -0.160302 -0.145241
273 16.3769 0 0 0 0 -0.161059 -0.161059 -0.144365
274 16.437 0 0 0 0 -0.159078 -0.159078 -0.142764
275 16.4971 0 0 0 0 -0.158584 -0.158584 -0.141514
276 16.5572 0 0 0 0 -0.157067 -0.157067 -0.139995
277 16.6173 0 0 0 0 -0.157477 -0.157477 -0.138763
278 16.6774 0 0 0 0 -0.158129 -0.158129 -0.1374
279 16.7375 0 0 0 0 -0.155912 -0.155912 -0.13542
280 16.7976 0 0 0 0 -0.155885 -0.155885 -0.133981
281 16.8577 0 0 0 0 -0.15187 -0.15187 -0.131794
282 16.9178 0 0 0 0 -0.150593 -0.150593 -0.130345
283 16.9779 0 0 0 0 -0.148485 -0.148485 -0.128705
284 17.038 0 0 0 0 -0.147464 -0.147464 -0.12721
285 17.0981 0 0 0 0 -0.145108 -0.145108 -0.125403
286 17.1582 0 0 0 0 -0.144157 -0.144157 -0.123896
287 17.2183 0 0 0 0 -0.143357 -0.143357 -0.122335
288 17.2784 0 0 0 0 -0.143377 -0.143377 -0.120801
289 17.3385 0 0 0 0 -0.141558 -0.141558 -0.118752
290 17.3986 0 0 0 0 -0.140631 -0.140631 -0.116925
291 17.4587 0 0 0 0 -0.138332 -0.138332 -0.114949
292 17.5188 0 0 0 0 -0.134609 -0.134609 -0.112891
293 17.5789 0 0 0 0 -0.132525 -0.132525 -0.111239
294 17.639 0 0 0 0 -0.132009 -0.132009 -0.109758
295 17.6991 0 0 0 0 -0.131939 -0.131939 -0.108116
296 17.7592 0 0 0 0 -0.130939 -0.130939 -0.106153
297 17.8193 0 0 0 0 -0.128294 -0.128294 -0.103954
298 17.8794 0 0 0 0 -0.126053 -0.126053 -0.101982
299 17.9395 0 0 0 0 -0.124708 -0.124708 -0.100157
300 17.9996 0 0 0 0 -0.122499 -0.122499 -0.0981571
301 18.0597 0 0 0 0 -0.120286 -0.120286 -0.0961917
302 18.1198 0 0 0 0 -0.11718 -0.11718 -0.0940953
303 18.1799 0 0 0 0 -0.115339 -0.115339 -0.0923382
304 18.24 0 0 0 0 -0.113643 -0.113643 -0.0905494
305 18.3001 0 0 0 0 -0.110944 -0.110944 -0.0885323
306 18.3602 0 0 0 0 -0.10985 -0.10985 -0.0868262
307 18.4203 0 0 0 0 -0.107941 -0.107941 -0.0848602
308 18.4804 0 0 0 0 -0.105142 -0.105142 -0.0828187
309 18.5405 0 0 0 0 -0.103548 -0.103548 -0.0810514
310 18.6006 0 0 0 0 -0.100902 -0.100902 -0.0790901
311 18.6607 0 0 0 0 -0.0984927 -0.0984927 -0.0772217
312 18.7208 0 0 0 0 -0.09749 -0.09749 -0.0755615
313 18.7809 0 0 0 0 -0.0954531 -0.0954531 -0.0736696
314 18.841 0 0 0 0 -0.0936962 -0.0936962 -0.0717985
315 18.9011 0 0 0 0 -0.0914973 -0.0914973 -0.0698453
316 18.9612 0 0 0 0 -0.0888871 -0.0888871 -0.0678985
317 19.0213 0 0 0 0 -0.0868874 -0.0868874 -0.0660601
318 19.0814 0 0 0 0 -0.0848043 -0.0848043 -0.0641727
319 19.1415 0 0 0 0 -0.0828072 -0.0828072 -0.0622811
320 19.2016 0 0 0 0 -0.080715 -0.080715 -0.060358
321 19.2617 0 0 0 0 -0.0770252 -0.0770252 -0.0582514
322 19.3218 0 0 0 0 -0.0744979 -0.0744979 -0.056517
323 19.3819 0 0 0 0 -0.0718906 -0.0718906 -0.0547891
324 19.442 0 0 0 0 -0.0692131 -0.0692131 -0.0530933
325 19.5021 0 0 0 0 -0.0668331 -0.0668331 -0.0514721
326 19.5622 0 0 0 0 -0.0646967 -0.0646967 -0.0498898
327 19.6223 0 0 0 0 -0.0624551 -0.0624551 -0.0482709
328 19.6824 0 0 0 0 -0.0605245 -0.0605245 -0.0467057
329 19.7425 0 0 0 0 -0.0580333 -0.0580333 -0.0450648
330 19.8026 0 0 0 0 -0.0556865 -0.0556865 -0.0434708
331 19.8627 0 0 0 0 -0.0530338 -0.0530338 -0.0418668
332 19.9228 0 0 0 0 -0.0505498 -0.0505498 -0.0403911
333 19.9829 0 0 0 0 -0.0481936 -0.0481936 -0.0390005
334 20.043 0 0 0 0 -0.0463408 -0.0463408 -0.0377071
335 20.1031 0 0 0 0 -0.0442375 -0.0442375 -0.0363155
336 20.1631 0 0 0 0 -0.0416977 -0.0416977 -0.0349034
337 20.2232 0 0 0 0 -0.0399538 -0.0399538 -0.0337028
338 20.2833 0 0 0 0 -0.0378662 -0.0378662 -0.0324658
339 20.3434 0 0 0 0 -0.0354975 -0.0354975 -0.0312246
340 20.4035 0 0 0 0 -0.0338739 -0.0338739 -0.0302215
341 20.4636 0 0 0 0 -0.0321266 -0.0321266 -0.0291583
342 20.5237 0 0 0 0 -0.03022 -0.03022 -0.0281013
343 20.5838 0 0 0 0 -0.0288517 -0.0288517 -0.0271851
344 20.6439 0 0 0 0 -0.027427 -0.027427 -0.0262439
345 20.704 0 0 0 0 -0.0256761 -0.0256761 -0.0252278
346 20.7641 0 0 0 0 -0.0241248 -0.0241248 -0.024309
347 20.8242 0 0 0 0 -0.0225824 -0.0225824 -0.0234436
348 20.8843 0 0 0 0 -0.0209405 -0.0209405 -0.0226139
349 20.9444 0 0 0 0 -0.0199491 -0.0199491 -0.0219925
350 21.0045 0 0 0 0 -0.0189123 -0.0189123 -0.0213376
351 21.0646 0 0 0 0 -0.0179347 -0.0179347 -0.0207086
352 21.1247 0 0 0 0 -0.0170931 -0.0170931 -0.0200936
353 21.1848 0 0 0 0 -0.0161057 -0.0161057 -0.0194525
354 21.2449 0 0 0 0 -0.0153124 -0.0153124 -0.0188948
355 21.305 0 0 0 0 -0.0145236 -0.0145236 -0.0183479
356 21.3651 0 0 0 0 -0.0135927 -0.0135927 -0.0177683
357 21.4252 0 0 0 0 -0.0127626 -0.0127626 -0.0172617
358 21.4853 0 0 0 0 -0.0120468 -0.0120468 -0.0167924
359 21.5454 0 0 0 0 -0.0112882 -0.0112882 -0.0163162
360 21.6055 0 0 0 0 -0.0106294 -0.0106294 -0.0159218
361 21.6656 0 0 0 0 -0.0101442 -0.0101442 -0.0155924
362 21.7257 0 0 0 0 -0.00966648 -0.00966648 -0.0152411
363 21.7858 0 0 0 0 -0.00910676 -0.00910676 -0.0148739
364 21.8459 0 0 0 0 -0.00842592 -0.00842592 -0.0144966
365 21.906 0 0 0 0 -0.00809249 -0.00809249 -0.0142698
366 21.9661 0 0 0 0 -0.00780454 -0.00780454 -0.0140247
367 22.0262 0 0 0 0 -0.00732021 -0.00732021 -0.0137042
368 22.0863 0 0 0 0 -0.00695118 -0.00695118 -0.0134624
369 22.1464 0 0 0 0 -0.00661543 -0.00661543 -0.013249
370 22.2065 0 0 0 0 -0.00636813 -0.00636813 -0.0130666
371 22.2666 0 0 0 0 -0.00608922 -0.00608922 -0.0128703
372 22.3267 0 0 0 0 -0.00590377 -0.00590377 -0.0127278
373 22.3868 0 0 0 0 -0.00569132 -0.00569132 -0.0125727
374 22.4469 0 0 0 0 -0.00542641 -0.00542641 -0.0124146
375 22.507 0 0 0 0 -0.00524879 -0.00524879 -0.0122953
376 22.5671 0 0 0 0 -0.00512288 -0.00512288 -0.012197
377 22.6272 0 0 0 0 -0.00501721 -0.00501721 -0.0121096
378 22.6873 0 0 0 0 -0.00493675 -0.00493675 -0.0120262
379 22.7474 0 0 0 0 -0.00480607 -0.00480607 -0.0119144
380 22.8075 0 0 0 0 -0.00474486 -0.00474486 -0.0118456
381 22.8676 0 0 0 0 -0.004563 -0.004563 -0.011717
382 22.9277 0 0 0 0 -0.00442108 -0.00442108 -0.0116218
383 22.9878 0 0 0 0 -0.00436925 -0.00436925 -0.0115792
384 23.0479 0 0 0 0 -0.0043274 -0.0043274 -0.0115388
385 23.108 0 0 0 0 -0.00423326 -0.00423326 -0.011478
386 23.1681 0 0 0 0 -0.00420781 -0.00420781 -0.0114564
387 23.2282 0 0 0 0 -0.00418734 -0.00418734 -0.0114314
388 23.2883 0 0 0 0 -0.00412962 -0.00412962 -0.0113806
389 23.3484 0 0 0 0 -0.00408431 -0.00408431 -0.0113451
390 23.4085 0 0 0 0 -0.00407759 -0.00407759 -0.0113393
391 23.4686 0 0 0 0 -0.00403498 -0.00403498 -0.0113061
392 23.5287 0 0 0 0 -0.00399949 -0.00399949 -0.0112786
393 23.5888 0 0 0 0 -0.00399685 -0.00399685 -0.0112712
394 23.6489 0 0 0 0 -0.00402579 -0.00402579 -0.0112848
395 23.709 0 0 0 0 -0.00399228 -0.00399228 -0.0112757
112000 395
1 0.0300494 0 0 0 0 -0.00401711 -0.00401711 -0.0113251
2 0.0901482 0 0 0 0 -0.00399256 -0.00399256 -0.0113044
3 0.150247 0 0 0 0 -0.00403415 -0.00403415 -0.0113337
4 0.210346 0 0 0 0 -0.00402712 -0.00402712 -0.0113366
5 0.270445 0 0 0 0 -0.00402418 -0.00402418 -0.0113413
6 0.330543 0 0 0 0 -0.00406347 -0.00406347 -0.0113673
7 0.390642 0 0 0 0 -0.00409969 -0.00409969 -0.0113902
8 0.450741 0 0 0 0 -0.00416021 -0.00416021 -0.0114328
9 0.51084 0 0 0 0 -0.00422456 -0.00422456 -0.0114723
10 0.570939 0 0 0 0 -0.00431924 -0.00431924 -0.0115388
11 0.631037 0 0 0 0 -0.00437151 -0.00437151 -0.0115863
12 0.691136 0 0 0 0 -0.0044208 -0.0044208 -0.0116367
13 0.751235 0 0 0 0 -0.00452352 -0.00452352 -0.0117112
14 0.811334 0 0 0 0 -0.00464213 -0.00464213 -0.0117931
15 0.871433 0 0 0 0 -0.00471691 -0.00471691 -0.0118597
16 0.931531 0 0 0 0 -0.00480406 -0.00480406 -0.0119398
17 0.99163 0 0 0 0 -0.00488991 -0.00488991 -0.0120169
18 1.05173 0 0 0 0 -0.00509073 -0.00509073 -0.0121585
19 1.11183 0 0 0 0 -0.00514784 -0.00514784 -0.0122335
20 1.17193 0 0 0 0 -0.00521968 -0.00521968 -0.0123007
21 1.23203 0 0 0 0 -0.00543215 -0.00543215 -0.0124514
22 1.29212 0 0 0 0 -0.00560452 -0.00560452 -0.012596
23 1.35222 0 0 0 0 -0.00570785 -0.00570785 -0.0126979
24 1.41232 0 0 0 0 -0.00593774 -0.00593774 -0.0128597
25 1.47242 0 0 0 0 -0.00608332 -0.00608332 -0.0129835
26 1.53252 0 0 0 0 -0.00637061 -0.00637061 -0.0131686
27 1.59262 0 0 0 0 -0.00669977 -0.00669977 -0.0134009
28 1.65272 0 0 0 0 -0.00697014 -0.00697014 -0.0136058
29 1.71282 0 0 0 0 -0.00722115 -0.00722115 -0.0137999
30 1.77291 0 0 0 0 -0.00748201 -0.00748201 -0.0139808
31 1.83301 0 0 0 0 -0.00783877 -0.00783877 -0.0142168
32 1.89311 0 0 0 0 -0.00812004 -0.00812004 -0.0144162
33 1.95321 0 0 0 0 -0.00864303 -0.00864303 -0.0147285
34 2.01331 0 0 0 0 -0.0091906 -0.0091906 -0.0150659
35 2.07341 0 0 0 0 -0.00984904 -0.00984904 -0.0154705
36 2.13351 0 0 0 0 -0.010502 -0.010502 -0.0158805
37 2.19361 0 0 0 0 -0.0110718 -0.0110718 -0.0162736
38 2.25371 0 0 0 0 -0.0117471 -0.0117471 -0.0167152
39 2.3138 0 0 0 0 -0.0122663 -0.0122663 -0.0170737
40 2.3739 0 0 0 0 -0.013117 -0.013117 -0.0175422
41 2.434 0 0 0 0 -0.0140664 -0.0140664 -0.0181137
42 2.4941 0 0 0 0 -0.0151305 -0.0151305 -0.0187179
43 2.5542 0 0 0 0 -0.0159996 -0.0159996 -0.0192707
44 2.6143 0 0 0 0 -0.0168197 -0.0168197 -0.0198186
45 2.6744 0 0 0 0 -0.0178428 -0.0178428 -0.0204491
46 2.7345 0 0 0 0 -0.0188948 -0.0188948 -0.0210896
47 2.79459 0 0 0 0 -0.0202668 -0.0202668 -0.0217895
48 2.85469 0 0 0 0 -0.0218416 -0.0218416 -0.0225717
49 2.91479 0 0 0 0 -0.0232944 -0.0232944 -0.0234212
50 2.97489 0 0 0 0 -0.0248246 -0.0248246 -0.0243498
51 3.03499 0 0 0 0 -0.0264106 -0.0264106 -0.025288
52 3.09509 0 0 0 0 -0.0281312 -0.0281312 -0.0263027
53 3.15519 0 0 0 0 -0.0295368 -0.0295368 -0.0272663
54 3.21529 0 0 0 0 -0.0315998 -0.0315998 -0.0284475
55 3.27538 0 0 0 0 -0.032923 -0.032923 -0.0294659
56 3.33548 0 0 0 0 -0.0338663 -0.0338663 -0.0302916
57 3.39558 0 0 0 0 -0.0358955 -0.0358955 -0.0313301
58 3.45568 0 0 0 0 -0.0383471 -0.0383471 -0.0325701
59 3.51578 0 0 0 0 -0.0401952 -0.0401952 -0.0337419
60 3.57588 0 0 0 0 -0.0425298 -0.0425298 -0.0350372
61 3.63598 0 0 0 0 -0.044745 -0.044745 -0.0363634
62 3.69608 0 0 0 0 -0.0474786 -0.0474786 -0.0378564
63 3.75618 0 0 0 0 -0.0499122 -0.0499122 -0.039357
64 3.81627 0 0 0 0 -0.052543 -0.052543 -0.0409558
65 3.87637 0 0 0 0 -0.0543989 -0.0543989 -0.0424663
66 3.93647 0 0 0 0 -0.0567356 -0.0567356 -0.0440789
67 3.99657 0 0 0 0 -0.0582735 -0.0582735 -0.0454761
68 4.05667 0 0 0 0 -0.0606801 -0.0606801 -0.0470014
69 4.11677 0 0 0 0 -0.0634298 -0.0634298 -0.0486993
70 4.17687 0 0 0 0 -0.0652453 -0.0652453 -0.0501951
71 4.23697 0 0 0 0 -0.0687151 -0.0687151 -0.052109
72 4.29706 0 0 0 0 -0.0705404 -0.0705404 -0.0538184
73 4.35716 0 0 0 0 -0.0726426 -0.0726426 -0.0555465
74 4.41726 0 0 0 0 -0.0739289 -0.0739289 -0.0570435
75 4.47736 0 0 0 0 -0.0763391 -0.0763391 -0.0587087
76 4.53746 0 0 0 0 -0.0792116 -0.0792116 -0.0605503
77 4.59756 0 0 0 0 -0.0815829 -0.0815829 -0.0623568
78 4.65766 0 0 0 0 -0.0832975 -0.0832975 -0.0640353
79 4.71776 0 0 0 0 -0.0862544 -0.0862544 -0.0659659
80 4.77786 0 0 0 0 -0.0886733 -0.0886733 -0.067861
81 4.83795 0 0 0 0 -0.0903897 -0.0903897 -0.0695969
82 4.89805 0 0 0 0 -0.092663 -0.092663 -0.071422
83 4.95815 0 0 0 0 -0.0952642 -0.0952642 -0.0733386
84 5.01825 0 0 0 0 -0.0977329 -0.0977329 -0.0752754
85 5.07835 0 0 0 0 -0.100154 -0.100154 -0.0772614
86 5.13845 0 0 0 0 -0.102333 -0.102333 -0.0792325
87 5.19855 0 0 0 0 -0.104305 -0.104305 -0.0812051
88 5.25865 0 0 0 0 -0.105735 -0.105735 -0.0830202
89 5.31874 0 0 0 0 -0.107349 -0.107349 -0.084778
90 5.37884 0 0 0 0 -0.109896 -0.109896 -0.0867139
91 5.43894 0 0 0 0 -0.111773 -0.111773 -0.0885468
92 5.49904 0 0 0 0 -0.114034 -0.114034 -0.090413
93 5.55914 0 0 0 0 -0.11746 -0.11746 -0.0926303
94 5.61924 0 0 0 0 -0.119694 -0.119694 -0.0948099
95 5.67934 0 0 0 0 -0.119613 -0.119613 -0.0964905
96 5.73944 0 0 0 0 -0.121527 -0.121527 -0.0984728
97 5.79953 0 0 0 0 -0.122837 -0.122837 -0.100296
98 5.85963 0 0 0 0 -0.124107 -0.124107 -0.101998
99 5.91973 0 0 0 0 -0.125228 -0.125228 -0.103592
100 5.97983 0 0 0 0 -0.127797 -0.127797 -0.105492
101 6.03993 0 0 0 0 -0.129701 -0.129701 -0.107248
102 6.10003 0 0 0 0 -0.132786 -0.132786 -0.109329
103 6.16013 0 0 0 0 -0.133563 -0.133563 -0.110998
104 6.22023 0 0 0 0 -0.136114 -0.136114 -0.113024
105 6.28033 0 0 0 0 -0.137202 -0.137202 -0.11478
106 6.34042 0 0 0 0 -0.138275 -0.138275 -0.116518
107 6.40052 0 0 0 0 -0.139977 -0.139977 -0.118305
108 6.46062 0 0 0 0 -0.141075 -0.141075 -0.119892
109 6.52072 0 0 0 0 -0.143204 -0.143204 -0.12167
110 6.58082 0 0 0 0 -0.144485 -0.144485 -0.123273
111 6.64092 0 0 0 0 -0.146332 -0.146332 -0.125038
112 6.70102 0 0 0 0 -0.147664 -0.147664 -0.126679
113 6.76112 0 0 0 0 -0.149215 -0.149215 -0.128313
114 6.82121 0 0 0 0 -0.151132 -0.151132 -0.130013
115 6.88131 0 0 0 0 -0.151808 -0.151808 -0.131463
116 6.94141 0 0 0 0 -0.154799 -0.154799 -0.133441
117 7.00151 0 0 0 0 -0.155379 -0.155379 -0.13492
118 7.06161 0 0 0 0 -0.156557 -0.156557 -0.136592
119 7.12171 0 0 0 0 -0.156178 -0.156178 -0.137842
120 7.18181 0 0 0 0 -0.157423 -0.157423 -0.139337
121 7.24191 0 0 0 0 -0.159094 -0.159094 -0.140849
122 7.302 0 0 0 0 -0.159643 -0.159643 -0.14204
123 7.3621 0 0 0 0 -0.162121 -0.162121 -0.14366
124 7.4222 0 0 0 0 -0.163463 -0.163463 -0.145048
125 7.4823 0 0 0 0 -0.164921 -0.164921 -0.146523
126 7.5424 0 0 0 0 -0.165563 -0.165563 -0.147824
127 7.6025 0 0 0 0 -0.166541 -0.166541 -0.149164
128 7.6626 0 0 0 0 -0.167202 -0.167202 -0.150345
129 7.7227 0 0 0 0 -0.168162 -0.168162 -0.151573
130 7.7828 0 0 0 0 -0.171382 -0.171382 -0.153339
131 7.84289 0 0 0 0 -0.17008 -0.17008 -0.154036
132 7.90299 0 0 0 0 -0.171513 -0.171513 -0.155324
133 7.96309 0 0 0 0 -0.17342 -0.17342 -0.156736
134 8.02319 0 0 0 0 -0.174256 -0.174256 -0.157987
135 8.08329 0 0 0 0 -0.17362 -0.17362 -0.158798
136 8.14339 0 0 0 0 -0.174499 -0.174499 -0.15989
137 8.20349 0 0 0 0 -0.17625 -0.17625 -0.161104
138 8.26359 0 0 0 0 -0.177311 -0.177311 -0.162156
139 8.32368 0 0 0 0 -0.178903 -0.178903 -0.163299
140 8.38378 0 0 0 0 -0.17923 -0.17923 -0.164214
141 8.44388 0 0 0 0 -0.18027 -0.18027 -0.165232
142 8.50398 0 0 0 0 -0.182176 -0.182176 -0.166481
143 8.56408 0 0 0 0 -0.182375 -0.182375 -0.16736
144 8.62418 0 0 0 0 -0.182365 -0.182365 -0.168206
145 8.68428 0 0 0 0 -0.183619 -0.183619 -0.169321
146 8.74438 0 0 0 0 -0.183 -0.183 -0.17003
147 8.80447 0 0 0 0 -0.18251 -0.18251 -0.170678
148 8.86457 0 0 0 0 -0.184569 -0.184569 -0.171817
149 8.92467 0 0 0 0 -0.184806 -0.184806 -0.172441
150 8.98477 0 0 0 0 -0.186116 -0.186116 -0.173309
151 9.04487 0 0 0 0 -0.187381 -0.187381 -0.174148
152 9.10497 0 0 0 0 -0.188916 -0.188916 -0.175109
153 9.16507 0 0 0 0 -0.189785 -0.189785 -0.176011
154 9.22517 0 0 0 0 -0.188591 -0.188591 -0.176451
155 9.28527 0 0 0 0 -0.18887 -0.18887 -0.177179
156 9.34536 0 0 0 0 -0.189495 -0.189495 -0.177922
157 9.40546 0 0 0 0 -0.189819 -0.189819 -0.178522
158 9.46556 0 0 0 0 -0.190263 -0.190263 -0.179035
159 9.52566 0 0 0 0 -0.192694 -0.192694 -0.179941
160 9.58576 0 0 0 0 -0.194316 -0.194316 -0.180708
161 9.64586 0 0 0 0 -0.195059 -0.195059 -0.181407
162 9.70596 0 0 0 0 -0.19442 -0.19442 -0.181798
163 9.76606 0 0 0 0 -0.195313 -0.195313 -0.182549
164 9.82615 0 0 0 0 -0.195203 -0.195203 -0.183046
165 9.88625 0 0 0 0 -0.195001 -0.195001 -0.18347
166 9.94635 0 0 0 0 -0.194775 -0.194775 -0.183868
167 10.0065 0 0 0 0 -0.196458 -0.196458 -0.184644
168 10.0665 0 0 0 0 -0.196771 -0.196771 -0.185091
169 10.1266 0 0 0 0 -0.196921 -0.196921 -0.185431
170 10.1867 0 0 0 0 -0.198114 -0.198114 -0.186009
171 10.2468 0 0 0 0 -0.198875 -0.198875 -0.186522
172 10.3069 0 0 0 0 -0.199475 -0.199475 -0.18699
173 10.367 0 0 0 0 -0.199591 -0.199591 -0.187369
174 10.4271 0 0 0 0 -0.19907 -0.19907 -0.187613
175 10.4872 0 0 0 0 -0.199335 -0.199335 -0.187944
176 10.5473 0 0 0 0 -0.201452 -0.201452 -0.188604
177 10.6074 0 0 0 0 -0.202462 -0.202462 -0.189067
178 10.6675 0 0 0 0 -0.201424 -0.201424 -0.189085
179 10.7276 0 0 0 0 -0.202407 -0.202407 -0.189567
180 10.7877 0 0 0 0 -0.202888 -0.202888 -0.189931
181 10.8478 0 0 0 0 -0.202613 -0.202613 -0.190134
182 10.9079 0 0 0 0 -0.202436 -0.202436 -0.190428
183 10.968 0 0 0 0 -0.201317 -0.201317 -0.190456
184 11.0281 0 0 0 0 -0.203001 -0.203001 -0.191082
185 11.0882 0 0 0 0 -0.201546 -0.201546 -0.190942
186 11.1483 0 0 0 0 -0.201755 -0.201755 -0.191129
187 11.2084 0 0 0 0 -0.203505 -0.203505 -0.191635
188 11.2685 0 0 0 0 -0.203414 -0.203414 -0.191731
189 11.3286 0 0 0 0 -0.203136 -0.203136 -0.191831
190 11.3887 0 0 0 0 -0.203106 -0.203106 -0.191991
191 11.4488 0 0 0 0 -0.203111 -0.203111 -0.192092
192 11.5089 0 0 0 0 -0.204232 -0.204232 -0.192449
193 11.569 0 0 0 0 -0.203374 -0.203374 -0.192345
194 11.6291 0 0 0 0 -0.203018 -0.203018 -0.19232
195 11.6892 0 0 0 0 -0.204158 -0.204158 -0.19267
196 11.7493 0 0 0 0 -0.203462 -0.203462 -0.192623
197 11.8094 0 0 0 0 -0.202836 -0.202836 -0.192651
198 11.8695 0 0 0 0 -0.200641 -0.200641 -0.192267
199 11.9296 0 0 0 0 -0.202342 -0.202342 -0.192623
200 11.9897 0 0 0 0 -0.202974 -0.202974 -0.192567
201 12.0498 0 0 0 0 -0.204943 -0.204943 -0.192818
202 12.1099 0 0 0 0 -0.204789 -0.204789 -0.192693
203 12.17 0 0 0 0 -0.203709 -0.203709 -0.192491
204 12.2301 0 0 0 0 -0.203859 -0.203859 -0.192633
205 12.2902 0 0 0 0 -0.201742 -0.201742 -0.192196
206 12.3503 0 0 0 0 -0.20129 -0.20129 -0.192041
207 12.4104 0 0 0 0 -0.202312 -0.202312 -0.192109
208 12.4705 0 0 0 0 -0.20358 -0.20358 -0.192249
209 12.5306 0 0 0 0 -0.201863 -0.201863 -0.191786
210 12.5907 0 0 0 0 -0.20024 -0.20024 -0.191391
211 12.6508 0 0 0 0 -0.200638 -0.200638 -0.191401
212 12.7109 0 0 0 0 -0.200842 -0.200842 -0.191206
213 12.771 0 0 0 0 -0.202134 -0.202134 -0.191141
214 12.8311 0 0 0 0 -0.202982 -0.202982 -0.190939
215 12.8912 0 0 0 0 -0.203448 -0.203448 -0.190741
216 12.9513 0 0 0 0 -0.20317 -0.20317 -0.190484
217 13.0114 0 0 0 0 -0.201481 -0.201481 -0.189947
218 13.0715 0 0 0 0 -0.201006 -0.201006 -0.189611
219 13.1316 0 0 0 0 -0.201871 -0.201871 -0.189482
220 13.1917 0 0 0 0 -0.202402 -0.202402 -0.189218
221 13.2518 0 0 0 0 -0.202303 -0.202303 -0.188846
222 13.3119 0 0 0 0 -0.201897 -0.201897 -0.188475
223 13.372 0 0 0 0 -0.200627 -0.200627 -0.187963
224 13.4321 0 0 0 0 -0.199732 -0.199732 -0.187549
225 13.4922 0 0 0 0 -0.199315 -0.199315 -0.187213
226 13.5523 0 0 0 0 -0.197984 -0.197984 -0.186625
227 13.6124 0 0 0 0 -0.196869 -0.196869 -0.186094
228 13.6725 0 0 0 0 -0.197397 -0.197397 -0.185931
229 13.7326 0 0 0 0 -0.195847 -0.195847 -0.18523
230 13.7927 0 0 0 0 -0.195905 -0.195905 -0.184795
231 13.8528 0 0 0 0 -0.196679 -0.196679 -0.184447
232 13.9129 0 0 0 0 -0.196898 -0.196898 -0.183948
233 13.973 0 0 0 0 -0.196496 -0.196496 -0.183332
234 14.0331 0 0 0 0 -0.195677 -0.195677 -0.182734
235 14.0932 0 0 0 0 -0.194916 -0.194916 -0.182095
236 14.1533 0 0 0 0 -0.193929 -0.193929 -0.181382
237 14.2134 0 0 0 0 -0.194755 -0.194755 -0.181018
238 14.2735 0 0 0 0 -0.194104 -0.194104 -0.180339
239 14.3336 0 0 0 0 -0.19301 -0.19301 -0.179537
240 14.3937 0 0 0 0 -0.192549 -0.192549 -0.178854
241 14.4538 0 0 0 0 -0.192154 -0.192154 -0.178221
242 14.5139 0 0 0 0 -0.190976 -0.190976 -0.177423
243 14.574 0 0 0 0 -0.189246 -0.189246 -0.176561
244 14.6341 0 0 0 0 -0.187934 -0.187934 -0.175785
245 14.6942 0 0 0 0 -0.187326 -0.187326 -0.17503
246 14.7543 0 0 0 0 -0.187889 -0.187889 -0.174438
247 14.8144 0 0 0 0 -0.188353 -0.188353 -0.173789
248 14.8745 0 0 0 0 -0.186705 -0.186705 -0.172641
249 14.9346 0 0 0 0 -0.187545 -0.187545 -0.172087
250 14.9947 0 0 0 0 -0.186353 -0.186353 -0.170971
251 15.0548 0 0 0 0 -0.186892 -0.186892 -0.170227
252 15.1148 0 0 0 0 -0.186802 -0.186802 -0.169344
253 15.1749 0 0 0 0 -0.184194 -0.184194 -0.168002
254 15.235 0 0 0 0 -0.184108 -0.184108 -0.167283
255 15.2951 0 0 0 0 -0.181925 -0.181925 -0.166044
256 15.3552 0 0 0 0 -0.182147 -0.182147 -0.165214
257 15.4153 0 0 0 0 -0.182016 -0.182016 -0.164243
258 15.4754 0 0 0 0 -0.18025 -0.18025 -0.163052
259 15.5355 0 0 0 0 -0.176884 -0.176884 -0.161655
260 15.5956 0 0 0 0 -0.174857 -0.174857 -0.160549
261 15.6557 0 0 0 0 -0.17419 -0.17419 -0.159668
262 15.7158 0 0 0 0 -0.173936 -0.173936 -0.158684
263 15.7759 0 0 0 0 -0.1741 -0.1741 -0.157656
264 15.836 0 0 0 0 -0.173552 -0.173552 -0.156403
265 15.8961 0 0 0 0 -0.17297 -0.17297 -0.155196
266 15.9562 0 0 0 0 -0.172353 -0.172353 -0.153978
267 16.0163 0 0 0 0 -0.171768 -0.171768 -0.152688
268 16.0764 0 0 0 0 -0.170036 -0.170036 -0.151142
269 16.1365 0 0 0 0 -0.168819 -0.168819 -0.149843
270 16.1966 0 0 0 0 -0.166525 -0.166525 -0.148423
271 16.2567 0 0 0 0 -0.161809 -0.161809 -0.14659
272 16.3168 0 0 0 0 -0.160712 -0.160712 -0.145521
273 16.3769 0 0 0 0 -0.161303 -0.161303 -0.144618
274 16.437 0 0 0 0 -0.159486 -0.159486 -0.143045
275 16.4971 0 0 0 0 -0.159444 -0.159444 -0.141846
276 16.5572 0 0 0 0 -0.158229 -0.158229 -0.140332
277 16.6173 0 0 0 0 -0.158061 -0.158061 -0.138986
278 16.6774 0 0 0 0 -0.158232 -0.158232 -0.137562
279 16.7375 0 0 0 0 -0.156249 -0.156249 -0.135683
280 16.7976 0 0 0 0 -0.156109 -0.156109 -0.134249
281 16.8577 0 0 0 0 -0.152366 -0.152366 -0.132125
282 16.9178 0 0 0 0 -0.151132 -0.151132 -0.130658
283 16.9779 0 0 0 0 -0.149476 -0.149476 -0.129066
284 17.038 0 0 0 0 -0.148331 -0.148331 -0.127512
285 17.0981 0 0 0 0 -0.146088 -0.146088 -0.125716
286 17.1582 0 0 0 0 -0.144817 -0.144817 -0.124144
287 17.2183 0 0 0 0 -0.143963 -0.143963 -0.122582
288 17.2784 0 0 0 0 -0.144334 -0.144334 -0.121111
289 17.3385 0 0 0 0 -0.142261 -0.142261 -0.118997
290 17.3986 0 0 0 0 -0.141385 -0.141385 -0.117183
291 17.4587 0 0 0 0 -0.138963 -0.138963 -0.115183
292 17.5188 0 0 0 0 -0.135348 -0.135348 -0.113144
293 17.5789 0 0 0 0 -0.133133 -0.133133 -0.111461
294 17.639 0 0 0 0 -0.132463 -0.132463 -0.10996
295 17.6991 0 0 0 0 -0.132108 -0.132108 -0.108294
296 17.7592 0 0 0 0 -0.131253 -0.131253 -0.106405
297 17.8193 0 0 0 0 -0.128741 -0.128741 -0.104248
298 17.8794 0 0 0 0 -0.126666 -0.126666 -0.102291
299 17.9395 0 0 0 0 -0.125401 -0.125401 -0.100445
300 17.9996 0 0 0 0 -0.12347 -0.12347 -0.0984525
301 18.0597 0 0 0 0 -0.121032 -0.121032 -0.0964193
302 18.1198 0 0 0 0 -0.117684 -0.117684 -0.0942868
303 18.1799 0 0 0 0 -0.115932 -0.115932 -0.092558
304 18.24 0 0 0 0 -0.114213 -0.114213 -0.0907629
305 18.3001 0 0 0 0 -0.1117 -0.1117 -0.0887654
306 18.3602 0 0 0 0 -0.110537 -0.110537 -0.0870219
307 18.4203 0 0 0 0 -0.108429 -0.108429 -0.0850195
308 18.4804 0 0 0 0 -0.105942 -0.105942 -0.0830251
309 18.5405 0 0 0 0 -0.104089 -0.104089 -0.0811843
310 18.6006 0 0 0 0 -0.1015 -0.1015 -0.0792167
311 18.6607 0 0 0 0 -0.0989258 -0.0989258 -0.0773059
312 18.7208 0 0 0 0 -0.0976109 -0.0976109 -0.0756064
313 18.7809 0 0 0 0 -0.0954639 -0.0954639 -0.0737313
314 18.841 0 0 0 0 -0.0936166 -0.0936166 -0.0718847
315 18.9011 0 0 0 0 -0.0916743 -0.0916743 -0.0700028
316 18.9612 0 0 0 0 -0.0891321 -0.0891321 -0.0680462
317 19.0213 0 0 0 0 -0.0870244 -0.0870244 -0.066179
318 19.0814 0 0 0 0 -0.0848022 -0.0848022 -0.0642785
319 19.1415 0 0 0 0 -0.0826235 -0.0826235 -0.0623877
320 19.2016 0 0 0 0 -0.0806982 -0.0806982 -0.0605436
321 19.2617 0 0 0 0 -0.0771725 -0.0771725 -0.0584799
322 19.3218 0 0 0 0 -0.0747528 -0.0747528 -0.0567541
323 19.3819 0 0 0 0 -0.0722924 -0.0722924 -0.055026
324 19.442 0 0 0 0 -0.0695994 -0.0695994 -0.0532906
325 19.5021 0 0 0 0 -0.0672553 -0.0672553 -0.0516438
326 19.5622 0 0 0 0 -0.0652096 -0.0652096 -0.0500341
327 19.6223 0 0 0 0 -0.0625715 -0.0625715 -0.0483143
328 19.6824 0 0 0 0 -0.0605024 -0.0605024 -0.0467322
329 19.7425 0 0 0 0 -0.0578053 -0.0578053 -0.0450721
330 19.8026 0 0 0 0 -0.0554724 -0.0554724 -0.0435136
331 19.8627 0 0 0 0 -0.0527477 -0.0527477 -0.0419262
332 19.9228 0 0 0 0 -0.0503831 -0.0503831 -0.0405149
333 19.9829 0 0 0 0 -0.0481242 -0.0481242 -0.0391688
334 20.043 0 0 0 0 -0.0463729 -0.0463729 -0.0379076
335 20.1031 0 0 0 0 -0.0443245 -0.0443245 -0.0365265
336 20.1631 0 0 0 0 -0.0418625 -0.0418625 -0.0351239
337 20.2232 0 0 0 0 -0.0401649 -0.0401649 -0.0339239
338 20.2833 0 0 0 0 -0.0380319 -0.0380319 -0.032673
339 20.3434 0 0 0 0 -0.0357734 -0.0357734 -0.0314573
340 20.4035 0 0 0 0 -0.0343258 -0.0343258 -0.0304577
341 20.4636 0 0 0 0 -0.0325097 -0.0325097 -0.0293282
342 20.5237 0 0 0 0 -0.0304453 -0.0304453 -0.0282157
343 20.5838 0 0 0 0 -0.0290056 -0.0290056 -0.0272851
344 20.6439 0 0 0 0 -0.0275571 -0.0275571 -0.0263451
345 20.704 0 0 0 0 -0.0258243 -0.0258243 -0.0253425
346 20.7641 0 0 0 0 -0.0243764 -0.0243764 -0.0244409
347 20.8242 0 0 0 0 -0.0228427 -0.0228427 -0.0235449
348 20.8843 0 0 0 0 -0.0210948 -0.0210948 -0.0226671
349 20.9444 0 0 0 0 -0.019958 -0.019958 -0.0220037
350 21.0045 0 0 0 0 -0.0188734 -0.0188734 -0.0213459
351 21.0646 0 0 0 0 -0.0179378 -0.0179378 -0.0207416
352 21.1247 0 0 0 0 -0.0170947 -0.0170947 -0.0201325
353 21.1848 0 0 0 0 -0.0161475 -0.0161475 -0.0195022
354 21.2449 0 0 0 0 -0.0153159 -0.0153159 -0.0189256
355 21.305 0 0 0 0 -0.0144938 -0.0144938 -0.0183679
356 21.3651 0 0 0 0 -0.013563 -0.013563 -0.01779
357 21.4252 0 0 0 0 -0.0126929 -0.0126929 -0.017272
358 21.4853 0 0 0 0 -0.0120214 -0.0120214 -0.0168217
359 21.5454 0 0 0 0 -0.0112317 -0.0112317 -0.0163321
360 21.6055 0 0 0 0 -0.0105363 -0.0105363 -0.0159249
361 21.6656 0 0 0 0 -0.0100468 -0.0100468 -0.0156006
362 21.7257 0 0 0 0 -0.00959503 -0.00959503 -0.0152696
363 21.7858 0 0 0 0 -0.0090701 -0.0090701 -0.0149224
364 21.8459 0 0 0 0 -0.00842295 -0.00842295 -0.0145564
365 21.906 0 0 0 0 -0.00806459 -0.00806459 -0.014315
366 21.9661 0 0 0 0 -0.00776218 -0.00776218 -0.0140676
367 22.0262 0 0 0 0 -0.00730787 -0.00730787 -0.0137676
368 22.0863 0 0 0 0 -0.00696889 -0.00696889 -0.0135453
369 22.1464 0 0 0 0 -0.00665683 -0.00665683 -0.0133474
370 22.2065 0 0 0 0 -0.00643829 -0.00643829 -0.0131751
371 22.2666 0 0 0 0 -0.00615772 -0.00615772 -0.0129677
372 22.3267 0 0 0 0 -0.0059613 -0.0059613 -0.0128154
373 22.3868 0 0 0 0 -0.00575747 -0.00575747 -0.0126613
374 22.4469 0 0 0 0 -0.00549015 -0.00549015 -0.0124973
375 22.507 0 0 0 0 -0.00531454 -0.00531454 -0.0123756
376 22.5671 0 0 0 0 -0.00517968 -0.00517968 -0.0122699
377 22.6272 0 0 0 0 -0.00507419 -0.00507419 -0.0121832
378 22.6873 0 0 0 0 -0.00501112 -0.00501112 -0.012104
379 22.7474 0 0 0 0 -0.00485608 -0.00485608 -0.0119768
380 22.8075 0 0 0 0 -0.00479674 -0.00479674 -0.0119092
381 22.8676 0 0 0 0 -0.0046397 -0.0046397 -0.0117879
382 22.9277 0 0 0 0 -0.00449526 -0.00449526 -0.0116841
383 22.9878 0 0 0 0 -0.00442222 -0.00442222 -0.0116281
384 23.0479 0 0 0 0 -0.00434571 -0.00434571 -0.0115728
385 23.108 0 0 0 0 -0.00425189 -0.00425189 -0.0115144
386 23.1681 0 0 0 0 -0.00423045 -0.00423045 -0.0114959
387 23.2282 0 0 0 0 -0.00420435 -0.00420435 -0.0114679
388 23.2883 0 0 0 0 -0.0041407 -0.0041407 -0.0114149
389 23.3484 0 0 0 0 -0.0040948 -0.0040948 -0.0113797
390 23.4085 0 0 0 0 -0.00408776 -0.00408776 -0.0113739
391 23.4686 0 0 0 0 -0.00404858 -0.00404858 -0.0113433
392 23.5287 0 0 0 0 -0.00401563 -0.00401563 -0.011318
393 23.5888 0 0 0 0 -0.0040134 -0.0040134 -0.0113109
394 23.6489 0 0 0 0 -0.00404789 -0.00404789 -0.0113275
395 23.709 0 0 0 0 -0.0040175 -0.0040175 -0.0113178
120000 395
1 0.0300494 0 0 0 0 -0.00408666 -0.00408666 -0.0114253
2 0.0901482 0 0 0 0 -0.00405444 -0.00405444 -0.0114014
3 0.150247 0 0 0 0 -0.00409715 -0.00409715 -0.0114325
4 0.210346 0 0 0 0 -0.00409087 -0.00409087 -0.0114363
5 0.270445 0 0 0 0 -0.00408466 -0.00408466 -0.0114383
6 0.330543 0 0 0 0 -0.00412005 -0.00412005 -0.011462
7 0.390642 0 0 0 0 -0.00415388 -0.00415388 -0.0114835
8 0.450741 0 0 0 0 -0.00420942 -0.00420942 -0.0115232
9 0.51084 0 0 0 0 -0.00427625 -0.00427625 -0.0115643
10 0.570939 0 0 0 0 -0.00436739 -0.00436739 -0.0116265
11 0.631037 0 0 0 0 -0.00442022 -0.00442022 -0.0116718
12 0.691136 0 0 0 0 -0.00446925 -0.00446925 -0.0117202
13 0.751235 0 0 0 0 -0.00458861 -0.00458861 -0.0118019
14 0.811334 0 0 0 0 -0.00471047 -0.00471047 -0.0118822
15 0.871433 0 0 0 0 -0.00480435 -0.00480435 -0.0119513
16 0.931531 0 0 0 0 -0.00492412 -0.00492412 -0.0120456
17 0.99163 0 0 0 0 -0.00501477 -0.00501477 -0.0121314
18 1.05173 0 0 0 0 -0.00519903 -0.00519903 -0.0122693
19 1.11183 0 0 0 0 -0.00525142 -0.00525142 -0.0123416
20 1.17193 0 0 0 0 -0.00534691 -0.00534691 -0.0124216
21 1.23203 0 0 0 0 -0.0055398 -0.0055398 -0.0125645
22 1.29212 0 0 0 0 -0.00571503 -0.00571503 -0.012709
23 1.35222 0 0 0 0 -0.0058099 -0.0058099 -0.012805
24 1.41232 0 0 0 0 -0.00606008 -0.00606008 -0.0129736
25 1.47242 0 0 0 0 -0.00622305 -0.00622305 -0.0131029
26 1.53252 0 0 0 0 -0.00654654 -0.00654654 -0.0133056
27 1.59262 0 0 0 0 -0.00688114 -0.00688114 -0.0135478
28 1.65272 0 0 0 0 -0.00715391 -0.00715391 -0.0137602
29 1.71282 0 0 0 0 -0.00738522 -0.00738522 -0.0139492
30 1.77291 0 0 0 0 -0.00768988 -0.00768988 -0.0141548
31 1.83301 0 0 0 0 -0.00803758 -0.00803758 -0.0143993
32 1.89311 0 0 0 0 -0.00828671 -0.00828671 -0.0145933
33 1.95321 0 0 0 0 -0.00879281 -0.00879281 -0.0148978
34 2.01331 0 0 0 0 -0.00931108 -0.00931108 -0.0152208
35 2.07341 0 0 0 0 -0.00993651 -0.00993651 -0.0156053
36 2.13351 0 0 0 0 -0.0105863 -0.0105863 -0.0160083
37 2.19361 0 0 0 0 -0.0111647 -0.0111647 -0.0164016
38 2.25371 0 0 0 0 -0.0118381 -0.0118381 -0.0168394
39 2.3138 0 0 0 0 -0.0123573 -0.0123573 -0.0171948
40 2.3739 0 0 0 0 -0.013209 -0.013209 -0.017659
41 2.434 0 0 0 0 -0.0142327 -0.0142327 -0.0182573
42 2.4941 0 0 0 0 -0.0152344 -0.0152344 -0.0188483
43 2.5542 0 0 0 0 -0.0161198 -0.0161198 -0.0194097
44 2.6143 0 0 0 0 -0.0169104 -0.0169104 -0.019945
45 2.6744 0 0 0 0 -0.0178732 -0.0178732 -0.0205452
46 2.7345 0 0 0 0 -0.0189937 -0.0189937 -0.0211961
47 2.79459 0 0 0 0 -0.0204105 -0.0204105 -0.0219151
48 2.85469 0 0 0 0 -0.0220117 -0.0220117 -0.0227181
49 2.91479 0 0 0 0 -0.0233328 -0.0233328 -0.0235325
50 2.97489 0 0 0 0 -0.024938 -0.024938 -0.024469
51 3.03499 0 0 0 0 -0.0264787 -0.0264787 -0.0253909
52 3.09509 0 0 0 0 -0.0282599 -0.0282599 -0.0264182
53 3.15519 0 0 0 0 -0.0297486 -0.0297486 -0.0274207
54 3.21529 0 0 0 0 -0.0316587 -0.0316587 -0.0285756
55 3.27538 0 0 0 0 -0.0329033 -0.0329033 -0.0295581
56 3.33548 0 0 0 0 -0.0339074 -0.0339074 -0.0303827
57 3.39558 0 0 0 0 -0.03611 -0.03611 -0.0314721
58 3.45568 0 0 0 0 -0.0385366 -0.0385366 -0.0327389
59 3.51578 0 0 0 0 -0.040251 -0.040251 -0.0339071
60 3.57588 0 0 0 0 -0.0424415 -0.0424415 -0.0351683
61 3.63598 0 0 0 0 -0.0446902 -0.0446902 -0.036499
62 3.69608 0 0 0 0 -0.0474467 -0.0474467 -0.0380184
63 3.75618 0 0 0 0 -0.0496317 -0.0496317 -0.0394804
64 3.81627 0 0 0 0 -0.0521243 -0.0521243 -0.0410408
65 3.87637 0 0 0 0 -0.0538771 -0.0538771 -0.0425022
66 3.93647 0 0 0 0 -0.0560999 -0.0560999 -0.0440492
67 3.99657 0 0 0 0 -0.0575846 -0.0575846 -0.0453899
68 4.05667 0 0 0 0 -0.0599469 -0.0599469 -0.0468689
69 4.11677 0 0 0 0 -0.06261 -0.06261 -0.048501
70 4.17687 0 0 0 0 -0.0646294 -0.0646294 -0.050008
71 4.23697 0 0 0 0 -0.0682883 -0.0682883 -0.0519536
72 4.29706 0 0 0 0 -0.0701099 -0.0701099 -0.0536649
73 4.35716 0 0 0 0 -0.0721688 -0.0721688 -0.0553831
74 4.41726 0 0 0 0 -0.0735786 -0.0735786 -0.0569153
75 4.47736 0 0 0 0 -0.0758802 -0.0758802 -0.0585647
76 4.53746 0 0 0 0 -0.0787182 -0.0787182 -0.0604012
77 4.59756 0 0 0 0 -0.0810342 -0.0810342 -0.0621957
78 4.65766 0 0 0 0 -0.0827058 -0.0827058 -0.0638641
79 4.71776 0 0 0 0 -0.0856009 -0.0856009 -0.0657854
80 4.77786 0 0 0 0 -0.0878303 -0.0878303 -0.0676261
81 4.83795 0 0 0 0 -0.089684 -0.089684 -0.0693831
82 4.89805 0 0 0 0 -0.091675 -0.091675 -0.0711266
83 4.95815 0 0 0 0 -0.0943051 -0.0943051 -0.073015
84 5.01825 0 0 0 0 -0.0967624 -0.0967624 -0.0749201
85 5.07835 0 0 0 0 -0.0992178 -0.0992178 -0.0768883
86 5.13845 0 0 0 0 -0.101383 -0.101383 -0.0788343
87 5.19855 0 0 0 0 -0.103255 -0.103255 -0.0807488
88 5.25865 0 0 0 0 -0.104843 -0.104843 -0.0825551
89 5.31874 0 0 0 0 -0.106507 -0.106507 -0.0842823
90 5.37884 0 0 0 0 -0.109456 -0.109456 -0.086272
91 5.43894 0 0 0 0 -0.111649 -0.111649 -0.0881916
92 5.49904 0 0 0 0 -0.113609 -0.113609 -0.0900635
93 5.55914 0 0 0 0 -0.116899 -0.116899 -0.0923142
94 5.61924 0 0 0 0 -0.118751 -0.118751 -0.0944274
95 5.67934 0 0 0 0 -0.118637 -0.118637 -0.0960615
96 5.73944 0 0 0 0 -0.120494 -0.120494 -0.097984
97 5.79953 0 0 0 0 -0.121973 -0.121973 -0.0998128
98 5.85963 0 0 0 0 -0.123447 -0.123447 -0.101571
99 5.91973 0 0 0 0 -0.124416 -0.124416 -0.103164
100 5.97983 0 0 0 0 -0.126731 -0.126731 -0.105011
101 6.03993 0 0 0 0 -0.128405 -0.128405 -0.106674
102 6.10003 0 0 0 0 -0.131795 -0.131795 -0.108791
103 6.16013 0 0 0 0 -0.132552 -0.132552 -0.110429
104 6.22023 0 0 0 0 -0.135088 -0.135088 -0.11243
105 6.28033 0 0 0 0 -0.136277 -0.136277 -0.114184
106 6.34042 0 0 0 0 -0.137499 -0.137499 -0.115931
107 6.40052 0 0 0 0 -0.139184 -0.139184 -0.117694
108 6.46062 0 0 0 0 -0.140607 -0.140607 -0.119357
109 6.52072 0 0 0 0 -0.142575 -0.142575 -0.121133
110 6.58082 0 0 0 0 -0.14361 -0.14361 -0.122694
111 6.64092 0 0 0 0 -0.145552 -0.145552 -0.124476
112 6.70102 0 0 0 0 -0.146875 -0.146875 -0.126104
113 6.76112 0 0 0 0 -0.148335 -0.148335 -0.127706
114 6.82121 0 0 0 0 -0.150396 -0.150396 -0.12943
115 6.88131 0 0 0 0 -0.151119 -0.151119 -0.130883
116 6.94141 0 0 0 0 -0.15393 -0.15393 -0.132805
117 7.00151 0 0 0 0 -0.154835 -0.154835 -0.134335
118 7.06161 0 0 0 0 -0.156024 -0.156024 -0.136001
119 7.12171 0 0 0 0 -0.155871 -0.155871 -0.13731
120 7.18181 0 0 0 0 -0.156964 -0.156964 -0.138801
121 7.24191 0 0 0 0 -0.15854 -0.15854 -0.140313
122 7.302 0 0 0 0 -0.159154 -0.159154 -0.141541
123 7.3621 0 0 0 0 -0.161307 -0.161307 -0.143104
124 7.4222 0 0 0 0 -0.162741 -0.162741 -0.144527
125 7.4823 0 0 0 0 -0.164119 -0.164119 -0.145989
126 7.5424 0 0 0 0 -0.164679 -0.164679 -0.147261
127 7.6025 0 0 0 0 -0.165696 -0.165696 -0.148586
128 7.6626 0 0 0 0 -0.166601 -0.166601 -0.149804
129 7.7227 0 0 0 0 -0.167752 -0.167752 -0.151076
130 7.7828 0 0 0 0 -0.170789 -0.170789 -0.152813
131 7.84289 0 0 0 0 -0.169623 -0.169623 -0.153553
132 7.90299 0 0 0 0 -0.171012 -0.171012 -0.154835
133 7.96309 0 0 0 0 -0.172965 -0.172965 -0.156255
134 8.02319 0 0 0 0 -0.174119 -0.174119 -0.157597
135 8.08329 0 0 0 0 -0.173215 -0.173215 -0.158405
136 8.14339 0 0 0 0 -0.173831 -0.173831 -0.159487
137 8.20349 0 0 0 0 -0.175374 -0.175374 -0.160671
138 8.26359 0 0 0 0 -0.176333 -0.176333 -0.161687
139 8.32368 0 0 0 0 -0.178137 -0.178137 -0.162864
140 8.38378 0 0 0 0 -0.178634 -0.178634 -0.163804
141 8.44388 0 0 0 0 -0.179648 -0.179648 -0.164817
142 8.50398 0 0 0 0 -0.181696 -0.181696 -0.166112
143 8.56408 0 0 0 0 -0.181637 -0.181637 -0.166936
144 8.62418 0 0 0 0 -0.181748 -0.181748 -0.167799
145 8.68428 0 0 0 0 -0.183243 -0.183243 -0.16896
146 8.74438 0 0 0 0 -0.182696 -0.182696 -0.169684
147 8.80447 0 0 0 0 -0.182243 -0.182243 -0.170347
148 8.86457 0 0 0 0 -0.184208 -0.184208 -0.171471
149 8.92467 0 0 0 0 -0.184609 -0.184609 -0.172136
150 8.98477 0 0 0 0 -0.186156 -0.186156 -0.173075
151 9.04487 0 0 0 0 -0.1871 -0.1871 -0.173869
152 9.10497 0 0 0 0 -0.18846 -0.18846 -0.174816
153 9.16507 0 0 0 0 -0.189319 -0.189319 -0.17574
154 9.22517 0 0 0 0 -0.188142 -0.188142 -0.176188
155 9.28527 0 0 0 0 -0.188471 -0.188471 -0.176917
156 9.34536 0 0 0 0 -0.188956 -0.188956 -0.177598
157 9.40546 0 0 0 0 -0.189938 -0.189938 -0.178314
158 9.46556 0 0 0 0 -0.190645 -0.190645 -0.178874
159 9.52566 0 0 0 0 -0.192982 -0.192982 -0.179796
160 9.58576 0 0 0 0 -0.194103 -0.194103 -0.180498
161 9.64586 0 0 0 0 -0.194886 -0.194886 -0.181231
162 9.70596 0 0 0 0 -0.194233 -0.194233 -0.181618
163 9.76606 0 0 0 0 -0.195425 -0.195425 -0.182434
164 9.82615 0 0 0 0 -0.195182 -0.195182 -0.182911
165 9.88625 0 0 0 0 -0.194997 -0.194997 -0.18337
166 9.94635 0 0 0 0 -0.194623 -0.194623 -0.183772
167 10.0065 0 0 0 0 -0.196162 -0.196162 -0.184543
168 10.0665 0 0 0 0 -0.196308 -0.196308 -0.184958
169 10.1266 0 0 0 0 -0.196424 -0.196424 -0.185283
170 10.1867 0 0 0 0 -0.197811 -0.197811 -0.185889
171 10.2468 0 0 0 0 -0.199048 -0.199048 -0.186486
172 10.3069 0 0 0 0 -0.199559 -0.199559 -0.186905
173 10.367 0 0 0 0 -0.199926 -0.199926 -0.187327
174 10.4271 0 0 0 0 -0.199584 -0.199584 -0.187611
175 10.4872 0 0 0 0 -0.199751 -0.199751 -0.187952
176 10.5473 0 0 0 0 -0.201634 -0.201634 -0.188601
177 10.6074 0 0 0 0 -0.202219 -0.202219 -0.188982
178 10.6675 0 0 0 0 -0.201556 -0.201556 -0.189086
179 10.7276 0 0 0 0 -0.202643 -0.202643 -0.189575
180 10.7877 0 0 0 0 -0.203273 -0.203273 -0.189969
181 10.8478 0 0 0 0 -0.202943 -0.202943 -0.190178
182 10.9079 0 0 0 0 -0.202562 -0.202562 -0.190442
183 10.968 0 0 0 0 -0.201489 -0.201489 -0.19049
184 11.0281 0 0 0 0 -0.203138 -0.203138 -0.191107
185 11.0882 0 0 0 0 -0.201811 -0.201811 -0.190989
186 11.1483 0 0 0 0 -0.202186 -0.202186 -0.191205
187 11.2084 0 0 0 0 -0.203985 -0.203985 -0.191707
188 11.2685 0 0 0 0 -0.20389 -0.20389 -0.191784
189 11.3286 0 0 0 0 -0.204228 -0.204228 -0.191998
190 11.3887 0 0 0 0 -0.203993 -0.203993 -0.192137
191 11.4488 0 0 0 0 -0.203402 -0.203402 -0.192151
192 11.5089 0 0 0 0 -0.20467 -0.20467 -0.192581
193 11.569 0 0 0 0 -0.203408 -0.203408 -0.192393
194 11.6291 0 0 0 0 -0.203377 -0.203377 -0.192434
195 11.6892 0 0 0 0 -0.20476 -0.20476 -0.192809
196 11.7493 0 0 0 0 -0.204289 -0.204289 -0.192803
197 11.8094 0 0 0 0 -0.20324 -0.20324 -0.192752
198 11.8695 0 0 0 0 -0.201214 -0.201214 -0.192412
199 11.9296 0 0 0 0 -0.202997 -0.202997 -0.192788
200 11.9897 0 0 0 0 -0.203648 -0.203648 -0.192742
201 12.0498 0 0 0 0 -0.205535 -0.205535 -0.19299
202 12.1099 0 0 0 0 -0.205166 -0.205166 -0.192847
203 12.17 0 0 0 0 -0.20401 -0.20401 -0.192656
204 12.2301 0 0 0 0 -0.20414 -0.20414 -0.192802
205 12.2902 0 0 0 0 -0.201919 -0.201919 -0.19233
206 12.3503 0 0 0 0 -0.201978 -0.201978 -0.192276
207 12.4104 0 0 0 0 -0.202901 -0.202901 -0.192316
208 12.4705 0 0 0 0 -0.203986 -0.203986 -0.192431
209 12.5306 0 0 0 0 -0.202342 -0.202342 -0.191998
210 12.5907 0 0 0 0 -0.200656 -0.200656 -0.191594
211 12.6508 0 0 0 0 -0.201043 -0.201043 -0.191596
212 12.7109 0 0 0 0 -0.201495 -0.201495 -0.19146
213 12.771 0 0 0 0 -0.202452 -0.202452 -0.191331
214 12.8311 0 0 0 0 -0.203263 -0.203263 -0.191147
215 12.8912 0 0 0 0 -0.2038 -0.2038 -0.190988
216 12.9513 0 0 0 0 -0.203115 -0.203115 -0.190642
217 13.0114 0 0 0 0 -0.201766 -0.201766 -0.190183
218 13.0715 0 0 0 0 -0.201318 -0.201318 -0.189845
219 13.1316 0 0 0 0 -0.202333 -0.202333 -0.189755
220 13.1917 0 0 0 0 -0.202517 -0.202517 -0.189425
221 13.2518 0 0 0 0 -0.202348 -0.202348 -0.189047
222 13.3119 0 0 0 0 -0.202223 -0.202223 -0.188737
223 13.372 0 0 0 0 -0.200993 -0.200993 -0.188232
224 13.4321 0 0 0 0 -0.199847 -0.199847 -0.187767
225 13.4922 0 0 0 0 -0.199347 -0.199347 -0.187416
226 13.5523 0 0 0 0 -0.198373 -0.198373 -0.186913
227 13.6124 0 0 0 0 -0.197031 -0.197031 -0.186312
228 13.6725 0 0 0 0 -0.197957 -0.197957 -0.186213
229 13.7326 0 0 0 0 -0.196539 -0.196539 -0.185504
230 13.7927 0 0 0 0 -0.196594 -0.196594 -0.185058
231 13.8528 0 0 0 0 -0.197477 -0.197477 -0.184753
232 13.9129 0 0 0 0 -0.197164 -0.197164 -0.184167
233 13.973 0 0 0 0 -0.196549 -0.196549 -0.183537
234 14.0331 0 0 0 0 -0.195884 -0.195884 -0.18299
235 14.0932 0 0 0 0 -0.195025 -0.195025 -0.182342
236 14.1533 0 0 0 0 -0.193908 -0.193908 -0.181621
237 14.2134 0 0 0 0 -0.194551 -0.194551 -0.181246
238 14.2735 0 0 0 0 -0.193742 -0.193742 -0.180549
239 14.3336 0 0 0 0 -0.192769 -0.192769 -0.179779
240 14.3937 0 0 0 0 -0.192626 -0.192626 -0.179159
241 14.4538 0 0 0 0 -0.192174 -0.192174 -0.178486
242 14.5139 0 0 0 0 -0.191177 -0.191177 -0.177708
243 14.574 0 0 0 0 -0.189629 -0.189629 -0.176859
244 14.6341 0 0 0 0 -0.188499 -0.188499 -0.17608
245 14.6942 0 0 0 0 -0.188482 -0.188482 -0.175408
246 14.7543 0 0 0 0 -0.188403 -0.188403 -0.174647
247 14.8144 0 0 0 0 -0.189388 -0.189388 -0.174137
248 14.8745 0 0 0 0 -0.186824 -0.186824 -0.172838
249 14.9346 0 0 0 0 -0.18724 -0.18724 -0.172252
250 14.9947 0 0 0 0 -0.186095 -0.186095 -0.171187
251 15.0548 0 0 0 0 -0.186616 -0.186616 -0.170458
252 15.1148 0 0 0 0 -0.186696 -0.186696 -0.169604
253 15.1749 0 0 0 0 -0.184484 -0.184484 -0.168332
254 15.235 0 0 0 0 -0.183923 -0.183923 -0.167494
255 15.2951 0 0 0 0 -0.181893 -0.181893 -0.166304
256 15.3552 0 0 0 0 -0.182101 -0.182101 -0.165489
257 15.4153 0 0 0 0 -0.181773 -0.181773 -0.164488
258 15.4754 0 0 0 0 -0.180037 -0.180037 -0.1633
259 15.5355 0 0 0 0 -0.177199 -0.177199 -0.161982
260 15.5956 0 0 0 0 -0.17566 -0.17566 -0.160911
261 15.6557 0 0 0 0 -0.174949 -0.174949 -0.15997
262 15.7158 0 0 0 0 -0.174514 -0.174514 -0.158942
263 15.7759 0 0 0 0 -0.174211 -0.174211 -0.157842
264 15.836 0 0 0 0 -0.173515 -0.173515 -0.156595
265 15.8961 0 0 0 0 -0.172994 -0.172994 -0.155426
266 15.9562 0 0 0 0 -0.172309 -0.172309 -0.154206
267 16.0163 0 0 0 0 -0.171642 -0.171642 -0.152913
268 16.0764 0 0 0 0 -0.169809 -0.169809 -0.151365
269 16.1365 0 0 0 0 -0.168656 -0.168656 -0.150096
270 16.1966 0 0 0 0 -0.16665 -0.16665 -0.14873
271 16.2567 0 0 0 0 -0.162211 -0.162211 -0.146917
272 16.3168 0 0 0 0 -0.161268 -0.161268 -0.145834
273 16.3769 0 0 0 0 -0.161637 -0.161637 -0.144861
274 16.437 0 0 0 0 -0.159789 -0.159789 -0.14329
275 16.4971 0 0 0 0 -0.159653 -0.159653 -0.142092
276 16.5572 0 0 0 0 -0.158292 -0.158292 -0.140563
277 16.6173 0 0 0 0 -0.158139 -0.158139 -0.139227
278 16.6774 0 0 0 0 -0.158567 -0.158567 -0.137845
279 16.7375 0 0 0 0 -0.156634 -0.156634 -0.135956
280 16.7976 0 0 0 0 -0.156349 -0.156349 -0.134487
281 16.8577 0 0 0 0 -0.152772 -0.152772 -0.132393
282 16.9178 0 0 0 0 -0.151571 -0.151571 -0.130919
283 16.9779 0 0 0 0 -0.149774 -0.149774 -0.129276
284 17.038 0 0 0 0 -0.148881 -0.148881 -0.127757
285 17.0981 0 0 0 0 -0.146566 -0.146566 -0.125937
286 17.1582 0 0 0 0 -0.144974 -0.144974 -0.124306
287 17.2183 0 0 0 0 -0.143924 -0.143924 -0.122728
288 17.2784 0 0 0 0 -0.144246 -0.144246 -0.121282
289 17.3385 0 0 0 0 -0.14222 -0.14222 -0.119208
290 17.3986 0 0 0 0 -0.141475 -0.141475 -0.117437
291 17.4587 0 0 0 0 -0.139021 -0.139021 -0.115424
292 17.5188 0 0 0 0 -0.135737 -0.135737 -0.113431
293 17.5789 0 0 0 0 -0.133589 -0.133589 -0.111724
294 17.639 0 0 0 0 -0.133143 -0.133143 -0.110226
295 17.6991 0 0 0 0 -0.132648 -0.132648 -0.108501
296 17.7592 0 0 0 0 -0.131671 -0.131671 -0.106574
297 17.8193 0 0 0 0 -0.12928 -0.12928 -0.104426
298 17.8794 0 0 0 0 -0.127081 -0.127081 -0.102434
299 17.9395 0 0 0 0 -0.125675 -0.125675 -0.100571
300 17.9996 0 0 0 0 -0.123459 -0.123459 -0.098548
301 18.0597 0 0 0 0 -0.121176 -0.121176 -0.0965743
302 18.1198 0 0 0 0 -0.117859 -0.117859 -0.0944562
303 18.1799 0 0 0 0 -0.116086 -0.116086 -0.0927297
304 18.24 0 0 0 0 -0.114426 -0.114426 -0.0909585
305 18.3001 0 0 0 0 -0.112091 -0.112091 -0.0889991
306 18.3602 0 0 0 0 -0.110841 -0.110841 -0.0872317
307 18.4203 0 0 0 0 -0.109059 -0.109059 -0.0852666
308 18.4804 0 0 0 0 -0.106952 -0.106952 -0.0832623
309 18.5405 0 0 0 0 -0.104827 -0.104827 -0.0813121
310 18.6006 0 0 0 0 -0.102032 -0.102032 -0.0792923
311 18.6607 0 0 0 0 -0.0994565 -0.0994565 -0.0773773
312 18.7208 0 0 0 0 -0.0979612 -0.0979612 -0.0756436
313 18.7809 0 0 0 0 -0.0957734 -0.0957734 -0.0737613
314 18.841 0 0 0 0 -0.0937888 -0.0937888 -0.0718909
315 18.9011 0 0 0 0 -0.0916725 -0.0916725 -0.0699925
316 18.9612 0 0 0 0 -0.0890376 -0.0890376 -0.0680458
317 19.0213 0 0 0 0 -0.0869398 -0.0869398 -0.0662122
318 19.0814 0 0 0 0 -0.0846884 -0.0846884 -0.0643348
319 19.1415 0 0 0 0 -0.0825257 -0.0825257 -0.0624734
320 19.2016 0 0 0 0 -0.0807767 -0.0807767 -0.0606718
321 19.2617 0 0 0 0 -0.0772058 -0.0772058 -0.0585919
322 19.3218 0 0 0 0 -0.07487 -0.07487 -0.0568799
323 19.3819 0 0 0 0 -0.0722641 -0.0722641 -0.0551228
324 19.442 0 0 0 0 -0.0696761 -0.0696761 -0.0534213
325 19.5021 0 0 0 0 -0.0672977 -0.0672977 -0.0517757
326 19.5622 0 0 0 0 -0.0652427 -0.0652427 -0.0501822
327 19.6223 0 0 0 0 -0.0627505 -0.0627505 -0.0485025
328 19.6824 0 0 0 0 -0.0606938 -0.0606938 -0.0469211
329 19.7425 0 0 0 0 -0.0581993 -0.0581993 -0.0452886
330 19.8026 0 0 0 0 -0.0557947 -0.0557947 -0.0436958
331 19.8627 0 0 0 0 -0.0531598 -0.0531598 -0.042118
332 19.9228 0 0 0 0 -0.0509154 -0.0509154 -0.0406988
333 19.9829 0 0 0 0 -0.0488731 -0.0488731 -0.0393282
334 20.043 0 0 0 0 -0.0467267 -0.0467267 -0.0379426
335 20.1031 0 0 0 0 -0.0445044 -0.0445044 -0.0365283
336 20.1631 0 0 0 0 -0.0420142 -0.0420142 -0.0351266
337 20.2232 0 0 0 0 -0.0402115 -0.0402115 -0.0339075
338 20.2833 0 0 0 0 -0.0379637 -0.0379637 -0.0326388
339 20.3434 0 0 0 0 -0.0356711 -0.0356711 -0.0314263
340 20.4035 0 0 0 0 -0.0342432 -0.0342432 -0.0304395
341 20.4636 0 0 0 0 -0.0323443 -0.0323443 -0.0292963
342 20.5237 0 0 0 0 -0.0302677 -0.0302677 -0.0281927
343 20.5838 0 0 0 0 -0.028787 -0.028787 -0.0272651
344 20.6439 0 0 0 0 -0.0273699 -0.0273699 -0.026353
345 20.704 0 0 0 0 -0.0256697 -0.0256697 -0.0253768
346 20.7641 0 0 0 0 -0.0243378 -0.0243378 -0.0245109
347 20.8242 0 0 0 0 -0.0227681 -0.0227681 -0.0235954
348 20.8843 0 0 0 0 -0.0210193 -0.0210193 -0.022715
349 20.9444 0 0 0 0 -0.0198603 -0.0198603 -0.0220471
350 21.0045 0 0 0 0 -0.0188126 -0.0188126 -0.0214002
351 21.0646 0 0 0 0 -0.0177834 -0.0177834 -0.0207636
352 21.1247 0 0 0 0 -0.0169386 -0.0169386 -0.0201647
353 21.1848 0 0 0 0 -0.015944 -0.015944 -0.0195261
354 21.2449 0 0 0 0 -0.0151083 -0.0151083 -0.0189631
355 21.305 0 0 0 0 -0.0143352 -0.0143352 -0.0184395
356 21.3651 0 0 0 0 -0.0134729 -0.0134729 -0.0179028
357 21.4252 0 0 0 0 -0.0126611 -0.0126611 -0.0174202
358 21.4853 0 0 0 0 -0.012029 -0.012029 -0.0169927
359 21.5454 0 0 0 0 -0.0113112 -0.0113112 -0.0165226
360 21.6055 0 0 0 0 -0.0106081 -0.0106081 -0.0160946
361 21.6656 0 0 0 0 -0.0101067 -0.0101067 -0.015759
362 21.7257 0 0 0 0 -0.00963868 -0.00963868 -0.0154204
363 21.7858 0 0 0 0 -0.00912397 -0.00912397 -0.0150789
364 21.8459 0 0 0 0 -0.00849945 -0.00849945 -0.014721
365 21.906 0 0 0 0 -0.00815685 -0.00815685 -0.0144831
366 21.9661 0 0 0 0 -0.00783713 -0.00783713 -0.0142254
367 22.0262 0 0 0 0 -0.00740756 -0.00740756 -0.0139373
368 22.0863 0 0 0 0 -0.00707964 -0.00707964 -0.013715
369 22.1464 0 0 0 0 -0.00677292 -0.00677292 -0.0135123
370 22.2065 0 0 0 0 -0.00653079 -0.00653079 -0.0133252
371 22.2666 0 0 0 0 -0.00625047 -0.00625047 -0.0131203
372 22.3267 0 0 0 0 -0.00607009 -0.00607009 -0.0129765
373 22.3868 0 0 0 0 -0.00587654 -0.00587654 -0.0128234
374 22.4469 0 0 0 0 -0.00562118 -0.00562118 -0.0126565
375 22.507 0 0 0 0 -0.00542853 -0.00542853 -0.012521
376 22.5671 0 0 0 0 -0.00529587 -0.00529587 -0.0124158
377 22.6272 0 0 0 0 -0.00519383 -0.00519383 -0.012328
378 22.6873 0 0 0 0 -0.00513481 -0.00513481 -0.0122447
379 22.7474 0 0 0 0 -0.00499784 -0.00499784 -0.0121162
380 22.8075 0 0 0 0 -0.00491367 -0.00491367 -0.0120298
381 22.8676 0 0 0 0 -0.00472564 -0.00472564 -0.0118961
382 22.9277 0 0 0 0 -0.00458262 -0.00458262 -0.0117955
383 22.9878 0 0 0 0 -0.00450624 -0.00450624 -0.0117383
384 23.0479 0 0 0 0 -0.00441357 -0.00441357 -0.0116746
385 23.108 0 0 0 0 -0.00430826 -0.00430826 -0.0116117
386 23.1681 0 0 0 0 -0.00428457 -0.00428457 -0.0115931
387 23.2282 0 0 0 0 -0.00426368 -0.00426368 -0.0115693
388 23.2883 0 0 0 0 -0.00419925 -0.00419925 -0.0115157
389 23.3484 0 0 0 0 -0.00415794 -0.00415794 -0.0114837
390 23.4085 0 0 0 0 -0.00414185 -0.00414185 -0.0114714
391 23.4686 0 0 0 0 -0.0041035 -0.0041035 -0.0114422
392 23.5287 0 0 0 0 -0.00407289 -0.00407289 -0.0114187
393 23.5888 0 0 0 0 -0.00407258 -0.00407258 -0.0114131
394 23.6489 0 0 0 0 -0.00411938 -0.00411938 -0.0114339
395 23.709 0 0 0 0 -0.00409108 -0.00409108 -0.0114194
128000 395
1 0.0300494 0 0 0 0 -0.00403229 -0.00403229 -0.0113303
2 0.0901482 0 0 0 0 -0.00400245 -0.00400245 -0.0113081
3 0.150247 0 0 0 0 -0.00404825 -0.00404825 -0.0113419
4 0.210346 0 0 0 0 -0.00404316 -0.00404316 -0.0113474
5 0.270445 0 0 0 0 -0.00403318 -0.00403318 -0.0113478
6 0.330543 0 0 0 0 -0.00406627 -0.00406627 -0.01137
7 0.390642 0 0 0 0 -0.00409806 -0.00409806 -0.0113901
8 0.450741 0 0 0 0 -0.00415476 -0.00415476 -0.0114315
9 0.51084 0 0 0 0 -0.00421791 -0.00421791 -0.0114711
10 0.570939 0 0 0 0 -0.00430495 -0.00430495 -0.0115303
11 0.631037 0 0 0 0 -0.00436032 -0.00436032 -0.0115788
12 0.691136 0 0 0 0 -0.00440482 -0.00440482 -0.0116241
13 0.751235 0 0 0 0 -0.00451843 -0.00451843 -0.0117014
14 0.811334 0 0 0 0 -0.00464009 -0.00464009 -0.0117831
15 0.871433 0 0 0 0 -0.00472949 -0.00472949 -0.0118502
16 0.931531 0 0 0 0 -0.004843 -0.004843 -0.0119394
17 0.99163 0 0 0 0 -0.00492782 -0.00492782 -0.0120198
18 1.05173 0 0 0 0 -0.00510008 -0.00510008 -0.012149
19 1.11183 0 0 0 0 -0.00515037 -0.00515037 -0.0122175
20 1.17193 0 0 0 0 -0.00524606 -0.00524606 -0.0122966
21 1.23203 0 0 0 0 -0.00545443 -0.00545443 -0.0124481
22 1.29212 0 0 0 0 -0.0056247 -0.0056247 -0.012588
23 1.35222 0 0 0 0 -0.00574114 -0.00574114 -0.0126976
24 1.41232 0 0 0 0 -0.00597888 -0.00597888 -0.0128606
25 1.47242 0 0 0 0 -0.00614658 -0.00614658 -0.0129938
26 1.53252 0 0 0 0 -0.00644862 -0.00644862 -0.0131846
27 1.59262 0 0 0 0 -0.00676213 -0.00676213 -0.0134119
28 1.65272 0 0 0 0 -0.0070227 -0.0070227 -0.013614
29 1.71282 0 0 0 0 -0.00728486 -0.00728486 -0.0138133
30 1.77291 0 0 0 0 -0.00763313 -0.00763313 -0.0140379
31 1.83301 0 0 0 0 -0.00801031 -0.00801031 -0.0143017
32 1.89311 0 0 0 0 -0.00828124 -0.00828124 -0.0145157
33 1.95321 0 0 0 0 -0.00876604 -0.00876604 -0.0148197
34 2.01331 0 0 0 0 -0.00926651 -0.00926651 -0.0151366
35 2.07341 0 0 0 0 -0.00985392 -0.00985392 -0.0155007
36 2.13351 0 0 0 0 -0.0104828 -0.0104828 -0.0158904
37 2.19361 0 0 0 0 -0.0111056 -0.0111056 -0.0162972
38 2.25371 0 0 0 0 -0.0117946 -0.0117946 -0.0167436
39 2.3138 0 0 0 0 -0.0123411 -0.0123411 -0.0171146
40 2.3739 0 0 0 0 -0.0131936 -0.0131936 -0.0175887
41 2.434 0 0 0 0 -0.0142156 -0.0142156 -0.0181936
42 2.4941 0 0 0 0 -0.0151584 -0.0151584 -0.0187663
43 2.5542 0 0 0 0 -0.0160521 -0.0160521 -0.0193251
44 2.6143 0 0 0 0 -0.0168838 -0.0168838 -0.0198802
45 2.6744 0 0 0 0 -0.017834 -0.017834 -0.0204842
46 2.7345 0 0 0 0 -0.0189176 -0.0189176 -0.0211279
47 2.79459 0 0 0 0 -0.0203126 -0.0203126 -0.0218449
48 2.85469 0 0 0 0 -0.0218046 -0.0218046 -0.0226067
49 2.91479 0 0 0 0 -0.0230802 -0.0230802 -0.0233881
50 2.97489 0 0 0 0 -0.0246548 -0.0246548 -0.0242956
51 3.03499 0 0 0 0 -0.0262505 -0.0262505 -0.0252206
52 3.09509 0 0 0 0 -0.0280802 -0.0280802 -0.0262575
53 3.15519 0 0 0 0 -0.0295569 -0.0295569 -0.0272493
54 3.21529 0 0 0 0 -0.0314839 -0.0314839 -0.0283962
55 3.27538 0 0 0 0 -0.0327465 -0.0327465 -0.0293687
56 3.33548 0 0 0 0 -0.0339723 -0.0339723 -0.0302478
57 3.39558 0 0 0 0 -0.0361529 -0.0361529 -0.0313478
58 3.45568 0 0 0 0 -0.038548 -0.038548 -0.032606
59 3.51578 0 0 0 0 -0.0403775 -0.0403775 -0.0337976
60 3.57588 0 0 0 0 -0.0426188 -0.0426188 -0.0350762
61 3.63598 0 0 0 0 -0.0449447 -0.0449447 -0.0364277
62 3.69608 0 0 0 0 -0.0477929 -0.0477929 -0.0379807
63 3.75618 0 0 0 0 -0.0500036 -0.0500036 -0.0394717
64 3.81627 0 0 0 0 -0.0524912 -0.0524912 -0.0410546
65 3.87637 0 0 0 0 -0.0541726 -0.0541726 -0.0425125
66 3.93647 0 0 0 0 -0.0564173 -0.0564173 -0.044064
67 3.99657 0 0 0 0 -0.0579302 -0.0579302 -0.0454145
68 4.05667 0 0 0 0 -0.0603278 -0.0603278 -0.0469077
69 4.11677 0 0 0 0 -0.062927 -0.062927 -0.0485277
70 4.17687 0 0 0 0 -0.0650967 -0.0650967 -0.0500697
71 4.23697 0 0 0 0 -0.0687884 -0.0687884 -0.0520423
72 4.29706 0 0 0 0 -0.0706612 -0.0706612 -0.0537894
73 4.35716 0 0 0 0 -0.0726175 -0.0726175 -0.0555131
74 4.41726 0 0 0 0 -0.0739725 -0.0739725 -0.0570431
75 4.47736 0 0 0 0 -0.0764029 -0.0764029 -0.0587368
76 4.53746 0 0 0 0 -0.0790805 -0.0790805 -0.0605611
77 4.59756 0 0 0 0 -0.081254 -0.081254 -0.062316
78 4.65766 0 0 0 0 -0.0829824 -0.0829824 -0.0639716
79 4.71776 0 0 0 0 -0.0859017 -0.0859017 -0.0658781
80 4.77786 0 0 0 0 -0.0884077 -0.0884077 -0.0677639
81 4.83795 0 0 0 0 -0.0903595 -0.0903595 -0.0695781
82 4.89805 0 0 0 0 -0.0921771 -0.0921771 -0.0713086
83 4.95815 0 0 0 0 -0.0948952 -0.0948952 -0.0732288
84 5.01825 0 0 0 0 -0.0973509 -0.0973509 -0.0751496
85 5.07835 0 0 0 0 -0.0998404 -0.0998404 -0.0771402
86 5.13845 0 0 0 0 -0.102016 -0.102016 -0.0791207
87 5.19855 0 0 0 0 -0.103707 -0.103707 -0.0810256
88 5.25865 0 0 0 0 -0.105346 -0.105346 -0.0828684
89 5.31874 0 0 0 0 -0.106728 -0.106728 -0.0845404
90 5.37884 0 0 0 0 -0.109733 -0.109733 -0.0865274
91 5.43894 0 0 0 0 -0.111864 -0.111864 -0.0884156
92 5.49904 0 0 0 0 -0.113963 -0.113963 -0.0903007
93 5.55914 0 0 0 0 -0.117192 -0.117192 -0.0925303
94 5.61924 0 0 0 0 -0.119339 -0.119339 -0.0947029
95 5.67934 0 0 0 0 -0.119128 -0.119128 -0.096329
96 5.73944 0 0 0 0 -0.121133 -0.121133 -0.0983019
97 5.79953 0 0 0 0 -0.122477 -0.122477 -0.100136
98 5.85963 0 0 0 0 -0.123941 -0.123941 -0.101932
99 5.91973 0 0 0 0 -0.124614 -0.124614 -0.103486
100 5.97983 0 0 0 0 -0.126744 -0.126744 -0.105276
101 6.03993 0 0 0 0 -0.128606 -0.128606 -0.10696
102 6.10003 0 0 0 0 -0.131693 -0.131693 -0.108975
103 6.16013 0 0 0 0 -0.132641 -0.132641 -0.110607
104 6.22023 0 0 0 0 -0.135618 -0.135618 -0.112666
105 6.28033 0 0 0 0 -0.137017 -0.137017 -0.11446
106 6.34042 0 0 0 0 -0.138257 -0.138257 -0.116237
107 6.40052 0 0 0 0 -0.139984 -0.139984 -0.118057
108 6.46062 0 0 0 0 -0.141214 -0.141214 -0.11974
109 6.52072 0 0 0 0 -0.142733 -0.142733 -0.121443
110 6.58082 0 0 0 0 -0.143817 -0.143817 -0.123006
111 6.64092 0 0 0 0 -0.145953 -0.145953 -0.124821
112 6.70102 0 0 0 0 -0.14719 -0.14719 -0.126436
113 6.76112 0 0 0 0 -0.148643 -0.148643 -0.12806
114 6.82121 0 0 0 0 -0.150371 -0.150371 -0.129728
115 6.88131 0 0 0 0 -0.15119 -0.15119 -0.131204
116 6.94141 0 0 0 0 -0.153855 -0.153855 -0.133077
117 7.00151 0 0 0 0 -0.154772 -0.154772 -0.134583
118 7.06161 0 0 0 0 -0.155937 -0.155937 -0.136204
119 7.12171 0 0 0 0 -0.156099 -0.156099 -0.13755
120 7.18181 0 0 0 0 -0.157451 -0.157451 -0.139081
121 7.24191 0 0 0 0 -0.159021 -0.159021 -0.140593
122 7.302 0 0 0 0 -0.159612 -0.159612 -0.141833
123 7.3621 0 0 0 0 -0.161652 -0.161652 -0.143398
124 7.4222 0 0 0 0 -0.162916 -0.162916 -0.144807
125 7.4823 0 0 0 0 -0.164126 -0.164126 -0.14623
126 7.5424 0 0 0 0 -0.164739 -0.164739 -0.147497
127 7.6025 0 0 0 0 -0.165811 -0.165811 -0.148804
128 7.6626 0 0 0 0 -0.166766 -0.166766 -0.150007
129 7.7227 0 0 0 0 -0.168194 -0.168194 -0.151333
130 7.7828 0 0 0 0 -0.170935 -0.170935 -0.153006
131 7.84289 0 0 0 0 -0.169997 -0.169997 -0.153812
132 7.90299 0 0 0 0 -0.171043 -0.171043 -0.15501
133 7.96309 0 0 0 0 -0.172976 -0.172976 -0.156403
134 8.02319 0 0 0 0 -0.174266 -0.174266 -0.157734
135 8.08329 0 0 0 0 -0.173769 -0.173769 -0.15859
136 8.14339 0 0 0 0 -0.174646 -0.174646 -0.159697
137 8.20349 0 0 0 0 -0.176093 -0.176093 -0.160848
138 8.26359 0 0 0 0 -0.177339 -0.177339 -0.16194
139 8.32368 0 0 0 0 -0.179006 -0.179006 -0.163139
140 8.38378 0 0 0 0 -0.179035 -0.179035 -0.16405
141 8.44388 0 0 0 0 -0.179568 -0.179568 -0.164985
142 8.50398 0 0 0 0 -0.181579 -0.181579 -0.166266
143 8.56408 0 0 0 0 -0.181551 -0.181551 -0.167072
144 8.62418 0 0 0 0 -0.181974 -0.181974 -0.167987
145 8.68428 0 0 0 0 -0.183231 -0.183231 -0.169084
146 8.74438 0 0 0 0 -0.182796 -0.182796 -0.169826
147 8.80447 0 0 0 0 -0.182313 -0.182313 -0.170464
148 8.86457 0 0 0 0 -0.184338 -0.184338 -0.171578
149 8.92467 0 0 0 0 -0.18505 -0.18505 -0.172297
150 8.98477 0 0 0 0 -0.186443 -0.186443 -0.173196
151 9.04487 0 0 0 0 -0.187376 -0.187376 -0.173998
152 9.10497 0 0 0 0 -0.188623 -0.188623 -0.174918
153 9.16507 0 0 0 0 -0.189545 -0.189545 -0.175839
154 9.22517 0 0 0 0 -0.188553 -0.188553 -0.176305
155 9.28527 0 0 0 0 -0.189124 -0.189124 -0.177095
156 9.34536 0 0 0 0 -0.189234 -0.189234 -0.177735
157 9.40546 0 0 0 0 -0.189859 -0.189859 -0.178417
158 9.46556 0 0 0 0 -0.190348 -0.190348 -0.178954
159 9.52566 0 0 0 0 -0.192544 -0.192544 -0.179852
160 9.58576 0 0 0 0 -0.193738 -0.193738 -0.180577
161 9.64586 0 0 0 0 -0.19429 -0.19429 -0.181242
162 9.70596 0 0 0 0 -0.193687 -0.193687 -0.181625
163 9.76606 0 0 0 0 -0.195067 -0.195067 -0.182462
164 9.82615 0 0 0 0 -0.194794 -0.194794 -0.182891
165 9.88625 0 0 0 0 -0.19515 -0.19515 -0.183437
166 9.94635 0 0 0 0 -0.194717 -0.194717 -0.183791
167 10.0065 0 0 0 0 -0.196336 -0.196336 -0.184574
168 10.0665 0 0 0 0 -0.19649 -0.19649 -0.18498
169 10.1266 0 0 0 0 -0.196674 -0.196674 -0.185313
170 10.1867 0 0 0 0 -0.19827 -0.19827 -0.18595
171 10.2468 0 0 0 0 -0.199341 -0.199341 -0.18652
172 10.3069 0 0 0 0 -0.199679 -0.199679 -0.186918
173 10.367 0 0 0 0 -0.200004 -0.200004 -0.187356
174 10.4271 0 0 0 0 -0.199551 -0.199551 -0.187637
175 10.4872 0 0 0 0 -0.19958 -0.19958 -0.187971
176 10.5473 0 0 0 0 -0.201018 -0.201018 -0.18854
177 10.6074 0 0 0 0 -0.201558 -0.201558 -0.188921
178 10.6675 0 0 0 0 -0.201053 -0.201053 -0.189062
179 10.7276 0 0 0 0 -0.201977 -0.201977 -0.189487
180 10.7877 0 0 0 0 -0.202902 -0.202902 -0.189909
181 10.8478 0 0 0 0 -0.202976 -0.202976 -0.190132
182 10.9079 0 0 0 0 -0.203269 -0.203269 -0.19047
183 10.968 0 0 0 0 -0.202443 -0.202443 -0.19055
184 11.0281 0 0 0 0 -0.203605 -0.203605 -0.191097
185 11.0882 0 0 0 0 -0.202016 -0.202016 -0.190982
186 11.1483 0 0 0 0 -0.20203 -0.20203 -0.191172
187 11.2084 0 0 0 0 -0.20351 -0.20351 -0.191642
188 11.2685 0 0 0 0 -0.203309 -0.203309 -0.191723
189 11.3286 0 0 0 0 -0.203401 -0.203401 -0.191879
190 11.3887 0 0 0 0 -0.20335 -0.20335 -0.192047
191 11.4488 0 0 0 0 -0.20299 -0.20299 -0.192076
192 11.5089 0 0 0 0 -0.204571 -0.204571 -0.192536
193 11.569 0 0 0 0 -0.203602 -0.203602 -0.1924
194 11.6291 0 0 0 0 -0.202907 -0.202907 -0.192301
195 11.6892 0 0 0 0 -0.204515 -0.204515 -0.192741
196 11.7493 0 0 0 0 -0.203879 -0.203879 -0.192676
197 11.8094 0 0 0 0 -0.203268 -0.203268 -0.192684
198 11.8695 0 0 0 0 -0.201683 -0.201683 -0.192386
199 11.9296 0 0 0 0 -0.203485 -0.203485 -0.19274
200 11.9897 0 0 0 0 -0.20403 -0.20403 -0.192713
201 12.0498 0 0 0 0 -0.205057 -0.205057 -0.192828
202 12.1099 0 0 0 0 -0.204645 -0.204645 -0.19271
203 12.17 0 0 0 0 -0.203623 -0.203623 -0.192556
204 12.2301 0 0 0 0 -0.203469 -0.203469 -0.192612
205 12.2902 0 0 0 0 -0.201702 -0.201702 -0.19221
206 12.3503 0 0 0 0 -0.202388 -0.202388 -0.192263
207 12.4104 0 0 0 0 -0.202855 -0.202855 -0.192212
208 12.4705 0 0 0 0 -0.203522 -0.203522 -0.19227
209 12.5306 0 0 0 0 -0.201812 -0.201812 -0.191844
210 12.5907 0 0 0 0 -0.200244 -0.200244 -0.191468
211 12.6508 0 0 0 0 -0.200466 -0.200466 -0.191418
212 12.7109 0 0 0 0 -0.201376 -0.201376 -0.191374
213 12.771 0 0 0 0 -0.202234 -0.202234 -0.1912
214 12.8311 0 0 0 0 -0.203067 -0.203067 -0.191004
215 12.8912 0 0 0 0 -0.204011 -0.204011 -0.19091
216 12.9513 0 0 0 0 -0.203345 -0.203345 -0.190551
217 13.0114 0 0 0 0 -0.201733 -0.201733 -0.190035
218 13.0715 0 0 0 0 -0.201407 -0.201407 -0.189741
219 13.1316 0 0 0 0 -0.202207 -0.202207 -0.189629
220 13.1917 0 0 0 0 -0.202136 -0.202136 -0.189274
221 13.2518 0 0 0 0 -0.201895 -0.201895 -0.18891
222 13.3119 0 0 0 0 -0.201506 -0.201506 -0.18857
223 13.372 0 0 0 0 -0.200209 -0.200209 -0.188074
224 13.4321 0 0 0 0 -0.198972 -0.198972 -0.187594
225 13.4922 0 0 0 0 -0.198632 -0.198632 -0.187275
226 13.5523 0 0 0 0 -0.198024 -0.198024 -0.186823
227 13.6124 0 0 0 0 -0.197025 -0.197025 -0.186249
228 13.6725 0 0 0 0 -0.197979 -0.197979 -0.186129
229 13.7326 0 0 0 0 -0.196461 -0.196461 -0.185398
230 13.7927 0 0 0 0 -0.196783 -0.196783 -0.185014
231 13.8528 0 0 0 0 -0.197282 -0.197282 -0.184611
232 13.9129 0 0 0 0 -0.197446 -0.197446 -0.184098
233 13.973 0 0 0 0 -0.197198 -0.197198 -0.183505
234 14.0331 0 0 0 0 -0.196513 -0.196513 -0.182949
235 14.0932 0 0 0 0 -0.195209 -0.195209 -0.182253
236 14.1533 0 0 0 0 -0.193651 -0.193651 -0.181475
237 14.2134 0 0 0 0 -0.194292 -0.194292 -0.18113
238 14.2735 0 0 0 0 -0.193528 -0.193528 -0.18047
239 14.3336 0 0 0 0 -0.19231 -0.19231 -0.179675
240 14.3937 0 0 0 0 -0.191889 -0.191889 -0.179016
241 14.4538 0 0 0 0 -0.191474 -0.191474 -0.17837
242 14.5139 0 0 0 0 -0.190846 -0.190846 -0.17767
243 14.574 0 0 0 0 -0.189678 -0.189678 -0.176872
244 14.6341 0 0 0 0 -0.188411 -0.188411 -0.176016
245 14.6942 0 0 0 0 -0.188615 -0.188615 -0.175378
246 14.7543 0 0 0 0 -0.188888 -0.188888 -0.174672
247 14.8144 0 0 0 0 -0.189481 -0.189481 -0.174076
248 14.8745 0 0 0 0 -0.187261 -0.187261 -0.172844
249 14.9346 0 0 0 0 -0.187254 -0.187254 -0.172173
250 14.9947 0 0 0 0 -0.186158 -0.186158 -0.171158
251 15.0548 0 0 0 0 -0.186251 -0.186251 -0.170389
252 15.1148 0 0 0 0 -0.185973 -0.185973 -0.169508
253 15.1749 0 0 0 0 -0.183733 -0.183733 -0.168267
254 15.235 0 0 0 0 -0.183143 -0.183143 -0.167442
255 15.2951 0 0 0 0 -0.181427 -0.181427 -0.166331
256 15.3552 0 0 0 0 -0.181652 -0.181652 -0.165515
257 15.4153 0 0 0 0 -0.181379 -0.181379 -0.164518
258 15.4754 0 0 0 0 -0.179924 -0.179924 -0.16336
259 15.5355 0 0 0 0 -0.177429 -0.177429 -0.162072
260 15.5956 0 0 0 0 -0.17599 -0.17599 -0.160993
261 15.6557 0 0 0 0 -0.175164 -0.175164 -0.160019
262 15.7158 0 0 0 0 -0.174461 -0.174461 -0.158944
263 15.7759 0 0 0 0 -0.17416 -0.17416 -0.15787
264 15.836 0 0 0 0 -0.173285 -0.173285 -0.156601
265 15.8961 0 0 0 0 -0.17275 -0.17275 -0.155446
266 15.9562 0 0 0 0 -0.172116 -0.172116 -0.154263
267 16.0163 0 0 0 0 -0.170964 -0.170964 -0.152891
268 16.0764 0 0 0 0 -0.169143 -0.169143 -0.151392
269 16.1365 0 0 0 0 -0.167923 -0.167923 -0.150137
270 16.1966 0 0 0 0 -0.16614 -0.16614 -0.148843
271 16.2567 0 0 0 0 -0.1621 -0.1621 -0.1471
272 16.3168 0 0 0 0 -0.161613 -0.161613 -0.146053
273 16.3769 0 0 0 0 -0.162136 -0.162136 -0.145023
274 16.437 0 0 0 0 -0.160595 -0.160595 -0.143454
275 16.4971 0 0 0 0 -0.160161 -0.160161 -0.142176
276 16.5572 0 0 0 0 -0.158538 -0.158538 -0.140611
277 16.6173 0 0 0 0 -0.158195 -0.158195 -0.139263
278 16.6774 0 0 0 0 -0.158543 -0.158543 -0.137888
279 16.7375 0 0 0 0 -0.156858 -0.156858 -0.136051
280 16.7976 0 0 0 0 -0.156722 -0.156722 -0.134589
281 16.8577 0 0 0 0 -0.15301 -0.15301 -0.13246
282 16.9178 0 0 0 0 -0.151588 -0.151588 -0.13095
283 16.9779 0 0 0 0 -0.149751 -0.149751 -0.129316
284 17.038 0 0 0 0 -0.148869 -0.148869 -0.127821
285 17.0981 0 0 0 0 -0.146559 -0.146559 -0.126014
286 17.1582 0 0 0 0 -0.14492 -0.14492 -0.124387
287 17.2183 0 0 0 0 -0.143792 -0.143792 -0.122815
288 17.2784 0 0 0 0 -0.14434 -0.14434 -0.121435
289 17.3385 0 0 0 0 -0.142526 -0.142526 -0.119388
290 17.3986 0 0 0 0 -0.142111 -0.142111 -0.117628
291 17.4587 0 0 0 0 -0.139887 -0.139887 -0.11558
292 17.5188 0 0 0 0 -0.13677 -0.13677 -0.113546
293 17.5789 0 0 0 0 -0.134415 -0.134415 -0.111758
294 17.639 0 0 0 0 -0.133827 -0.133827 -0.110222
295 17.6991 0 0 0 0 -0.133038 -0.133038 -0.108456
296 17.7592 0 0 0 0 -0.131697 -0.131697 -0.106489
297 17.8193 0 0 0 0 -0.129573 -0.129573 -0.104413
298 17.8794 0 0 0 0 -0.127389 -0.127389 -0.102418
299 17.9395 0 0 0 0 -0.125682 -0.125682 -0.100509
300 17.9996 0 0 0 0 -0.123493 -0.123493 -0.0985153
301 18.0597 0 0 0 0 -0.121271 -0.121271 -0.0965671
302 18.1198 0 0 0 0 -0.118083 -0.118083 -0.0944776
303 18.1799 0 0 0 0 -0.116267 -0.116267 -0.0927349
304 18.24 0 0 0 0 -0.114592 -0.114592 -0.0909606
305 18.3001 0 0 0 0 -0.112447 -0.112447 -0.0890355
306 18.3602 0 0 0 0 -0.111072 -0.111072 -0.0872335
307 18.4203 0 0 0 0 -0.109408 -0.109408 -0.0852889
308 18.4804 0 0 0 0 -0.107496 -0.107496 -0.0832928
309 18.5405 0 0 0 0 -0.105109 -0.105109 -0.0812766
310 18.6006 0 0 0 0 -0.102512 -0.102512 -0.0792858
311 18.6607 0 0 0 0 -0.100031 -0.100031 -0.077361
312 18.7208 0 0 0 0 -0.0983903 -0.0983903 -0.0755799
313 18.7809 0 0 0 0 -0.0961886 -0.0961886 -0.0736795
314 18.841 0 0 0 0 -0.0943198 -0.0943198 -0.0718038
315 18.9011 0 0 0 0 -0.0919629 -0.0919629 -0.0698466
316 18.9612 0 0 0 0 -0.089357 -0.089357 -0.0679048
317 19.0213 0 0 0 0 -0.0870548 -0.0870548 -0.0660406
318 19.0814 0 0 0 0 -0.0848343 -0.0848343 -0.064184
319 19.1415 0 0 0 0 -0.0828228 -0.0828228 -0.062339
320 19.2016 0 0 0 0 -0.0809369 -0.0809369 -0.0604887
321 19.2617 0 0 0 0 -0.0773518 -0.0773518 -0.058396
322 19.3218 0 0 0 0 -0.0747263 -0.0747263 -0.0566355
323 19.3819 0 0 0 0 -0.0721421 -0.0721421 -0.054907
324 19.442 0 0 0 0 -0.0695252 -0.0695252 -0.0532182
325 19.5021 0 0 0 0 -0.0671908 -0.0671908 -0.051598
326 19.5622 0 0 0 0 -0.0652035 -0.0652035 -0.0500218
327 19.6223 0 0 0 0 -0.0627237 -0.0627237 -0.0483395
328 19.6824 0 0 0 0 -0.0607296 -0.0607296 -0.0467572
329 19.7425 0 0 0 0 -0.0581775 -0.0581775 -0.0450964
330 19.8026 0 0 0 0 -0.0557547 -0.0557547 -0.0434906
331 19.8627 0 0 0 0 -0.0529712 -0.0529712 -0.041881
332 19.9228 0 0 0 0 -0.0506748 -0.0506748 -0.0404686
333 19.9829 0 0 0 0 -0.0486485 -0.0486485 -0.0391184
334 20.043 0 0 0 0 -0.04655 -0.04655 -0.0377522
335 20.1031 0 0 0 0 -0.0443558 -0.0443558 -0.0363432
336 20.1631 0 0 0 0 -0.0418845 -0.0418845 -0.0349385
337 20.2232 0 0 0 0 -0.040046 -0.040046 -0.0337061
338 20.2833 0 0 0 0 -0.0377667 -0.0377667 -0.032431
339 20.3434 0 0 0 0 -0.0354967 -0.0354967 -0.0312219
340 20.4035 0 0 0 0 -0.0339943 -0.0339943 -0.0302213
341 20.4636 0 0 0 0 -0.0321552 -0.0321552 -0.0290978
342 20.5237 0 0 0 0 -0.0300742 -0.0300742 -0.0279894
343 20.5838 0 0 0 0 -0.0285554 -0.0285554 -0.0270541
344 20.6439 0 0 0 0 -0.0271628 -0.0271628 -0.0261525
345 20.704 0 0 0 0 -0.0254995 -0.0254995 -0.0251803
346 20.7641 0 0 0 0 -0.024163 -0.024163 -0.0242958
347 20.8242 0 0 0 0 -0.0224178 -0.0224178 -0.0233323
348 20.8843 0 0 0 0 -0.0206804 -0.0206804 -0.0224718
349 20.9444 0 0 0 0 -0.0195497 -0.0195497 -0.0218252
350 21.0045 0 0 0 0 -0.0185485 -0.0185485 -0.0212048
351 21.0646 0 0 0 0 -0.0175503 -0.0175503 -0.0205881
352 21.1247 0 0 0 0 -0.0167504 -0.0167504 -0.0200129
353 21.1848 0 0 0 0 -0.0157652 -0.0157652 -0.0193817
354 21.2449 0 0 0 0 -0.0150013 -0.0150013 -0.0188395
355 21.305 0 0 0 0 -0.0142099 -0.0142099 -0.0182942
356 21.3651 0 0 0 0 -0.0133337 -0.0133337 -0.0177414
357 21.4252 0 0 0 0 -0.012471 -0.012471 -0.0172362
358 21.4853 0 0 0 0 -0.0117984 -0.0117984 -0.0167988
359 21.5454 0 0 0 0 -0.0110948 -0.0110948 -0.0163426
360 21.6055 0 0 0 0 -0.0104149 -0.0104149 -0.0159286
361 21.6656 0 0 0 0 -0.00994039 -0.00994039 -0.0156092
362 21.7257 0 0 0 0 -0.00947836 -0.00947836 -0.0152761
363 21.7858 0 0 0 0 -0.00898147 -0.00898147 -0.0149476
364 21.8459 0 0 0 0 -0.00839144 -0.00839144 -0.0146044
365 21.906 0 0 0 0 -0.00804691 -0.00804691 -0.0143624
366 21.9661 0 0 0 0 -0.0077295 -0.0077295 -0.0141078
367 22.0262 0 0 0 0 -0.00732297 -0.00732297 -0.0138316
368 22.0863 0 0 0 0 -0.00699798 -0.00699798 -0.0136077
369 22.1464 0 0 0 0 -0.0066942 -0.0066942 -0.0134033
370 22.2065 0 0 0 0 -0.00643981 -0.00643981 -0.0132083
371 22.2666 0 0 0 0 -0.0061697 -0.0061697 -0.0130112
372 22.3267 0 0 0 0 -0.00599737 -0.00599737 -0.0128716
373 22.3868 0 0 0 0 -0.00580533 -0.00580533 -0.0127174
374 22.4469 0 0 0 0 -0.00554898 -0.00554898 -0.0125481
375 22.507 0 0 0 0 -0.00537141 -0.00537141 -0.0124179
376 22.5671 0 0 0 0 -0.00521042 -0.00521042 -0.012295
377 22.6272 0 0 0 0 -0.00510722 -0.00510722 -0.0122087
378 22.6873 0 0 0 0 -0.00504958 -0.00504958 -0.0121295
379 22.7474 0 0 0 0 -0.00491439 -0.00491439 -0.0120035
380 22.8075 0 0 0 0 -0.00483465 -0.00483465 -0.0119214
381 22.8676 0 0 0 0 -0.00465751 -0.00465751 -0.0117952
382 22.9277 0 0 0 0 -0.00452268 -0.00452268 -0.0116985
383 22.9878 0 0 0 0 -0.0044521 -0.0044521 -0.0116438
384 23.0479 0 0 0 0 -0.00435128 -0.00435128 -0.0115737
385 23.108 0 0 0 0 -0.00424152 -0.00424152 -0.0115076
386 23.1681 0 0 0 0 -0.00421807 -0.00421807 -0.0114897
387 23.2282 0 0 0 0 -0.00419839 -0.00419839 -0.0114672
388 23.2883 0 0 0 0 -0.00413764 -0.00413764 -0.0114168
389 23.3484 0 0 0 0 -0.00409882 -0.00409882 -0.0113867
390 23.4085 0 0 0 0 -0.00408383 -0.00408383 -0.0113753
391 23.4686 0 0 0 0 -0.00404777 -0.00404777 -0.0113477
392 23.5287 0 0 0 0 -0.00402437 -0.00402437 -0.0113281
393 23.5888 0 0 0 0 -0.00402581 -0.00402581 -0.0113224
394 23.6489 0 0 0 0 -0.00406574 -0.00406574 -0.0113392
395 23.709 0 0 0 0 -0.00404055 -0.00404055 -0.0113281
136000 395
1 0.0300494 0 0 0 0 -0.0040993 -0.0040993 -0.0114216
2 0.0901482 0 0 0 0 -0.0040778 -0.0040778 -0.0114041
3 0.150247 0 0 0 0 -0.00413137 -0.00413137 -0.0114407
4 0.210346 0 0 0 0 -0.00411884 -0.00411884 -0.0114406
5 0.270445 0 0 0 0 -0.00411394 -0.00411394 -0.0114428
6 0.330543 0 0 0 0 -0.0041587 -0.0041587 -0.0114718
7 0.390642 0 0 0 0 -0.00418758 -0.00418758 -0.0114905
8 0.450741 0 0 0 0 -0.00423939 -0.00423939 -0.0115281
9 0.51084 0 0 0 0 -0.0043249 -0.0043249 -0.0115736
10 0.570939 0 0 0 0 -0.004473 -0.004473 -0.0116614
11 0.631037 0 0 0 0 -0.00446402 -0.00446402 -0.011701
12 0.691136 0 0 0 0 -0.00449576 -0.00449576 -0.0117469
13 0.751235 0 0 0 0 -0.00460898 -0.00460898 -0.0118252
14 0.811334 0 0 0 0 -0.00471634 -0.00471634 -0.011899
15 0.871433 0 0 0 0 -0.00480544 -0.00480544 -0.0119651
16 0.931531 0 0 0 0 -0.0049263 -0.0049263 -0.0120593
17 0.99163 0 0 0 0 -0.00501816 -0.00501816 -0.012149
18 1.05173 0 0 0 0 -0.00516849 -0.00516849 -0.0122689
19 1.11183 0 0 0 0 -0.00521643 -0.00521643 -0.0123339
20 1.17193 0 0 0 0 -0.00531837 -0.00531837 -0.012417
21 1.23203 0 0 0 0 -0.00552484 -0.00552484 -0.0125694
22 1.29212 0 0 0 0 -0.0056848 -0.0056848 -0.0127039
23 1.35222 0 0 0 0 -0.00580368 -0.00580368 -0.0128147
24 1.41232 0 0 0 0 -0.00602561 -0.00602561 -0.0129686
25 1.47242 0 0 0 0 -0.00619299 -0.00619299 -0.0130989
26 1.53252 0 0 0 0 -0.00651059 -0.00651059 -0.0132992
27 1.59262 0 0 0 0 -0.00681862 -0.00681862 -0.0135259
28 1.65272 0 0 0 0 -0.00706385 -0.00706385 -0.0137195
29 1.71282 0 0 0 0 -0.00732244 -0.00732244 -0.0139154
30 1.77291 0 0 0 0 -0.00765721 -0.00765721 -0.0141308
31 1.83301 0 0 0 0 -0.00806662 -0.00806662 -0.0144051
32 1.89311 0 0 0 0 -0.00837218 -0.00837218 -0.0146356
33 1.95321 0 0 0 0 -0.00887247 -0.00887247 -0.0149555
34 2.01331 0 0 0 0 -0.00935377 -0.00935377 -0.0152709
35 2.07341 0 0 0 0 -0.00991326 -0.00991326 -0.0156223
36 2.13351 0 0 0 0 -0.0105745 -0.0105745 -0.0160265
37 2.19361 0 0 0 0 -0.0111943 -0.0111943 -0.0164406
38 2.25371 0 0 0 0 -0.0118657 -0.0118657 -0.0168877
39 2.3138 0 0 0 0 -0.0123785 -0.0123785 -0.0172464
40 2.3739 0 0 0 0 -0.0131867 -0.0131867 -0.0176971
41 2.434 0 0 0 0 -0.0141739 -0.0141739 -0.0182801
42 2.4941 0 0 0 0 -0.0150951 -0.0150951 -0.0188366
43 2.5542 0 0 0 0 -0.015983 -0.015983 -0.0193846
44 2.6143 0 0 0 0 -0.0168602 -0.0168602 -0.0199487
45 2.6744 0 0 0 0 -0.0178277 -0.0178277 -0.0205527
46 2.7345 0 0 0 0 -0.0189441 -0.0189441 -0.0212017
47 2.79459 0 0 0 0 -0.0204389 -0.0204389 -0.0219578
48 2.85469 0 0 0 0 -0.0218632 -0.0218632 -0.022713
49 2.91479 0 0 0 0 -0.0231708 -0.0231708 -0.0235088
50 2.97489 0 0 0 0 -0.0246767 -0.0246767 -0.0243947
51 3.03499 0 0 0 0 -0.0262722 -0.0262722 -0.0253121
52 3.09509 0 0 0 0 -0.0281006 -0.0281006 -0.0263413
53 3.15519 0 0 0 0 -0.0296174 -0.0296174 -0.0273362
54 3.21529 0 0 0 0 -0.0316322 -0.0316322 -0.0285104
55 3.27538 0 0 0 0 -0.0328916 -0.0328916 -0.0294995
56 3.33548 0 0 0 0 -0.0340482 -0.0340482 -0.0303685
57 3.39558 0 0 0 0 -0.0362133 -0.0362133 -0.031462
58 3.45568 0 0 0 0 -0.0385719 -0.0385719 -0.032704
59 3.51578 0 0 0 0 -0.0405053 -0.0405053 -0.0339194
60 3.57588 0 0 0 0 -0.0427521 -0.0427521 -0.035216
61 3.63598 0 0 0 0 -0.0449839 -0.0449839 -0.0365591
62 3.69608 0 0 0 0 -0.0477556 -0.0477556 -0.0380981
63 3.75618 0 0 0 0 -0.0498825 -0.0498825 -0.0395599
64 3.81627 0 0 0 0 -0.0523098 -0.0523098 -0.0411088
65 3.87637 0 0 0 0 -0.0538808 -0.0538808 -0.0425053
66 3.93647 0 0 0 0 -0.0561917 -0.0561917 -0.0440406
67 3.99657 0 0 0 0 -0.0578186 -0.0578186 -0.0453995
68 4.05667 0 0 0 0 -0.0601765 -0.0601765 -0.0468694
69 4.11677 0 0 0 0 -0.0628778 -0.0628778 -0.0484913
70 4.17687 0 0 0 0 -0.0652192 -0.0652192 -0.0500625
71 4.23697 0 0 0 0 -0.068868 -0.068868 -0.0520261
72 4.29706 0 0 0 0 -0.0708979 -0.0708979 -0.0538063
73 4.35716 0 0 0 0 -0.0728997 -0.0728997 -0.0555539
74 4.41726 0 0 0 0 -0.07424 -0.07424 -0.0570948
75 4.47736 0 0 0 0 -0.076507 -0.076507 -0.0587474
76 4.53746 0 0 0 0 -0.0793956 -0.0793956 -0.0606021
77 4.59756 0 0 0 0 -0.0815871 -0.0815871 -0.0623682
78 4.65766 0 0 0 0 -0.0835292 -0.0835292 -0.0641026
79 4.71776 0 0 0 0 -0.0860467 -0.0860467 -0.0659535
80 4.77786 0 0 0 0 -0.0885595 -0.0885595 -0.0678304
81 4.83795 0 0 0 0 -0.0906542 -0.0906542 -0.0696759
82 4.89805 0 0 0 0 -0.0922695 -0.0922695 -0.0713693
83 4.95815 0 0 0 0 -0.0949204 -0.0949204 -0.0732616
84 5.01825 0 0 0 0 -0.0974234 -0.0974234 -0.0751729
85 5.07835 0 0 0 0 -0.0999005 -0.0999005 -0.0771333
86 5.13845 0 0 0 0 -0.102234 -0.102234 -0.0791161
87 5.19855 0 0 0 0 -0.104201 -0.104201 -0.0810638
88 5.25865 0 0 0 0 -0.106043 -0.106043 -0.0829834
89 5.31874 0 0 0 0 -0.107305 -0.107305 -0.0847104
90 5.37884 0 0 0 0 -0.10997 -0.10997 -0.086685
91 5.43894 0 0 0 0 -0.111762 -0.111762 -0.088493
92 5.49904 0 0 0 0 -0.114091 -0.114091 -0.0904052
93 5.55914 0 0 0 0 -0.117139 -0.117139 -0.0925784
94 5.61924 0 0 0 0 -0.119292 -0.119292 -0.0947283
95 5.67934 0 0 0 0 -0.119298 -0.119298 -0.0963882
96 5.73944 0 0 0 0 -0.121343 -0.121343 -0.0983748
97 5.79953 0 0 0 0 -0.122605 -0.122605 -0.100193
98 5.85963 0 0 0 0 -0.124075 -0.124075 -0.101991
99 5.91973 0 0 0 0 -0.124856 -0.124856 -0.103574
100 5.97983 0 0 0 0 -0.127036 -0.127036 -0.105397
101 6.03993 0 0 0 0 -0.128678 -0.128678 -0.107053
102 6.10003 0 0 0 0 -0.131815 -0.131815 -0.109089
103 6.16013 0 0 0 0 -0.132632 -0.132632 -0.110699
104 6.22023 0 0 0 0 -0.135602 -0.135602 -0.112768
105 6.28033 0 0 0 0 -0.137111 -0.137111 -0.114608
106 6.34042 0 0 0 0 -0.138129 -0.138129 -0.11636
107 6.40052 0 0 0 0 -0.139587 -0.139587 -0.118118
108 6.46062 0 0 0 0 -0.140932 -0.140932 -0.119821
109 6.52072 0 0 0 0 -0.142404 -0.142404 -0.121514
110 6.58082 0 0 0 0 -0.143463 -0.143463 -0.123072
111 6.64092 0 0 0 0 -0.145372 -0.145372 -0.124816
112 6.70102 0 0 0 0 -0.146557 -0.146557 -0.126374
113 6.76112 0 0 0 0 -0.148318 -0.148318 -0.128031
114 6.82121 0 0 0 0 -0.150367 -0.150367 -0.129748
115 6.88131 0 0 0 0 -0.151096 -0.151096 -0.131205
116 6.94141 0 0 0 0 -0.15373 -0.15373 -0.133078
117 7.00151 0 0 0 0 -0.154591 -0.154591 -0.13457
118 7.06161 0 0 0 0 -0.155918 -0.155918 -0.13621
119 7.12171 0 0 0 0 -0.156159 -0.156159 -0.13756
120 7.18181 0 0 0 0 -0.157743 -0.157743 -0.139151
121 7.24191 0 0 0 0 -0.158987 -0.158987 -0.140622
122 7.302 0 0 0 0 -0.159796 -0.159796 -0.141952
123 7.3621 0 0 0 0 -0.161304 -0.161304 -0.14342
124 7.4222 0 0 0 0 -0.162568 -0.162568 -0.144825
125 7.4823 0 0 0 0 -0.163804 -0.163804 -0.146241
126 7.5424 0 0 0 0 -0.164523 -0.164523 -0.147521
127 7.6025 0 0 0 0 -0.165629 -0.165629 -0.148837
128 7.6626 0 0 0 0 -0.16631 -0.16631 -0.149964
129 7.7227 0 0 0 0 -0.168076 -0.168076 -0.151363
130 7.7828 0 0 0 0 -0.170793 -0.170793 -0.153028
131 7.84289 0 0 0 0 -0.16973 -0.16973 -0.1538
132 7.90299 0 0 0 0 -0.170758 -0.170758 -0.154979
133 7.96309 0 0 0 0 -0.172771 -0.172771 -0.156362
134 8.02319 0 0 0 0 -0.174333 -0.174333 -0.15771
135 8.08329 0 0 0 0 -0.174413 -0.174413 -0.158664
136 8.14339 0 0 0 0 -0.175321 -0.175321 -0.159806
137 8.20349 0 0 0 0 -0.176226 -0.176226 -0.160903
138 8.26359 0 0 0 0 -0.17731 -0.17731 -0.162014
139 8.32368 0 0 0 0 -0.178711 -0.178711 -0.163177
140 8.38378 0 0 0 0 -0.178837 -0.178837 -0.164115
141 8.44388 0 0 0 0 -0.179125 -0.179125 -0.164992
142 8.50398 0 0 0 0 -0.181126 -0.181126 -0.166263
143 8.56408 0 0 0 0 -0.181116 -0.181116 -0.167057
144 8.62418 0 0 0 0 -0.181837 -0.181837 -0.168024
145 8.68428 0 0 0 0 -0.183073 -0.183073 -0.169107
146 8.74438 0 0 0 0 -0.182577 -0.182577 -0.169828
147 8.80447 0 0 0 0 -0.182072 -0.182072 -0.170456
148 8.86457 0 0 0 0 -0.184204 -0.184204 -0.171589
149 8.92467 0 0 0 0 -0.184942 -0.184942 -0.172307
150 8.98477 0 0 0 0 -0.186417 -0.186417 -0.173215
151 9.04487 0 0 0 0 -0.187324 -0.187324 -0.17401
152 9.10497 0 0 0 0 -0.188437 -0.188437 -0.174911
153 9.16507 0 0 0 0 -0.18936 -0.18936 -0.175851
154 9.22517 0 0 0 0 -0.188227 -0.188227 -0.176288
155 9.28527 0 0 0 0 -0.1886 -0.1886 -0.177007
156 9.34536 0 0 0 0 -0.189103 -0.189103 -0.177708
157 9.40546 0 0 0 0 -0.189954 -0.189954 -0.178403
158 9.46556 0 0 0 0 -0.19058 -0.19058 -0.178963
159 9.52566 0 0 0 0 -0.192719 -0.192719 -0.179861
160 9.58576 0 0 0 0 -0.193663 -0.193663 -0.180537
161 9.64586 0 0 0 0 -0.19424 -0.19424 -0.1812
162 9.70596 0 0 0 0 -0.193728 -0.193728 -0.181581
163 9.76606 0 0 0 0 -0.195412 -0.195412 -0.182471
164 9.82615 0 0 0 0 -0.194989 -0.194989 -0.182855
165 9.88625 0 0 0 0 -0.195491 -0.195491 -0.183426
166 9.94635 0 0 0 0 -0.195174 -0.195174 -0.1838
167 10.0065 0 0 0 0 -0.196697 -0.196697 -0.184562
168 10.0665 0 0 0 0 -0.196896 -0.196896 -0.184995
169 10.1266 0 0 0 0 -0.196845 -0.196845 -0.185301
170 10.1867 0 0 0 0 -0.198349 -0.198349 -0.18594
171 10.2468 0 0 0 0 -0.199295 -0.199295 -0.186493
172 10.3069 0 0 0 0 -0.199521 -0.199521 -0.186865
173 10.367 0 0 0 0 -0.199947 -0.199947 -0.187318
174 10.4271 0 0 0 0 -0.199745 -0.199745 -0.187651
175 10.4872 0 0 0 0 -0.199648 -0.199648 -0.187957
176 10.5473 0 0 0 0 -0.200888 -0.200888 -0.188481
177 10.6074 0 0 0 0 -0.201648 -0.201648 -0.188906
178 10.6675 0 0 0 0 -0.20112 -0.20112 -0.189026
179 10.7276 0 0 0 0 -0.20223 -0.20223 -0.189482
180 10.7877 0 0 0 0 -0.203141 -0.203141 -0.189889
181 10.8478 0 0 0 0 -0.203187 -0.203187 -0.1901
182 10.9079 0 0 0 0 -0.203614 -0.203614 -0.190463
183 10.968 0 0 0 0 -0.202688 -0.202688 -0.190513
184 11.0281 0 0 0 0 -0.203804 -0.203804 -0.191036
185 11.0882 0 0 0 0 -0.202682 -0.202682 -0.191008
186 11.1483 0 0 0 0 -0.202529 -0.202529 -0.191149
187 11.2084 0 0 0 0 -0.203999 -0.203999 -0.191618
188 11.2685 0 0 0 0 -0.203813 -0.203813 -0.191722
189 11.3286 0 0 0 0 -0.203616 -0.203616 -0.191847
190 11.3887 0 0 0 0 -0.203392 -0.203392 -0.192002
191 11.4488 0 0 0 0 -0.202888 -0.202888 -0.192009
192 11.5089 0 0 0 0 -0.204477 -0.204477 -0.192468
193 11.569 0 0 0 0 -0.20364 -0.20364 -0.192345
194 11.6291 0 0 0 0 -0.203186 -0.203186 -0.192285
195 11.6892 0 0 0 0 -0.204717 -0.204717 -0.192692
196 11.7493 0 0 0 0 -0.204193 -0.204193 -0.192641
197 11.8094 0 0 0 0 -0.203673 -0.203673 -0.192661
198 11.8695 0 0 0 0 -0.201913 -0.201913 -0.192322
199 11.9296 0 0 0 0 -0.20373 -0.20373 -0.192688
200 11.9897 0 0 0 0 -0.204257 -0.204257 -0.192674
201 12.0498 0 0 0 0 -0.205014 -0.205014 -0.192736
202 12.1099 0 0 0 0 -0.204605 -0.204605 -0.192607
203 12.17 0 0 0 0 -0.203988 -0.203988 -0.192514
204 12.2301 0 0 0 0 -0.204106 -0.204106 -0.192592
205 12.2902 0 0 0 0 -0.202239 -0.202239 -0.192158
206 12.3503 0 0 0 0 -0.202909 -0.202909 -0.192224
207 12.4104 0 0 0 0 -0.203115 -0.203115 -0.192139
208 12.4705 0 0 0 0 -0.20359 -0.20359 -0.192182
209 12.5306 0 0 0 0 -0.201948 -0.201948 -0.191796
210 12.5907 0 0 0 0 -0.200104 -0.200104 -0.191379
211 12.6508 0 0 0 0 -0.20028 -0.20028 -0.191343
212 12.7109 0 0 0 0 -0.200969 -0.200969 -0.191271
213 12.771 0 0 0 0 -0.201734 -0.201734 -0.191101
214 12.8311 0 0 0 0 -0.202379 -0.202379 -0.190877
215 12.8912 0 0 0 0 -0.203367 -0.203367 -0.190805
216 12.9513 0 0 0 0 -0.202853 -0.202853 -0.190473
217 13.0114 0 0 0 0 -0.201288 -0.201288 -0.189944
218 13.0715 0 0 0 0 -0.201079 -0.201079 -0.189649
219 13.1316 0 0 0 0 -0.202259 -0.202259 -0.189592
220 13.1917 0 0 0 0 -0.202162 -0.202162 -0.189206
221 13.2518 0 0 0 0 -0.201943 -0.201943 -0.188844
222 13.3119 0 0 0 0 -0.201438 -0.201438 -0.188482
223 13.372 0 0 0 0 -0.200024 -0.200024 -0.18797
224 13.4321 0 0 0 0 -0.198738 -0.198738 -0.187488
225 13.4922 0 0 0 0 -0.198402 -0.198402 -0.18718
226 13.5523 0 0 0 0 -0.197675 -0.197675 -0.186708
227 13.6124 0 0 0 0 -0.196627 -0.196627 -0.186124
228 13.6725 0 0 0 0 -0.197578 -0.197578 -0.185996
229 13.7326 0 0 0 0 -0.196235 -0.196235 -0.185305
230 13.7927 0 0 0 0 -0.196444 -0.196444 -0.184914
231 13.8528 0 0 0 0 -0.196501 -0.196501 -0.184423
232 13.9129 0 0 0 0 -0.196845 -0.196845 -0.183958
233 13.973 0 0 0 0 -0.196845 -0.196845 -0.183406
234 14.0331 0 0 0 0 -0.196273 -0.196273 -0.182835
235 14.0932 0 0 0 0 -0.19507 -0.19507 -0.182149
236 14.1533 0 0 0 0 -0.193284 -0.193284 -0.181314
237 14.2134 0 0 0 0 -0.194056 -0.194056 -0.180993
238 14.2735 0 0 0 0 -0.193469 -0.193469 -0.180348
239 14.3336 0 0 0 0 -0.192414 -0.192414 -0.179542
240 14.3937 0 0 0 0 -0.192245 -0.192245 -0.17892
241 14.4538 0 0 0 0 -0.191275 -0.191275 -0.178181
242 14.5139 0 0 0 0 -0.190256 -0.190256 -0.177442
243 14.574 0 0 0 0 -0.188933 -0.188933 -0.176641
244 14.6341 0 0 0 0 -0.187652 -0.187652 -0.175797
245 14.6942 0 0 0 0 -0.18809 -0.18809 -0.175211
246 14.7543 0 0 0 0 -0.188498 -0.188498 -0.174512
247 14.8144 0 0 0 0 -0.189033 -0.189033 -0.17389
248 14.8745 0 0 0 0 -0.186793 -0.186793 -0.172657
249 14.9346 0 0 0 0 -0.186669 -0.186669 -0.171962
250 14.9947 0 0 0 0 -0.185672 -0.185672 -0.170968
251 15.0548 0 0 0 0 -0.18599 -0.18599 -0.170235
252 15.1148 0 0 0 0 -0.185652 -0.185652 -0.169318
253 15.1749 0 0 0 0 -0.183549 -0.183549 -0.168077
254 15.235 0 0 0 0 -0.183311 -0.183311 -0.167293
255 15.2951 0 0 0 0 -0.181516 -0.181516 -0.16614
256 15.3552 0 0 0 0 -0.181425 -0.181425 -0.165259
257 15.4153 0 0 0 0 -0.181191 -0.181191 -0.164294
258 15.4754 0 0 0 0 -0.179399 -0.179399 -0.163077
259 15.5355 0 0 0 0 -0.177053 -0.177053 -0.161833
260 15.5956 0 0 0 0 -0.175698 -0.175698 -0.160773
261 15.6557 0 0 0 0 -0.174825 -0.174825 -0.159786
262 15.7158 0 0 0 0 -0.174007 -0.174007 -0.158689
263 15.7759 0 0 0 0 -0.173825 -0.173825 -0.157645
264 15.836 0 0 0 0 -0.172953 -0.172953 -0.156372
265 15.8961 0 0 0 0 -0.172644 -0.172644 -0.155253
266 15.9562 0 0 0 0 -0.171922 -0.171922 -0.154031
267 16.0163 0 0 0 0 -0.170794 -0.170794 -0.152661
268 16.0764 0 0 0 0 -0.16888 -0.16888 -0.151143
269 16.1365 0 0 0 0 -0.167974 -0.167974 -0.149941
270 16.1966 0 0 0 0 -0.16617 -0.16617 -0.148615
271 16.2567 0 0 0 0 -0.162289 -0.162289 -0.146886
272 16.3168 0 0 0 0 -0.161557 -0.161557 -0.145782
273 16.3769 0 0 0 0 -0.16205 -0.16205 -0.144757
274 16.437 0 0 0 0 -0.160518 -0.160518 -0.143197
275 16.4971 0 0 0 0 -0.160055 -0.160055 -0.141913
276 16.5572 0 0 0 0 -0.158402 -0.158402 -0.140341
277 16.6173 0 0 0 0 -0.157969 -0.157969 -0.138981
278 16.6774 0 0 0 0 -0.158264 -0.158264 -0.137616
279 16.7375 0 0 0 0 -0.156667 -0.156667 -0.135813
280 16.7976 0 0 0 0 -0.156412 -0.156412 -0.134328
281 16.8577 0 0 0 0 -0.152851 -0.152851 -0.132224
282 16.9178 0 0 0 0 -0.151633 -0.151633 -0.130741
283 16.9779 0 0 0 0 -0.149535 -0.149535 -0.129054
284 17.038 0 0 0 0 -0.148568 -0.148568 -0.127562
285 17.0981 0 0 0 0 -0.146236 -0.146236 -0.125765
286 17.1582 0 0 0 0 -0.144747 -0.144747 -0.124167
287 17.2183 0 0 0 0 -0.143797 -0.143797 -0.122614
288 17.2784 0 0 0 0 -0.143893 -0.143893 -0.121148
289 17.3385 0 0 0 0 -0.142086 -0.142086 -0.119142
290 17.3986 0 0 0 0 -0.141717 -0.141717 -0.117421
291 17.4587 0 0 0 0 -0.139508 -0.139508 -0.115383
292 17.5188 0 0 0 0 -0.136623 -0.136623 -0.113381
293 17.5789 0 0 0 0 -0.134386 -0.134386 -0.111594
294 17.639 0 0 0 0 -0.13354 -0.13354 -0.110007
295 17.6991 0 0 0 0 -0.132714 -0.132714 -0.108255
296 17.7592 0 0 0 0 -0.131534 -0.131534 -0.106327
297 17.8193 0 0 0 0 -0.129473 -0.129473 -0.10424
298 17.8794 0 0 0 0 -0.127434 -0.127434 -0.102244
299 17.9395 0 0 0 0 -0.125386 -0.125386 -0.100268
300 17.9996 0 0 0 0 -0.122843 -0.122843 -0.0982394
301 18.0597 0 0 0 0 -0.120575 -0.120575 -0.0963294
302 18.1198 0 0 0 0 -0.117658 -0.117658 -0.094324
303 18.1799 0 0 0 0 -0.115688 -0.115688 -0.0925558
304 18.24 0 0 0 0 -0.114024 -0.114024 -0.0907974
305 18.3001 0 0 0 0 -0.11191 -0.11191 -0.0888974
306 18.3602 0 0 0 0 -0.110469 -0.110469 -0.0871077
307 18.4203 0 0 0 0 -0.108844 -0.108844 -0.0852052
308 18.4804 0 0 0 0 -0.106985 -0.106985 -0.0832442
309 18.5405 0 0 0 0 -0.104796 -0.104796 -0.0812667
310 18.6006 0 0 0 0 -0.102326 -0.102326 -0.0792792
311 18.6607 0 0 0 0 -0.100054 -0.100054 -0.0773626
312 18.7208 0 0 0 0 -0.0981754 -0.0981754 -0.0755168
313 18.7809 0 0 0 0 -0.0960414 -0.0960414 -0.0736289
314 18.841 0 0 0 0 -0.0940828 -0.0940828 -0.0717368
315 18.9011 0 0 0 0 -0.091692 -0.091692 -0.0697846
316 18.9612 0 0 0 0 -0.0890941 -0.0890941 -0.0678556
317 19.0213 0 0 0 0 -0.0867763 -0.0867763 -0.0660014
318 19.0814 0 0 0 0 -0.0845538 -0.0845538 -0.0641583
319 19.1415 0 0 0 0 -0.0826977 -0.0826977 -0.0623363
320 19.2016 0 0 0 0 -0.080665 -0.080665 -0.0604519
321 19.2617 0 0 0 0 -0.0770735 -0.0770735 -0.0583668
322 19.3218 0 0 0 0 -0.074429 -0.074429 -0.056618
323 19.3819 0 0 0 0 -0.0717634 -0.0717634 -0.0548974
324 19.442 0 0 0 0 -0.0691777 -0.0691777 -0.0532492
325 19.5021 0 0 0 0 -0.0670347 -0.0670347 -0.0516886
326 19.5622 0 0 0 0 -0.0651849 -0.0651849 -0.0501273
327 19.6223 0 0 0 0 -0.0626096 -0.0626096 -0.0484176
328 19.6824 0 0 0 0 -0.0606006 -0.0606006 -0.046854
329 19.7425 0 0 0 0 -0.0581868 -0.0581868 -0.0452414
330 19.8026 0 0 0 0 -0.0559061 -0.0559061 -0.0436593
331 19.8627 0 0 0 0 -0.053309 -0.053309 -0.0420489
332 19.9228 0 0 0 0 -0.0511187 -0.0511187 -0.0405983
333 19.9829 0 0 0 0 -0.0487813 -0.0487813 -0.0391612
334 20.043 0 0 0 0 -0.0466634 -0.0466634 -0.0377973
335 20.1031 0 0 0 0 -0.044374 -0.044374 -0.0363781
336 20.1631 0 0 0 0 -0.0419201 -0.0419201 -0.034987
337 20.2232 0 0 0 0 -0.0401182 -0.0401182 -0.0337614
338 20.2833 0 0 0 0 -0.0377338 -0.0377338 -0.0324643
339 20.3434 0 0 0 0 -0.0354417 -0.0354417 -0.0312654
340 20.4035 0 0 0 0 -0.0339846 -0.0339846 -0.0302927
341 20.4636 0 0 0 0 -0.0322492 -0.0322492 -0.0291961
342 20.5237 0 0 0 0 -0.0301113 -0.0301113 -0.0280671
343 20.5838 0 0 0 0 -0.0286362 -0.0286362 -0.0271427
344 20.6439 0 0 0 0 -0.0271383 -0.0271383 -0.0262211
345 20.704 0 0 0 0 -0.0255691 -0.0255691 -0.0252925
346 20.7641 0 0 0 0 -0.0242975 -0.0242975 -0.0244307
347 20.8242 0 0 0 0 -0.0226044 -0.0226044 -0.0234686
348 20.8843 0 0 0 0 -0.0209026 -0.0209026 -0.0225976
349 20.9444 0 0 0 0 -0.01972 -0.01972 -0.0219229
350 21.0045 0 0 0 0 -0.0186346 -0.0186346 -0.0212796
351 21.0646 0 0 0 0 -0.0176503 -0.0176503 -0.0206747
352 21.1247 0 0 0 0 -0.0169292 -0.0169292 -0.0201162
353 21.1848 0 0 0 0 -0.0159114 -0.0159114 -0.0194537
354 21.2449 0 0 0 0 -0.0150369 -0.0150369 -0.0188746
355 21.305 0 0 0 0 -0.0141799 -0.0141799 -0.0183186
356 21.3651 0 0 0 0 -0.0132827 -0.0132827 -0.0177688
357 21.4252 0 0 0 0 -0.0124569 -0.0124569 -0.0172841
358 21.4853 0 0 0 0 -0.0117986 -0.0117986 -0.0168559
359 21.5454 0 0 0 0 -0.0110947 -0.0110947 -0.0164025
360 21.6055 0 0 0 0 -0.0104498 -0.0104498 -0.0160022
361 21.6656 0 0 0 0 -0.00994427 -0.00994427 -0.0156689
362 21.7257 0 0 0 0 -0.00946432 -0.00946432 -0.0153327
363 21.7858 0 0 0 0 -0.0089887 -0.0089887 -0.0150165
364 21.8459 0 0 0 0 -0.00841439 -0.00841439 -0.0146791
365 21.906 0 0 0 0 -0.00804513 -0.00804513 -0.0144274
366 21.9661 0 0 0 0 -0.00774268 -0.00774268 -0.0141845
367 22.0262 0 0 0 0 -0.00734807 -0.00734807 -0.0139152
368 22.0863 0 0 0 0 -0.00702413 -0.00702413 -0.0136919
369 22.1464 0 0 0 0 -0.00673128 -0.00673128 -0.0134941
370 22.2065 0 0 0 0 -0.00647482 -0.00647482 -0.0132988
371 22.2666 0 0 0 0 -0.00620969 -0.00620969 -0.0131056
372 22.3267 0 0 0 0 -0.00604844 -0.00604844 -0.012975
373 22.3868 0 0 0 0 -0.00586761 -0.00586761 -0.0128268
374 22.4469 0 0 0 0 -0.00565053 -0.00565053 -0.0126646
375 22.507 0 0 0 0 -0.00543368 -0.00543368 -0.0125085
376 22.5671 0 0 0 0 -0.00525293 -0.00525293 -0.0123793
377 22.6272 0 0 0 0 -0.00514273 -0.00514273 -0.0122915
378 22.6873 0 0 0 0 -0.00508927 -0.00508927 -0.0122172
379 22.7474 0 0 0 0 -0.00496355 -0.00496355 -0.0120968
380 22.8075 0 0 0 0 -0.00488216 -0.00488216 -0.0120133
381 22.8676 0 0 0 0 -0.00470211 -0.00470211 -0.0118857
382 22.9277 0 0 0 0 -0.00456466 -0.00456466 -0.0117887
383 22.9878 0 0 0 0 -0.00449873 -0.00449873 -0.0117373
384 23.0479 0 0 0 0 -0.00440381 -0.00440381 -0.0116714
385 23.108 0 0 0 0 -0.00430534 -0.00430534 -0.0116104
386 23.1681 0 0 0 0 -0.00427885 -0.00427885 -0.0115883
387 23.2282 0 0 0 0 -0.0042653 -0.0042653 -0.0115674
388 23.2883 0 0 0 0 -0.00420733 -0.00420733 -0.011516
389 23.3484 0 0 0 0 -0.00417289 -0.00417289 -0.0114869
390 23.4085 0 0 0 0 -0.00414166 -0.00414166 -0.0114661
391 23.4686 0 0 0 0 -0.00410655 -0.00410655 -0.0114399
392 23.5287 0 0 0 0 -0.00408445 -0.00408445 -0.0114214
393 23.5888 0 0 0 0 -0.00409293 -0.00409293 -0.0114187
394 23.6489 0 0 0 0 -0.00414416 -0.00414416 -0.0114387
395 23.709 0 0 0 0 -0.00410803 -0.00410803 -0.0114194
144000 395
1 0.0300494 0 0 0 0 -0.00409846 -0.00409846 -0.0114381
2 0.0901482 0 0 0 0 -0.00408129 -0.00408129 -0.0114226
3 0.150247 0 0 0 0 -0.00413003 -0.00413003 -0.0114544
4 0.210346 0 0 0 0 -0.00412155 -0.00412155 -0.0114555
5 0.270445 0 0 0 0 -0.00413051 -0.00413051 -0.011465
6 0.330543 0 0 0 0 -0.00417346 -0.00417346 -0.0114956
7 0.390642 0 0 0 0 -0.00419245 -0.00419245 -0.0115105
8 0.450741 0 0 0 0 -0.00423981 -0.00423981 -0.0115463
9 0.51084 0 0 0 0 -0.00432079 -0.00432079 -0.0115895
10 0.570939 0 0 0 0 -0.00446149 -0.00446149 -0.0116733
11 0.631037 0 0 0 0 -0.00445968 -0.00445968 -0.0117157
12 0.691136 0 0 0 0 -0.00449542 -0.00449542 -0.0117636
13 0.751235 0 0 0 0 -0.00460249 -0.00460249 -0.0118378
14 0.811334 0 0 0 0 -0.00470721 -0.00470721 -0.0119101
15 0.871433 0 0 0 0 -0.00479857 -0.00479857 -0.0119787
16 0.931531 0 0 0 0 -0.00491707 -0.00491707 -0.0120722
17 0.99163 0 0 0 0 -0.00500273 -0.00500273 -0.0121568
18 1.05173 0 0 0 0 -0.0051483 -0.0051483 -0.012272
19 1.11183 0 0 0 0 -0.0052034 -0.0052034 -0.0123403
20 1.17193 0 0 0 0 -0.00530865 -0.00530865 -0.0124264
21 1.23203 0 0 0 0 -0.00550316 -0.00550316 -0.0125709
22 1.29212 0 0 0 0 -0.00565777 -0.00565777 -0.0126996
23 1.35222 0 0 0 0 -0.00577487 -0.00577487 -0.0128065
24 1.41232 0 0 0 0 -0.00601139 -0.00601139 -0.0129678
25 1.47242 0 0 0 0 -0.0061871 -0.0061871 -0.013103
26 1.53252 0 0 0 0 -0.00650189 -0.00650189 -0.0133027
27 1.59262 0 0 0 0 -0.00679753 -0.00679753 -0.0135215
28 1.65272 0 0 0 0 -0.00703554 -0.00703554 -0.0137092
29 1.71282 0 0 0 0 -0.0072875 -0.0072875 -0.0138994
30 1.77291 0 0 0 0 -0.00760029 -0.00760029 -0.0141019
31 1.83301 0 0 0 0 -0.00800116 -0.00800116 -0.0143666
32 1.89311 0 0 0 0 -0.00834357 -0.00834357 -0.0146075
33 1.95321 0 0 0 0 -0.00886242 -0.00886242 -0.0149322
34 2.01331 0 0 0 0 -0.00932752 -0.00932752 -0.0152368
35 2.07341 0 0 0 0 -0.00993309 -0.00993309 -0.0155991
36 2.13351 0 0 0 0 -0.0106519 -0.0106519 -0.0160195
37 2.19361 0 0 0 0 -0.0113179 -0.0113179 -0.0164475
38 2.25371 0 0 0 0 -0.0120761 -0.0120761 -0.0169298
39 2.3138 0 0 0 0 -0.0126043 -0.0126043 -0.0173181
40 2.3739 0 0 0 0 -0.0133596 -0.0133596 -0.0177649
41 2.434 0 0 0 0 -0.0143222 -0.0143222 -0.0183362
42 2.4941 0 0 0 0 -0.0152434 -0.0152434 -0.0188888
43 2.5542 0 0 0 0 -0.0161799 -0.0161799 -0.0194514
44 2.6143 0 0 0 0 -0.0171132 -0.0171132 -0.0200403
45 2.6744 0 0 0 0 -0.0180957 -0.0180957 -0.0206623
46 2.7345 0 0 0 0 -0.019234 -0.019234 -0.0213354
47 2.79459 0 0 0 0 -0.0206718 -0.0206718 -0.0220936
48 2.85469 0 0 0 0 -0.022073 -0.022073 -0.0228568
49 2.91479 0 0 0 0 -0.0233268 -0.0233268 -0.0236436
50 2.97489 0 0 0 0 -0.0247715 -0.0247715 -0.0245052
51 3.03499 0 0 0 0 -0.026348 -0.026348 -0.0254104
52 3.09509 0 0 0 0 -0.0281097 -0.0281097 -0.02641
53 3.15519 0 0 0 0 -0.0296456 -0.0296456 -0.027397
54 3.21529 0 0 0 0 -0.0317461 -0.0317461 -0.0285972
55 3.27538 0 0 0 0 -0.0329454 -0.0329454 -0.0295787
56 3.33548 0 0 0 0 -0.0340215 -0.0340215 -0.0304148
57 3.39558 0 0 0 0 -0.0361992 -0.0361992 -0.0314956
58 3.45568 0 0 0 0 -0.038589 -0.038589 -0.0327335
59 3.51578 0 0 0 0 -0.0407029 -0.0407029 -0.0339965
60 3.57588 0 0 0 0 -0.0428903 -0.0428903 -0.0353005
61 3.63598 0 0 0 0 -0.045041 -0.045041 -0.0366311
62 3.69608 0 0 0 0 -0.0478134 -0.0478134 -0.0381663
63 3.75618 0 0 0 0 -0.0499557 -0.0499557 -0.0396318
64 3.81627 0 0 0 0 -0.052289 -0.052289 -0.0411552
65 3.87637 0 0 0 0 -0.053882 -0.053882 -0.0425428
66 3.93647 0 0 0 0 -0.0562382 -0.0562382 -0.0440809
67 3.99657 0 0 0 0 -0.057906 -0.057906 -0.0454475
68 4.05667 0 0 0 0 -0.0602136 -0.0602136 -0.0469023
69 4.11677 0 0 0 0 -0.0630513 -0.0630513 -0.0485509
70 4.17687 0 0 0 0 -0.065378 -0.065378 -0.0501288
71 4.23697 0 0 0 0 -0.069067 -0.069067 -0.0521121
72 4.29706 0 0 0 0 -0.0710976 -0.0710976 -0.0539132
73 4.35716 0 0 0 0 -0.0730086 -0.0730086 -0.0556624
74 4.41726 0 0 0 0 -0.0743118 -0.0743118 -0.0572071
75 4.47736 0 0 0 0 -0.0764626 -0.0764626 -0.058837
76 4.53746 0 0 0 0 -0.0793106 -0.0793106 -0.0606711
77 4.59756 0 0 0 0 -0.0814501 -0.0814501 -0.0624087
78 4.65766 0 0 0 0 -0.0834022 -0.0834022 -0.0641246
79 4.71776 0 0 0 0 -0.0861272 -0.0861272 -0.0660191
80 4.77786 0 0 0 0 -0.0884936 -0.0884936 -0.0678806
81 4.83795 0 0 0 0 -0.0906188 -0.0906188 -0.0697396
82 4.89805 0 0 0 0 -0.0921456 -0.0921456 -0.0714176
83 4.95815 0 0 0 0 -0.0947776 -0.0947776 -0.0733013
84 5.01825 0 0 0 0 -0.0972572 -0.0972572 -0.0752023
85 5.07835 0 0 0 0 -0.0997749 -0.0997749 -0.0771721
86 5.13845 0 0 0 0 -0.102055 -0.102055 -0.0791494
87 5.19855 0 0 0 0 -0.103904 -0.103904 -0.0810677
88 5.25865 0 0 0 0 -0.105758 -0.105758 -0.0829762
89 5.31874 0 0 0 0 -0.107038 -0.107038 -0.0846949
90 5.37884 0 0 0 0 -0.109704 -0.109704 -0.08666
91 5.43894 0 0 0 0 -0.111481 -0.111481 -0.0884537
92 5.49904 0 0 0 0 -0.113766 -0.113766 -0.0903391
93 5.55914 0 0 0 0 -0.116918 -0.116918 -0.092517
94 5.61924 0 0 0 0 -0.119125 -0.119125 -0.0946627
95 5.67934 0 0 0 0 -0.119372 -0.119372 -0.0963777
96 5.73944 0 0 0 0 -0.121145 -0.121145 -0.0983157
97 5.79953 0 0 0 0 -0.122538 -0.122538 -0.10016
98 5.85963 0 0 0 0 -0.124018 -0.124018 -0.101966
99 5.91973 0 0 0 0 -0.124834 -0.124834 -0.103567
100 5.97983 0 0 0 0 -0.126868 -0.126868 -0.105372
101 6.03993 0 0 0 0 -0.128582 -0.128582 -0.107056
102 6.10003 0 0 0 0 -0.131383 -0.131383 -0.109016
103 6.16013 0 0 0 0 -0.132448 -0.132448 -0.110667
104 6.22023 0 0 0 0 -0.135316 -0.135316 -0.112713
105 6.28033 0 0 0 0 -0.1368 -0.1368 -0.114547
106 6.34042 0 0 0 0 -0.137714 -0.137714 -0.116262
107 6.40052 0 0 0 0 -0.139159 -0.139159 -0.117999
108 6.46062 0 0 0 0 -0.140626 -0.140626 -0.11971
109 6.52072 0 0 0 0 -0.142092 -0.142092 -0.121384
110 6.58082 0 0 0 0 -0.143241 -0.143241 -0.122944
111 6.64092 0 0 0 0 -0.145223 -0.145223 -0.124686
112 6.70102 0 0 0 0 -0.146439 -0.146439 -0.126234
113 6.76112 0 0 0 0 -0.148519 -0.148519 -0.127954
114 6.82121 0 0 0 0 -0.15069 -0.15069 -0.129731
115 6.88131 0 0 0 0 -0.151042 -0.151042 -0.13116
116 6.94141 0 0 0 0 -0.153407 -0.153407 -0.133004
117 7.00151 0 0 0 0 -0.154234 -0.154234 -0.134491
118 7.06161 0 0 0 0 -0.155461 -0.155461 -0.13609
119 7.12171 0 0 0 0 -0.155835 -0.155835 -0.13745
120 7.18181 0 0 0 0 -0.157464 -0.157464 -0.139038
121 7.24191 0 0 0 0 -0.158742 -0.158742 -0.140514
122 7.302 0 0 0 0 -0.159455 -0.159455 -0.141819
123 7.3621 0 0 0 0 -0.161091 -0.161091 -0.143318
124 7.4222 0 0 0 0 -0.162303 -0.162303 -0.144716
125 7.4823 0 0 0 0 -0.163399 -0.163399 -0.146095
126 7.5424 0 0 0 0 -0.164108 -0.164108 -0.147355
127 7.6025 0 0 0 0 -0.165333 -0.165333 -0.14867
128 7.6626 0 0 0 0 -0.166251 -0.166251 -0.149824
129 7.7227 0 0 0 0 -0.168242 -0.168242 -0.151257
130 7.7828 0 0 0 0 -0.170983 -0.170983 -0.152937
131 7.84289 0 0 0 0 -0.169863 -0.169863 -0.153741
132 7.90299 0 0 0 0 -0.170561 -0.170561 -0.154871
133 7.96309 0 0 0 0 -0.172681 -0.172681 -0.156293
134 8.02319 0 0 0 0 -0.17403 -0.17403 -0.157593
135 8.08329 0 0 0 0 -0.174215 -0.174215 -0.158575
136 8.14339 0 0 0 0 -0.175098 -0.175098 -0.159727
137 8.20349 0 0 0 0 -0.175779 -0.175779 -0.160787
138 8.26359 0 0 0 0 -0.176839 -0.176839 -0.161896
139 8.32368 0 0 0 0 -0.178218 -0.178218 -0.163052
140 8.38378 0 0 0 0 -0.178316 -0.178316 -0.163965
141 8.44388 0 0 0 0 -0.178736 -0.178736 -0.164862
142 8.50398 0 0 0 0 -0.180623 -0.180623 -0.166093
143 8.56408 0 0 0 0 -0.180774 -0.180774 -0.166906
144 8.62418 0 0 0 0 -0.181629 -0.181629 -0.16788
145 8.68428 0 0 0 0 -0.182913 -0.182913 -0.168945
146 8.74438 0 0 0 0 -0.182593 -0.182593 -0.169676
147 8.80447 0 0 0 0 -0.182357 -0.182357 -0.170342
148 8.86457 0 0 0 0 -0.184724 -0.184724 -0.171522
149 8.92467 0 0 0 0 -0.185353 -0.185353 -0.172234
150 8.98477 0 0 0 0 -0.186588 -0.186588 -0.173125
151 9.04487 0 0 0 0 -0.18755 -0.18755 -0.173969
152 9.10497 0 0 0 0 -0.188403 -0.188403 -0.174851
153 9.16507 0 0 0 0 -0.18899 -0.18899 -0.175727
154 9.22517 0 0 0 0 -0.187929 -0.187929 -0.176183
155 9.28527 0 0 0 0 -0.188335 -0.188335 -0.176904
156 9.34536 0 0 0 0 -0.188878 -0.188878 -0.177601
157 9.40546 0 0 0 0 -0.18974 -0.18974 -0.178277
158 9.46556 0 0 0 0 -0.190636 -0.190636 -0.178871
159 9.52566 0 0 0 0 -0.192962 -0.192962 -0.179784
160 9.58576 0 0 0 0 -0.194028 -0.194028 -0.180487
161 9.64586 0 0 0 0 -0.194492 -0.194492 -0.18115
162 9.70596 0 0 0 0 -0.193756 -0.193756 -0.181504
163 9.76606 0 0 0 0 -0.195279 -0.195279 -0.182355
164 9.82615 0 0 0 0 -0.195277 -0.195277 -0.182813
165 9.88625 0 0 0 0 -0.196027 -0.196027 -0.183428
166 9.94635 0 0 0 0 -0.195482 -0.195482 -0.183778
167 10.0065 0 0 0 0 -0.196667 -0.196667 -0.184507
168 10.0665 0 0 0 0 -0.196809 -0.196809 -0.184961
169 10.1266 0 0 0 0 -0.196632 -0.196632 -0.185249
170 10.1867 0 0 0 0 -0.198092 -0.198092 -0.185878
171 10.2468 0 0 0 0 -0.199064 -0.199064 -0.186431
172 10.3069 0 0 0 0 -0.199439 -0.199439 -0.186849
173 10.367 0 0 0 0 -0.199658 -0.199658 -0.187261
174 10.4271 0 0 0 0 -0.199398 -0.199398 -0.187574
175 10.4872 0 0 0 0 -0.199445 -0.199445 -0.187888
176 10.5473 0 0 0 0 -0.201005 -0.201005 -0.188454
177 10.6074 0 0 0 0 -0.201984 -0.201984 -0.188906
178 10.6675 0 0 0 0 -0.201272 -0.201272 -0.18898
179 10.7276 0 0 0 0 -0.202549 -0.202549 -0.18947
180 10.7877 0 0 0 0 -0.203573 -0.203573 -0.189905
181 10.8478 0 0 0 0 -0.203471 -0.203471 -0.190097
182 10.9079 0 0 0 0 -0.203725 -0.203725 -0.190457
183 10.968 0 0 0 0 -0.202574 -0.202574 -0.190501
184 11.0281 0 0 0 0 -0.203438 -0.203438 -0.190986
185 11.0882 0 0 0 0 -0.202198 -0.202198 -0.190928
186 11.1483 0 0 0 0 -0.202496 -0.202496 -0.191165
187 11.2084 0 0 0 0 -0.203735 -0.203735 -0.19156
188 11.2685 0 0 0 0 -0.203818 -0.203818 -0.191718
189 11.3286 0 0 0 0 -0.203594 -0.203594 -0.191839
190 11.3887 0 0 0 0 -0.203236 -0.203236 -0.191955
191 11.4488 0 0 0 0 -0.202976 -0.202976 -0.192012
192 11.5089 0 0 0 0 -0.204409 -0.204409 -0.192422
193 11.569 0 0 0 0 -0.203839 -0.203839 -0.192339
194 11.6291 0 0 0 0 -0.20343 -0.20343 -0.192268
195 11.6892 0 0 0 0 -0.205218 -0.205218 -0.192709
196 11.7493 0 0 0 0 -0.20474 -0.20474 -0.192664
197 11.8094 0 0 0 0 -0.203969 -0.203969 -0.192652
198 11.8695 0 0 0 0 -0.202074 -0.202074 -0.192323
199 11.9296 0 0 0 0 -0.20359 -0.20359 -0.192653
200 11.9897 0 0 0 0 -0.204017 -0.204017 -0.192635
201 12.0498 0 0 0 0 -0.204791 -0.204791 -0.192708
202 12.1099 0 0 0 0 -0.204357 -0.204357 -0.192572
203 12.17 0 0 0 0 -0.203768 -0.203768 -0.192486
204 12.2301 0 0 0 0 -0.203824 -0.203824 -0.192551
205 12.2902 0 0 0 0 -0.202199 -0.202199 -0.192171
206 12.3503 0 0 0 0 -0.202611 -0.202611 -0.192162
207 12.4104 0 0 0 0 -0.203129 -0.203129 -0.192136
208 12.4705 0 0 0 0 -0.203639 -0.203639 -0.192162
209 12.5306 0 0 0 0 -0.202177 -0.202177 -0.191798
210 12.5907 0 0 0 0 -0.200574 -0.200574 -0.191418
211 12.6508 0 0 0 0 -0.200536 -0.200536 -0.191322
212 12.7109 0 0 0 0 -0.201267 -0.201267 -0.191264
213 12.771 0 0 0 0 -0.2018 -0.2018 -0.19107
214 12.8311 0 0 0 0 -0.202355 -0.202355 -0.190867
215 12.8912 0 0 0 0 -0.202843 -0.202843 -0.190702
216 12.9513 0 0 0 0 -0.202511 -0.202511 -0.190417
217 13.0114 0 0 0 0 -0.20116 -0.20116 -0.189918
218 13.0715 0 0 0 0 -0.201076 -0.201076 -0.189626
219 13.1316 0 0 0 0 -0.202342 -0.202342 -0.189582
220 13.1917 0 0 0 0 -0.202013 -0.202013 -0.18914
221 13.2518 0 0 0 0 -0.201903 -0.201903 -0.188793
222 13.3119 0 0 0 0 -0.201837 -0.201837 -0.188498
223 13.372 0 0 0 0 -0.200366 -0.200366 -0.187944
224 13.4321 0 0 0 0 -0.199003 -0.199003 -0.187448
225 13.4922 0 0 0 0 -0.198552 -0.198552 -0.187133
226 13.5523 0 0 0 0 -0.197696 -0.197696 -0.186643
227 13.6124 0 0 0 0 -0.196872 -0.196872 -0.186102
228 13.6725 0 0 0 0 -0.197591 -0.197591 -0.18591
229 13.7326 0 0 0 0 -0.196632 -0.196632 -0.185304
230 13.7927 0 0 0 0 -0.19632 -0.19632 -0.184821
231 13.8528 0 0 0 0 -0.196287 -0.196287 -0.184339
232 13.9129 0 0 0 0 -0.196503 -0.196503 -0.18386
233 13.973 0 0 0 0 -0.196637 -0.196637 -0.183335
234 14.0331 0 0 0 0 -0.196292 -0.196292 -0.182781
235 14.0932 0 0 0 0 -0.195485 -0.195485 -0.182137
236 14.1533 0 0 0 0 -0.193947 -0.193947 -0.181332
237 14.2134 0 0 0 0 -0.194069 -0.194069 -0.18087
238 14.2735 0 0 0 0 -0.193737 -0.193737 -0.180286
239 14.3336 0 0 0 0 -0.192977 -0.192977 -0.179538
240 14.3937 0 0 0 0 -0.192305 -0.192305 -0.178826
241 14.4538 0 0 0 0 -0.191214 -0.191214 -0.178085
242 14.5139 0 0 0 0 -0.190073 -0.190073 -0.177352
243 14.574 0 0 0 0 -0.18858 -0.18858 -0.176538
244 14.6341 0 0 0 0 -0.187258 -0.187258 -0.175705
245 14.6942 0 0 0 0 -0.187657 -0.187657 -0.175123
246 14.7543 0 0 0 0 -0.188214 -0.188214 -0.174462
247 14.8144 0 0 0 0 -0.188606 -0.188606 -0.173796
248 14.8745 0 0 0 0 -0.186677 -0.186677 -0.172629
249 14.9346 0 0 0 0 -0.186493 -0.186493 -0.171916
250 14.9947 0 0 0 0 -0.185352 -0.185352 -0.170893
251 15.0548 0 0 0 0 -0.185877 -0.185877 -0.170208
252 15.1148 0 0 0 0 -0.185583 -0.185583 -0.169281
253 15.1749 0 0 0 0 -0.183577 -0.183577 -0.168041
254 15.235 0 0 0 0 -0.183486 -0.183486 -0.167288
255 15.2951 0 0 0 0 -0.181299 -0.181299 -0.16606
256 15.3552 0 0 0 0 -0.181144 -0.181144 -0.165191
257 15.4153 0 0 0 0 -0.180847 -0.180847 -0.164225
258 15.4754 0 0 0 0 -0.179197 -0.179197 -0.163043
259 15.5355 0 0 0 0 -0.176858 -0.176858 -0.161799
260 15.5956 0 0 0 0 -0.175302 -0.175302 -0.160706
261 15.6557 0 0 0 0 -0.174489 -0.174489 -0.159744
262 15.7158 0 0 0 0 -0.173635 -0.173635 -0.158651
263 15.7759 0 0 0 0 -0.173447 -0.173447 -0.157605
264 15.836 0 0 0 0 -0.172788 -0.172788 -0.156378
265 15.8961 0 0 0 0 -0.172382 -0.172382 -0.155234
266 15.9562 0 0 0 0 -0.171663 -0.171663 -0.154019
267 16.0163 0 0 0 0 -0.170526 -0.170526 -0.152651
268 16.0764 0 0 0 0 -0.168967 -0.168967 -0.151191
269 16.1365 0 0 0 0 -0.168048 -0.168048 -0.149955
270 16.1966 0 0 0 0 -0.166289 -0.166289 -0.148616
271 16.2567 0 0 0 0 -0.162551 -0.162551 -0.146911
272 16.3168 0 0 0 0 -0.161536 -0.161536 -0.145749
273 16.3769 0 0 0 0 -0.161924 -0.161924 -0.144707
274 16.437 0 0 0 0 -0.160593 -0.160593 -0.14319
275 16.4971 0 0 0 0 -0.160063 -0.160063 -0.141896
276 16.5572 0 0 0 0 -0.157981 -0.157981 -0.140252
277 16.6173 0 0 0 0 -0.157564 -0.157564 -0.138935
278 16.6774 0 0 0 0 -0.157648 -0.157648 -0.13756
279 16.7375 0 0 0 0 -0.156266 -0.156266 -0.135826
280 16.7976 0 0 0 0 -0.156158 -0.156158 -0.134371
281 16.8577 0 0 0 0 -0.152588 -0.152588 -0.132251
282 16.9178 0 0 0 0 -0.151447 -0.151447 -0.130786
283 16.9779 0 0 0 0 -0.149152 -0.149152 -0.12906
284 17.038 0 0 0 0 -0.148477 -0.148477 -0.127639
285 17.0981 0 0 0 0 -0.146201 -0.146201 -0.125838
286 17.1582 0 0 0 0 -0.144804 -0.144804 -0.124237
287 17.2183 0 0 0 0 -0.143916 -0.143916 -0.122668
288 17.2784 0 0 0 0 -0.144097 -0.144097 -0.121188
289 17.3385 0 0 0 0 -0.142275 -0.142275 -0.119164
290 17.3986 0 0 0 0 -0.141619 -0.141619 -0.1174
291 17.4587 0 0 0 0 -0.139015 -0.139015 -0.115319
292 17.5188 0 0 0 0 -0.136209 -0.136209 -0.113381
293 17.5789 0 0 0 0 -0.134059 -0.134059 -0.111645
294 17.639 0 0 0 0 -0.133493 -0.133493 -0.11012
295 17.6991 0 0 0 0 -0.132551 -0.132551 -0.108327
296 17.7592 0 0 0 0 -0.131475 -0.131475 -0.106417
297 17.8193 0 0 0 0 -0.129533 -0.129533 -0.104347
298 17.8794 0 0 0 0 -0.127594 -0.127594 -0.102359
299 17.9395 0 0 0 0 -0.125541 -0.125541 -0.100366
300 17.9996 0 0 0 0 -0.123069 -0.123069 -0.0983328
301 18.0597 0 0 0 0 -0.120925 -0.120925 -0.0964185
302 18.1198 0 0 0 0 -0.118024 -0.118024 -0.0943932
303 18.1799 0 0 0 0 -0.115858 -0.115858 -0.0925811
304 18.24 0 0 0 0 -0.114121 -0.114121 -0.0908137
305 18.3001 0 0 0 0 -0.111934 -0.111934 -0.0889121
306 18.3602 0 0 0 0 -0.110417 -0.110417 -0.0871273
307 18.4203 0 0 0 0 -0.108804 -0.108804 -0.0852563
308 18.4804 0 0 0 0 -0.106885 -0.106885 -0.083313
309 18.5405 0 0 0 0 -0.104853 -0.104853 -0.0813827
310 18.6006 0 0 0 0 -0.102745 -0.102745 -0.0794298
311 18.6607 0 0 0 0 -0.10056 -0.10056 -0.0774688
312 18.7208 0 0 0 0 -0.0983031 -0.0983031 -0.0755425
313 18.7809 0 0 0 0 -0.096243 -0.096243 -0.0736855
314 18.841 0 0 0 0 -0.0942003 -0.0942003 -0.0717947
315 18.9011 0 0 0 0 -0.0919 -0.0919 -0.0698665
316 18.9612 0 0 0 0 -0.0893968 -0.0893968 -0.0679362
317 19.0213 0 0 0 0 -0.0873249 -0.0873249 -0.0660842
318 19.0814 0 0 0 0 -0.0847912 -0.0847912 -0.0641582
319 19.1415 0 0 0 0 -0.0828157 -0.0828157 -0.0623237
320 19.2016 0 0 0 0 -0.0807319 -0.0807319 -0.060442
321 19.2617 0 0 0 0 -0.0769764 -0.0769764 -0.0583441
322 19.3218 0 0 0 0 -0.0744514 -0.0744514 -0.0566354
323 19.3819 0 0 0 0 -0.0716421 -0.0716421 -0.0549041
324 19.442 0 0 0 0 -0.0691269 -0.0691269 -0.0532994
325 19.5021 0 0 0 0 -0.0671232 -0.0671232 -0.0517814
326 19.5622 0 0 0 0 -0.065301 -0.065301 -0.0502212
327 19.6223 0 0 0 0 -0.0628241 -0.0628241 -0.0485232
328 19.6824 0 0 0 0 -0.0608241 -0.0608241 -0.0469497
329 19.7425 0 0 0 0 -0.0584296 -0.0584296 -0.0453329
330 19.8026 0 0 0 0 -0.0562603 -0.0562603 -0.0437558
331 19.8627 0 0 0 0 -0.0535787 -0.0535787 -0.0421049
332 19.9228 0 0 0 0 -0.0515055 -0.0515055 -0.0406501
333 19.9829 0 0 0 0 -0.0490117 -0.0490117 -0.0391563
334 20.043 0 0 0 0 -0.046597 -0.046597 -0.0377395
335 20.1031 0 0 0 0 -0.0443187 -0.0443187 -0.0363534
336 20.1631 0 0 0 0 -0.0420273 -0.0420273 -0.0350036
337 20.2232 0 0 0 0 -0.0401336 -0.0401336 -0.0337451
338 20.2833 0 0 0 0 -0.0376657 -0.0376657 -0.0324328
339 20.3434 0 0 0 0 -0.0353326 -0.0353326 -0.0312373
340 20.4035 0 0 0 0 -0.0338971 -0.0338971 -0.0302878
341 20.4636 0 0 0 0 -0.032167 -0.032167 -0.029212
342 20.5237 0 0 0 0 -0.0301614 -0.0301614 -0.0281248
343 20.5838 0 0 0 0 -0.028739 -0.028739 -0.0271949
344 20.6439 0 0 0 0 -0.0271484 -0.0271484 -0.0262371
345 20.704 0 0 0 0 -0.0255216 -0.0255216 -0.025302
346 20.7641 0 0 0 0 -0.0242821 -0.0242821 -0.0244634
347 20.8242 0 0 0 0 -0.022629 -0.022629 -0.0235222
348 20.8843 0 0 0 0 -0.0210325 -0.0210325 -0.0226725
349 20.9444 0 0 0 0 -0.0197892 -0.0197892 -0.0219641
350 21.0045 0 0 0 0 -0.0187191 -0.0187191 -0.0213163
351 21.0646 0 0 0 0 -0.0176363 -0.0176363 -0.0206798
352 21.1247 0 0 0 0 -0.0168857 -0.0168857 -0.0201223
353 21.1848 0 0 0 0 -0.0159161 -0.0159161 -0.019487
354 21.2449 0 0 0 0 -0.0150491 -0.0150491 -0.0189153
355 21.305 0 0 0 0 -0.0142447 -0.0142447 -0.0183744
356 21.3651 0 0 0 0 -0.0133194 -0.0133194 -0.0178063
357 21.4252 0 0 0 0 -0.0124728 -0.0124728 -0.0173141
358 21.4853 0 0 0 0 -0.01181 -0.01181 -0.016888
359 21.5454 0 0 0 0 -0.0111313 -0.0111313 -0.0164476
360 21.6055 0 0 0 0 -0.0104834 -0.0104834 -0.0160474
361 21.6656 0 0 0 0 -0.0099991 -0.0099991 -0.015727
362 21.7257 0 0 0 0 -0.00955147 -0.00955147 -0.0154017
363 21.7858 0 0 0 0 -0.00909139 -0.00909139 -0.0150791
364 21.8459 0 0 0 0 -0.0085063 -0.0085063 -0.0147252
365 21.906 0 0 0 0 -0.00811019 -0.00811019 -0.0144573
366 21.9661 0 0 0 0 -0.00778739 -0.00778739 -0.014206
367 22.0262 0 0 0 0 -0.00738007 -0.00738007 -0.0139312
368 22.0863 0 0 0 0 -0.0070308 -0.0070308 -0.0136974
369 22.1464 0 0 0 0 -0.00674428 -0.00674428 -0.0135044
370 22.2065 0 0 0 0 -0.00648442 -0.00648442 -0.0133082
371 22.2666 0 0 0 0 -0.00622668 -0.00622668 -0.0131196
372 22.3267 0 0 0 0 -0.00604904 -0.00604904 -0.0129802
373 22.3868 0 0 0 0 -0.00584754 -0.00584754 -0.0128223
374 22.4469 0 0 0 0 -0.00563574 -0.00563574 -0.0126661
375 22.507 0 0 0 0 -0.00542737 -0.00542737 -0.0125167
376 22.5671 0 0 0 0 -0.00525847 -0.00525847 -0.0123932
377 22.6272 0 0 0 0 -0.00513418 -0.00513418 -0.0122962
378 22.6873 0 0 0 0 -0.00506755 -0.00506755 -0.0122165
379 22.7474 0 0 0 0 -0.00494688 -0.00494688 -0.0121025
380 22.8075 0 0 0 0 -0.00486035 -0.00486035 -0.0120167
381 22.8676 0 0 0 0 -0.00468853 -0.00468853 -0.011895
382 22.9277 0 0 0 0 -0.00456023 -0.00456023 -0.0118044
383 22.9878 0 0 0 0 -0.00449134 -0.00449134 -0.0117503
384 23.0479 0 0 0 0 -0.00439933 -0.00439933 -0.0116861
385 23.108 0 0 0 0 -0.0043085 -0.0043085 -0.0116296
386 23.1681 0 0 0 0 -0.00427918 -0.00427918 -0.0116044
387 23.2282 0 0 0 0 -0.00425981 -0.00425981 -0.0115798
388 23.2883 0 0 0 0 -0.00420324 -0.00420324 -0.0115307
389 23.3484 0 0 0 0 -0.00416462 -0.00416462 -0.0114987
390 23.4085 0 0 0 0 -0.00413445 -0.00413445 -0.0114788
391 23.4686 0 0 0 0 -0.00410408 -0.00410408 -0.0114565
392 23.5287 0 0 0 0 -0.00407933 -0.00407933 -0.0114356
393 23.5888 0 0 0 0 -0.00408655 -0.00408655 -0.0114322
394 23.6489 0 0 0 0 -0.00413505 -0.00413505 -0.011451
395 23.709 0 0 0 0 -0.00410097 -0.00410097 -0.0114327
152000 395
1 0.0300494 0 0 0 0 -0.00407789 -0.00407789 -0.0114103
2 0.0901482 0 0 0 0 -0.00406159 -0.00406159 -0.0113955
3 0.150247 0 0 0 0 -0.00410805 -0.00410805 -0.0114258
4 0.210346 0 0 0 0 -0.00410056 -0.00410056 -0.0114275
5 0.270445 0 0 0 0 -0.00411261 -0.00411261 -0.0114398
6 0.330543 0 0 0 0 -0.00415095 -0.00415095 -0.0114669
7 0.390642 0 0 0 0 -0.00417074 -0.00417074 -0.0114824
8 0.450741 0 0 0 0 -0.00421967 -0.00421967 -0.0115203
9 0.51084 0 0 0 0 -0.00429409 -0.00429409 -0.0115598
10 0.570939 0 0 0 0 -0.00442753 -0.00442753 -0.0116393
11 0.631037 0 0 0 0 -0.00442501 -0.00442501 -0.0116793
12 0.691136 0 0 0 0 -0.00446086 -0.00446086 -0.0117253
13 0.751235 0 0 0 0 -0.00458629 -0.00458629 -0.0118107
14 0.811334 0 0 0 0 -0.00468252 -0.00468252 -0.0118813
15 0.871433 0 0 0 0 -0.00477002 -0.00477002 -0.0119478
16 0.931531 0 0 0 0 -0.00488283 -0.00488283 -0.012037
17 0.99163 0 0 0 0 -0.00496362 -0.00496362 -0.0121175
18 1.05173 0 0 0 0 -0.00510859 -0.00510859 -0.0122322
19 1.11183 0 0 0 0 -0.00516511 -0.00516511 -0.0122985
20 1.17193 0 0 0 0 -0.00528293 -0.00528293 -0.0123921
21 1.23203 0 0 0 0 -0.00548143 -0.00548143 -0.0125421
22 1.29212 0 0 0 0 -0.00562564 -0.00562564 -0.0126655
23 1.35222 0 0 0 0 -0.00573935 -0.00573935 -0.0127689
24 1.41232 0 0 0 0 -0.00597483 -0.00597483 -0.0129306
25 1.47242 0 0 0 0 -0.00614185 -0.00614185 -0.0130597
26 1.53252 0 0 0 0 -0.00644524 -0.00644524 -0.0132522
27 1.59262 0 0 0 0 -0.00673505 -0.00673505 -0.0134667
28 1.65272 0 0 0 0 -0.00696286 -0.00696286 -0.013646
29 1.71282 0 0 0 0 -0.00722193 -0.00722193 -0.0138373
30 1.77291 0 0 0 0 -0.00753916 -0.00753916 -0.0140411
31 1.83301 0 0 0 0 -0.0079352 -0.0079352 -0.0143023
32 1.89311 0 0 0 0 -0.00826792 -0.00826792 -0.0145349
33 1.95321 0 0 0 0 -0.00879653 -0.00879653 -0.0148595
34 2.01331 0 0 0 0 -0.00930818 -0.00930818 -0.0151792
35 2.07341 0 0 0 0 -0.00993253 -0.00993253 -0.0155484
36 2.13351 0 0 0 0 -0.0107231 -0.0107231 -0.0160029
37 2.19361 0 0 0 0 -0.0113787 -0.0113787 -0.0164461
38 2.25371 0 0 0 0 -0.0120952 -0.0120952 -0.0169222
39 2.3138 0 0 0 0 -0.0126009 -0.0126009 -0.0173002
40 2.3739 0 0 0 0 -0.0133419 -0.0133419 -0.0177383
41 2.434 0 0 0 0 -0.014295 -0.014295 -0.018303
42 2.4941 0 0 0 0 -0.0151961 -0.0151961 -0.0188449
43 2.5542 0 0 0 0 -0.0161651 -0.0161651 -0.0194175
44 2.6143 0 0 0 0 -0.0170869 -0.0170869 -0.0200027
45 2.6744 0 0 0 0 -0.0180982 -0.0180982 -0.0206365
46 2.7345 0 0 0 0 -0.0192041 -0.0192041 -0.0213008
47 2.79459 0 0 0 0 -0.0205801 -0.0205801 -0.022032
48 2.85469 0 0 0 0 -0.0219621 -0.0219621 -0.0227776
49 2.91479 0 0 0 0 -0.023276 -0.023276 -0.0235722
50 2.97489 0 0 0 0 -0.024797 -0.024797 -0.0244515
51 3.03499 0 0 0 0 -0.0263954 -0.0263954 -0.0253654
52 3.09509 0 0 0 0 -0.0281679 -0.0281679 -0.0263691
53 3.15519 0 0 0 0 -0.0298104 -0.0298104 -0.0273865
54 3.21529 0 0 0 0 -0.0318502 -0.0318502 -0.0285738
55 3.27538 0 0 0 0 -0.0331659 -0.0331659 -0.0295864
56 3.33548 0 0 0 0 -0.034384 -0.034384 -0.0304852
57 3.39558 0 0 0 0 -0.036478 -0.036478 -0.0315968
58 3.45568 0 0 0 0 -0.038678 -0.038678 -0.0328058
59 3.51578 0 0 0 0 -0.0406998 -0.0406998 -0.0340311
60 3.57588 0 0 0 0 -0.0429004 -0.0429004 -0.0353233
61 3.63598 0 0 0 0 -0.0449998 -0.0449998 -0.0366303
62 3.69608 0 0 0 0 -0.0477233 -0.0477233 -0.0381383
63 3.75618 0 0 0 0 -0.0498959 -0.0498959 -0.039595
64 3.81627 0 0 0 0 -0.0522474 -0.0522474 -0.0411095
65 3.87637 0 0 0 0 -0.0539149 -0.0539149 -0.0425016
66 3.93647 0 0 0 0 -0.0563167 -0.0563167 -0.0440402
67 3.99657 0 0 0 0 -0.0581423 -0.0581423 -0.0454409
68 4.05667 0 0 0 0 -0.0604917 -0.0604917 -0.0469263
69 4.11677 0 0 0 0 -0.0633734 -0.0633734 -0.0486188
70 4.17687 0 0 0 0 -0.065532 -0.065532 -0.0501916
71 4.23697 0 0 0 0 -0.069041 -0.069041 -0.0521264
72 4.29706 0 0 0 0 -0.071068 -0.071068 -0.0538949
73 4.35716 0 0 0 0 -0.0730982 -0.0730982 -0.0556434
74 4.41726 0 0 0 0 -0.0745278 -0.0745278 -0.0572093
75 4.47736 0 0 0 0 -0.0767994 -0.0767994 -0.0588892
76 4.53746 0 0 0 0 -0.0795451 -0.0795451 -0.0607356
77 4.59756 0 0 0 0 -0.0814933 -0.0814933 -0.0624347
78 4.65766 0 0 0 0 -0.0834052 -0.0834052 -0.0641109
79 4.71776 0 0 0 0 -0.0862531 -0.0862531 -0.0659997
80 4.77786 0 0 0 0 -0.0888821 -0.0888821 -0.0679012
81 4.83795 0 0 0 0 -0.0911728 -0.0911728 -0.0698148
82 4.89805 0 0 0 0 -0.0927646 -0.0927646 -0.0715617
83 4.95815 0 0 0 0 -0.0951359 -0.0951359 -0.073452
84 5.01825 0 0 0 0 -0.0974349 -0.0974349 -0.0753391
85 5.07835 0 0 0 0 -0.100009 -0.100009 -0.0773378
86 5.13845 0 0 0 0 -0.10211 -0.10211 -0.0793061
87 5.19855 0 0 0 0 -0.103717 -0.103717 -0.0811741
88 5.25865 0 0 0 0 -0.105514 -0.105514 -0.0830475
89 5.31874 0 0 0 0 -0.106824 -0.106824 -0.0847472
90 5.37884 0 0 0 0 -0.109497 -0.109497 -0.0866915
91 5.43894 0 0 0 0 -0.111211 -0.111211 -0.0884456
92 5.49904 0 0 0 0 -0.113624 -0.113624 -0.0903401
93 5.55914 0 0 0 0 -0.116772 -0.116772 -0.0925093
94 5.61924 0 0 0 0 -0.119237 -0.119237 -0.0947103
95 5.67934 0 0 0 0 -0.119298 -0.119298 -0.0964081
96 5.73944 0 0 0 0 -0.12087 -0.12087 -0.0982951
97 5.79953 0 0 0 0 -0.122347 -0.122347 -0.100131
98 5.85963 0 0 0 0 -0.123966 -0.123966 -0.101943
99 5.91973 0 0 0 0 -0.12467 -0.12467 -0.103495
100 5.97983 0 0 0 0 -0.127078 -0.127078 -0.105359
101 6.03993 0 0 0 0 -0.128973 -0.128973 -0.107098
102 6.10003 0 0 0 0 -0.131537 -0.131537 -0.109047
103 6.16013 0 0 0 0 -0.132554 -0.132554 -0.110715
104 6.22023 0 0 0 0 -0.135349 -0.135349 -0.112762
105 6.28033 0 0 0 0 -0.13668 -0.13668 -0.114565
106 6.34042 0 0 0 0 -0.13753 -0.13753 -0.116253
107 6.40052 0 0 0 0 -0.139108 -0.139108 -0.11801
108 6.46062 0 0 0 0 -0.140418 -0.140418 -0.119687
109 6.52072 0 0 0 0 -0.141982 -0.141982 -0.121371
110 6.58082 0 0 0 0 -0.143138 -0.143138 -0.122931
111 6.64092 0 0 0 0 -0.145042 -0.145042 -0.124645
112 6.70102 0 0 0 0 -0.146277 -0.146277 -0.126184
113 6.76112 0 0 0 0 -0.148461 -0.148461 -0.127919
114 6.82121 0 0 0 0 -0.150758 -0.150758 -0.129731
115 6.88131 0 0 0 0 -0.150881 -0.150881 -0.131113
116 6.94141 0 0 0 0 -0.153246 -0.153246 -0.132952
117 7.00151 0 0 0 0 -0.154041 -0.154041 -0.134418
118 7.06161 0 0 0 0 -0.155325 -0.155325 -0.136003
119 7.12171 0 0 0 0 -0.15605 -0.15605 -0.137419
120 7.18181 0 0 0 0 -0.15764 -0.15764 -0.138998
121 7.24191 0 0 0 0 -0.158884 -0.158884 -0.140481
122 7.302 0 0 0 0 -0.159548 -0.159548 -0.141803
123 7.3621 0 0 0 0 -0.161157 -0.161157 -0.143323
124 7.4222 0 0 0 0 -0.162196 -0.162196 -0.144705
125 7.4823 0 0 0 0 -0.163037 -0.163037 -0.146027
126 7.5424 0 0 0 0 -0.163799 -0.163799 -0.14729
127 7.6025 0 0 0 0 -0.165116 -0.165116 -0.14862
128 7.6626 0 0 0 0 -0.166037 -0.166037 -0.149767
129 7.7227 0 0 0 0 -0.167967 -0.167967 -0.151172
130 7.7828 0 0 0 0 -0.170699 -0.170699 -0.152823
131 7.84289 0 0 0 0 -0.170073 -0.170073 -0.15373
132 7.90299 0 0 0 0 -0.17056 -0.17056 -0.154834
133 7.96309 0 0 0 0 -0.172538 -0.172538 -0.156262
134 8.02319 0 0 0 0 -0.173603 -0.173603 -0.157517
135 8.08329 0 0 0 0 -0.173738 -0.173738 -0.158482
136 8.14339 0 0 0 0 -0.174627 -0.174627 -0.159613
137 8.20349 0 0 0 0 -0.175549 -0.175549 -0.160709
138 8.26359 0 0 0 0 -0.176621 -0.176621 -0.161808
139 8.32368 0 0 0 0 -0.177906 -0.177906 -0.162938
140 8.38378 0 0 0 0 -0.178178 -0.178178 -0.163893
141 8.44388 0 0 0 0 -0.178451 -0.178451 -0.164758
142 8.50398 0 0 0 0 -0.180406 -0.180406 -0.166007
143 8.56408 0 0 0 0 -0.180387 -0.180387 -0.16677
144 8.62418 0 0 0 0 -0.181356 -0.181356 -0.167758
145 8.68428 0 0 0 0 -0.182817 -0.182817 -0.168848
146 8.74438 0 0 0 0 -0.182513 -0.182513 -0.169571
147 8.80447 0 0 0 0 -0.182365 -0.182365 -0.170253
148 8.86457 0 0 0 0 -0.184627 -0.184627 -0.171419
149 8.92467 0 0 0 0 -0.185355 -0.185355 -0.17217
150 8.98477 0 0 0 0 -0.186389 -0.186389 -0.173035
151 9.04487 0 0 0 0 -0.187277 -0.187277 -0.173881
152 9.10497 0 0 0 0 -0.187947 -0.187947 -0.174732
153 9.16507 0 0 0 0 -0.188587 -0.188587 -0.175627
154 9.22517 0 0 0 0 -0.187501 -0.187501 -0.176074
155 9.28527 0 0 0 0 -0.187841 -0.187841 -0.176766
156 9.34536 0 0 0 0 -0.188467 -0.188467 -0.177463
157 9.40546 0 0 0 0 -0.189597 -0.189597 -0.178181
158 9.46556 0 0 0 0 -0.190606 -0.190606 -0.178791
159 9.52566 0 0 0 0 -0.192815 -0.192815 -0.179683
160 9.58576 0 0 0 0 -0.193817 -0.193817 -0.180371
161 9.64586 0 0 0 0 -0.194321 -0.194321 -0.181029
162 9.70596 0 0 0 0 -0.193899 -0.193899 -0.181432
163 9.76606 0 0 0 0 -0.195562 -0.195562 -0.182307
164 9.82615 0 0 0 0 -0.195497 -0.195497 -0.182776
165 9.88625 0 0 0 0 -0.195838 -0.195838 -0.183343
166 9.94635 0 0 0 0 -0.195312 -0.195312 -0.183724
167 10.0065 0 0 0 0 -0.196282 -0.196282 -0.184413
168 10.0665 0 0 0 0 -0.196493 -0.196493 -0.184883
169 10.1266 0 0 0 0 -0.196404 -0.196404 -0.18519
170 10.1867 0 0 0 0 -0.197752 -0.197752 -0.185797
171 10.2468 0 0 0 0 -0.198711 -0.198711 -0.186343
172 10.3069 0 0 0 0 -0.199162 -0.199162 -0.186767
173 10.367 0 0 0 0 -0.199639 -0.199639 -0.187214
174 10.4271 0 0 0 0 -0.199651 -0.199651 -0.187571
175 10.4872 0 0 0 0 -0.199484 -0.199484 -0.187851
176 10.5473 0 0 0 0 -0.20087 -0.20087 -0.188412
177 10.6074 0 0 0 0 -0.201747 -0.201747 -0.188869
178 10.6675 0 0 0 0 -0.200901 -0.200901 -0.188923
179 10.7276 0 0 0 0 -0.202229 -0.202229 -0.189422
180 10.7877 0 0 0 0 -0.203239 -0.203239 -0.189836
181 10.8478 0 0 0 0 -0.203403 -0.203403 -0.190074
182 10.9079 0 0 0 0 -0.203757 -0.203757 -0.190452
183 10.968 0 0 0 0 -0.20258 -0.20258 -0.190496
184 11.0281 0 0 0 0 -0.203169 -0.203169 -0.190919
185 11.0882 0 0 0 0 -0.20213 -0.20213 -0.190892
186 11.1483 0 0 0 0 -0.202839 -0.202839 -0.191198
187 11.2084 0 0 0 0 -0.203945 -0.203945 -0.191549
188 11.2685 0 0 0 0 -0.204234 -0.204234 -0.191763
189 11.3286 0 0 0 0 -0.203683 -0.203683 -0.191841
190 11.3887 0 0 0 0 -0.20311 -0.20311 -0.191925
191 11.4488 0 0 0 0 -0.202899 -0.202899 -0.192
192 11.5089 0 0 0 0 -0.204611 -0.204611 -0.192477
193 11.569 0 0 0 0 -0.203697 -0.203697 -0.192311
194 11.6291 0 0 0 0 -0.20354 -0.20354 -0.192298
195 11.6892 0 0 0 0 -0.205243 -0.205243 -0.192721
196 11.7493 0 0 0 0 -0.204901 -0.204901 -0.192713
197 11.8094 0 0 0 0 -0.203958 -0.203958 -0.192666
198 11.8695 0 0 0 0 -0.202143 -0.202143 -0.192356
199 11.9296 0 0 0 0 -0.203759 -0.203759 -0.192712
200 11.9897 0 0 0 0 -0.203973 -0.203973 -0.192649
201 12.0498 0 0 0 0 -0.20507 -0.20507 -0.192799
202 12.1099 0 0 0 0 -0.204368 -0.204368 -0.192618
203 12.17 0 0 0 0 -0.203836 -0.203836 -0.192579
204 12.2301 0 0 0 0 -0.203382 -0.203382 -0.192552
205 12.2902 0 0 0 0 -0.201949 -0.201949 -0.192238
206 12.3503 0 0 0 0 -0.202183 -0.202183 -0.192198
207 12.4104 0 0 0 0 -0.202656 -0.202656 -0.192158
208 12.4705 0 0 0 0 -0.203428 -0.203428 -0.192234
209 12.5306 0 0 0 0 -0.201977 -0.201977 -0.191845
210 12.5907 0 0 0 0 -0.200806 -0.200806 -0.19153
211 12.6508 0 0 0 0 -0.200839 -0.200839 -0.191407
212 12.7109 0 0 0 0 -0.20206 -0.20206 -0.191424
213 12.771 0 0 0 0 -0.202296 -0.202296 -0.191161
214 12.8311 0 0 0 0 -0.20283 -0.20283 -0.190973
215 12.8912 0 0 0 0 -0.203173 -0.203173 -0.190801
216 12.9513 0 0 0 0 -0.202581 -0.202581 -0.190468
217 13.0114 0 0 0 0 -0.201379 -0.201379 -0.190001
218 13.0715 0 0 0 0 -0.20173 -0.20173 -0.18981
219 13.1316 0 0 0 0 -0.202356 -0.202356 -0.189636
220 13.1917 0 0 0 0 -0.202022 -0.202022 -0.18922
221 13.2518 0 0 0 0 -0.201938 -0.201938 -0.188896
222 13.3119 0 0 0 0 -0.201863 -0.201863 -0.1886
223 13.372 0 0 0 0 -0.200301 -0.200301 -0.188016
224 13.4321 0 0 0 0 -0.199295 -0.199295 -0.187593
225 13.4922 0 0 0 0 -0.198769 -0.198769 -0.187252
226 13.5523 0 0 0 0 -0.197829 -0.197829 -0.186734
227 13.6124 0 0 0 0 -0.197217 -0.197217 -0.18622
228 13.6725 0 0 0 0 -0.198456 -0.198456 -0.186103
229 13.7326 0 0 0 0 -0.197253 -0.197253 -0.18544
230 13.7927 0 0 0 0 -0.196593 -0.196593 -0.184913
231 13.8528 0 0 0 0 -0.196318 -0.196318 -0.184413
232 13.9129 0 0 0 0 -0.196406 -0.196406 -0.183925
233 13.973 0 0 0 0 -0.19687 -0.19687 -0.183474
234 14.0331 0 0 0 0 -0.196606 -0.196606 -0.1829
235 14.0932 0 0 0 0 -0.196118 -0.196118 -0.182276
236 14.1533 0 0 0 0 -0.194776 -0.194776 -0.181489
237 14.2134 0 0 0 0 -0.194794 -0.194794 -0.181019
238 14.2735 0 0 0 0 -0.193936 -0.193936 -0.180344
239 14.3336 0 0 0 0 -0.193264 -0.193264 -0.17964
240 14.3937 0 0 0 0 -0.192435 -0.192435 -0.178902
241 14.4538 0 0 0 0 -0.19144 -0.19144 -0.178187
242 14.5139 0 0 0 0 -0.190475 -0.190475 -0.177492
243 14.574 0 0 0 0 -0.188776 -0.188776 -0.176625
244 14.6341 0 0 0 0 -0.187533 -0.187533 -0.175811
245 14.6942 0 0 0 0 -0.187891 -0.187891 -0.175235
246 14.7543 0 0 0 0 -0.188169 -0.188169 -0.174532
247 14.8144 0 0 0 0 -0.188598 -0.188598 -0.173895
248 14.8745 0 0 0 0 -0.18658 -0.18658 -0.172707
249 14.9346 0 0 0 0 -0.186824 -0.186824 -0.172069
250 14.9947 0 0 0 0 -0.185659 -0.185659 -0.171007
251 15.0548 0 0 0 0 -0.186301 -0.186301 -0.170345
252 15.1148 0 0 0 0 -0.185638 -0.185638 -0.169356
253 15.1749 0 0 0 0 -0.18356 -0.18356 -0.168121
254 15.235 0 0 0 0 -0.183468 -0.183468 -0.167372
255 15.2951 0 0 0 0 -0.181512 -0.181512 -0.166185
256 15.3552 0 0 0 0 -0.181435 -0.181435 -0.165322
257 15.4153 0 0 0 0 -0.180874 -0.180874 -0.164308
258 15.4754 0 0 0 0 -0.179131 -0.179131 -0.163119
259 15.5355 0 0 0 0 -0.177037 -0.177037 -0.161926
260 15.5956 0 0 0 0 -0.17558 -0.17558 -0.160832
261 15.6557 0 0 0 0 -0.174878 -0.174878 -0.159865
262 15.7158 0 0 0 0 -0.174109 -0.174109 -0.158778
263 15.7759 0 0 0 0 -0.173624 -0.173624 -0.157678
264 15.836 0 0 0 0 -0.172844 -0.172844 -0.156447
265 15.8961 0 0 0 0 -0.172453 -0.172453 -0.15532
266 15.9562 0 0 0 0 -0.17178 -0.17178 -0.154115
267 16.0163 0 0 0 0 -0.170765 -0.170765 -0.152767
268 16.0764 0 0 0 0 -0.169139 -0.169139 -0.151284
269 16.1365 0 0 0 0 -0.16841 -0.16841 -0.150077
270 16.1966 0 0 0 0 -0.166582 -0.166582 -0.148706
271 16.2567 0 0 0 0 -0.162844 -0.162844 -0.146997
272 16.3168 0 0 0 0 -0.161759 -0.161759 -0.145834
273 16.3769 0 0 0 0 -0.161678 -0.161678 -0.144716
274 16.437 0 0 0 0 -0.160482 -0.160482 -0.143263
275 16.4971 0 0 0 0 -0.159962 -0.159962 -0.141982
276 16.5572 0 0 0 0 -0.158034 -0.158034 -0.14036
277 16.6173 0 0 0 0 -0.157844 -0.157844 -0.13906
278 16.6774 0 0 0 0 -0.157859 -0.157859 -0.137653
279 16.7375 0 0 0 0 -0.156223 -0.156223 -0.135873
280 16.7976 0 0 0 0 -0.156028 -0.156028 -0.134424
281 16.8577 0 0 0 0 -0.152412 -0.152412 -0.132315
282 16.9178 0 0 0 0 -0.151294 -0.151294 -0.130873
283 16.9779 0 0 0 0 -0.149063 -0.149063 -0.129165
284 17.038 0 0 0 0 -0.148345 -0.148345 -0.127732
285 17.0981 0 0 0 0 -0.146394 -0.146394 -0.12598
286 17.1582 0 0 0 0 -0.145135 -0.145135 -0.124368
287 17.2183 0 0 0 0 -0.144122 -0.144122 -0.122747
288 17.2784 0 0 0 0 -0.144145 -0.144145 -0.121235
289 17.3385 0 0 0 0 -0.142152 -0.142152 -0.119192
290 17.3986 0 0 0 0 -0.141572 -0.141572 -0.117464
291 17.4587 0 0 0 0 -0.13899 -0.13899 -0.115389
292 17.5188 0 0 0 0 -0.136261 -0.136261 -0.113455
293 17.5789 0 0 0 0 -0.134102 -0.134102 -0.111695
294 17.639 0 0 0 0 -0.133599 -0.133599 -0.110167
295 17.6991 0 0 0 0 -0.132473 -0.132473 -0.108336
296 17.7592 0 0 0 0 -0.1311 -0.1311 -0.106394
297 17.8193 0 0 0 0 -0.12906 -0.12906 -0.104348
298 17.8794 0 0 0 0 -0.127255 -0.127255 -0.102426
299 17.9395 0 0 0 0 -0.125208 -0.125208 -0.100455
300 17.9996 0 0 0 0 -0.123034 -0.123034 -0.098471
301 18.0597 0 0 0 0 -0.121062 -0.121062 -0.096548
302 18.1198 0 0 0 0 -0.118059 -0.118059 -0.0944763
303 18.1799 0 0 0 0 -0.115805 -0.115805 -0.0926483
304 18.24 0 0 0 0 -0.114207 -0.114207 -0.0909149
305 18.3001 0 0 0 0 -0.11197 -0.11197 -0.0889974
306 18.3602 0 0 0 0 -0.110816 -0.110816 -0.0872405
307 18.4203 0 0 0 0 -0.109093 -0.109093 -0.0852926
308 18.4804 0 0 0 0 -0.107007 -0.107007 -0.0833008
309 18.5405 0 0 0 0 -0.104697 -0.104697 -0.0813363
310 18.6006 0 0 0 0 -0.102581 -0.102581 -0.0794184
311 18.6607 0 0 0 0 -0.100413 -0.100413 -0.0774881
312 18.7208 0 0 0 0 -0.0982699 -0.0982699 -0.0755893
313 18.7809 0 0 0 0 -0.0963467 -0.0963467 -0.0737322
314 18.841 0 0 0 0 -0.0942482 -0.0942482 -0.0718102
315 18.9011 0 0 0 0 -0.0918638 -0.0918638 -0.0698684
316 18.9612 0 0 0 0 -0.0891895 -0.0891895 -0.0679306
317 19.0213 0 0 0 0 -0.0871944 -0.0871944 -0.0661323
318 19.0814 0 0 0 0 -0.0850157 -0.0850157 -0.0642679
319 19.1415 0 0 0 0 -0.0829962 -0.0829962 -0.0623868
320 19.2016 0 0 0 0 -0.0808605 -0.0808605 -0.0604776
321 19.2617 0 0 0 0 -0.0771512 -0.0771512 -0.0583806
322 19.3218 0 0 0 0 -0.0745391 -0.0745391 -0.056654
323 19.3819 0 0 0 0 -0.0718521 -0.0718521 -0.0549452
324 19.442 0 0 0 0 -0.0692218 -0.0692218 -0.0533146
325 19.5021 0 0 0 0 -0.0672512 -0.0672512 -0.0518124
326 19.5622 0 0 0 0 -0.065563 -0.065563 -0.05027
327 19.6223 0 0 0 0 -0.0632348 -0.0632348 -0.0485628
328 19.6824 0 0 0 0 -0.0611509 -0.0611509 -0.0469321
329 19.7425 0 0 0 0 -0.058508 -0.058508 -0.0452634
330 19.8026 0 0 0 0 -0.0563903 -0.0563903 -0.0437044
331 19.8627 0 0 0 0 -0.0537471 -0.0537471 -0.0420533
332 19.9228 0 0 0 0 -0.0514675 -0.0514675 -0.0405593
333 19.9829 0 0 0 0 -0.0490246 -0.0490246 -0.0390853
334 20.043 0 0 0 0 -0.0466145 -0.0466145 -0.0376714
335 20.1031 0 0 0 0 -0.0442841 -0.0442841 -0.0362801
336 20.1631 0 0 0 0 -0.0420492 -0.0420492 -0.0349507
337 20.2232 0 0 0 0 -0.0401452 -0.0401452 -0.0336923
338 20.2833 0 0 0 0 -0.0377011 -0.0377011 -0.0323863
339 20.3434 0 0 0 0 -0.0354058 -0.0354058 -0.0311986
340 20.4035 0 0 0 0 -0.0339609 -0.0339609 -0.0302452
341 20.4636 0 0 0 0 -0.032274 -0.032274 -0.0291782
342 20.5237 0 0 0 0 -0.030356 -0.030356 -0.0280907
343 20.5838 0 0 0 0 -0.0289787 -0.0289787 -0.0271315
344 20.6439 0 0 0 0 -0.0271451 -0.0271451 -0.0260963
345 20.704 0 0 0 0 -0.0254226 -0.0254226 -0.025144
346 20.7641 0 0 0 0 -0.0241851 -0.0241851 -0.0243115
347 20.8242 0 0 0 0 -0.0224019 -0.0224019 -0.0233426
348 20.8843 0 0 0 0 -0.0208004 -0.0208004 -0.0225049
349 20.9444 0 0 0 0 -0.0195968 -0.0195968 -0.0218212
350 21.0045 0 0 0 0 -0.0185504 -0.0185504 -0.0211892
351 21.0646 0 0 0 0 -0.017496 -0.017496 -0.0205631
352 21.1247 0 0 0 0 -0.0167099 -0.0167099 -0.0199993
353 21.1848 0 0 0 0 -0.0157732 -0.0157732 -0.0193827
354 21.2449 0 0 0 0 -0.0149104 -0.0149104 -0.0188133
355 21.305 0 0 0 0 -0.0140808 -0.0140808 -0.0182682
356 21.3651 0 0 0 0 -0.0131892 -0.0131892 -0.0177222
357 21.4252 0 0 0 0 -0.0123898 -0.0123898 -0.0172511
358 21.4853 0 0 0 0 -0.0117422 -0.0117422 -0.0168261
359 21.5454 0 0 0 0 -0.0110517 -0.0110517 -0.0163781
360 21.6055 0 0 0 0 -0.0104349 -0.0104349 -0.0159837
361 21.6656 0 0 0 0 -0.0098895 -0.0098895 -0.0156342
362 21.7257 0 0 0 0 -0.0094282 -0.0094282 -0.0153064
363 21.7858 0 0 0 0 -0.00893007 -0.00893007 -0.0149723
364 21.8459 0 0 0 0 -0.0083672 -0.0083672 -0.0146337
365 21.906 0 0 0 0 -0.00799311 -0.00799311 -0.01438
366 21.9661 0 0 0 0 -0.00769024 -0.00769024 -0.014143
367 22.0262 0 0 0 0 -0.00730414 -0.00730414 -0.0138825
368 22.0863 0 0 0 0 -0.00696988 -0.00696988 -0.0136584
369 22.1464 0 0 0 0 -0.00669632 -0.00669632 -0.0134716
370 22.2065 0 0 0 0 -0.00644252 -0.00644252 -0.0132759
371 22.2666 0 0 0 0 -0.00617487 -0.00617487 -0.0130808
372 22.3267 0 0 0 0 -0.00600144 -0.00600144 -0.0129453
373 22.3868 0 0 0 0 -0.00580964 -0.00580964 -0.012794
374 22.4469 0 0 0 0 -0.00560061 -0.00560061 -0.0126385
375 22.507 0 0 0 0 -0.00539183 -0.00539183 -0.0124881
376 22.5671 0 0 0 0 -0.00522992 -0.00522992 -0.0123698
377 22.6272 0 0 0 0 -0.00511162 -0.00511162 -0.0122775
378 22.6873 0 0 0 0 -0.00504776 -0.00504776 -0.0122012
379 22.7474 0 0 0 0 -0.00493989 -0.00493989 -0.0120938
380 22.8075 0 0 0 0 -0.00484401 -0.00484401 -0.0119998
381 22.8676 0 0 0 0 -0.00467795 -0.00467795 -0.0118822
382 22.9277 0 0 0 0 -0.00455518 -0.00455518 -0.0117956
383 22.9878 0 0 0 0 -0.00449504 -0.00449504 -0.0117456
384 23.0479 0 0 0 0 -0.00440768 -0.00440768 -0.0116802
385 23.108 0 0 0 0 -0.00431692 -0.00431692 -0.0116199
386 23.1681 0 0 0 0 -0.00430057 -0.00430057 -0.0115982
387 23.2282 0 0 0 0 -0.00427702 -0.00427702 -0.0115678
388 23.2883 0 0 0 0 -0.00421008 -0.00421008 -0.0115118
389 23.3484 0 0 0 0 -0.00417666 -0.00417666 -0.0114822
390 23.4085 0 0 0 0 -0.00414369 -0.00414369 -0.0114595
391 23.4686 0 0 0 0 -0.00412013 -0.00412013 -0.0114403
392 23.5287 0 0 0 0 -0.00407427 -0.00407427 -0.0114116
393 23.5888 0 0 0 0 -0.00407457 -0.00407457 -0.011408
394 23.6489 0 0 0 0 -0.0041121 -0.0041121 -0.0114225
395 23.709 0 0 0 0 -0.00407985 -0.00407985 -0.0114051
160000 395
1 0.0300494 0 0 0 0 -0.00416449 -0.00416449 -0.0114887
2 0.0901482 0 0 0 0 -0.00413987 -0.00413987 -0.0114723
3 0.150247 0 0 0 0 -0.0041751 -0.0041751 -0.0114987
4 0.210346 0 0 0 0 -0.00417254 -0.00417254 -0.0115035
5 0.270445 0 0 0 0 -0.00418448 -0.00418448 -0.0115162
6 0.330543 0 0 0 0 -0.00422003 -0.00422003 -0.0115414
7 0.390642 0 0 0 0 -0.00425256 -0.00425256 -0.011564
8 0.450741 0 0 0 0 -0.00429319 -0.00429319 -0.0116008
9 0.51084 0 0 0 0 -0.00435967 -0.00435967 -0.0116384
10 0.570939 0 0 0 0 -0.00448778 -0.00448778 -0.0117149
11 0.631037 0 0 0 0 -0.00449035 -0.00449035 -0.0117568
12 0.691136 0 0 0 0 -0.00452964 -0.00452964 -0.0118042
13 0.751235 0 0 0 0 -0.00465191 -0.00465191 -0.0118873
14 0.811334 0 0 0 0 -0.00476145 -0.00476145 -0.0119642
15 0.871433 0 0 0 0 -0.00485779 -0.00485779 -0.012035
16 0.931531 0 0 0 0 -0.00499775 -0.00499775 -0.0121421
17 0.99163 0 0 0 0 -0.00505439 -0.00505439 -0.0122245
18 1.05173 0 0 0 0 -0.00518898 -0.00518898 -0.0123435
19 1.11183 0 0 0 0 -0.00523755 -0.00523755 -0.0124116
20 1.17193 0 0 0 0 -0.00534642 -0.00534642 -0.0125014
21 1.23203 0 0 0 0 -0.00553661 -0.00553661 -0.0126464
22 1.29212 0 0 0 0 -0.00568227 -0.00568227 -0.0127721
23 1.35222 0 0 0 0 -0.00579433 -0.00579433 -0.0128781
24 1.41232 0 0 0 0 -0.00601538 -0.00601538 -0.0130333
25 1.47242 0 0 0 0 -0.00618084 -0.00618084 -0.0131629
26 1.53252 0 0 0 0 -0.00646672 -0.00646672 -0.0133459
27 1.59262 0 0 0 0 -0.00674404 -0.00674404 -0.0135512
28 1.65272 0 0 0 0 -0.00696339 -0.00696339 -0.0137237
29 1.71282 0 0 0 0 -0.00721249 -0.00721249 -0.0139076
30 1.77291 0 0 0 0 -0.0075235 -0.0075235 -0.0141083
31 1.83301 0 0 0 0 -0.00790237 -0.00790237 -0.0143586
32 1.89311 0 0 0 0 -0.00823587 -0.00823587 -0.0145896
33 1.95321 0 0 0 0 -0.00875397 -0.00875397 -0.0149069
34 2.01331 0 0 0 0 -0.00928532 -0.00928532 -0.0152365
35 2.07341 0 0 0 0 -0.00989916 -0.00989916 -0.0156036
36 2.13351 0 0 0 0 -0.0106759 -0.0106759 -0.0160542
37 2.19361 0 0 0 0 -0.0113065 -0.0113065 -0.0164836
38 2.25371 0 0 0 0 -0.0120236 -0.0120236 -0.0169574
39 2.3138 0 0 0 0 -0.0125304 -0.0125304 -0.0173345
40 2.3739 0 0 0 0 -0.0132586 -0.0132586 -0.0177666
41 2.434 0 0 0 0 -0.0142056 -0.0142056 -0.0183279
42 2.4941 0 0 0 0 -0.0151008 -0.0151008 -0.0188692
43 2.5542 0 0 0 0 -0.01602 -0.01602 -0.0194187
44 2.6143 0 0 0 0 -0.0169088 -0.0169088 -0.0199816
45 2.6744 0 0 0 0 -0.0179316 -0.0179316 -0.0206108
46 2.7345 0 0 0 0 -0.0190676 -0.0190676 -0.0212771
47 2.79459 0 0 0 0 -0.0204767 -0.0204767 -0.022018
48 2.85469 0 0 0 0 -0.0218775 -0.0218775 -0.0227734
49 2.91479 0 0 0 0 -0.0231982 -0.0231982 -0.0235746
50 2.97489 0 0 0 0 -0.0246832 -0.0246832 -0.0244424
51 3.03499 0 0 0 0 -0.0262699 -0.0262699 -0.0253477
52 3.09509 0 0 0 0 -0.0280408 -0.0280408 -0.0263455
53 3.15519 0 0 0 0 -0.0296575 -0.0296575 -0.0273448
54 3.21529 0 0 0 0 -0.0318062 -0.0318062 -0.0285587
55 3.27538 0 0 0 0 -0.0330752 -0.0330752 -0.0295624
56 3.33548 0 0 0 0 -0.0343313 -0.0343313 -0.030472
57 3.39558 0 0 0 0 -0.0364115 -0.0364115 -0.0315839
58 3.45568 0 0 0 0 -0.0385766 -0.0385766 -0.0327851
59 3.51578 0 0 0 0 -0.0406114 -0.0406114 -0.0340155
60 3.57588 0 0 0 0 -0.0427327 -0.0427327 -0.0352841
61 3.63598 0 0 0 0 -0.0447809 -0.0447809 -0.0365604
62 3.69608 0 0 0 0 -0.0475079 -0.0475079 -0.0380489
63 3.75618 0 0 0 0 -0.0497578 -0.0497578 -0.0395063
64 3.81627 0 0 0 0 -0.0522454 -0.0522454 -0.0410515
65 3.87637 0 0 0 0 -0.0538884 -0.0538884 -0.0424463
66 3.93647 0 0 0 0 -0.0563014 -0.0563014 -0.0439925
67 3.99657 0 0 0 0 -0.0581916 -0.0581916 -0.0454195
68 4.05667 0 0 0 0 -0.0604277 -0.0604277 -0.0468871
69 4.11677 0 0 0 0 -0.0632918 -0.0632918 -0.0485676
70 4.17687 0 0 0 0 -0.0654566 -0.0654566 -0.0501321
71 4.23697 0 0 0 0 -0.0689579 -0.0689579 -0.0520553
72 4.29706 0 0 0 0 -0.0711044 -0.0711044 -0.0538511
73 4.35716 0 0 0 0 -0.0731333 -0.0731333 -0.0556194
74 4.41726 0 0 0 0 -0.0744891 -0.0744891 -0.0571859
75 4.47736 0 0 0 0 -0.0765909 -0.0765909 -0.0588164
76 4.53746 0 0 0 0 -0.0793323 -0.0793323 -0.0606307
77 4.59756 0 0 0 0 -0.0814557 -0.0814557 -0.0623471
78 4.65766 0 0 0 0 -0.0834929 -0.0834929 -0.0640533
79 4.71776 0 0 0 0 -0.0862208 -0.0862208 -0.065928
80 4.77786 0 0 0 0 -0.088939 -0.088939 -0.0678527
81 4.83795 0 0 0 0 -0.0913311 -0.0913311 -0.0698058
82 4.89805 0 0 0 0 -0.0927786 -0.0927786 -0.0715505
83 4.95815 0 0 0 0 -0.0949912 -0.0949912 -0.0734104
84 5.01825 0 0 0 0 -0.0974216 -0.0974216 -0.0753337
85 5.07835 0 0 0 0 -0.0997846 -0.0997846 -0.0772968
86 5.13845 0 0 0 0 -0.101926 -0.101926 -0.0792649
87 5.19855 0 0 0 0 -0.103428 -0.103428 -0.0811007
88 5.25865 0 0 0 0 -0.105207 -0.105207 -0.082953
89 5.31874 0 0 0 0 -0.106531 -0.106531 -0.0846426
90 5.37884 0 0 0 0 -0.109226 -0.109226 -0.086579
91 5.43894 0 0 0 0 -0.110927 -0.110927 -0.0883123
92 5.49904 0 0 0 0 -0.113297 -0.113297 -0.0901682
93 5.55914 0 0 0 0 -0.116662 -0.116662 -0.0923543
94 5.61924 0 0 0 0 -0.119213 -0.119213 -0.0945556
95 5.67934 0 0 0 0 -0.119743 -0.119743 -0.096363
96 5.73944 0 0 0 0 -0.12094 -0.12094 -0.0982023
97 5.79953 0 0 0 0 -0.122501 -0.122501 -0.100055
98 5.85963 0 0 0 0 -0.124249 -0.124249 -0.101904
99 5.91973 0 0 0 0 -0.125 -0.125 -0.103496
100 5.97983 0 0 0 0 -0.127292 -0.127292 -0.105374
101 6.03993 0 0 0 0 -0.128967 -0.128967 -0.107089
102 6.10003 0 0 0 0 -0.13149 -0.13149 -0.109025
103 6.16013 0 0 0 0 -0.132548 -0.132548 -0.110688
104 6.22023 0 0 0 0 -0.135368 -0.135368 -0.112735
105 6.28033 0 0 0 0 -0.136747 -0.136747 -0.114553
106 6.34042 0 0 0 0 -0.137602 -0.137602 -0.116255
107 6.40052 0 0 0 0 -0.139151 -0.139151 -0.118021
108 6.46062 0 0 0 0 -0.140214 -0.140214 -0.119631
109 6.52072 0 0 0 0 -0.142053 -0.142053 -0.121368
110 6.58082 0 0 0 0 -0.143285 -0.143285 -0.122955
111 6.64092 0 0 0 0 -0.145071 -0.145071 -0.124668
112 6.70102 0 0 0 0 -0.146111 -0.146111 -0.126173
113 6.76112 0 0 0 0 -0.148343 -0.148343 -0.127908
114 6.82121 0 0 0 0 -0.150652 -0.150652 -0.129703
115 6.88131 0 0 0 0 -0.151014 -0.151014 -0.131126
116 6.94141 0 0 0 0 -0.15333 -0.15333 -0.132966
117 7.00151 0 0 0 0 -0.154176 -0.154176 -0.134487
118 7.06161 0 0 0 0 -0.155093 -0.155093 -0.136024
119 7.12171 0 0 0 0 -0.155689 -0.155689 -0.137402
120 7.18181 0 0 0 0 -0.157207 -0.157207 -0.138932
121 7.24191 0 0 0 0 -0.158712 -0.158712 -0.140438
122 7.302 0 0 0 0 -0.159487 -0.159487 -0.141757
123 7.3621 0 0 0 0 -0.161281 -0.161281 -0.143308
124 7.4222 0 0 0 0 -0.16233 -0.16233 -0.144707
125 7.4823 0 0 0 0 -0.163089 -0.163089 -0.146022
126 7.5424 0 0 0 0 -0.163764 -0.163764 -0.147262
127 7.6025 0 0 0 0 -0.165124 -0.165124 -0.148587
128 7.6626 0 0 0 0 -0.166229 -0.166229 -0.149768
129 7.7227 0 0 0 0 -0.168235 -0.168235 -0.151192
130 7.7828 0 0 0 0 -0.170852 -0.170852 -0.152832
131 7.84289 0 0 0 0 -0.170232 -0.170232 -0.153759
132 7.90299 0 0 0 0 -0.170592 -0.170592 -0.154848
133 7.96309 0 0 0 0 -0.172522 -0.172522 -0.156273
134 8.02319 0 0 0 0 -0.173566 -0.173566 -0.157536
135 8.08329 0 0 0 0 -0.173395 -0.173395 -0.158431
136 8.14339 0 0 0 0 -0.174596 -0.174596 -0.159626
137 8.20349 0 0 0 0 -0.175297 -0.175297 -0.160653
138 8.26359 0 0 0 0 -0.17652 -0.17652 -0.161761
139 8.32368 0 0 0 0 -0.178046 -0.178046 -0.162926
140 8.38378 0 0 0 0 -0.178464 -0.178464 -0.163916
141 8.44388 0 0 0 0 -0.178556 -0.178556 -0.164765
142 8.50398 0 0 0 0 -0.180256 -0.180256 -0.165967
143 8.56408 0 0 0 0 -0.180263 -0.180263 -0.166727
144 8.62418 0 0 0 0 -0.181336 -0.181336 -0.167717
145 8.68428 0 0 0 0 -0.182925 -0.182925 -0.168812
146 8.74438 0 0 0 0 -0.18283 -0.18283 -0.16957
147 8.80447 0 0 0 0 -0.182585 -0.182585 -0.170233
148 8.86457 0 0 0 0 -0.184822 -0.184822 -0.171396
149 8.92467 0 0 0 0 -0.18552 -0.18552 -0.172138
150 8.98477 0 0 0 0 -0.186629 -0.186629 -0.173019
151 9.04487 0 0 0 0 -0.187528 -0.187528 -0.17387
152 9.10497 0 0 0 0 -0.188124 -0.188124 -0.174709
153 9.16507 0 0 0 0 -0.188653 -0.188653 -0.175576
154 9.22517 0 0 0 0 -0.187679 -0.187679 -0.176033
155 9.28527 0 0 0 0 -0.188416 -0.188416 -0.176797
156 9.34536 0 0 0 0 -0.188791 -0.188791 -0.177439
157 9.40546 0 0 0 0 -0.190041 -0.190041 -0.178204
158 9.46556 0 0 0 0 -0.190795 -0.190795 -0.178796
159 9.52566 0 0 0 0 -0.192765 -0.192765 -0.179674
160 9.58576 0 0 0 0 -0.193567 -0.193567 -0.180332
161 9.64586 0 0 0 0 -0.193946 -0.193946 -0.18095
162 9.70596 0 0 0 0 -0.193701 -0.193701 -0.181371
163 9.76606 0 0 0 0 -0.195659 -0.195659 -0.182283
164 9.82615 0 0 0 0 -0.195709 -0.195709 -0.18276
165 9.88625 0 0 0 0 -0.195854 -0.195854 -0.183285
166 9.94635 0 0 0 0 -0.195441 -0.195441 -0.183703
167 10.0065 0 0 0 0 -0.196269 -0.196269 -0.184362
168 10.0665 0 0 0 0 -0.19643 -0.19643 -0.184815
169 10.1266 0 0 0 0 -0.196459 -0.196459 -0.185137
170 10.1867 0 0 0 0 -0.197837 -0.197837 -0.185736
171 10.2468 0 0 0 0 -0.198998 -0.198998 -0.186324
172 10.3069 0 0 0 0 -0.199301 -0.199301 -0.186717
173 10.367 0 0 0 0 -0.199709 -0.199709 -0.187158
174 10.4271 0 0 0 0 -0.199656 -0.199656 -0.187495
175 10.4872 0 0 0 0 -0.199606 -0.199606 -0.187794
176 10.5473 0 0 0 0 -0.201203 -0.201203 -0.188409
177 10.6074 0 0 0 0 -0.201618 -0.201618 -0.188781
178 10.6675 0 0 0 0 -0.20074 -0.20074 -0.18884
179 10.7276 0 0 0 0 -0.202029 -0.202029 -0.189335
180 10.7877 0 0 0 0 -0.203104 -0.203104 -0.189767
181 10.8478 0 0 0 0 -0.203208 -0.203208 -0.189995
182 10.9079 0 0 0 0 -0.20346 -0.20346 -0.19035
183 10.968 0 0 0 0 -0.202336 -0.202336 -0.190398
184 11.0281 0 0 0 0 -0.203031 -0.203031 -0.190832
185 11.0882 0 0 0 0 -0.20208 -0.20208 -0.190811
186 11.1483 0 0 0 0 -0.202901 -0.202901 -0.191144
187 11.2084 0 0 0 0 -0.203776 -0.203776 -0.191461
188 11.2685 0 0 0 0 -0.203829 -0.203829 -0.19164
189 11.3286 0 0 0 0 -0.203203 -0.203203 -0.191702
190 11.3887 0 0 0 0 -0.203008 -0.203008 -0.19187
191 11.4488 0 0 0 0 -0.202551 -0.202551 -0.191875
192 11.5089 0 0 0 0 -0.204247 -0.204247 -0.192341
193 11.569 0 0 0 0 -0.203589 -0.203589 -0.192227
194 11.6291 0 0 0 0 -0.203296 -0.203296 -0.192171
195 11.6892 0 0 0 0 -0.205095 -0.205095 -0.1926
196 11.7493 0 0 0 0 -0.205042 -0.205042 -0.192638
197 11.8094 0 0 0 0 -0.204003 -0.204003 -0.192559
198 11.8695 0 0 0 0 -0.202136 -0.202136 -0.192243
199 11.9296 0 0 0 0 -0.203711 -0.203711 -0.192608
200 11.9897 0 0 0 0 -0.203737 -0.203737 -0.192527
201 12.0498 0 0 0 0 -0.20466 -0.20466 -0.192664
202 12.1099 0 0 0 0 -0.203801 -0.203801 -0.19246
203 12.17 0 0 0 0 -0.203227 -0.203227 -0.192406
204 12.2301 0 0 0 0 -0.203 -0.203 -0.192411
205 12.2902 0 0 0 0 -0.201895 -0.201895 -0.192128
206 12.3503 0 0 0 0 -0.202597 -0.202597 -0.192145
207 12.4104 0 0 0 0 -0.202823 -0.202823 -0.19205
208 12.4705 0 0 0 0 -0.203328 -0.203328 -0.192108
209 12.5306 0 0 0 0 -0.201675 -0.201675 -0.191718
210 12.5907 0 0 0 0 -0.200242 -0.200242 -0.191367
211 12.6508 0 0 0 0 -0.20028 -0.20028 -0.191258
212 12.7109 0 0 0 0 -0.201436 -0.201436 -0.191267
213 12.771 0 0 0 0 -0.201658 -0.201658 -0.191001
214 12.8311 0 0 0 0 -0.202422 -0.202422 -0.190862
215 12.8912 0 0 0 0 -0.202613 -0.202613 -0.190631
216 12.9513 0 0 0 0 -0.202529 -0.202529 -0.190391
217 13.0114 0 0 0 0 -0.201283 -0.201283 -0.189894
218 13.0715 0 0 0 0 -0.201502 -0.201502 -0.189671
219 13.1316 0 0 0 0 -0.202182 -0.202182 -0.189514
220 13.1917 0 0 0 0 -0.201819 -0.201819 -0.189086
221 13.2518 0 0 0 0 -0.201957 -0.201957 -0.188802
222 13.3119 0 0 0 0 -0.201835 -0.201835 -0.188485
223 13.372 0 0 0 0 -0.200168 -0.200168 -0.187879
224 13.4321 0 0 0 0 -0.19924 -0.19924 -0.187489
225 13.4922 0 0 0 0 -0.198595 -0.198595 -0.187143
226 13.5523 0 0 0 0 -0.197415 -0.197415 -0.186591
227 13.6124 0 0 0 0 -0.196716 -0.196716 -0.18607
228 13.6725 0 0 0 0 -0.197939 -0.197939 -0.185957
229 13.7326 0 0 0 0 -0.196947 -0.196947 -0.185338
230 13.7927 0 0 0 0 -0.196286 -0.196286 -0.184787
231 13.8528 0 0 0 0 -0.196427 -0.196427 -0.184347
232 13.9129 0 0 0 0 -0.196704 -0.196704 -0.183863
233 13.973 0 0 0 0 -0.197117 -0.197117 -0.183401
234 14.0331 0 0 0 0 -0.196406 -0.196406 -0.182753
235 14.0932 0 0 0 0 -0.196091 -0.196091 -0.182204
236 14.1533 0 0 0 0 -0.194381 -0.194381 -0.18136
237 14.2134 0 0 0 0 -0.194343 -0.194343 -0.180896
238 14.2735 0 0 0 0 -0.193453 -0.193453 -0.180229
239 14.3336 0 0 0 0 -0.192741 -0.192741 -0.17953
240 14.3937 0 0 0 0 -0.19198 -0.19198 -0.178822
241 14.4538 0 0 0 0 -0.190948 -0.190948 -0.178104
242 14.5139 0 0 0 0 -0.189967 -0.189967 -0.177412
243 14.574 0 0 0 0 -0.188183 -0.188183 -0.176526
244 14.6341 0 0 0 0 -0.187104 -0.187104 -0.175757
245 14.6942 0 0 0 0 -0.187477 -0.187477 -0.175185
246 14.7543 0 0 0 0 -0.187813 -0.187813 -0.174488
247 14.8144 0 0 0 0 -0.188391 -0.188391 -0.173862
248 14.8745 0 0 0 0 -0.186624 -0.186624 -0.1727
249 14.9346 0 0 0 0 -0.186822 -0.186822 -0.172031
250 14.9947 0 0 0 0 -0.185797 -0.185797 -0.171
251 15.0548 0 0 0 0 -0.186272 -0.186272 -0.170302
252 15.1148 0 0 0 0 -0.185651 -0.185651 -0.169322
253 15.1749 0 0 0 0 -0.183599 -0.183599 -0.168092
254 15.235 0 0 0 0 -0.183388 -0.183388 -0.16733
255 15.2951 0 0 0 0 -0.181313 -0.181313 -0.166145
256 15.3552 0 0 0 0 -0.180932 -0.180932 -0.165244
257 15.4153 0 0 0 0 -0.180424 -0.180424 -0.164266
258 15.4754 0 0 0 0 -0.178901 -0.178901 -0.163122
259 15.5355 0 0 0 0 -0.176975 -0.176975 -0.161939
260 15.5956 0 0 0 0 -0.175674 -0.175674 -0.160858
261 15.6557 0 0 0 0 -0.17488 -0.17488 -0.159864
262 15.7158 0 0 0 0 -0.174014 -0.174014 -0.158766
263 15.7759 0 0 0 0 -0.173461 -0.173461 -0.157667
264 15.836 0 0 0 0 -0.17271 -0.17271 -0.156458
265 15.8961 0 0 0 0 -0.172351 -0.172351 -0.155345
266 15.9562 0 0 0 0 -0.171498 -0.171498 -0.154103
267 16.0163 0 0 0 0 -0.170921 -0.170921 -0.152848
268 16.0764 0 0 0 0 -0.169427 -0.169427 -0.151356
269 16.1365 0 0 0 0 -0.168896 -0.168896 -0.150146
270 16.1966 0 0 0 0 -0.167156 -0.167156 -0.148758
271 16.2567 0 0 0 0 -0.163282 -0.163282 -0.147017
272 16.3168 0 0 0 0 -0.162022 -0.162022 -0.145835
273 16.3769 0 0 0 0 -0.161686 -0.161686 -0.144687
274 16.437 0 0 0 0 -0.160401 -0.160401 -0.143244
275 16.4971 0 0 0 0 -0.160064 -0.160064 -0.142014
276 16.5572 0 0 0 0 -0.158247 -0.158247 -0.140411
277 16.6173 0 0 0 0 -0.157862 -0.157862 -0.139069
278 16.6774 0 0 0 0 -0.157792 -0.157792 -0.137662
279 16.7375 0 0 0 0 -0.156382 -0.156382 -0.135943
280 16.7976 0 0 0 0 -0.156023 -0.156023 -0.134462
281 16.8577 0 0 0 0 -0.152799 -0.152799 -0.132424
282 16.9178 0 0 0 0 -0.151636 -0.151636 -0.130937
283 16.9779 0 0 0 0 -0.149871 -0.149871 -0.129284
284 17.038 0 0 0 0 -0.148769 -0.148769 -0.127745
285 17.0981 0 0 0 0 -0.146801 -0.146801 -0.125988
286 17.1582 0 0 0 0 -0.145618 -0.145618 -0.124384
287 17.2183 0 0 0 0 -0.144532 -0.144532 -0.122742
288 17.2784 0 0 0 0 -0.144133 -0.144133 -0.121163
289 17.3385 0 0 0 0 -0.142003 -0.142003 -0.119135
290 17.3986 0 0 0 0 -0.141268 -0.141268 -0.117424
291 17.4587 0 0 0 0 -0.138744 -0.138744 -0.115411
292 17.5188 0 0 0 0 -0.136242 -0.136242 -0.113549
293 17.5789 0 0 0 0 -0.134342 -0.134342 -0.111815
294 17.639 0 0 0 0 -0.134134 -0.134134 -0.110276
295 17.6991 0 0 0 0 -0.133054 -0.133054 -0.108401
296 17.7592 0 0 0 0 -0.131566 -0.131566 -0.106421
297 17.8193 0 0 0 0 -0.129276 -0.129276 -0.104337
298 17.8794 0 0 0 0 -0.127428 -0.127428 -0.102417
299 17.9395 0 0 0 0 -0.125625 -0.125625 -0.100482
300 17.9996 0 0 0 0 -0.123272 -0.123272 -0.0984509
301 18.0597 0 0 0 0 -0.121133 -0.121133 -0.0965104
302 18.1198 0 0 0 0 -0.118084 -0.118084 -0.094455
303 18.1799 0 0 0 0 -0.115866 -0.115866 -0.0926542
304 18.24 0 0 0 0 -0.11454 -0.11454 -0.0909611
305 18.3001 0 0 0 0 -0.112226 -0.112226 -0.0889995
306 18.3602 0 0 0 0 -0.111046 -0.111046 -0.0872262
307 18.4203 0 0 0 0 -0.109218 -0.109218 -0.0852598
308 18.4804 0 0 0 0 -0.106971 -0.106971 -0.0832536
309 18.5405 0 0 0 0 -0.104692 -0.104692 -0.0813123
310 18.6006 0 0 0 0 -0.102636 -0.102636 -0.0794098
311 18.6607 0 0 0 0 -0.100442 -0.100442 -0.0774729
312 18.7208 0 0 0 0 -0.0981859 -0.0981859 -0.075562
313 18.7809 0 0 0 0 -0.0962661 -0.0962661 -0.0737229
314 18.841 0 0 0 0 -0.0941535 -0.0941535 -0.0718147
315 18.9011 0 0 0 0 -0.0919938 -0.0919938 -0.0699086
316 18.9612 0 0 0 0 -0.089255 -0.089255 -0.067936
317 19.0213 0 0 0 0 -0.0871971 -0.0871971 -0.0661191
318 19.0814 0 0 0 0 -0.0847699 -0.0847699 -0.0642271
319 19.1415 0 0 0 0 -0.0827966 -0.0827966 -0.0623946
320 19.2016 0 0 0 0 -0.0806874 -0.0806874 -0.0605238
321 19.2617 0 0 0 0 -0.0772039 -0.0772039 -0.0584825
322 19.3218 0 0 0 0 -0.0745841 -0.0745841 -0.0567427
323 19.3819 0 0 0 0 -0.0721011 -0.0721011 -0.0550537
324 19.442 0 0 0 0 -0.0694769 -0.0694769 -0.0533916
325 19.5021 0 0 0 0 -0.0673738 -0.0673738 -0.0518494
326 19.5622 0 0 0 0 -0.0657958 -0.0657958 -0.0503187
327 19.6223 0 0 0 0 -0.0633213 -0.0633213 -0.0485666
328 19.6824 0 0 0 0 -0.061144 -0.061144 -0.0469229
329 19.7425 0 0 0 0 -0.0584121 -0.0584121 -0.045249
330 19.8026 0 0 0 0 -0.0562682 -0.0562682 -0.0437066
331 19.8627 0 0 0 0 -0.053637 -0.053637 -0.0420817
332 19.9228 0 0 0 0 -0.0514346 -0.0514346 -0.0406224
333 19.9829 0 0 0 0 -0.0490704 -0.0490704 -0.0391646
334 20.043 0 0 0 0 -0.046843 -0.046843 -0.0377641
335 20.1031 0 0 0 0 -0.0443584 -0.0443584 -0.0363134
336 20.1631 0 0 0 0 -0.0420767 -0.0420767 -0.0349737
337 20.2232 0 0 0 0 -0.0400918 -0.0400918 -0.0337053
338 20.2833 0 0 0 0 -0.0376816 -0.0376816 -0.0324169
339 20.3434 0 0 0 0 -0.035435 -0.035435 -0.0312396
340 20.4035 0 0 0 0 -0.0339333 -0.0339333 -0.0302661
341 20.4636 0 0 0 0 -0.0322854 -0.0322854 -0.0292062
342 20.5237 0 0 0 0 -0.0302835 -0.0302835 -0.0280952
343 20.5838 0 0 0 0 -0.0288189 -0.0288189 -0.0271252
344 20.6439 0 0 0 0 -0.0270552 -0.0270552 -0.0261277
345 20.704 0 0 0 0 -0.0254181 -0.0254181 -0.0252031
346 20.7641 0 0 0 0 -0.0241626 -0.0241626 -0.0243582
347 20.8242 0 0 0 0 -0.02243 -0.02243 -0.0233943
348 20.8843 0 0 0 0 -0.0207614 -0.0207614 -0.0225277
349 20.9444 0 0 0 0 -0.0195191 -0.0195191 -0.0218344
350 21.0045 0 0 0 0 -0.0184423 -0.0184423 -0.021196
351 21.0646 0 0 0 0 -0.0173557 -0.0173557 -0.020566
352 21.1247 0 0 0 0 -0.0165756 -0.0165756 -0.0200134
353 21.1848 0 0 0 0 -0.0156558 -0.0156558 -0.0194111
354 21.2449 0 0 0 0 -0.0148022 -0.0148022 -0.0188514
355 21.305 0 0 0 0 -0.0139939 -0.0139939 -0.0183211
356 21.3651 0 0 0 0 -0.0131342 -0.0131342 -0.0177917
357 21.4252 0 0 0 0 -0.01235 -0.01235 -0.0173269
358 21.4853 0 0 0 0 -0.0117128 -0.0117128 -0.0169065
359 21.5454 0 0 0 0 -0.0110395 -0.0110395 -0.0164662
360 21.6055 0 0 0 0 -0.0104176 -0.0104176 -0.0160703
361 21.6656 0 0 0 0 -0.0098955 -0.0098955 -0.0157357
362 21.7257 0 0 0 0 -0.00945695 -0.00945695 -0.0154242
363 21.7858 0 0 0 0 -0.00898968 -0.00898968 -0.0151027
364 21.8459 0 0 0 0 -0.00847376 -0.00847376 -0.0147651
365 21.906 0 0 0 0 -0.00806984 -0.00806984 -0.0144823
366 21.9661 0 0 0 0 -0.00772696 -0.00772696 -0.0142254
367 22.0262 0 0 0 0 -0.00732119 -0.00732119 -0.0139584
368 22.0863 0 0 0 0 -0.00698602 -0.00698602 -0.0137359
369 22.1464 0 0 0 0 -0.00672624 -0.00672624 -0.0135585
370 22.2065 0 0 0 0 -0.00648675 -0.00648675 -0.0133712
371 22.2666 0 0 0 0 -0.00622281 -0.00622281 -0.0131754
372 22.3267 0 0 0 0 -0.00604332 -0.00604332 -0.0130357
373 22.3868 0 0 0 0 -0.00585971 -0.00585971 -0.0128883
374 22.4469 0 0 0 0 -0.00564237 -0.00564237 -0.0127274
375 22.507 0 0 0 0 -0.00544278 -0.00544278 -0.0125837
376 22.5671 0 0 0 0 -0.00528867 -0.00528867 -0.0124711
377 22.6272 0 0 0 0 -0.00518063 -0.00518063 -0.0123837
378 22.6873 0 0 0 0 -0.00511595 -0.00511595 -0.0123043
379 22.7474 0 0 0 0 -0.00502362 -0.00502362 -0.012199
380 22.8075 0 0 0 0 -0.00492627 -0.00492627 -0.0120979
381 22.8676 0 0 0 0 -0.00474767 -0.00474767 -0.0119728
382 22.9277 0 0 0 0 -0.00463036 -0.00463036 -0.0118888
383 22.9878 0 0 0 0 -0.00457087 -0.00457087 -0.0118371
384 23.0479 0 0 0 0 -0.00448907 -0.00448907 -0.0117715
385 23.108 0 0 0 0 -0.00439849 -0.00439849 -0.011708
386 23.1681 0 0 0 0 -0.00437461 -0.00437461 -0.0116815
387 23.2282 0 0 0 0 -0.00434391 -0.00434391 -0.0116479
388 23.2883 0 0 0 0 -0.00428124 -0.00428124 -0.011595
389 23.3484 0 0 0 0 -0.00425457 -0.00425457 -0.0115678
390 23.4085 0 0 0 0 -0.00423715 -0.00423715 -0.0115456
391 23.4686 0 0 0 0 -0.00421988 -0.00421988 -0.0115236
392 23.5287 0 0 0 0 -0.00416181 -0.00416181 -0.0114906
393 23.5888 0 0 0 0 -0.00415314 -0.00415314 -0.0114843
394 23.6489 0 0 0 0 -0.00418248 -0.00418248 -0.0114951
395 23.709 0 0 0 0 -0.00415815 -0.00415815 -0.0114811
168000 395
1 0.0300494 0 0 0 0 -0.0041208 -0.0041208 -0.0114053
2 0.0901482 0 0 0 0 -0.00409725 -0.00409725 -0.01139
3 0.150247 0 0 0 0 -0.0041227 -0.0041227 -0.0114116
4 0.210346 0 0 0 0 -0.00411831 -0.00411831 -0.0114156
5 0.270445 0 0 0 0 -0.00412963 -0.00412963 -0.0114278
6 0.330543 0 0 0 0 -0.00416362 -0.00416362 -0.0114517
7 0.390642 0 0 0 0 -0.00419457 -0.00419457 -0.0114732
8 0.450741 0 0 0 0 -0.00423369 -0.00423369 -0.0115085
9 0.51084 0 0 0 0 -0.00430071 -0.00430071 -0.011548
10 0.570939 0 0 0 0 -0.00442164 -0.00442164 -0.0116202
11 0.631037 0 0 0 0 -0.00442434 -0.00442434 -0.0116604
12 0.691136 0 0 0 0 -0.00446212 -0.00446212 -0.0117058
13 0.751235 0 0 0 0 -0.0045826 -0.0045826 -0.0117892
14 0.811334 0 0 0 0 -0.00468652 -0.00468652 -0.0118624
15 0.871433 0 0 0 0 -0.00477945 -0.00477945 -0.0119306
16 0.931531 0 0 0 0 -0.00491342 -0.00491342 -0.0120332
17 0.99163 0 0 0 0 -0.00496692 -0.00496692 -0.0121115
18 1.05173 0 0 0 0 -0.00509424 -0.00509424 -0.0122245
19 1.11183 0 0 0 0 -0.00514093 -0.00514093 -0.0122896
20 1.17193 0 0 0 0 -0.00525217 -0.00525217 -0.0123806
21 1.23203 0 0 0 0 -0.00543819 -0.00543819 -0.0125221
22 1.29212 0 0 0 0 -0.00558579 -0.00558579 -0.012649
23 1.35222 0 0 0 0 -0.00569354 -0.00569354 -0.012751
24 1.41232 0 0 0 0 -0.00590707 -0.00590707 -0.0129011
25 1.47242 0 0 0 0 -0.00607292 -0.00607292 -0.0130311
26 1.53252 0 0 0 0 -0.0063454 -0.0063454 -0.0132057
27 1.59262 0 0 0 0 -0.00661336 -0.00661336 -0.0134031
28 1.65272 0 0 0 0 -0.00684177 -0.00684177 -0.0135786
29 1.71282 0 0 0 0 -0.00711148 -0.00711148 -0.0137738
30 1.77291 0 0 0 0 -0.00743229 -0.00743229 -0.0139838
31 1.83301 0 0 0 0 -0.00779529 -0.00779529 -0.0142301
32 1.89311 0 0 0 0 -0.00812443 -0.00812443 -0.0144603
33 1.95321 0 0 0 0 -0.00862478 -0.00862478 -0.0147699
34 2.01331 0 0 0 0 -0.00913174 -0.00913174 -0.0150856
35 2.07341 0 0 0 0 -0.00972081 -0.00972081 -0.0154378
36 2.13351 0 0 0 0 -0.010468 -0.010468 -0.0158709
37 2.19361 0 0 0 0 -0.0110856 -0.0110856 -0.0162898
38 2.25371 0 0 0 0 -0.0117758 -0.0117758 -0.0167454
39 2.3138 0 0 0 0 -0.0122972 -0.0122972 -0.0171231
40 2.3739 0 0 0 0 -0.01303 -0.01303 -0.0175526
41 2.434 0 0 0 0 -0.0140078 -0.0140078 -0.0181232
42 2.4941 0 0 0 0 -0.0148924 -0.0148924 -0.0186581
43 2.5542 0 0 0 0 -0.0158118 -0.0158118 -0.0192028
44 2.6143 0 0 0 0 -0.0167833 -0.0167833 -0.0197914
45 2.6744 0 0 0 0 -0.0178377 -0.0178377 -0.0204354
46 2.7345 0 0 0 0 -0.0189816 -0.0189816 -0.0211102
47 2.79459 0 0 0 0 -0.0204442 -0.0204442 -0.02188
48 2.85469 0 0 0 0 -0.0217999 -0.0217999 -0.0226416
49 2.91479 0 0 0 0 -0.0231123 -0.0231123 -0.0234508
50 2.97489 0 0 0 0 -0.0245098 -0.0245098 -0.0242912
51 3.03499 0 0 0 0 -0.0260589 -0.0260589 -0.0251746
52 3.09509 0 0 0 0 -0.0278394 -0.0278394 -0.0261695
53 3.15519 0 0 0 0 -0.0294206 -0.0294206 -0.0271527
54 3.21529 0 0 0 0 -0.0315876 -0.0315876 -0.0283649
55 3.27538 0 0 0 0 -0.0328585 -0.0328585 -0.0293675
56 3.33548 0 0 0 0 -0.0341028 -0.0341028 -0.0302707
57 3.39558 0 0 0 0 -0.0362225 -0.0362225 -0.0313944
58 3.45568 0 0 0 0 -0.0383628 -0.0383628 -0.032595
59 3.51578 0 0 0 0 -0.0403443 -0.0403443 -0.03381
60 3.57588 0 0 0 0 -0.0424473 -0.0424473 -0.0350674
61 3.63598 0 0 0 0 -0.04452 -0.04452 -0.0363478
62 3.69608 0 0 0 0 -0.0471716 -0.0471716 -0.0378135
63 3.75618 0 0 0 0 -0.0493639 -0.0493639 -0.0392394
64 3.81627 0 0 0 0 -0.0518445 -0.0518445 -0.0407587
65 3.87637 0 0 0 0 -0.0537197 -0.0537197 -0.0421971
66 3.93647 0 0 0 0 -0.0560597 -0.0560597 -0.0437336
67 3.99657 0 0 0 0 -0.0580843 -0.0580843 -0.0452025
68 4.05667 0 0 0 0 -0.0602084 -0.0602084 -0.0466599
69 4.11677 0 0 0 0 -0.0630448 -0.0630448 -0.0483285
70 4.17687 0 0 0 0 -0.065201 -0.065201 -0.0498799
71 4.23697 0 0 0 0 -0.0686566 -0.0686566 -0.0517789
72 4.29706 0 0 0 0 -0.0709151 -0.0709151 -0.0535859
73 4.35716 0 0 0 0 -0.073047 -0.073047 -0.0553799
74 4.41726 0 0 0 0 -0.0744054 -0.0744054 -0.0569561
75 4.47736 0 0 0 0 -0.0764716 -0.0764716 -0.0585801
76 4.53746 0 0 0 0 -0.0792041 -0.0792041 -0.0603852
77 4.59756 0 0 0 0 -0.0814932 -0.0814932 -0.0621398
78 4.65766 0 0 0 0 -0.0834734 -0.0834734 -0.0638494
79 4.71776 0 0 0 0 -0.0862115 -0.0862115 -0.0657335
80 4.77786 0 0 0 0 -0.0888106 -0.0888106 -0.067628
81 4.83795 0 0 0 0 -0.0912457 -0.0912457 -0.069569
82 4.89805 0 0 0 0 -0.092836 -0.092836 -0.0713281
83 4.95815 0 0 0 0 -0.0952397 -0.0952397 -0.0732342
84 5.01825 0 0 0 0 -0.0976124 -0.0976124 -0.0751644
85 5.07835 0 0 0 0 -0.100019 -0.100019 -0.0771482
86 5.13845 0 0 0 0 -0.10216 -0.10216 -0.079129
87 5.19855 0 0 0 0 -0.103777 -0.103777 -0.0810138
88 5.25865 0 0 0 0 -0.10542 -0.10542 -0.082875
89 5.31874 0 0 0 0 -0.106585 -0.106585 -0.0845436
90 5.37884 0 0 0 0 -0.109198 -0.109198 -0.0864465
91 5.43894 0 0 0 0 -0.110901 -0.110901 -0.0881491
92 5.49904 0 0 0 0 -0.113527 -0.113527 -0.0900338
93 5.55914 0 0 0 0 -0.117076 -0.117076 -0.0922551
94 5.61924 0 0 0 0 -0.119605 -0.119605 -0.0944718
95 5.67934 0 0 0 0 -0.120307 -0.120307 -0.0963537
96 5.73944 0 0 0 0 -0.121352 -0.121352 -0.0982206
97 5.79953 0 0 0 0 -0.122594 -0.122594 -0.100027
98 5.85963 0 0 0 0 -0.124408 -0.124408 -0.101887
99 5.91973 0 0 0 0 -0.125142 -0.125142 -0.103475
100 5.97983 0 0 0 0 -0.127354 -0.127354 -0.10533
101 6.03993 0 0 0 0 -0.129179 -0.129179 -0.107069
102 6.10003 0 0 0 0 -0.131659 -0.131659 -0.108992
103 6.16013 0 0 0 0 -0.132918 -0.132918 -0.110701
104 6.22023 0 0 0 0 -0.13576 -0.13576 -0.112783
105 6.28033 0 0 0 0 -0.13702 -0.13702 -0.114622
106 6.34042 0 0 0 0 -0.137708 -0.137708 -0.116321
107 6.40052 0 0 0 0 -0.139115 -0.139115 -0.118064
108 6.46062 0 0 0 0 -0.140228 -0.140228 -0.119683
109 6.52072 0 0 0 0 -0.142051 -0.142051 -0.121422
110 6.58082 0 0 0 0 -0.143255 -0.143255 -0.123017
111 6.64092 0 0 0 0 -0.144901 -0.144901 -0.124714
112 6.70102 0 0 0 0 -0.145967 -0.145967 -0.126231
113 6.76112 0 0 0 0 -0.148167 -0.148167 -0.127971
114 6.82121 0 0 0 0 -0.150293 -0.150293 -0.129727
115 6.88131 0 0 0 0 -0.150683 -0.150683 -0.131158
116 6.94141 0 0 0 0 -0.152949 -0.152949 -0.132995
117 7.00151 0 0 0 0 -0.15366 -0.15366 -0.134477
118 7.06161 0 0 0 0 -0.154582 -0.154582 -0.135994
119 7.12171 0 0 0 0 -0.155209 -0.155209 -0.137352
120 7.18181 0 0 0 0 -0.156794 -0.156794 -0.13887
121 7.24191 0 0 0 0 -0.158423 -0.158423 -0.140381
122 7.302 0 0 0 0 -0.159324 -0.159324 -0.141709
123 7.3621 0 0 0 0 -0.161256 -0.161256 -0.143277
124 7.4222 0 0 0 0 -0.162299 -0.162299 -0.144661
125 7.4823 0 0 0 0 -0.163384 -0.163384 -0.146055
126 7.5424 0 0 0 0 -0.163826 -0.163826 -0.147267
127 7.6025 0 0 0 0 -0.165149 -0.165149 -0.148604
128 7.6626 0 0 0 0 -0.166168 -0.166168 -0.149767
129 7.7227 0 0 0 0 -0.168101 -0.168101 -0.151161
130 7.7828 0 0 0 0 -0.171029 -0.171029 -0.152851
131 7.84289 0 0 0 0 -0.170393 -0.170393 -0.15378
132 7.90299 0 0 0 0 -0.170708 -0.170708 -0.154887
133 7.96309 0 0 0 0 -0.172433 -0.172433 -0.156287
134 8.02319 0 0 0 0 -0.173317 -0.173317 -0.157501
135 8.08329 0 0 0 0 -0.173246 -0.173246 -0.15839
136 8.14339 0 0 0 0 -0.174819 -0.174819 -0.159631
137 8.20349 0 0 0 0 -0.175649 -0.175649 -0.16066
138 8.26359 0 0 0 0 -0.176982 -0.176982 -0.161802
139 8.32368 0 0 0 0 -0.17844 -0.17844 -0.162983
140 8.38378 0 0 0 0 -0.178737 -0.178737 -0.163976
141 8.44388 0 0 0 0 -0.178529 -0.178529 -0.16477
142 8.50398 0 0 0 0 -0.180323 -0.180323 -0.165994
143 8.56408 0 0 0 0 -0.180508 -0.180508 -0.166802
144 8.62418 0 0 0 0 -0.181324 -0.181324 -0.167753
145 8.68428 0 0 0 0 -0.182677 -0.182677 -0.168801
146 8.74438 0 0 0 0 -0.182778 -0.182778 -0.169599
147 8.80447 0 0 0 0 -0.182549 -0.182549 -0.170252
148 8.86457 0 0 0 0 -0.184842 -0.184842 -0.171411
149 8.92467 0 0 0 0 -0.185511 -0.185511 -0.172132
150 8.98477 0 0 0 0 -0.187115 -0.187115 -0.173126
151 9.04487 0 0 0 0 -0.187498 -0.187498 -0.173883
152 9.10497 0 0 0 0 -0.188066 -0.188066 -0.174735
153 9.16507 0 0 0 0 -0.188575 -0.188575 -0.175607
154 9.22517 0 0 0 0 -0.187545 -0.187545 -0.176051
155 9.28527 0 0 0 0 -0.188187 -0.188187 -0.176783
156 9.34536 0 0 0 0 -0.188793 -0.188793 -0.177467
157 9.40546 0 0 0 0 -0.190041 -0.190041 -0.178221
158 9.46556 0 0 0 0 -0.190892 -0.190892 -0.17884
159 9.52566 0 0 0 0 -0.192644 -0.192644 -0.179675
160 9.58576 0 0 0 0 -0.193486 -0.193486 -0.180344
161 9.64586 0 0 0 0 -0.19393 -0.19393 -0.180977
162 9.70596 0 0 0 0 -0.193656 -0.193656 -0.181392
163 9.76606 0 0 0 0 -0.195508 -0.195508 -0.182277
164 9.82615 0 0 0 0 -0.195738 -0.195738 -0.182787
165 9.88625 0 0 0 0 -0.195912 -0.195912 -0.183308
166 9.94635 0 0 0 0 -0.195587 -0.195587 -0.183736
167 10.0065 0 0 0 0 -0.196472 -0.196472 -0.184412
168 10.0665 0 0 0 0 -0.196477 -0.196477 -0.184847
169 10.1266 0 0 0 0 -0.196362 -0.196362 -0.185152
170 10.1867 0 0 0 0 -0.19785 -0.19785 -0.185784
171 10.2468 0 0 0 0 -0.198879 -0.198879 -0.186337
172 10.3069 0 0 0 0 -0.199228 -0.199228 -0.186724
173 10.367 0 0 0 0 -0.199982 -0.199982 -0.187227
174 10.4271 0 0 0 0 -0.19996 -0.19996 -0.187578
175 10.4872 0 0 0 0 -0.199683 -0.199683 -0.187854
176 10.5473 0 0 0 0 -0.200985 -0.200985 -0.188417
177 10.6074 0 0 0 0 -0.201591 -0.201591 -0.188836
178 10.6675 0 0 0 0 -0.200838 -0.200838 -0.188923
179 10.7276 0 0 0 0 -0.202016 -0.202016 -0.189398
180 10.7877 0 0 0 0 -0.203095 -0.203095 -0.189845
181 10.8478 0 0 0 0 -0.203025 -0.203025 -0.190043
182 10.9079 0 0 0 0 -0.203356 -0.203356 -0.190414
183 10.968 0 0 0 0 -0.202402 -0.202402 -0.190498
184 11.0281 0 0 0 0 -0.203053 -0.203053 -0.190919
185 11.0882 0 0 0 0 -0.202118 -0.202118 -0.190908
186 11.1483 0 0 0 0 -0.202927 -0.202927 -0.191246
187 11.2084 0 0 0 0 -0.203685 -0.203685 -0.191542
188 11.2685 0 0 0 0 -0.203779 -0.203779 -0.191726
189 11.3286 0 0 0 0 -0.203361 -0.203361 -0.191825
190 11.3887 0 0 0 0 -0.203257 -0.203257 -0.192
191 11.4488 0 0 0 0 -0.202605 -0.202605 -0.191965
192 11.5089 0 0 0 0 -0.204395 -0.204395 -0.192461
193 11.569 0 0 0 0 -0.203804 -0.203804 -0.192381
194 11.6291 0 0 0 0 -0.203282 -0.203282 -0.192294
195 11.6892 0 0 0 0 -0.204854 -0.204854 -0.192687
196 11.7493 0 0 0 0 -0.204775 -0.204775 -0.192719
197 11.8094 0 0 0 0 -0.204026 -0.204026 -0.192705
198 11.8695 0 0 0 0 -0.202234 -0.202234 -0.192407
199 11.9296 0 0 0 0 -0.203493 -0.203493 -0.192717
200 11.9897 0 0 0 0 -0.203388 -0.203388 -0.192617
201 12.0498 0 0 0 0 -0.204364 -0.204364 -0.19277
202 12.1099 0 0 0 0 -0.203634 -0.203634 -0.192578
203 12.17 0 0 0 0 -0.203393 -0.203393 -0.192573
204 12.2301 0 0 0 0 -0.203154 -0.203154 -0.192546
205 12.2902 0 0 0 0 -0.202135 -0.202135 -0.192276
206 12.3503 0 0 0 0 -0.202682 -0.202682 -0.192258
207 12.4104 0 0 0 0 -0.203295 -0.203295 -0.192246
208 12.4705 0 0 0 0 -0.203604 -0.203604 -0.192242
209 12.5306 0 0 0 0 -0.202104 -0.202104 -0.19187
210 12.5907 0 0 0 0 -0.200932 -0.200932 -0.191563
211 12.6508 0 0 0 0 -0.20083 -0.20083 -0.191428
212 12.7109 0 0 0 0 -0.201935 -0.201935 -0.191458
213 12.771 0 0 0 0 -0.201886 -0.201886 -0.191171
214 12.8311 0 0 0 0 -0.202256 -0.202256 -0.19098
215 12.8912 0 0 0 0 -0.202412 -0.202412 -0.190766
216 12.9513 0 0 0 0 -0.202312 -0.202312 -0.190532
217 13.0114 0 0 0 0 -0.201227 -0.201227 -0.190073
218 13.0715 0 0 0 0 -0.201407 -0.201407 -0.189835
219 13.1316 0 0 0 0 -0.202178 -0.202178 -0.189687
220 13.1917 0 0 0 0 -0.201929 -0.201929 -0.189267
221 13.2518 0 0 0 0 -0.202263 -0.202263 -0.189013
222 13.3119 0 0 0 0 -0.202125 -0.202125 -0.188675
223 13.372 0 0 0 0 -0.200669 -0.200669 -0.188106
224 13.4321 0 0 0 0 -0.199527 -0.199527 -0.187652
225 13.4922 0 0 0 0 -0.199236 -0.199236 -0.187372
226 13.5523 0 0 0 0 -0.198045 -0.198045 -0.186807
227 13.6124 0 0 0 0 -0.197402 -0.197402 -0.186303
228 13.6725 0 0 0 0 -0.198287 -0.198287 -0.186121
229 13.7326 0 0 0 0 -0.197488 -0.197488 -0.185559
230 13.7927 0 0 0 0 -0.196573 -0.196573 -0.184968
231 13.8528 0 0 0 0 -0.196578 -0.196578 -0.184516
232 13.9129 0 0 0 0 -0.196973 -0.196973 -0.184081
233 13.973 0 0 0 0 -0.197107 -0.197107 -0.183571
234 14.0331 0 0 0 0 -0.196256 -0.196256 -0.182903
235 14.0932 0 0 0 0 -0.196116 -0.196116 -0.182401
236 14.1533 0 0 0 0 -0.194584 -0.194584 -0.181593
237 14.2134 0 0 0 0 -0.194419 -0.194419 -0.181094
238 14.2735 0 0 0 0 -0.193577 -0.193577 -0.180425
239 14.3336 0 0 0 0 -0.193046 -0.193046 -0.179747
240 14.3937 0 0 0 0 -0.192516 -0.192516 -0.179064
241 14.4538 0 0 0 0 -0.191636 -0.191636 -0.178355
242 14.5139 0 0 0 0 -0.190463 -0.190463 -0.177598
243 14.574 0 0 0 0 -0.189057 -0.189057 -0.176771
244 14.6341 0 0 0 0 -0.188021 -0.188021 -0.175993
245 14.6942 0 0 0 0 -0.188108 -0.188108 -0.17537
246 14.7543 0 0 0 0 -0.188303 -0.188303 -0.174672
247 14.8144 0 0 0 0 -0.188611 -0.188611 -0.174018
248 14.8745 0 0 0 0 -0.186656 -0.186656 -0.172837
249 14.9346 0 0 0 0 -0.186971 -0.186971 -0.172205
250 14.9947 0 0 0 0 -0.186036 -0.186036 -0.171198
251 15.0548 0 0 0 0 -0.186397 -0.186397 -0.170474
252 15.1148 0 0 0 0 -0.185835 -0.185835 -0.169509
253 15.1749 0 0 0 0 -0.183808 -0.183808 -0.168283
254 15.235 0 0 0 0 -0.183655 -0.183655 -0.167534
255 15.2951 0 0 0 0 -0.181349 -0.181349 -0.166311
256 15.3552 0 0 0 0 -0.180935 -0.180935 -0.16542
257 15.4153 0 0 0 0 -0.180425 -0.180425 -0.164453
258 15.4754 0 0 0 0 -0.179038 -0.179038 -0.163329
259 15.5355 0 0 0 0 -0.177545 -0.177545 -0.162196
260 15.5956 0 0 0 0 -0.176414 -0.176414 -0.161103
261 15.6557 0 0 0 0 -0.17539 -0.17539 -0.160053
262 15.7158 0 0 0 0 -0.174346 -0.174346 -0.15894
263 15.7759 0 0 0 0 -0.173545 -0.173545 -0.157813
264 15.836 0 0 0 0 -0.172812 -0.172812 -0.15663
265 15.8961 0 0 0 0 -0.172551 -0.172551 -0.155544
266 15.9562 0 0 0 0 -0.171691 -0.171691 -0.154293
267 16.0163 0 0 0 0 -0.171178 -0.171178 -0.153052
268 16.0764 0 0 0 0 -0.169715 -0.169715 -0.151566
269 16.1365 0 0 0 0 -0.169226 -0.169226 -0.150358
270 16.1966 0 0 0 0 -0.167463 -0.167463 -0.148949
271 16.2567 0 0 0 0 -0.163891 -0.163891 -0.147262
272 16.3168 0 0 0 0 -0.162272 -0.162272 -0.146001
273 16.3769 0 0 0 0 -0.161866 -0.161866 -0.14486
274 16.437 0 0 0 0 -0.160698 -0.160698 -0.143454
275 16.4971 0 0 0 0 -0.160294 -0.160294 -0.142196
276 16.5572 0 0 0 0 -0.158857 -0.158857 -0.140646
277 16.6173 0 0 0 0 -0.158514 -0.158514 -0.139281
278 16.6774 0 0 0 0 -0.158123 -0.158123 -0.137814
279 16.7375 0 0 0 0 -0.156529 -0.156529 -0.136085
280 16.7976 0 0 0 0 -0.156233 -0.156233 -0.134631
281 16.8577 0 0 0 0 -0.153428 -0.153428 -0.132664
282 16.9178 0 0 0 0 -0.152055 -0.152055 -0.131104
283 16.9779 0 0 0 0 -0.150148 -0.150148 -0.129415
284 17.038 0 0 0 0 -0.149057 -0.149057 -0.127891
285 17.0981 0 0 0 0 -0.146914 -0.146914 -0.126113
286 17.1582 0 0 0 0 -0.145626 -0.145626 -0.124508
287 17.2183 0 0 0 0 -0.144536 -0.144536 -0.122883
288 17.2784 0 0 0 0 -0.144056 -0.144056 -0.121295
289 17.3385 0 0 0 0 -0.142039 -0.142039 -0.119298
290 17.3986 0 0 0 0 -0.141385 -0.141385 -0.117605
291 17.4587 0 0 0 0 -0.138656 -0.138656 -0.11555
292 17.5188 0 0 0 0 -0.136283 -0.136283 -0.113725
293 17.5789 0 0 0 0 -0.134347 -0.134347 -0.111984
294 17.639 0 0 0 0 -0.134221 -0.134221 -0.110459
295 17.6991 0 0 0 0 -0.133305 -0.133305 -0.108598
296 17.7592 0 0 0 0 -0.131751 -0.131751 -0.10658
297 17.8193 0 0 0 0 -0.12927 -0.12927 -0.104455
298 17.8794 0 0 0 0 -0.127536 -0.127536 -0.102568
299 17.9395 0 0 0 0 -0.125594 -0.125594 -0.100613
300 17.9996 0 0 0 0 -0.123334 -0.123334 -0.098607
301 18.0597 0 0 0 0 -0.121155 -0.121155 -0.0966464
302 18.1198 0 0 0 0 -0.118219 -0.118219 -0.0945968
303 18.1799 0 0 0 0 -0.115969 -0.115969 -0.0927766
304 18.24 0 0 0 0 -0.114334 -0.114334 -0.0910317
305 18.3001 0 0 0 0 -0.11193 -0.11193 -0.0890831
306 18.3602 0 0 0 0 -0.110924 -0.110924 -0.0873691
307 18.4203 0 0 0 0 -0.109007 -0.109007 -0.0853891
308 18.4804 0 0 0 0 -0.10682 -0.10682 -0.0834057
309 18.5405 0 0 0 0 -0.104441 -0.104441 -0.0814612
310 18.6006 0 0 0 0 -0.10246 -0.10246 -0.0796075
311 18.6607 0 0 0 0 -0.100409 -0.100409 -0.0777176
312 18.7208 0 0 0 0 -0.0982945 -0.0982945 -0.0758205
313 18.7809 0 0 0 0 -0.0966751 -0.0966751 -0.0739873
314 18.841 0 0 0 0 -0.0946854 -0.0946854 -0.0720335
315 18.9011 0 0 0 0 -0.0923299 -0.0923299 -0.070053
316 18.9612 0 0 0 0 -0.08954 -0.08954 -0.0680546
317 19.0213 0 0 0 0 -0.0873697 -0.0873697 -0.0662104
318 19.0814 0 0 0 0 -0.084813 -0.084813 -0.0642972
319 19.1415 0 0 0 0 -0.0827006 -0.0827006 -0.0624592
320 19.2016 0 0 0 0 -0.080583 -0.080583 -0.0606196
321 19.2617 0 0 0 0 -0.0771632 -0.0771632 -0.0586162
322 19.3218 0 0 0 0 -0.0746775 -0.0746775 -0.0569117
323 19.3819 0 0 0 0 -0.0723369 -0.0723369 -0.0552336
324 19.442 0 0 0 0 -0.0696367 -0.0696367 -0.0535366
325 19.5021 0 0 0 0 -0.0675389 -0.0675389 -0.0519958
326 19.5622 0 0 0 0 -0.0659585 -0.0659585 -0.0504681
327 19.6223 0 0 0 0 -0.0636145 -0.0636145 -0.0487349
328 19.6824 0 0 0 0 -0.0614731 -0.0614731 -0.0470787
329 19.7425 0 0 0 0 -0.0586636 -0.0586636 -0.0453757
330 19.8026 0 0 0 0 -0.0565052 -0.0565052 -0.0438359
331 19.8627 0 0 0 0 -0.0540721 -0.0540721 -0.042241
332 19.9228 0 0 0 0 -0.0518889 -0.0518889 -0.0407532
333 19.9829 0 0 0 0 -0.0495134 -0.0495134 -0.0392566
334 20.043 0 0 0 0 -0.0471672 -0.0471672 -0.0378131
335 20.1031 0 0 0 0 -0.0446125 -0.0446125 -0.0363479
336 20.1631 0 0 0 0 -0.0424014 -0.0424014 -0.0350209
337 20.2232 0 0 0 0 -0.0403418 -0.0403418 -0.0337327
338 20.2833 0 0 0 0 -0.0380038 -0.0380038 -0.0324471
339 20.3434 0 0 0 0 -0.0357358 -0.0357358 -0.0312397
340 20.4035 0 0 0 0 -0.0341482 -0.0341482 -0.0302305
341 20.4636 0 0 0 0 -0.0324017 -0.0324017 -0.0291461
342 20.5237 0 0 0 0 -0.0303632 -0.0303632 -0.0280352
343 20.5838 0 0 0 0 -0.0289057 -0.0289057 -0.0270789
344 20.6439 0 0 0 0 -0.0272284 -0.0272284 -0.0260984
345 20.704 0 0 0 0 -0.0256086 -0.0256086 -0.0251527
346 20.7641 0 0 0 0 -0.0242421 -0.0242421 -0.0242668
347 20.8242 0 0 0 0 -0.0225243 -0.0225243 -0.0232966
348 20.8843 0 0 0 0 -0.0207182 -0.0207182 -0.0223949
349 20.9444 0 0 0 0 -0.0194604 -0.0194604 -0.0217021
350 21.0045 0 0 0 0 -0.0183741 -0.0183741 -0.0210641
351 21.0646 0 0 0 0 -0.017273 -0.017273 -0.0204314
352 21.1247 0 0 0 0 -0.01647 -0.01647 -0.0198743
353 21.1848 0 0 0 0 -0.0155384 -0.0155384 -0.0192719
354 21.2449 0 0 0 0 -0.014641 -0.014641 -0.0187033
355 21.305 0 0 0 0 -0.0138563 -0.0138563 -0.0181912
356 21.3651 0 0 0 0 -0.0130337 -0.0130337 -0.0176827
357 21.4252 0 0 0 0 -0.0122812 -0.0122812 -0.0172282
358 21.4853 0 0 0 0 -0.011615 -0.011615 -0.016795
359 21.5454 0 0 0 0 -0.0109535 -0.0109535 -0.0163623
360 21.6055 0 0 0 0 -0.0103221 -0.0103221 -0.0159648
361 21.6656 0 0 0 0 -0.00981734 -0.00981734 -0.0156421
362 21.7257 0 0 0 0 -0.00940675 -0.00940675 -0.0153445
363 21.7858 0 0 0 0 -0.00894239 -0.00894239 -0.0150217
364 21.8459 0 0 0 0 -0.00842943 -0.00842943 -0.0146819
365 21.906 0 0 0 0 -0.00802141 -0.00802141 -0.0143956
366 21.9661 0 0 0 0 -0.0076735 -0.0076735 -0.0141355
367 22.0262 0 0 0 0 -0.00725642 -0.00725642 -0.0138627
368 22.0863 0 0 0 0 -0.00691863 -0.00691863 -0.0136391
369 22.1464 0 0 0 0 -0.00665357 -0.00665357 -0.0134602
370 22.2065 0 0 0 0 -0.00641797 -0.00641797 -0.0132779
371 22.2666 0 0 0 0 -0.00615568 -0.00615568 -0.0130842
372 22.3267 0 0 0 0 -0.00598651 -0.00598651 -0.0129517
373 22.3868 0 0 0 0 -0.00581314 -0.00581314 -0.012812
374 22.4469 0 0 0 0 -0.0056053 -0.0056053 -0.0126581
375 22.507 0 0 0 0 -0.00541265 -0.00541265 -0.0125193
376 22.5671 0 0 0 0 -0.00526702 -0.00526702 -0.0124108
377 22.6272 0 0 0 0 -0.00516024 -0.00516024 -0.0123212
378 22.6873 0 0 0 0 -0.00509157 -0.00509157 -0.0122385
379 22.7474 0 0 0 0 -0.00500642 -0.00500642 -0.0121364
380 22.8075 0 0 0 0 -0.00491118 -0.00491118 -0.012032
381 22.8676 0 0 0 0 -0.00474081 -0.00474081 -0.0119065
382 22.9277 0 0 0 0 -0.00460138 -0.00460138 -0.0118083
383 22.9878 0 0 0 0 -0.00454282 -0.00454282 -0.0117578
384 23.0479 0 0 0 0 -0.00444656 -0.00444656 -0.0116852
385 23.108 0 0 0 0 -0.0043466 -0.0043466 -0.0116175
386 23.1681 0 0 0 0 -0.00432145 -0.00432145 -0.0115916
387 23.2282 0 0 0 0 -0.00429346 -0.00429346 -0.0115599
388 23.2883 0 0 0 0 -0.00423462 -0.00423462 -0.0115099
389 23.3484 0 0 0 0 -0.00420913 -0.00420913 -0.0114837
390 23.4085 0 0 0 0 -0.00419461 -0.00419461 -0.0114637
391 23.4686 0 0 0 0 -0.00417433 -0.00417433 -0.0114397
392 23.5287 0 0 0 0 -0.00411316 -0.00411316 -0.0114047
393 23.5888 0 0 0 0 -0.0041045 -0.0041045 -0.0113982
394 23.6489 0 0 0 0 -0.00413264 -0.00413264 -0.0114087
395 23.709 0 0 0 0 -0.00410969 -0.00410969 -0.0113952
176000 395
1 0.0300494 0 0 0 0 -0.00414132 -0.00414132 -0.0114307
2 0.0901482 0 0 0 0 -0.00412154 -0.00412154 -0.0114165
3 0.150247 0 0 0 0 -0.00415167 -0.00415167 -0.0114396
4 0.210346 0 0 0 0 -0.00414798 -0.00414798 -0.011444
5 0.270445 0 0 0 0 -0.00415938 -0.00415938 -0.0114574
6 0.330543 0 0 0 0 -0.00419524 -0.00419524 -0.0114857
7 0.390642 0 0 0 0 -0.00421412 -0.00421412 -0.0115034
8 0.450741 0 0 0 0 -0.00425124 -0.00425124 -0.0115374
9 0.51084 0 0 0 0 -0.00431565 -0.00431565 -0.0115758
10 0.570939 0 0 0 0 -0.00443616 -0.00443616 -0.0116486
11 0.631037 0 0 0 0 -0.0044385 -0.0044385 -0.0116871
12 0.691136 0 0 0 0 -0.00448526 -0.00448526 -0.0117396
13 0.751235 0 0 0 0 -0.00459557 -0.00459557 -0.0118188
14 0.811334 0 0 0 0 -0.0046947 -0.0046947 -0.0118896
15 0.871433 0 0 0 0 -0.00478312 -0.00478312 -0.0119544
16 0.931531 0 0 0 0 -0.0049102 -0.0049102 -0.012052
17 0.99163 0 0 0 0 -0.00496291 -0.00496291 -0.0121277
18 1.05173 0 0 0 0 -0.00509426 -0.00509426 -0.0122419
19 1.11183 0 0 0 0 -0.00514049 -0.00514049 -0.0123048
20 1.17193 0 0 0 0 -0.00526553 -0.00526553 -0.012403
21 1.23203 0 0 0 0 -0.00545487 -0.00545487 -0.0125462
22 1.29212 0 0 0 0 -0.00560579 -0.00560579 -0.0126736
23 1.35222 0 0 0 0 -0.00573229 -0.00573229 -0.0127864
24 1.41232 0 0 0 0 -0.00594279 -0.00594279 -0.0129388
25 1.47242 0 0 0 0 -0.00610661 -0.00610661 -0.0130691
26 1.53252 0 0 0 0 -0.0063754 -0.0063754 -0.0132421
27 1.59262 0 0 0 0 -0.00664831 -0.00664831 -0.0134395
28 1.65272 0 0 0 0 -0.00692928 -0.00692928 -0.0136446
29 1.71282 0 0 0 0 -0.00717035 -0.00717035 -0.0138394
30 1.77291 0 0 0 0 -0.00748293 -0.00748293 -0.0140506
31 1.83301 0 0 0 0 -0.00782507 -0.00782507 -0.0142857
32 1.89311 0 0 0 0 -0.0081359 -0.0081359 -0.0145034
33 1.95321 0 0 0 0 -0.00861351 -0.00861351 -0.014799
34 2.01331 0 0 0 0 -0.00911931 -0.00911931 -0.0151111
35 2.07341 0 0 0 0 -0.00972192 -0.00972192 -0.0154685
36 2.13351 0 0 0 0 -0.010459 -0.010459 -0.0158974
37 2.19361 0 0 0 0 -0.0110757 -0.0110757 -0.0163141
38 2.25371 0 0 0 0 -0.0117725 -0.0117725 -0.016771
39 2.3138 0 0 0 0 -0.0122921 -0.0122921 -0.0171473
40 2.3739 0 0 0 0 -0.013031 -0.013031 -0.0175791
41 2.434 0 0 0 0 -0.0139934 -0.0139934 -0.0181419
42 2.4941 0 0 0 0 -0.0149003 -0.0149003 -0.0186842
43 2.5542 0 0 0 0 -0.0158098 -0.0158098 -0.019226
44 2.6143 0 0 0 0 -0.0167799 -0.0167799 -0.0198112
45 2.6744 0 0 0 0 -0.017867 -0.017867 -0.0204634
46 2.7345 0 0 0 0 -0.0190385 -0.0190385 -0.0211486
47 2.79459 0 0 0 0 -0.0205186 -0.0205186 -0.0219326
48 2.85469 0 0 0 0 -0.0218568 -0.0218568 -0.0227001
49 2.91479 0 0 0 0 -0.0231491 -0.0231491 -0.0235093
50 2.97489 0 0 0 0 -0.0245104 -0.0245104 -0.0243395
51 3.03499 0 0 0 0 -0.0259854 -0.0259854 -0.0251904
52 3.09509 0 0 0 0 -0.0277419 -0.0277419 -0.0261633
53 3.15519 0 0 0 0 -0.0293512 -0.0293512 -0.0271388
54 3.21529 0 0 0 0 -0.0316209 -0.0316209 -0.0283662
55 3.27538 0 0 0 0 -0.0329459 -0.0329459 -0.0293858
56 3.33548 0 0 0 0 -0.0343051 -0.0343051 -0.0303293
57 3.39558 0 0 0 0 -0.0364136 -0.0364136 -0.031474
58 3.45568 0 0 0 0 -0.0385477 -0.0385477 -0.032697
59 3.51578 0 0 0 0 -0.0404389 -0.0404389 -0.0339057
60 3.57588 0 0 0 0 -0.0424858 -0.0424858 -0.0351518
61 3.63598 0 0 0 0 -0.0444826 -0.0444826 -0.0364032
62 3.69608 0 0 0 0 -0.0470807 -0.0470807 -0.0378369
63 3.75618 0 0 0 0 -0.0493122 -0.0493122 -0.0392553
64 3.81627 0 0 0 0 -0.0518426 -0.0518426 -0.0407788
65 3.87637 0 0 0 0 -0.0537612 -0.0537612 -0.0422257
66 3.93647 0 0 0 0 -0.0561226 -0.0561226 -0.0437707
67 3.99657 0 0 0 0 -0.0581828 -0.0581828 -0.0452531
68 4.05667 0 0 0 0 -0.0602426 -0.0602426 -0.0466973
69 4.11677 0 0 0 0 -0.0631096 -0.0631096 -0.048367
70 4.17687 0 0 0 0 -0.0653089 -0.0653089 -0.0499299
71 4.23697 0 0 0 0 -0.0687605 -0.0687605 -0.0518369
72 4.29706 0 0 0 0 -0.0709641 -0.0709641 -0.0536346
73 4.35716 0 0 0 0 -0.0730096 -0.0730096 -0.0553939
74 4.41726 0 0 0 0 -0.0745645 -0.0745645 -0.0569994
75 4.47736 0 0 0 0 -0.0765845 -0.0765845 -0.0586141
76 4.53746 0 0 0 0 -0.0793906 -0.0793906 -0.0604315
77 4.59756 0 0 0 0 -0.0817998 -0.0817998 -0.062223
78 4.65766 0 0 0 0 -0.0837802 -0.0837802 -0.0639595
79 4.71776 0 0 0 0 -0.0864084 -0.0864084 -0.0658448
80 4.77786 0 0 0 0 -0.0889225 -0.0889225 -0.0677319
81 4.83795 0 0 0 0 -0.0913061 -0.0913061 -0.0696588
82 4.89805 0 0 0 0 -0.0928756 -0.0928756 -0.0714018
83 4.95815 0 0 0 0 -0.095284 -0.095284 -0.0732952
84 5.01825 0 0 0 0 -0.0977463 -0.0977463 -0.0752354
85 5.07835 0 0 0 0 -0.100199 -0.100199 -0.0772358
86 5.13845 0 0 0 0 -0.102214 -0.102214 -0.0791923
87 5.19855 0 0 0 0 -0.103963 -0.103963 -0.081104
88 5.25865 0 0 0 0 -0.105581 -0.105581 -0.0829675
89 5.31874 0 0 0 0 -0.106702 -0.106702 -0.0846268
90 5.37884 0 0 0 0 -0.109339 -0.109339 -0.0865335
91 5.43894 0 0 0 0 -0.111135 -0.111135 -0.0882663
92 5.49904 0 0 0 0 -0.113802 -0.113802 -0.0901918
93 5.55914 0 0 0 0 -0.117098 -0.117098 -0.0923967
94 5.61924 0 0 0 0 -0.119415 -0.119415 -0.094574
95 5.67934 0 0 0 0 -0.120021 -0.120021 -0.096409
96 5.73944 0 0 0 0 -0.12115 -0.12115 -0.0982586
97 5.79953 0 0 0 0 -0.122597 -0.122597 -0.100087
98 5.85963 0 0 0 0 -0.124289 -0.124289 -0.101911
99 5.91973 0 0 0 0 -0.12505 -0.12505 -0.103492
100 5.97983 0 0 0 0 -0.127376 -0.127376 -0.105364
101 6.03993 0 0 0 0 -0.129403 -0.129403 -0.10715
102 6.10003 0 0 0 0 -0.131684 -0.131684 -0.109033
103 6.16013 0 0 0 0 -0.132929 -0.132929 -0.110729
104 6.22023 0 0 0 0 -0.135923 -0.135923 -0.112841
105 6.28033 0 0 0 0 -0.137266 -0.137266 -0.114721
106 6.34042 0 0 0 0 -0.13772 -0.13772 -0.116391
107 6.40052 0 0 0 0 -0.139023 -0.139023 -0.118104
108 6.46062 0 0 0 0 -0.140167 -0.140167 -0.119706
109 6.52072 0 0 0 0 -0.142 -0.142 -0.121419
110 6.58082 0 0 0 0 -0.14359 -0.14359 -0.123088
111 6.64092 0 0 0 0 -0.145175 -0.145175 -0.124793
112 6.70102 0 0 0 0 -0.146107 -0.146107 -0.126308
113 6.76112 0 0 0 0 -0.148093 -0.148093 -0.128005
114 6.82121 0 0 0 0 -0.150332 -0.150332 -0.12978
115 6.88131 0 0 0 0 -0.150762 -0.150762 -0.131212
116 6.94141 0 0 0 0 -0.152934 -0.152934 -0.133022
117 7.00151 0 0 0 0 -0.15369 -0.15369 -0.134505
118 7.06161 0 0 0 0 -0.154641 -0.154641 -0.136015
119 7.12171 0 0 0 0 -0.155409 -0.155409 -0.137398
120 7.18181 0 0 0 0 -0.156887 -0.156887 -0.138893
121 7.24191 0 0 0 0 -0.158563 -0.158563 -0.140417
122 7.302 0 0 0 0 -0.159415 -0.159415 -0.141732
123 7.3621 0 0 0 0 -0.161372 -0.161372 -0.143295
124 7.4222 0 0 0 0 -0.162473 -0.162473 -0.144674
125 7.4823 0 0 0 0 -0.16359 -0.16359 -0.146061
126 7.5424 0 0 0 0 -0.164414 -0.164414 -0.147364
127 7.6025 0 0 0 0 -0.165396 -0.165396 -0.148657
128 7.6626 0 0 0 0 -0.166205 -0.166205 -0.149787
129 7.7227 0 0 0 0 -0.168246 -0.168246 -0.151198
130 7.7828 0 0 0 0 -0.171137 -0.171137 -0.152862
131 7.84289 0 0 0 0 -0.170766 -0.170766 -0.153832
132 7.90299 0 0 0 0 -0.171113 -0.171113 -0.154958
133 7.96309 0 0 0 0 -0.17272 -0.17272 -0.15637
134 8.02319 0 0 0 0 -0.173255 -0.173255 -0.157531
135 8.08329 0 0 0 0 -0.173226 -0.173226 -0.158437
136 8.14339 0 0 0 0 -0.174715 -0.174715 -0.159654
137 8.20349 0 0 0 0 -0.175472 -0.175472 -0.160654
138 8.26359 0 0 0 0 -0.176846 -0.176846 -0.161788
139 8.32368 0 0 0 0 -0.178558 -0.178558 -0.163015
140 8.38378 0 0 0 0 -0.178796 -0.178796 -0.163982
141 8.44388 0 0 0 0 -0.178595 -0.178595 -0.164769
142 8.50398 0 0 0 0 -0.180517 -0.180517 -0.16602
143 8.56408 0 0 0 0 -0.180785 -0.180785 -0.166858
144 8.62418 0 0 0 0 -0.181365 -0.181365 -0.167776
145 8.68428 0 0 0 0 -0.18263 -0.18263 -0.168824
146 8.74438 0 0 0 0 -0.182633 -0.182633 -0.169615
147 8.80447 0 0 0 0 -0.182264 -0.182264 -0.17024
148 8.86457 0 0 0 0 -0.184581 -0.184581 -0.1714
149 8.92467 0 0 0 0 -0.185295 -0.185295 -0.172127
150 8.98477 0 0 0 0 -0.186792 -0.186792 -0.173081
151 9.04487 0 0 0 0 -0.187266 -0.187266 -0.173844
152 9.10497 0 0 0 0 -0.188071 -0.188071 -0.174746
153 9.16507 0 0 0 0 -0.188396 -0.188396 -0.175568
154 9.22517 0 0 0 0 -0.187358 -0.187358 -0.175998
155 9.28527 0 0 0 0 -0.188095 -0.188095 -0.176732
156 9.34536 0 0 0 0 -0.188981 -0.188981 -0.177456
157 9.40546 0 0 0 0 -0.190313 -0.190313 -0.178219
158 9.46556 0 0 0 0 -0.191019 -0.191019 -0.178814
159 9.52566 0 0 0 0 -0.192801 -0.192801 -0.179671
160 9.58576 0 0 0 0 -0.193505 -0.193505 -0.180321
161 9.64586 0 0 0 0 -0.193822 -0.193822 -0.180929
162 9.70596 0 0 0 0 -0.193679 -0.193679 -0.181382
163 9.76606 0 0 0 0 -0.195459 -0.195459 -0.182262
164 9.82615 0 0 0 0 -0.195394 -0.195394 -0.182704
165 9.88625 0 0 0 0 -0.195716 -0.195716 -0.18325
166 9.94635 0 0 0 0 -0.195619 -0.195619 -0.18371
167 10.0065 0 0 0 0 -0.196676 -0.196676 -0.184422
168 10.0665 0 0 0 0 -0.196309 -0.196309 -0.184789
169 10.1266 0 0 0 0 -0.196151 -0.196151 -0.185098
170 10.1867 0 0 0 0 -0.197588 -0.197588 -0.185719
171 10.2468 0 0 0 0 -0.198657 -0.198657 -0.186269
172 10.3069 0 0 0 0 -0.199218 -0.199218 -0.18668
173 10.367 0 0 0 0 -0.199945 -0.199945 -0.187159
174 10.4271 0 0 0 0 -0.200197 -0.200197 -0.187567
175 10.4872 0 0 0 0 -0.199731 -0.199731 -0.187811
176 10.5473 0 0 0 0 -0.20089 -0.20089 -0.188353
177 10.6074 0 0 0 0 -0.201571 -0.201571 -0.18881
178 10.6675 0 0 0 0 -0.200633 -0.200633 -0.188881
179 10.7276 0 0 0 0 -0.20149 -0.20149 -0.189304
180 10.7877 0 0 0 0 -0.202558 -0.202558 -0.189757
181 10.8478 0 0 0 0 -0.202513 -0.202513 -0.189958
182 10.9079 0 0 0 0 -0.2029 -0.2029 -0.190328
183 10.968 0 0 0 0 -0.20202 -0.20202 -0.190408
184 11.0281 0 0 0 0 -0.202821 -0.202821 -0.190846
185 11.0882 0 0 0 0 -0.201988 -0.201988 -0.190846
186 11.1483 0 0 0 0 -0.20275 -0.20275 -0.191154
187 11.2084 0 0 0 0 -0.20366 -0.20366 -0.191471
188 11.2685 0 0 0 0 -0.203936 -0.203936 -0.191688
189 11.3286 0 0 0 0 -0.203247 -0.203247 -0.191726
190 11.3887 0 0 0 0 -0.20318 -0.20318 -0.19191
191 11.4488 0 0 0 0 -0.202693 -0.202693 -0.191906
192 11.5089 0 0 0 0 -0.204431 -0.204431 -0.19238
193 11.569 0 0 0 0 -0.203957 -0.203957 -0.192337
194 11.6291 0 0 0 0 -0.203096 -0.203096 -0.192206
195 11.6892 0 0 0 0 -0.204338 -0.204338 -0.192547
196 11.7493 0 0 0 0 -0.204395 -0.204395 -0.19262
197 11.8094 0 0 0 0 -0.203712 -0.203712 -0.192609
198 11.8695 0 0 0 0 -0.202008 -0.202008 -0.192309
199 11.9296 0 0 0 0 -0.203334 -0.203334 -0.192621
200 11.9897 0 0 0 0 -0.203336 -0.203336 -0.192547
201 12.0498 0 0 0 0 -0.204217 -0.204217 -0.192685
202 12.1099 0 0 0 0 -0.203312 -0.203312 -0.192444
203 12.17 0 0 0 0 -0.203373 -0.203373 -0.192486
204 12.2301 0 0 0 0 -0.203402 -0.203402 -0.19249
205 12.2902 0 0 0 0 -0.202337 -0.202337 -0.192212
206 12.3503 0 0 0 0 -0.202632 -0.202632 -0.192163
207 12.4104 0 0 0 0 -0.20303 -0.20303 -0.192121
208 12.4705 0 0 0 0 -0.203421 -0.203421 -0.192134
209 12.5306 0 0 0 0 -0.202152 -0.202152 -0.191803
210 12.5907 0 0 0 0 -0.200908 -0.200908 -0.191466
211 12.6508 0 0 0 0 -0.200845 -0.200845 -0.191339
212 12.7109 0 0 0 0 -0.202034 -0.202034 -0.1914
213 12.771 0 0 0 0 -0.201653 -0.201653 -0.191051
214 12.8311 0 0 0 0 -0.202055 -0.202055 -0.19088
215 12.8912 0 0 0 0 -0.202232 -0.202232 -0.190677
216 12.9513 0 0 0 0 -0.202049 -0.202049 -0.190425
217 13.0114 0 0 0 0 -0.201093 -0.201093 -0.189997
218 13.0715 0 0 0 0 -0.201213 -0.201213 -0.189742
219 13.1316 0 0 0 0 -0.202061 -0.202061 -0.189609
220 13.1917 0 0 0 0 -0.201779 -0.201779 -0.189182
221 13.2518 0 0 0 0 -0.20204 -0.20204 -0.188916
222 13.3119 0 0 0 0 -0.201872 -0.201872 -0.188578
223 13.372 0 0 0 0 -0.200507 -0.200507 -0.18803
224 13.4321 0 0 0 0 -0.199335 -0.199335 -0.187559
225 13.4922 0 0 0 0 -0.199146 -0.199146 -0.187288
226 13.5523 0 0 0 0 -0.198227 -0.198227 -0.186768
227 13.6124 0 0 0 0 -0.197335 -0.197335 -0.186203
228 13.6725 0 0 0 0 -0.19849 -0.19849 -0.186086
229 13.7326 0 0 0 0 -0.197297 -0.197297 -0.185449
230 13.7927 0 0 0 0 -0.19642 -0.19642 -0.184885
231 13.8528 0 0 0 0 -0.196253 -0.196253 -0.184412
232 13.9129 0 0 0 0 -0.196671 -0.196671 -0.183997
233 13.973 0 0 0 0 -0.19677 -0.19677 -0.183482
234 14.0331 0 0 0 0 -0.196056 -0.196056 -0.182836
235 14.0932 0 0 0 0 -0.195968 -0.195968 -0.182333
236 14.1533 0 0 0 0 -0.19448 -0.19448 -0.181524
237 14.2134 0 0 0 0 -0.194437 -0.194437 -0.181047
238 14.2735 0 0 0 0 -0.193519 -0.193519 -0.180358
239 14.3336 0 0 0 0 -0.192945 -0.192945 -0.179665
240 14.3937 0 0 0 0 -0.192505 -0.192505 -0.178993
241 14.4538 0 0 0 0 -0.191893 -0.191893 -0.178331
242 14.5139 0 0 0 0 -0.190528 -0.190528 -0.177529
243 14.574 0 0 0 0 -0.189074 -0.189074 -0.176697
244 14.6341 0 0 0 0 -0.188031 -0.188031 -0.175918
245 14.6942 0 0 0 0 -0.188314 -0.188314 -0.175342
246 14.7543 0 0 0 0 -0.188189 -0.188189 -0.174576
247 14.8144 0 0 0 0 -0.188435 -0.188435 -0.173917
248 14.8745 0 0 0 0 -0.186871 -0.186871 -0.172836
249 14.9346 0 0 0 0 -0.186646 -0.186646 -0.172088
250 14.9947 0 0 0 0 -0.185817 -0.185817 -0.171121
251 15.0548 0 0 0 0 -0.186249 -0.186249 -0.170419
252 15.1148 0 0 0 0 -0.18567 -0.18567 -0.169451
253 15.1749 0 0 0 0 -0.183725 -0.183725 -0.168236
254 15.235 0 0 0 0 -0.183575 -0.183575 -0.167473
255 15.2951 0 0 0 0 -0.181687 -0.181687 -0.166316
256 15.3552 0 0 0 0 -0.181036 -0.181036 -0.165356
257 15.4153 0 0 0 0 -0.180609 -0.180609 -0.164414
258 15.4754 0 0 0 0 -0.179015 -0.179015 -0.163259
259 15.5355 0 0 0 0 -0.177378 -0.177378 -0.162111
260 15.5956 0 0 0 0 -0.176306 -0.176306 -0.161043
261 15.6557 0 0 0 0 -0.175378 -0.175378 -0.160011
262 15.7158 0 0 0 0 -0.174404 -0.174404 -0.158903
263 15.7759 0 0 0 0 -0.173638 -0.173638 -0.157776
264 15.836 0 0 0 0 -0.172859 -0.172859 -0.156576
265 15.8961 0 0 0 0 -0.172694 -0.172694 -0.155505
266 15.9562 0 0 0 0 -0.171918 -0.171918 -0.154263
267 16.0163 0 0 0 0 -0.171176 -0.171176 -0.152979
268 16.0764 0 0 0 0 -0.169566 -0.169566 -0.151483
269 16.1365 0 0 0 0 -0.169019 -0.169019 -0.150283
270 16.1966 0 0 0 0 -0.167203 -0.167203 -0.148879
271 16.2567 0 0 0 0 -0.163811 -0.163811 -0.14724
272 16.3168 0 0 0 0 -0.162019 -0.162019 -0.145936
273 16.3769 0 0 0 0 -0.161756 -0.161756 -0.14483
274 16.437 0 0 0 0 -0.160703 -0.160703 -0.143443
275 16.4971 0 0 0 0 -0.160262 -0.160262 -0.14217
276 16.5572 0 0 0 0 -0.158794 -0.158794 -0.140606
277 16.6173 0 0 0 0 -0.158597 -0.158597 -0.139263
278 16.6774 0 0 0 0 -0.158122 -0.158122 -0.137763
279 16.7375 0 0 0 0 -0.156815 -0.156815 -0.136089
280 16.7976 0 0 0 0 -0.156039 -0.156039 -0.134538
281 16.8577 0 0 0 0 -0.153366 -0.153366 -0.132618
282 16.9178 0 0 0 0 -0.151956 -0.151956 -0.131054
283 16.9779 0 0 0 0 -0.150095 -0.150095 -0.129377
284 17.038 0 0 0 0 -0.149027 -0.149027 -0.127858
285 17.0981 0 0 0 0 -0.146759 -0.146759 -0.126057
286 17.1582 0 0 0 0 -0.145487 -0.145487 -0.124471
287 17.2183 0 0 0 0 -0.144483 -0.144483 -0.122874
288 17.2784 0 0 0 0 -0.143907 -0.143907 -0.121266
289 17.3385 0 0 0 0 -0.142164 -0.142164 -0.119312
290 17.3986 0 0 0 0 -0.141794 -0.141794 -0.117627
291 17.4587 0 0 0 0 -0.138983 -0.138983 -0.115519
292 17.5188 0 0 0 0 -0.136348 -0.136348 -0.113636
293 17.5789 0 0 0 0 -0.13438 -0.13438 -0.1119
294 17.639 0 0 0 0 -0.134054 -0.134054 -0.110356
295 17.6991 0 0 0 0 -0.133013 -0.133013 -0.108501
296 17.7592 0 0 0 0 -0.131456 -0.131456 -0.106516
297 17.8193 0 0 0 0 -0.129093 -0.129093 -0.104425
298 17.8794 0 0 0 0 -0.127601 -0.127601 -0.102571
299 17.9395 0 0 0 0 -0.125537 -0.125537 -0.100573
300 17.9996 0 0 0 0 -0.123263 -0.123263 -0.0985644
301 18.0597 0 0 0 0 -0.120851 -0.120851 -0.0965723
302 18.1198 0 0 0 0 -0.118081 -0.118081 -0.0945794
303 18.1799 0 0 0 0 -0.115833 -0.115833 -0.0927661
304 18.24 0 0 0 0 -0.11425 -0.11425 -0.0910326
305 18.3001 0 0 0 0 -0.111962 -0.111962 -0.0890958
306 18.3602 0 0 0 0 -0.110921 -0.110921 -0.0873621
307 18.4203 0 0 0 0 -0.109018 -0.109018 -0.085382
308 18.4804 0 0 0 0 -0.106926 -0.106926 -0.0834111
309 18.5405 0 0 0 0 -0.104472 -0.104472 -0.0814386
310 18.6006 0 0 0 0 -0.102553 -0.102553 -0.0795822
311 18.6607 0 0 0 0 -0.100627 -0.100627 -0.0776892
312 18.7208 0 0 0 0 -0.0982203 -0.0982203 -0.0757277
313 18.7809 0 0 0 0 -0.0964438 -0.0964438 -0.0738865
314 18.841 0 0 0 0 -0.0943615 -0.0943615 -0.0719485
315 18.9011 0 0 0 0 -0.0920476 -0.0920476 -0.0700095
316 18.9612 0 0 0 0 -0.0894061 -0.0894061 -0.0680592
317 19.0213 0 0 0 0 -0.0871663 -0.0871663 -0.0662093
318 19.0814 0 0 0 0 -0.084803 -0.084803 -0.0643401
319 19.1415 0 0 0 0 -0.0826948 -0.0826948 -0.0624966
320 19.2016 0 0 0 0 -0.0807164 -0.0807164 -0.0606689
321 19.2617 0 0 0 0 -0.0771714 -0.0771714 -0.0586344
322 19.3218 0 0 0 0 -0.0748571 -0.0748571 -0.0569552
323 19.3819 0 0 0 0 -0.0724933 -0.0724933 -0.0552565
324 19.442 0 0 0 0 -0.0698426 -0.0698426 -0.0535538
325 19.5021 0 0 0 0 -0.0677185 -0.0677185 -0.0519911
326 19.5622 0 0 0 0 -0.0661877 -0.0661877 -0.0504538
327 19.6223 0 0 0 0 -0.0637572 -0.0637572 -0.0486871
328 19.6824 0 0 0 0 -0.0615316 -0.0615316 -0.0470094
329 19.7425 0 0 0 0 -0.0586516 -0.0586516 -0.045293
330 19.8026 0 0 0 0 -0.0564345 -0.0564345 -0.0437465
331 19.8627 0 0 0 0 -0.0539139 -0.0539139 -0.0421443
332 19.9228 0 0 0 0 -0.0516773 -0.0516773 -0.0406616
333 19.9829 0 0 0 0 -0.0493304 -0.0493304 -0.039188
334 20.043 0 0 0 0 -0.046976 -0.046976 -0.0377599
335 20.1031 0 0 0 0 -0.0445 -0.0445 -0.0363294
336 20.1631 0 0 0 0 -0.0423197 -0.0423197 -0.0350183
337 20.2232 0 0 0 0 -0.0403497 -0.0403497 -0.033749
338 20.2833 0 0 0 0 -0.0381198 -0.0381198 -0.0324599
339 20.3434 0 0 0 0 -0.0357414 -0.0357414 -0.0312057
340 20.4035 0 0 0 0 -0.0340283 -0.0340283 -0.0301675
341 20.4636 0 0 0 0 -0.0322421 -0.0322421 -0.0290862
342 20.5237 0 0 0 0 -0.0302139 -0.0302139 -0.0279913
343 20.5838 0 0 0 0 -0.0287644 -0.0287644 -0.0270519
344 20.6439 0 0 0 0 -0.0271638 -0.0271638 -0.0260974
345 20.704 0 0 0 0 -0.0255734 -0.0255734 -0.025153
346 20.7641 0 0 0 0 -0.0241632 -0.0241632 -0.0242502
347 20.8242 0 0 0 0 -0.0224002 -0.0224002 -0.0232774
348 20.8843 0 0 0 0 -0.0206652 -0.0206652 -0.022407
349 20.9444 0 0 0 0 -0.0194325 -0.0194325 -0.0217237
350 21.0045 0 0 0 0 -0.0183705 -0.0183705 -0.0210908
351 21.0646 0 0 0 0 -0.0172555 -0.0172555 -0.0204513
352 21.1247 0 0 0 0 -0.0164505 -0.0164505 -0.019899
353 21.1848 0 0 0 0 -0.0155666 -0.0155666 -0.0193146
354 21.2449 0 0 0 0 -0.0146757 -0.0146757 -0.0187445
355 21.305 0 0 0 0 -0.0138882 -0.0138882 -0.0182273
356 21.3651 0 0 0 0 -0.0130893 -0.0130893 -0.017719
357 21.4252 0 0 0 0 -0.0123568 -0.0123568 -0.0172571
358 21.4853 0 0 0 0 -0.0115935 -0.0115935 -0.0167838
359 21.5454 0 0 0 0 -0.0109169 -0.0109169 -0.0163513
360 21.6055 0 0 0 0 -0.0102912 -0.0102912 -0.0159579
361 21.6656 0 0 0 0 -0.00975561 -0.00975561 -0.0156244
362 21.7257 0 0 0 0 -0.0093328 -0.0093328 -0.0153255
363 21.7858 0 0 0 0 -0.00888371 -0.00888371 -0.0150148
364 21.8459 0 0 0 0 -0.00839489 -0.00839489 -0.0146907
365 21.906 0 0 0 0 -0.00800578 -0.00800578 -0.0144175
366 21.9661 0 0 0 0 -0.00767453 -0.00767453 -0.0141668
367 22.0262 0 0 0 0 -0.00726996 -0.00726996 -0.0138962
368 22.0863 0 0 0 0 -0.00691987 -0.00691987 -0.0136641
369 22.1464 0 0 0 0 -0.00665972 -0.00665972 -0.0134886
370 22.2065 0 0 0 0 -0.00642834 -0.00642834 -0.0133085
371 22.2666 0 0 0 0 -0.00616864 -0.00616864 -0.0131164
372 22.3267 0 0 0 0 -0.00600801 -0.00600801 -0.0129877
373 22.3868 0 0 0 0 -0.0058354 -0.0058354 -0.0128458
374 22.4469 0 0 0 0 -0.00562801 -0.00562801 -0.01269
375 22.507 0 0 0 0 -0.00543464 -0.00543464 -0.0125494
376 22.5671 0 0 0 0 -0.00528607 -0.00528607 -0.0124384
377 22.6272 0 0 0 0 -0.00517754 -0.00517754 -0.0123473
378 22.6873 0 0 0 0 -0.00510316 -0.00510316 -0.0122618
379 22.7474 0 0 0 0 -0.00502217 -0.00502217 -0.0121632
380 22.8075 0 0 0 0 -0.00492706 -0.00492706 -0.0120592
381 22.8676 0 0 0 0 -0.00475809 -0.00475809 -0.0119333
382 22.9277 0 0 0 0 -0.00461747 -0.00461747 -0.0118339
383 22.9878 0 0 0 0 -0.0045614 -0.0045614 -0.0117849
384 23.0479 0 0 0 0 -0.00446722 -0.00446722 -0.0117131
385 23.108 0 0 0 0 -0.00436451 -0.00436451 -0.0116425
386 23.1681 0 0 0 0 -0.00433981 -0.00433981 -0.011617
387 23.2282 0 0 0 0 -0.0043096 -0.0043096 -0.0115842
388 23.2883 0 0 0 0 -0.00424637 -0.00424637 -0.0115319
389 23.3484 0 0 0 0 -0.00422424 -0.00422424 -0.0115085
390 23.4085 0 0 0 0 -0.00420602 -0.00420602 -0.0114861
391 23.4686 0 0 0 0 -0.00418626 -0.00418626 -0.0114627
392 23.5287 0 0 0 0 -0.00413171 -0.00413171 -0.0114313
393 23.5888 0 0 0 0 -0.00411993 -0.00411993 -0.0114219
394 23.6489 0 0 0 0 -0.00415043 -0.00415043 -0.011434
395 23.709 0 0 0 0 -0.00412554 -0.00412554 -0.0114186
184000 395
1 0.0300494 0 0 0 0 -0.00412996 -0.00412996 -0.0114528
2 0.0901482 0 0 0 0 -0.00411095 -0.00411095 -0.011439
3 0.150247 0 0 0 0 -0.00413955 -0.00413955 -0.0114611
4 0.210346 0 0 0 0 -0.00413608 -0.00413608 -0.0114653
5 0.270445 0 0 0 0 -0.00414777 -0.00414777 -0.0114785
6 0.330543 0 0 0 0 -0.00418731 -0.00418731 -0.0115094
7 0.390642 0 0 0 0 -0.00420469 -0.00420469 -0.0115248
8 0.450741 0 0 0 0 -0.0042414 -0.0042414 -0.0115578
9 0.51084 0 0 0 0 -0.0043096 -0.0043096 -0.011599
10 0.570939 0 0 0 0 -0.00442444 -0.00442444 -0.0116673
11 0.631037 0 0 0 0 -0.00442794 -0.00442794 -0.0117046
12 0.691136 0 0 0 0 -0.00448001 -0.00448001 -0.0117595
13 0.751235 0 0 0 0 -0.00458966 -0.00458966 -0.0118362
14 0.811334 0 0 0 0 -0.00469838 -0.00469838 -0.0119102
15 0.871433 0 0 0 0 -0.00480143 -0.00480143 -0.0119819
16 0.931531 0 0 0 0 -0.00493159 -0.00493159 -0.0120803
17 0.99163 0 0 0 0 -0.00498215 -0.00498215 -0.012154
18 1.05173 0 0 0 0 -0.00511859 -0.00511859 -0.0122698
19 1.11183 0 0 0 0 -0.00516981 -0.00516981 -0.0123342
20 1.17193 0 0 0 0 -0.00530042 -0.00530042 -0.0124337
21 1.23203 0 0 0 0 -0.00549288 -0.00549288 -0.0125746
22 1.29212 0 0 0 0 -0.00567506 -0.00567506 -0.0127148
23 1.35222 0 0 0 0 -0.00582135 -0.00582135 -0.0128374
24 1.41232 0 0 0 0 -0.00603038 -0.00603038 -0.0129903
25 1.47242 0 0 0 0 -0.00622532 -0.00622532 -0.0131354
26 1.53252 0 0 0 0 -0.00649032 -0.00649032 -0.0133124
27 1.59262 0 0 0 0 -0.0067838 -0.0067838 -0.0135235
28 1.65272 0 0 0 0 -0.00705007 -0.00705007 -0.0137287
29 1.71282 0 0 0 0 -0.0072786 -0.0072786 -0.013918
30 1.77291 0 0 0 0 -0.00758615 -0.00758615 -0.0141249
31 1.83301 0 0 0 0 -0.0079463 -0.0079463 -0.0143661
32 1.89311 0 0 0 0 -0.00827565 -0.00827565 -0.0145926
33 1.95321 0 0 0 0 -0.00876243 -0.00876243 -0.0148949
34 2.01331 0 0 0 0 -0.00926458 -0.00926458 -0.0152074
35 2.07341 0 0 0 0 -0.00988739 -0.00988739 -0.0155737
36 2.13351 0 0 0 0 -0.0106221 -0.0106221 -0.0160035
37 2.19361 0 0 0 0 -0.011284 -0.011284 -0.0164389
38 2.25371 0 0 0 0 -0.0119814 -0.0119814 -0.0169047
39 2.3138 0 0 0 0 -0.0125245 -0.0125245 -0.017301
40 2.3739 0 0 0 0 -0.0132331 -0.0132331 -0.0177331
41 2.434 0 0 0 0 -0.014196 -0.014196 -0.0183019
42 2.4941 0 0 0 0 -0.0150636 -0.0150636 -0.018834
43 2.5542 0 0 0 0 -0.0159597 -0.0159597 -0.0193697
44 2.6143 0 0 0 0 -0.016944 -0.016944 -0.0199608
45 2.6744 0 0 0 0 -0.0180026 -0.0180026 -0.0206045
46 2.7345 0 0 0 0 -0.0191935 -0.0191935 -0.0212986
47 2.79459 0 0 0 0 -0.0206288 -0.0206288 -0.0220723
48 2.85469 0 0 0 0 -0.0219101 -0.0219101 -0.0228158
49 2.91479 0 0 0 0 -0.0232146 -0.0232146 -0.0236187
50 2.97489 0 0 0 0 -0.0245839 -0.0245839 -0.0244441
51 3.03499 0 0 0 0 -0.0260895 -0.0260895 -0.0252983
52 3.09509 0 0 0 0 -0.0278928 -0.0278928 -0.0262827
53 3.15519 0 0 0 0 -0.0295435 -0.0295435 -0.0272715
54 3.21529 0 0 0 0 -0.0318329 -0.0318329 -0.0285085
55 3.27538 0 0 0 0 -0.0332455 -0.0332455 -0.0295674
56 3.33548 0 0 0 0 -0.0345235 -0.0345235 -0.030511
57 3.39558 0 0 0 0 -0.0366008 -0.0366008 -0.0316512
58 3.45568 0 0 0 0 -0.0387375 -0.0387375 -0.0328794
59 3.51578 0 0 0 0 -0.0405996 -0.0405996 -0.0340863
60 3.57588 0 0 0 0 -0.0426126 -0.0426126 -0.0353274
61 3.63598 0 0 0 0 -0.0445596 -0.0445596 -0.0365636
62 3.69608 0 0 0 0 -0.0471147 -0.0471147 -0.0379757
63 3.75618 0 0 0 0 -0.0493547 -0.0493547 -0.0393826
64 3.81627 0 0 0 0 -0.0518824 -0.0518824 -0.040892
65 3.87637 0 0 0 0 -0.0539546 -0.0539546 -0.0423697
66 3.93647 0 0 0 0 -0.0563243 -0.0563243 -0.0439313
67 3.99657 0 0 0 0 -0.0583825 -0.0583825 -0.0454291
68 4.05667 0 0 0 0 -0.0602789 -0.0602789 -0.0468323
69 4.11677 0 0 0 0 -0.0631991 -0.0631991 -0.0484942
70 4.17687 0 0 0 0 -0.0655644 -0.0655644 -0.050086
71 4.23697 0 0 0 0 -0.0690325 -0.0690325 -0.0520034
72 4.29706 0 0 0 0 -0.0713429 -0.0713429 -0.0538523
73 4.35716 0 0 0 0 -0.0731649 -0.0731649 -0.0555965
74 4.41726 0 0 0 0 -0.0747117 -0.0747117 -0.0572038
75 4.47736 0 0 0 0 -0.0766759 -0.0766759 -0.0588023
76 4.53746 0 0 0 0 -0.0793626 -0.0793626 -0.0605728
77 4.59756 0 0 0 0 -0.0818506 -0.0818506 -0.0623593
78 4.65766 0 0 0 0 -0.084 -0.084 -0.0641287
79 4.71776 0 0 0 0 -0.0866881 -0.0866881 -0.0660502
80 4.77786 0 0 0 0 -0.0890703 -0.0890703 -0.0679404
81 4.83795 0 0 0 0 -0.0913117 -0.0913117 -0.0698461
82 4.89805 0 0 0 0 -0.092881 -0.092881 -0.0715852
83 4.95815 0 0 0 0 -0.0952703 -0.0952703 -0.0734747
84 5.01825 0 0 0 0 -0.0976122 -0.0976122 -0.075386
85 5.07835 0 0 0 0 -0.100086 -0.100086 -0.0773869
86 5.13845 0 0 0 0 -0.101936 -0.101936 -0.0792882
87 5.19855 0 0 0 0 -0.103677 -0.103677 -0.0811643
88 5.25865 0 0 0 0 -0.105344 -0.105344 -0.0830047
89 5.31874 0 0 0 0 -0.10659 -0.10659 -0.0846637
90 5.37884 0 0 0 0 -0.10936 -0.10936 -0.0865868
91 5.43894 0 0 0 0 -0.111162 -0.111162 -0.0883127
92 5.49904 0 0 0 0 -0.113894 -0.113894 -0.0902477
93 5.55914 0 0 0 0 -0.117261 -0.117261 -0.0924674
94 5.61924 0 0 0 0 -0.119533 -0.119533 -0.0946336
95 5.67934 0 0 0 0 -0.120123 -0.120123 -0.0964533
96 5.73944 0 0 0 0 -0.121357 -0.121357 -0.0983079
97 5.79953 0 0 0 0 -0.122987 -0.122987 -0.100165
98 5.85963 0 0 0 0 -0.124735 -0.124735 -0.102011
99 5.91973 0 0 0 0 -0.125567 -0.125567 -0.103641
100 5.97983 0 0 0 0 -0.127839 -0.127839 -0.105564
101 6.03993 0 0 0 0 -0.129479 -0.129479 -0.107326
102 6.10003 0 0 0 0 -0.131507 -0.131507 -0.109159
103 6.16013 0 0 0 0 -0.132737 -0.132737 -0.110829
104 6.22023 0 0 0 0 -0.135593 -0.135593 -0.112876
105 6.28033 0 0 0 0 -0.137034 -0.137034 -0.11474
106 6.34042 0 0 0 0 -0.137718 -0.137718 -0.116432
107 6.40052 0 0 0 0 -0.138959 -0.138959 -0.118112
108 6.46062 0 0 0 0 -0.140264 -0.140264 -0.119732
109 6.52072 0 0 0 0 -0.142168 -0.142168 -0.12145
110 6.58082 0 0 0 0 -0.144047 -0.144047 -0.123186
111 6.64092 0 0 0 0 -0.145514 -0.145514 -0.124889
112 6.70102 0 0 0 0 -0.14622 -0.14622 -0.126371
113 6.76112 0 0 0 0 -0.148297 -0.148297 -0.128091
114 6.82121 0 0 0 0 -0.150649 -0.150649 -0.129897
115 6.88131 0 0 0 0 -0.151037 -0.151037 -0.131344
116 6.94141 0 0 0 0 -0.152882 -0.152882 -0.133108
117 7.00151 0 0 0 0 -0.153716 -0.153716 -0.134628
118 7.06161 0 0 0 0 -0.154434 -0.154434 -0.136085
119 7.12171 0 0 0 0 -0.155245 -0.155245 -0.137462
120 7.18181 0 0 0 0 -0.156701 -0.156701 -0.138934
121 7.24191 0 0 0 0 -0.158509 -0.158509 -0.140477
122 7.302 0 0 0 0 -0.159291 -0.159291 -0.141774
123 7.3621 0 0 0 0 -0.161306 -0.161306 -0.143349
124 7.4222 0 0 0 0 -0.162301 -0.162301 -0.144685
125 7.4823 0 0 0 0 -0.163552 -0.163552 -0.146074
126 7.5424 0 0 0 0 -0.164616 -0.164616 -0.147401
127 7.6025 0 0 0 0 -0.165881 -0.165881 -0.14875
128 7.6626 0 0 0 0 -0.166657 -0.166657 -0.149908
129 7.7227 0 0 0 0 -0.168522 -0.168522 -0.151335
130 7.7828 0 0 0 0 -0.170951 -0.170951 -0.152927
131 7.84289 0 0 0 0 -0.170553 -0.170553 -0.153892
132 7.90299 0 0 0 0 -0.17102 -0.17102 -0.155039
133 7.96309 0 0 0 0 -0.172591 -0.172591 -0.156438
134 8.02319 0 0 0 0 -0.173175 -0.173175 -0.157613
135 8.08329 0 0 0 0 -0.173007 -0.173007 -0.158496
136 8.14339 0 0 0 0 -0.174346 -0.174346 -0.159676
137 8.20349 0 0 0 0 -0.175429 -0.175429 -0.160755
138 8.26359 0 0 0 0 -0.17648 -0.17648 -0.161806
139 8.32368 0 0 0 0 -0.178242 -0.178242 -0.163031
140 8.38378 0 0 0 0 -0.178642 -0.178642 -0.164016
141 8.44388 0 0 0 0 -0.178548 -0.178548 -0.164813
142 8.50398 0 0 0 0 -0.180469 -0.180469 -0.166053
143 8.56408 0 0 0 0 -0.18088 -0.18088 -0.166916
144 8.62418 0 0 0 0 -0.181431 -0.181431 -0.167812
145 8.68428 0 0 0 0 -0.18294 -0.18294 -0.168899
146 8.74438 0 0 0 0 -0.183036 -0.183036 -0.16971
147 8.80447 0 0 0 0 -0.182706 -0.182706 -0.170377
148 8.86457 0 0 0 0 -0.184656 -0.184656 -0.171512
149 8.92467 0 0 0 0 -0.185087 -0.185087 -0.172213
150 8.98477 0 0 0 0 -0.186363 -0.186363 -0.17312
151 9.04487 0 0 0 0 -0.186908 -0.186908 -0.173891
152 9.10497 0 0 0 0 -0.187954 -0.187954 -0.174841
153 9.16507 0 0 0 0 -0.188124 -0.188124 -0.175615
154 9.22517 0 0 0 0 -0.187085 -0.187085 -0.17604
155 9.28527 0 0 0 0 -0.187894 -0.187894 -0.176784
156 9.34536 0 0 0 0 -0.188818 -0.188818 -0.177496
157 9.40546 0 0 0 0 -0.190358 -0.190358 -0.178281
158 9.46556 0 0 0 0 -0.191237 -0.191237 -0.178885
159 9.52566 0 0 0 0 -0.193128 -0.193128 -0.179746
160 9.58576 0 0 0 0 -0.19396 -0.19396 -0.180421
161 9.64586 0 0 0 0 -0.194202 -0.194202 -0.181023
162 9.70596 0 0 0 0 -0.194072 -0.194072 -0.1815
163 9.76606 0 0 0 0 -0.195469 -0.195469 -0.182312
164 9.82615 0 0 0 0 -0.195555 -0.195555 -0.182805
165 9.88625 0 0 0 0 -0.195666 -0.195666 -0.183312
166 9.94635 0 0 0 0 -0.195712 -0.195712 -0.183815
167 10.0065 0 0 0 0 -0.196467 -0.196467 -0.184456
168 10.0665 0 0 0 0 -0.19622 -0.19622 -0.184844
169 10.1266 0 0 0 0 -0.196048 -0.196048 -0.185134
170 10.1867 0 0 0 0 -0.197908 -0.197908 -0.185832
171 10.2468 0 0 0 0 -0.198927 -0.198927 -0.186355
172 10.3069 0 0 0 0 -0.199475 -0.199475 -0.186758
173 10.367 0 0 0 0 -0.200032 -0.200032 -0.187197
174 10.4271 0 0 0 0 -0.20071 -0.20071 -0.187702
175 10.4872 0 0 0 0 -0.200004 -0.200004 -0.187905
176 10.5473 0 0 0 0 -0.20098 -0.20098 -0.188411
177 10.6074 0 0 0 0 -0.201649 -0.201649 -0.188867
178 10.6675 0 0 0 0 -0.200949 -0.200949 -0.189004
179 10.7276 0 0 0 0 -0.201386 -0.201386 -0.189349
180 10.7877 0 0 0 0 -0.202464 -0.202464 -0.189808
181 10.8478 0 0 0 0 -0.202477 -0.202477 -0.190019
182 10.9079 0 0 0 0 -0.202821 -0.202821 -0.190358
183 10.968 0 0 0 0 -0.202341 -0.202341 -0.19051
184 11.0281 0 0 0 0 -0.20308 -0.20308 -0.190925
185 11.0882 0 0 0 0 -0.202149 -0.202149 -0.190908
186 11.1483 0 0 0 0 -0.202917 -0.202917 -0.191221
187 11.2084 0 0 0 0 -0.203887 -0.203887 -0.191552
188 11.2685 0 0 0 0 -0.204036 -0.204036 -0.191735
189 11.3286 0 0 0 0 -0.203471 -0.203471 -0.191796
190 11.3887 0 0 0 0 -0.203436 -0.203436 -0.191986
191 11.4488 0 0 0 0 -0.202903 -0.202903 -0.191978
192 11.5089 0 0 0 0 -0.204486 -0.204486 -0.192423
193 11.569 0 0 0 0 -0.203984 -0.203984 -0.192372
194 11.6291 0 0 0 0 -0.203339 -0.203339 -0.192291
195 11.6892 0 0 0 0 -0.204438 -0.204438 -0.192601
196 11.7493 0 0 0 0 -0.204386 -0.204386 -0.192654
197 11.8094 0 0 0 0 -0.203699 -0.203699 -0.192635
198 11.8695 0 0 0 0 -0.202134 -0.202134 -0.192358
199 11.9296 0 0 0 0 -0.203447 -0.203447 -0.192648
200 11.9897 0 0 0 0 -0.203845 -0.203845 -0.192639
201 12.0498 0 0 0 0 -0.204639 -0.204639 -0.192725
202 12.1099 0 0 0 0 -0.203939 -0.203939 -0.192507
203 12.17 0 0 0 0 -0.204106 -0.204106 -0.192566
204 12.2301 0 0 0 0 -0.204015 -0.204015 -0.192571
205 12.2902 0 0 0 0 -0.202474 -0.202474 -0.19222
206 12.3503 0 0 0 0 -0.202714 -0.202714 -0.19218
207 12.4104 0 0 0 0 -0.203027 -0.203027 -0.192123
208 12.4705 0 0 0 0 -0.203636 -0.203636 -0.192178
209 12.5306 0 0 0 0 -0.202363 -0.202363 -0.191835
210 12.5907 0 0 0 0 -0.201056 -0.201056 -0.191478
211 12.6508 0 0 0 0 -0.20115 -0.20115 -0.191379
212 12.7109 0 0 0 0 -0.202201 -0.202201 -0.191403
213 12.771 0 0 0 0 -0.201887 -0.201887 -0.191062
214 12.8311 0 0 0 0 -0.202324 -0.202324 -0.190892
215 12.8912 0 0 0 0 -0.202565 -0.202565 -0.190704
216 12.9513 0 0 0 0 -0.202118 -0.202118 -0.190395
217 13.0114 0 0 0 0 -0.201275 -0.201275 -0.18999
218 13.0715 0 0 0 0 -0.201564 -0.201564 -0.189766
219 13.1316 0 0 0 0 -0.202198 -0.202198 -0.189582
220 13.1917 0 0 0 0 -0.201955 -0.201955 -0.189178
221 13.2518 0 0 0 0 -0.201964 -0.201964 -0.188867
222 13.3119 0 0 0 0 -0.201813 -0.201813 -0.188545
223 13.372 0 0 0 0 -0.200399 -0.200399 -0.187993
224 13.4321 0 0 0 0 -0.199128 -0.199128 -0.1875
225 13.4922 0 0 0 0 -0.198979 -0.198979 -0.187241
226 13.5523 0 0 0 0 -0.198012 -0.198012 -0.186707
227 13.6124 0 0 0 0 -0.197271 -0.197271 -0.186167
228 13.6725 0 0 0 0 -0.198494 -0.198494 -0.186041
229 13.7326 0 0 0 0 -0.197464 -0.197464 -0.185414
230 13.7927 0 0 0 0 -0.196544 -0.196544 -0.184828
231 13.8528 0 0 0 0 -0.196356 -0.196356 -0.184346
232 13.9129 0 0 0 0 -0.196723 -0.196723 -0.18392
233 13.973 0 0 0 0 -0.196823 -0.196823 -0.183403
234 14.0331 0 0 0 0 -0.196091 -0.196091 -0.182747
235 14.0932 0 0 0 0 -0.195939 -0.195939 -0.182235
236 14.1533 0 0 0 0 -0.194336 -0.194336 -0.181411
237 14.2134 0 0 0 0 -0.19417 -0.19417 -0.180913
238 14.2735 0 0 0 0 -0.19332 -0.19332 -0.180233
239 14.3336 0 0 0 0 -0.192944 -0.192944 -0.179566
240 14.3937 0 0 0 0 -0.192527 -0.192527 -0.178884
241 14.4538 0 0 0 0 -0.191747 -0.191747 -0.178186
242 14.5139 0 0 0 0 -0.190268 -0.190268 -0.177375
243 14.574 0 0 0 0 -0.188803 -0.188803 -0.176549
244 14.6341 0 0 0 0 -0.187641 -0.187641 -0.175744
245 14.6942 0 0 0 0 -0.18812 -0.18812 -0.175212
246 14.7543 0 0 0 0 -0.187865 -0.187865 -0.174409
247 14.8144 0 0 0 0 -0.188159 -0.188159 -0.173761
248 14.8745 0 0 0 0 -0.186534 -0.186534 -0.17266
249 14.9346 0 0 0 0 -0.186404 -0.186404 -0.171916
250 14.9947 0 0 0 0 -0.186109 -0.186109 -0.171032
251 15.0548 0 0 0 0 -0.186211 -0.186211 -0.170229
252 15.1148 0 0 0 0 -0.185569 -0.185569 -0.169241
253 15.1749 0 0 0 0 -0.183853 -0.183853 -0.168061
254 15.235 0 0 0 0 -0.183728 -0.183728 -0.167287
255 15.2951 0 0 0 0 -0.181539 -0.181539 -0.166082
256 15.3552 0 0 0 0 -0.180509 -0.180509 -0.165074
257 15.4153 0 0 0 0 -0.179898 -0.179898 -0.164125
258 15.4754 0 0 0 0 -0.178314 -0.178314 -0.162996
259 15.5355 0 0 0 0 -0.176971 -0.176971 -0.161922
260 15.5956 0 0 0 0 -0.175922 -0.175922 -0.160834
261 15.6557 0 0 0 0 -0.175126 -0.175126 -0.159797
262 15.7158 0 0 0 0 -0.174381 -0.174381 -0.158719
263 15.7759 0 0 0 0 -0.173365 -0.173365 -0.157533
264 15.836 0 0 0 0 -0.17258 -0.17258 -0.156333
265 15.8961 0 0 0 0 -0.172594 -0.172594 -0.155283
266 15.9562 0 0 0 0 -0.171957 -0.171957 -0.154029
267 16.0163 0 0 0 0 -0.171263 -0.171263 -0.152724
268 16.0764 0 0 0 0 -0.169543 -0.169543 -0.151212
269 16.1365 0 0 0 0 -0.168501 -0.168501 -0.149933
270 16.1966 0 0 0 0 -0.166632 -0.166632 -0.148545
271 16.2567 0 0 0 0 -0.163345 -0.163345 -0.14694
272 16.3168 0 0 0 0 -0.161552 -0.161552 -0.145637
273 16.3769 0 0 0 0 -0.161233 -0.161233 -0.144528
274 16.437 0 0 0 0 -0.160057 -0.160057 -0.143126
275 16.4971 0 0 0 0 -0.159625 -0.159625 -0.141872
276 16.5572 0 0 0 0 -0.158246 -0.158246 -0.140338
277 16.6173 0 0 0 0 -0.158136 -0.158136 -0.139009
278 16.6774 0 0 0 0 -0.157716 -0.157716 -0.137506
279 16.7375 0 0 0 0 -0.156499 -0.156499 -0.135832
280 16.7976 0 0 0 0 -0.15575 -0.15575 -0.134272
281 16.8577 0 0 0 0 -0.153078 -0.153078 -0.132349
282 16.9178 0 0 0 0 -0.151451 -0.151451 -0.130745
283 16.9779 0 0 0 0 -0.149598 -0.149598 -0.129085
284 17.038 0 0 0 0 -0.148559 -0.148559 -0.127584
285 17.0981 0 0 0 0 -0.146308 -0.146308 -0.125793
286 17.1582 0 0 0 0 -0.145127 -0.145127 -0.124225
287 17.2183 0 0 0 0 -0.144124 -0.144124 -0.12262
288 17.2784 0 0 0 0 -0.143645 -0.143645 -0.121019
289 17.3385 0 0 0 0 -0.142025 -0.142025 -0.119071
290 17.3986 0 0 0 0 -0.141525 -0.141525 -0.117349
291 17.4587 0 0 0 0 -0.138659 -0.138659 -0.115233
292 17.5188 0 0 0 0 -0.135921 -0.135921 -0.113342
293 17.5789 0 0 0 0 -0.133796 -0.133796 -0.111593
294 17.639 0 0 0 0 -0.133482 -0.133482 -0.11008
295 17.6991 0 0 0 0 -0.132382 -0.132382 -0.108232
296 17.7592 0 0 0 0 -0.131003 -0.131003 -0.106287
297 17.8193 0 0 0 0 -0.128609 -0.128609 -0.104187
298 17.8794 0 0 0 0 -0.127007 -0.127007 -0.10232
299 17.9395 0 0 0 0 -0.124919 -0.124919 -0.100342
300 17.9996 0 0 0 0 -0.122649 -0.122649 -0.0983574
301 18.0597 0 0 0 0 -0.120304 -0.120304 -0.0963939
302 18.1198 0 0 0 0 -0.117697 -0.117697 -0.0944316
303 18.1799 0 0 0 0 -0.115518 -0.115518 -0.0926161
304 18.24 0 0 0 0 -0.113903 -0.113903 -0.0908707
305 18.3001 0 0 0 0 -0.11161 -0.11161 -0.0889339
306 18.3602 0 0 0 0 -0.110653 -0.110653 -0.0872147
307 18.4203 0 0 0 0 -0.108764 -0.108764 -0.0852239
308 18.4804 0 0 0 0 -0.106715 -0.106715 -0.0832485
309 18.5405 0 0 0 0 -0.104161 -0.104161 -0.0812512
310 18.6006 0 0 0 0 -0.102082 -0.102082 -0.0793767
311 18.6607 0 0 0 0 -0.100136 -0.100136 -0.0775031
312 18.7208 0 0 0 0 -0.0976695 -0.0976695 -0.0755535
313 18.7809 0 0 0 0 -0.0959407 -0.0959407 -0.0737483
314 18.841 0 0 0 0 -0.0938855 -0.0938855 -0.0718361
315 18.9011 0 0 0 0 -0.0916122 -0.0916122 -0.0699176
316 18.9612 0 0 0 0 -0.089154 -0.089154 -0.0680013
317 19.0213 0 0 0 0 -0.0868718 -0.0868718 -0.0661327
318 19.0814 0 0 0 0 -0.0845593 -0.0845593 -0.0642746
319 19.1415 0 0 0 0 -0.0823842 -0.0823842 -0.0624274
320 19.2016 0 0 0 0 -0.080488 -0.080488 -0.0606282
321 19.2617 0 0 0 0 -0.0770837 -0.0770837 -0.0586117
322 19.3218 0 0 0 0 -0.0748236 -0.0748236 -0.0569177
323 19.3819 0 0 0 0 -0.0723664 -0.0723664 -0.0551854
324 19.442 0 0 0 0 -0.0696789 -0.0696789 -0.0534782
325 19.5021 0 0 0 0 -0.0675549 -0.0675549 -0.0519217
326 19.5622 0 0 0 0 -0.0659368 -0.0659368 -0.0503812
327 19.6223 0 0 0 0 -0.0636411 -0.0636411 -0.0486484
328 19.6824 0 0 0 0 -0.0614225 -0.0614225 -0.0469614
329 19.7425 0 0 0 0 -0.0585078 -0.0585078 -0.0452308
330 19.8026 0 0 0 0 -0.056192 -0.056192 -0.0436729
331 19.8627 0 0 0 0 -0.0536928 -0.0536928 -0.0420925
332 19.9228 0 0 0 0 -0.0514517 -0.0514517 -0.0406247
333 19.9829 0 0 0 0 -0.0491768 -0.0491768 -0.0391775
334 20.043 0 0 0 0 -0.0468395 -0.0468395 -0.0377542
335 20.1031 0 0 0 0 -0.0443975 -0.0443975 -0.0363342
336 20.1631 0 0 0 0 -0.0422709 -0.0422709 -0.0350326
337 20.2232 0 0 0 0 -0.0402325 -0.0402325 -0.0337493
338 20.2833 0 0 0 0 -0.0380261 -0.0380261 -0.032476
339 20.3434 0 0 0 0 -0.0356812 -0.0356812 -0.0312391
340 20.4035 0 0 0 0 -0.0339883 -0.0339883 -0.0302156
341 20.4636 0 0 0 0 -0.0322753 -0.0322753 -0.0291604
342 20.5237 0 0 0 0 -0.0303182 -0.0303182 -0.0280755
343 20.5838 0 0 0 0 -0.0288757 -0.0288757 -0.0271258
344 20.6439 0 0 0 0 -0.0272349 -0.0272349 -0.0261594
345 20.704 0 0 0 0 -0.0257575 -0.0257575 -0.0252356
346 20.7641 0 0 0 0 -0.0242409 -0.0242409 -0.0243016
347 20.8242 0 0 0 0 -0.0225167 -0.0225167 -0.0233478
348 20.8843 0 0 0 0 -0.0208575 -0.0208575 -0.022493
349 20.9444 0 0 0 0 -0.0196266 -0.0196266 -0.0217951
350 21.0045 0 0 0 0 -0.0185338 -0.0185338 -0.0211446
351 21.0646 0 0 0 0 -0.0173916 -0.0173916 -0.0204955
352 21.1247 0 0 0 0 -0.0165715 -0.0165715 -0.0199404
353 21.1848 0 0 0 0 -0.0157202 -0.0157202 -0.0193629
354 21.2449 0 0 0 0 -0.0147951 -0.0147951 -0.0187781
355 21.305 0 0 0 0 -0.0140436 -0.0140436 -0.0182616
356 21.3651 0 0 0 0 -0.0131562 -0.0131562 -0.0177231
357 21.4252 0 0 0 0 -0.0123942 -0.0123942 -0.017257
358 21.4853 0 0 0 0 -0.0116207 -0.0116207 -0.0167855
359 21.5454 0 0 0 0 -0.0109602 -0.0109602 -0.0163632
360 21.6055 0 0 0 0 -0.0103362 -0.0103362 -0.0159725
361 21.6656 0 0 0 0 -0.00981849 -0.00981849 -0.0156436
362 21.7257 0 0 0 0 -0.00938533 -0.00938533 -0.0153373
363 21.7858 0 0 0 0 -0.00892734 -0.00892734 -0.0150205
364 21.8459 0 0 0 0 -0.00840655 -0.00840655 -0.0146852
365 21.906 0 0 0 0 -0.00799367 -0.00799367 -0.0144064
366 21.9661 0 0 0 0 -0.00765143 -0.00765143 -0.0141555
367 22.0262 0 0 0 0 -0.00724423 -0.00724423 -0.0138875
368 22.0863 0 0 0 0 -0.00689361 -0.00689361 -0.0136578
369 22.1464 0 0 0 0 -0.00664289 -0.00664289 -0.013489
370 22.2065 0 0 0 0 -0.00642353 -0.00642353 -0.0133171
371 22.2666 0 0 0 0 -0.00616829 -0.00616829 -0.0131279
372 22.3267 0 0 0 0 -0.00601184 -0.00601184 -0.0130005
373 22.3868 0 0 0 0 -0.00583694 -0.00583694 -0.0128569
374 22.4469 0 0 0 0 -0.00562661 -0.00562661 -0.0126997
375 22.507 0 0 0 0 -0.00540722 -0.00540722 -0.012548
376 22.5671 0 0 0 0 -0.00526182 -0.00526182 -0.0124408
377 22.6272 0 0 0 0 -0.00515832 -0.00515832 -0.0123537
378 22.6873 0 0 0 0 -0.00508947 -0.00508947 -0.0122732
379 22.7474 0 0 0 0 -0.00500511 -0.00500511 -0.0121735
380 22.8075 0 0 0 0 -0.00491303 -0.00491303 -0.0120734
381 22.8676 0 0 0 0 -0.00474478 -0.00474478 -0.0119483
382 22.9277 0 0 0 0 -0.00460885 -0.00460885 -0.0118528
383 22.9878 0 0 0 0 -0.00454929 -0.00454929 -0.0118012
384 23.0479 0 0 0 0 -0.00445947 -0.00445947 -0.0117332
385 23.108 0 0 0 0 -0.00435668 -0.00435668 -0.0116625
386 23.1681 0 0 0 0 -0.00432744 -0.00432744 -0.0116346
387 23.2282 0 0 0 0 -0.00429758 -0.00429758 -0.011604
388 23.2883 0 0 0 0 -0.00423126 -0.00423126 -0.01155
389 23.3484 0 0 0 0 -0.00420939 -0.00420939 -0.0115273
390 23.4085 0 0 0 0 -0.0041919 -0.0041919 -0.0115058
391 23.4686 0 0 0 0 -0.0041731 -0.0041731 -0.0114835
392 23.5287 0 0 0 0 -0.00412085 -0.00412085 -0.0114534
393 23.5888 0 0 0 0 -0.00410995 -0.00410995 -0.0114448
394 23.6489 0 0 0 0 -0.0041416 -0.0041416 -0.0114584
395 23.709 0 0 0 0 -0.00411494 -0.00411494 -0.0114411
192000 395
1 0.0300494 0 0 0 0 -0.00416225 -0.00416225 -0.0115044
2 0.0901482 0 0 0 0 -0.00415207 -0.00415207 -0.0114911
3 0.150247 0 0 0 0 -0.00417831 -0.00417831 -0.01151
4 0.210346 0 0 0 0 -0.00418037 -0.00418037 -0.0115177
5 0.270445 0 0 0 0 -0.00418196 -0.00418196 -0.0115259
6 0.330543 0 0 0 0 -0.00421999 -0.00421999 -0.0115562
7 0.390642 0 0 0 0 -0.00424412 -0.00424412 -0.0115758
8 0.450741 0 0 0 0 -0.00427455 -0.00427455 -0.0116048
9 0.51084 0 0 0 0 -0.00434501 -0.00434501 -0.0116482
10 0.570939 0 0 0 0 -0.00445301 -0.00445301 -0.0117128
11 0.631037 0 0 0 0 -0.0044682 -0.0044682 -0.0117555
12 0.691136 0 0 0 0 -0.00451662 -0.00451662 -0.0118084
13 0.751235 0 0 0 0 -0.00463366 -0.00463366 -0.0118899
14 0.811334 0 0 0 0 -0.00473517 -0.00473517 -0.0119639
15 0.871433 0 0 0 0 -0.00482947 -0.00482947 -0.0120324
16 0.931531 0 0 0 0 -0.00495841 -0.00495841 -0.0121306
17 0.99163 0 0 0 0 -0.00500535 -0.00500535 -0.0122012
18 1.05173 0 0 0 0 -0.00513789 -0.00513789 -0.0123128
19 1.11183 0 0 0 0 -0.00520525 -0.00520525 -0.0123858
20 1.17193 0 0 0 0 -0.00533153 -0.00533153 -0.0124833
21 1.23203 0 0 0 0 -0.00553264 -0.00553264 -0.012631
22 1.29212 0 0 0 0 -0.00571082 -0.00571082 -0.0127723
23 1.35222 0 0 0 0 -0.00585311 -0.00585311 -0.012895
24 1.41232 0 0 0 0 -0.00605258 -0.00605258 -0.0130433
25 1.47242 0 0 0 0 -0.00624747 -0.00624747 -0.013189
26 1.53252 0 0 0 0 -0.00649983 -0.00649983 -0.0133588
27 1.59262 0 0 0 0 -0.00678706 -0.00678706 -0.0135649
28 1.65272 0 0 0 0 -0.00707303 -0.00707303 -0.0137806
29 1.71282 0 0 0 0 -0.0072898 -0.0072898 -0.0139652
30 1.77291 0 0 0 0 -0.00760586 -0.00760586 -0.0141795
31 1.83301 0 0 0 0 -0.00795093 -0.00795093 -0.0144144
32 1.89311 0 0 0 0 -0.00827549 -0.00827549 -0.0146386
33 1.95321 0 0 0 0 -0.00874253 -0.00874253 -0.01493
34 2.01331 0 0 0 0 -0.00924004 -0.00924004 -0.0152386
35 2.07341 0 0 0 0 -0.00985783 -0.00985783 -0.0156009
36 2.13351 0 0 0 0 -0.0105809 -0.0105809 -0.0160227
37 2.19361 0 0 0 0 -0.0112982 -0.0112982 -0.0164814
38 2.25371 0 0 0 0 -0.0119813 -0.0119813 -0.0169493
39 2.3138 0 0 0 0 -0.0125118 -0.0125118 -0.0173447
40 2.3739 0 0 0 0 -0.0131977 -0.0131977 -0.0177689
41 2.434 0 0 0 0 -0.014147 -0.014147 -0.0183306
42 2.4941 0 0 0 0 -0.0149832 -0.0149832 -0.0188475
43 2.5542 0 0 0 0 -0.0158441 -0.0158441 -0.0193638
44 2.6143 0 0 0 0 -0.0168426 -0.0168426 -0.0199514
45 2.6744 0 0 0 0 -0.0179521 -0.0179521 -0.0206057
46 2.7345 0 0 0 0 -0.0192633 -0.0192633 -0.0213484
47 2.79459 0 0 0 0 -0.0206214 -0.0206214 -0.022126
48 2.85469 0 0 0 0 -0.0218591 -0.0218591 -0.0228669
49 2.91479 0 0 0 0 -0.023099 -0.023099 -0.0236441
50 2.97489 0 0 0 0 -0.0244329 -0.0244329 -0.0244473
51 3.03499 0 0 0 0 -0.0259147 -0.0259147 -0.025286
52 3.09509 0 0 0 0 -0.0277151 -0.0277151 -0.026263
53 3.15519 0 0 0 0 -0.0293872 -0.0293872 -0.0272576
54 3.21529 0 0 0 0 -0.0316278 -0.0316278 -0.0284824
55 3.27538 0 0 0 0 -0.0329935 -0.0329935 -0.0295177
56 3.33548 0 0 0 0 -0.034244 -0.034244 -0.0304385
57 3.39558 0 0 0 0 -0.0363377 -0.0363377 -0.0315727
58 3.45568 0 0 0 0 -0.0384522 -0.0384522 -0.032784
59 3.51578 0 0 0 0 -0.0403444 -0.0403444 -0.033986
60 3.57588 0 0 0 0 -0.0423889 -0.0423889 -0.0352298
61 3.63598 0 0 0 0 -0.0443925 -0.0443925 -0.0364772
62 3.69608 0 0 0 0 -0.0469642 -0.0469642 -0.0378964
63 3.75618 0 0 0 0 -0.049127 -0.049127 -0.0392782
64 3.81627 0 0 0 0 -0.051728 -0.051728 -0.0407964
65 3.87637 0 0 0 0 -0.0539157 -0.0539157 -0.0423137
66 3.93647 0 0 0 0 -0.0561044 -0.0561044 -0.0438417
67 3.99657 0 0 0 0 -0.0581474 -0.0581474 -0.0453209
68 4.05667 0 0 0 0 -0.0600283 -0.0600283 -0.046703
69 4.11677 0 0 0 0 -0.0628845 -0.0628845 -0.0483271
70 4.17687 0 0 0 0 -0.065352 -0.065352 -0.0499176
71 4.23697 0 0 0 0 -0.0688952 -0.0688952 -0.0518325
72 4.29706 0 0 0 0 -0.0713462 -0.0713462 -0.0536956
73 4.35716 0 0 0 0 -0.0734056 -0.0734056 -0.0554886
74 4.41726 0 0 0 0 -0.0749455 -0.0749455 -0.0571131
75 4.47736 0 0 0 0 -0.0770539 -0.0770539 -0.0587673
76 4.53746 0 0 0 0 -0.07965 -0.07965 -0.0605634
77 4.59756 0 0 0 0 -0.0820172 -0.0820172 -0.0623514
78 4.65766 0 0 0 0 -0.0840676 -0.0840676 -0.0641044
79 4.71776 0 0 0 0 -0.0866796 -0.0866796 -0.0659956
80 4.77786 0 0 0 0 -0.0891084 -0.0891084 -0.0678813
81 4.83795 0 0 0 0 -0.0915011 -0.0915011 -0.0698244
82 4.89805 0 0 0 0 -0.0930117 -0.0930117 -0.0715782
83 4.95815 0 0 0 0 -0.0952578 -0.0952578 -0.0734515
84 5.01825 0 0 0 0 -0.0974687 -0.0974687 -0.0753206
85 5.07835 0 0 0 0 -0.099945 -0.099945 -0.0772943
86 5.13845 0 0 0 0 -0.101979 -0.101979 -0.0792171
87 5.19855 0 0 0 0 -0.103617 -0.103617 -0.0810636
88 5.25865 0 0 0 0 -0.105402 -0.105402 -0.082916
89 5.31874 0 0 0 0 -0.106702 -0.106702 -0.0845837
90 5.37884 0 0 0 0 -0.109492 -0.109492 -0.0865101
91 5.43894 0 0 0 0 -0.111382 -0.111382 -0.0882549
92 5.49904 0 0 0 0 -0.114096 -0.114096 -0.0901897
93 5.55914 0 0 0 0 -0.117511 -0.117511 -0.0924196
94 5.61924 0 0 0 0 -0.119847 -0.119847 -0.0946047
95 5.67934 0 0 0 0 -0.120494 -0.120494 -0.0964585
96 5.73944 0 0 0 0 -0.121652 -0.121652 -0.0983325
97 5.79953 0 0 0 0 -0.123141 -0.123141 -0.10019
98 5.85963 0 0 0 0 -0.124693 -0.124693 -0.101995
99 5.91973 0 0 0 0 -0.125492 -0.125492 -0.103588
100 5.97983 0 0 0 0 -0.127831 -0.127831 -0.105494
101 6.03993 0 0 0 0 -0.129636 -0.129636 -0.107266
102 6.10003 0 0 0 0 -0.132021 -0.132021 -0.109175
103 6.16013 0 0 0 0 -0.133072 -0.133072 -0.110846
104 6.22023 0 0 0 0 -0.135827 -0.135827 -0.112908
105 6.28033 0 0 0 0 -0.137149 -0.137149 -0.114763
106 6.34042 0 0 0 0 -0.137731 -0.137731 -0.116424
107 6.40052 0 0 0 0 -0.139053 -0.139053 -0.118108
108 6.46062 0 0 0 0 -0.140354 -0.140354 -0.11972
109 6.52072 0 0 0 0 -0.142329 -0.142329 -0.121453
110 6.58082 0 0 0 0 -0.144329 -0.144329 -0.123228
111 6.64092 0 0 0 0 -0.14555 -0.14555 -0.12489
112 6.70102 0 0 0 0 -0.146433 -0.146433 -0.126418
113 6.76112 0 0 0 0 -0.148402 -0.148402 -0.128128
114 6.82121 0 0 0 0 -0.150619 -0.150619 -0.129912
115 6.88131 0 0 0 0 -0.151134 -0.151134 -0.131398
116 6.94141 0 0 0 0 -0.152801 -0.152801 -0.133133
117 7.00151 0 0 0 0 -0.153585 -0.153585 -0.134647
118 7.06161 0 0 0 0 -0.15432 -0.15432 -0.136103
119 7.12171 0 0 0 0 -0.155106 -0.155106 -0.137469
120 7.18181 0 0 0 0 -0.156559 -0.156559 -0.138931
121 7.24191 0 0 0 0 -0.158406 -0.158406 -0.140478
122 7.302 0 0 0 0 -0.159213 -0.159213 -0.141778
123 7.3621 0 0 0 0 -0.161218 -0.161218 -0.143347
124 7.4222 0 0 0 0 -0.162198 -0.162198 -0.144674
125 7.4823 0 0 0 0 -0.163558 -0.163558 -0.146081
126 7.5424 0 0 0 0 -0.164576 -0.164576 -0.147391
127 7.6025 0 0 0 0 -0.165982 -0.165982 -0.148779
128 7.6626 0 0 0 0 -0.166673 -0.166673 -0.149938
129 7.7227 0 0 0 0 -0.168361 -0.168361 -0.15134
130 7.7828 0 0 0 0 -0.170541 -0.170541 -0.152864
131 7.84289 0 0 0 0 -0.170483 -0.170483 -0.153895
132 7.90299 0 0 0 0 -0.170985 -0.170985 -0.155036
133 7.96309 0 0 0 0 -0.172522 -0.172522 -0.156422
134 8.02319 0 0 0 0 -0.173035 -0.173035 -0.157578
135 8.08329 0 0 0 0 -0.17288 -0.17288 -0.158455
136 8.14339 0 0 0 0 -0.174436 -0.174436 -0.15967
137 8.20349 0 0 0 0 -0.175453 -0.175453 -0.160718
138 8.26359 0 0 0 0 -0.176621 -0.176621 -0.161781
139 8.32368 0 0 0 0 -0.178524 -0.178524 -0.163044
140 8.38378 0 0 0 0 -0.178704 -0.178704 -0.163997
141 8.44388 0 0 0 0 -0.178669 -0.178669 -0.164828
142 8.50398 0 0 0 0 -0.180352 -0.180352 -0.166026
143 8.56408 0 0 0 0 -0.180679 -0.180679 -0.166869
144 8.62418 0 0 0 0 -0.181303 -0.181303 -0.167776
145 8.68428 0 0 0 0 -0.182796 -0.182796 -0.168855
146 8.74438 0 0 0 0 -0.182968 -0.182968 -0.169683
147 8.80447 0 0 0 0 -0.182484 -0.182484 -0.170304
148 8.86457 0 0 0 0 -0.18452 -0.18452 -0.171452
149 8.92467 0 0 0 0 -0.184968 -0.184968 -0.172142
150 8.98477 0 0 0 0 -0.186443 -0.186443 -0.173081
151 9.04487 0 0 0 0 -0.186965 -0.186965 -0.173839
152 9.10497 0 0 0 0 -0.188034 -0.188034 -0.174789
153 9.16507 0 0 0 0 -0.188258 -0.188258 -0.175579
154 9.22517 0 0 0 0 -0.18711 -0.18711 -0.175998
155 9.28527 0 0 0 0 -0.187807 -0.187807 -0.176732
156 9.34536 0 0 0 0 -0.188637 -0.188637 -0.177436
157 9.40546 0 0 0 0 -0.190031 -0.190031 -0.178185
158 9.46556 0 0 0 0 -0.191052 -0.191052 -0.178816
159 9.52566 0 0 0 0 -0.192971 -0.192971 -0.179679
160 9.58576 0 0 0 0 -0.193697 -0.193697 -0.180324
161 9.64586 0 0 0 0 -0.194009 -0.194009 -0.180937
162 9.70596 0 0 0 0 -0.193923 -0.193923 -0.181418
163 9.76606 0 0 0 0 -0.195297 -0.195297 -0.182217
164 9.82615 0 0 0 0 -0.195413 -0.195413 -0.182714
165 9.88625 0 0 0 0 -0.195494 -0.195494 -0.18322
166 9.94635 0 0 0 0 -0.195451 -0.195451 -0.18371
167 10.0065 0 0 0 0 -0.196105 -0.196105 -0.184328
168 10.0665 0 0 0 0 -0.195888 -0.195888 -0.184711
169 10.1266 0 0 0 0 -0.195874 -0.195874 -0.185021
170 10.1867 0 0 0 0 -0.197812 -0.197812 -0.185716
171 10.2468 0 0 0 0 -0.198852 -0.198852 -0.186229
172 10.3069 0 0 0 0 -0.199608 -0.199608 -0.186676
173 10.367 0 0 0 0 -0.199955 -0.199955 -0.187072
174 10.4271 0 0 0 0 -0.200624 -0.200624 -0.187586
175 10.4872 0 0 0 0 -0.199771 -0.199771 -0.187766
176 10.5473 0 0 0 0 -0.200732 -0.200732 -0.188282
177 10.6074 0 0 0 0 -0.201228 -0.201228 -0.188696
178 10.6675 0 0 0 0 -0.200658 -0.200658 -0.188852
179 10.7276 0 0 0 0 -0.201232 -0.201232 -0.189205
180 10.7877 0 0 0 0 -0.202419 -0.202419 -0.189659
181 10.8478 0 0 0 0 -0.202666 -0.202666 -0.18991
182 10.9079 0 0 0 0 -0.202962 -0.202962 -0.190248
183 10.968 0 0 0 0 -0.202156 -0.202156 -0.190341
184 11.0281 0 0 0 0 -0.202782 -0.202782 -0.190732
185 11.0882 0 0 0 0 -0.202316 -0.202316 -0.190813
186 11.1483 0 0 0 0 -0.202906 -0.202906 -0.191089
187 11.2084 0 0 0 0 -0.203622 -0.203622 -0.191382
188 11.2685 0 0 0 0 -0.203683 -0.203683 -0.191559
189 11.3286 0 0 0 0 -0.203168 -0.203168 -0.191633
190 11.3887 0 0 0 0 -0.203153 -0.203153 -0.191814
191 11.4488 0 0 0 0 -0.202838 -0.202838 -0.191838
192 11.5089 0 0 0 0 -0.204427 -0.204427 -0.192275
193 11.569 0 0 0 0 -0.20376 -0.20376 -0.192188
194 11.6291 0 0 0 0 -0.203239 -0.203239 -0.19214
195 11.6892 0 0 0 0 -0.204294 -0.204294 -0.192443
196 11.7493 0 0 0 0 -0.204104 -0.204104 -0.192457
197 11.8094 0 0 0 0 -0.20362 -0.20362 -0.192474
198 11.8695 0 0 0 0 -0.202131 -0.202131 -0.192202
199 11.9296 0 0 0 0 -0.203375 -0.203375 -0.192477
200 11.9897 0 0 0 0 -0.203778 -0.203778 -0.192472
201 12.0498 0 0 0 0 -0.204532 -0.204532 -0.192564
202 12.1099 0 0 0 0 -0.203653 -0.203653 -0.192318
203 12.17 0 0 0 0 -0.20371 -0.20371 -0.192357
204 12.2301 0 0 0 0 -0.203658 -0.203658 -0.192367
205 12.2902 0 0 0 0 -0.20237 -0.20237 -0.192059
206 12.3503 0 0 0 0 -0.202612 -0.202612 -0.192007
207 12.4104 0 0 0 0 -0.202844 -0.202844 -0.191926
208 12.4705 0 0 0 0 -0.203548 -0.203548 -0.192007
209 12.5306 0 0 0 0 -0.202202 -0.202202 -0.191651
210 12.5907 0 0 0 0 -0.200881 -0.200881 -0.191295
211 12.6508 0 0 0 0 -0.200939 -0.200939 -0.191188
212 12.7109 0 0 0 0 -0.201992 -0.201992 -0.191215
213 12.771 0 0 0 0 -0.201599 -0.201599 -0.190863
214 12.8311 0 0 0 0 -0.201992 -0.201992 -0.190687
215 12.8912 0 0 0 0 -0.202342 -0.202342 -0.19052
216 12.9513 0 0 0 0 -0.201898 -0.201898 -0.190194
217 13.0114 0 0 0 0 -0.201284 -0.201284 -0.189817
218 13.0715 0 0 0 0 -0.201654 -0.201654 -0.189601
219 13.1316 0 0 0 0 -0.20219 -0.20219 -0.189406
220 13.1917 0 0 0 0 -0.201663 -0.201663 -0.188954
221 13.2518 0 0 0 0 -0.201813 -0.201813 -0.188685
222 13.3119 0 0 0 0 -0.20154 -0.20154 -0.188334
223 13.372 0 0 0 0 -0.200299 -0.200299 -0.187822
224 13.4321 0 0 0 0 -0.19887 -0.19887 -0.187297
225 13.4922 0 0 0 0 -0.198661 -0.198661 -0.187034
226 13.5523 0 0 0 0 -0.197805 -0.197805 -0.186536
227 13.6124 0 0 0 0 -0.196859 -0.196859 -0.185949
228 13.6725 0 0 0 0 -0.198192 -0.198192 -0.185856
229 13.7326 0 0 0 0 -0.197076 -0.197076 -0.185216
230 13.7927 0 0 0 0 -0.196058 -0.196058 -0.184619
231 13.8528 0 0 0 0 -0.195834 -0.195834 -0.184136
232 13.9129 0 0 0 0 -0.196291 -0.196291 -0.183728
233 13.973 0 0 0 0 -0.196518 -0.196518 -0.183213
234 14.0331 0 0 0 0 -0.196165 -0.196165 -0.182601
235 14.0932 0 0 0 0 -0.196105 -0.196105 -0.182088
236 14.1533 0 0 0 0 -0.194228 -0.194228 -0.181217
237 14.2134 0 0 0 0 -0.19385 -0.19385 -0.180692
238 14.2735 0 0 0 0 -0.193066 -0.193066 -0.180043
239 14.3336 0 0 0 0 -0.192578 -0.192578 -0.179361
240 14.3937 0 0 0 0 -0.192115 -0.192115 -0.178672
241 14.4538 0 0 0 0 -0.191495 -0.191495 -0.178015
242 14.5139 0 0 0 0 -0.189825 -0.189825 -0.177162
243 14.574 0 0 0 0 -0.188365 -0.188365 -0.176347
244 14.6341 0 0 0 0 -0.187176 -0.187176 -0.175542
245 14.6942 0 0 0 0 -0.187731 -0.187731 -0.175038
246 14.7543 0 0 0 0 -0.187305 -0.187305 -0.174194
247 14.8144 0 0 0 0 -0.187817 -0.187817 -0.173591
248 14.8745 0 0 0 0 -0.18633 -0.18633 -0.172498
249 14.9346 0 0 0 0 -0.186356 -0.186356 -0.171765
250 14.9947 0 0 0 0 -0.186041 -0.186041 -0.170862
251 15.0548 0 0 0 0 -0.186162 -0.186162 -0.170055
252 15.1148 0 0 0 0 -0.185564 -0.185564 -0.169072
253 15.1749 0 0 0 0 -0.183884 -0.183884 -0.1679
254 15.235 0 0 0 0 -0.183517 -0.183517 -0.167085
255 15.2951 0 0 0 0 -0.18132 -0.18132 -0.1659
256 15.3552 0 0 0 0 -0.180055 -0.180055 -0.16486
257 15.4153 0 0 0 0 -0.179462 -0.179462 -0.163934
258 15.4754 0 0 0 0 -0.178035 -0.178035 -0.162846
259 15.5355 0 0 0 0 -0.176603 -0.176603 -0.161747
260 15.5956 0 0 0 0 -0.175651 -0.175651 -0.160684
261 15.6557 0 0 0 0 -0.174833 -0.174833 -0.159647
262 15.7158 0 0 0 0 -0.174 -0.174 -0.158559
263 15.7759 0 0 0 0 -0.17298 -0.17298 -0.157381
264 15.836 0 0 0 0 -0.172266 -0.172266 -0.156205
265 15.8961 0 0 0 0 -0.172354 -0.172354 -0.155169
266 15.9562 0 0 0 0 -0.171697 -0.171697 -0.15391
267 16.0163 0 0 0 0 -0.171044 -0.171044 -0.152615
268 16.0764 0 0 0 0 -0.169435 -0.169435 -0.15112
269 16.1365 0 0 0 0 -0.168512 -0.168512 -0.149851
270 16.1966 0 0 0 0 -0.166696 -0.166696 -0.148462
271 16.2567 0 0 0 0 -0.163325 -0.163325 -0.146834
272 16.3168 0 0 0 0 -0.161572 -0.161572 -0.145545
273 16.3769 0 0 0 0 -0.161114 -0.161114 -0.144414
274 16.437 0 0 0 0 -0.159867 -0.159867 -0.143013
275 16.4971 0 0 0 0 -0.159427 -0.159427 -0.141773
276 16.5572 0 0 0 0 -0.15797 -0.15797 -0.140242
277 16.6173 0 0 0 0 -0.157766 -0.157766 -0.138914
278 16.6774 0 0 0 0 -0.157425 -0.157425 -0.137447
279 16.7375 0 0 0 0 -0.156315 -0.156315 -0.135798
280 16.7976 0 0 0 0 -0.155701 -0.155701 -0.134255
281 16.8577 0 0 0 0 -0.153124 -0.153124 -0.132334
282 16.9178 0 0 0 0 -0.151603 -0.151603 -0.130744
283 16.9779 0 0 0 0 -0.149473 -0.149473 -0.129023
284 17.038 0 0 0 0 -0.148709 -0.148709 -0.127581
285 17.0981 0 0 0 0 -0.146391 -0.146391 -0.125769
286 17.1582 0 0 0 0 -0.144977 -0.144977 -0.124158
287 17.2183 0 0 0 0 -0.144068 -0.144068 -0.122588
288 17.2784 0 0 0 0 -0.143423 -0.143423 -0.120973
289 17.3385 0 0 0 0 -0.141735 -0.141735 -0.119037
290 17.3986 0 0 0 0 -0.141094 -0.141094 -0.117314
291 17.4587 0 0 0 0 -0.138371 -0.138371 -0.115252
292 17.5188 0 0 0 0 -0.135678 -0.135678 -0.11338
293 17.5789 0 0 0 0 -0.133505 -0.133505 -0.111631
294 17.639 0 0 0 0 -0.133384 -0.133384 -0.110163
295 17.6991 0 0 0 0 -0.132312 -0.132312 -0.108309
296 17.7592 0 0 0 0 -0.130875 -0.130875 -0.106348
297 17.8193 0 0 0 0 -0.128737 -0.128737 -0.104293
298 17.8794 0 0 0 0 -0.126828 -0.126828 -0.102366
299 17.9395 0 0 0 0 -0.124774 -0.124774 -0.10041
300 17.9996 0 0 0 0 -0.122566 -0.122566 -0.0984435
301 18.0597 0 0 0 0 -0.120255 -0.120255 -0.0964864
302 18.1198 0 0 0 0 -0.117536 -0.117536 -0.0945064
303 18.1799 0 0 0 0 -0.115263 -0.115263 -0.0926892
304 18.24 0 0 0 0 -0.113594 -0.113594 -0.0909585
305 18.3001 0 0 0 0 -0.11133 -0.11133 -0.0890547
306 18.3602 0 0 0 0 -0.110492 -0.110492 -0.087377
307 18.4203 0 0 0 0 -0.108581 -0.108581 -0.0853854
308 18.4804 0 0 0 0 -0.106523 -0.106523 -0.0834182
309 18.5405 0 0 0 0 -0.104098 -0.104098 -0.081458
310 18.6006 0 0 0 0 -0.101964 -0.101964 -0.0795781
311 18.6607 0 0 0 0 -0.100087 -0.100087 -0.0777333
312 18.7208 0 0 0 0 -0.0977761 -0.0977761 -0.0758119
313 18.7809 0 0 0 0 -0.0960102 -0.0960102 -0.0739885
314 18.841 0 0 0 0 -0.0941498 -0.0941498 -0.0721015
315 18.9011 0 0 0 0 -0.0918831 -0.0918831 -0.0701627
316 18.9612 0 0 0 0 -0.0893579 -0.0893579 -0.0682265
317 19.0213 0 0 0 0 -0.087182 -0.087182 -0.0663704
318 19.0814 0 0 0 0 -0.0848219 -0.0848219 -0.064492
319 19.1415 0 0 0 0 -0.0826373 -0.0826373 -0.0626409
320 19.2016 0 0 0 0 -0.0806503 -0.0806503 -0.0608314
321 19.2617 0 0 0 0 -0.0772495 -0.0772495 -0.0588315
322 19.3218 0 0 0 0 -0.0750409 -0.0750409 -0.0571624
323 19.3819 0 0 0 0 -0.0726546 -0.0726546 -0.0554491
324 19.442 0 0 0 0 -0.0701341 -0.0701341 -0.0537551
325 19.5021 0 0 0 0 -0.0681062 -0.0681062 -0.0521755
326 19.5622 0 0 0 0 -0.0663551 -0.0663551 -0.0505876
327 19.6223 0 0 0 0 -0.06395 -0.06395 -0.0488362
328 19.6824 0 0 0 0 -0.0616579 -0.0616579 -0.0471525
329 19.7425 0 0 0 0 -0.0587981 -0.0587981 -0.045449
330 19.8026 0 0 0 0 -0.0565558 -0.0565558 -0.04391
331 19.8627 0 0 0 0 -0.0541732 -0.0541732 -0.0423355
332 19.9228 0 0 0 0 -0.0519734 -0.0519734 -0.0408461
333 19.9829 0 0 0 0 -0.0495136 -0.0495136 -0.0393525
334 20.043 0 0 0 0 -0.0471993 -0.0471993 -0.0379353
335 20.1031 0 0 0 0 -0.0447823 -0.0447823 -0.0365121
336 20.1631 0 0 0 0 -0.0425457 -0.0425457 -0.0351834
337 20.2232 0 0 0 0 -0.0404333 -0.0404333 -0.0338915
338 20.2833 0 0 0 0 -0.0381906 -0.0381906 -0.0326257
339 20.3434 0 0 0 0 -0.0358755 -0.0358755 -0.031415
340 20.4035 0 0 0 0 -0.0342669 -0.0342669 -0.0304295
341 20.4636 0 0 0 0 -0.0326227 -0.0326227 -0.0293954
342 20.5237 0 0 0 0 -0.0307913 -0.0307913 -0.028319
343 20.5838 0 0 0 0 -0.0293949 -0.0293949 -0.0273407
344 20.6439 0 0 0 0 -0.027726 -0.027726 -0.0263366
345 20.704 0 0 0 0 -0.0261698 -0.0261698 -0.0253756
346 20.7641 0 0 0 0 -0.0245181 -0.0245181 -0.0244064
347 20.8242 0 0 0 0 -0.0227187 -0.0227187 -0.0234404
348 20.8843 0 0 0 0 -0.0210376 -0.0210376 -0.0225855
349 20.9444 0 0 0 0 -0.0198034 -0.0198034 -0.021891
350 21.0045 0 0 0 0 -0.0187172 -0.0187172 -0.0212428
351 21.0646 0 0 0 0 -0.0175618 -0.0175618 -0.0205879
352 21.1247 0 0 0 0 -0.0167315 -0.0167315 -0.0200254
353 21.1848 0 0 0 0 -0.015794 -0.015794 -0.0194233
354 21.2449 0 0 0 0 -0.0148696 -0.0148696 -0.0188471
355 21.305 0 0 0 0 -0.0141118 -0.0141118 -0.0183341
356 21.3651 0 0 0 0 -0.0132405 -0.0132405 -0.0178054
357 21.4252 0 0 0 0 -0.0124825 -0.0124825 -0.0173431
358 21.4853 0 0 0 0 -0.0117189 -0.0117189 -0.016877
359 21.5454 0 0 0 0 -0.0110812 -0.0110812 -0.0164619
360 21.6055 0 0 0 0 -0.010444 -0.010444 -0.016064
361 21.6656 0 0 0 0 -0.00991633 -0.00991633 -0.0157321
362 21.7257 0 0 0 0 -0.00949997 -0.00949997 -0.0154331
363 21.7858 0 0 0 0 -0.00905935 -0.00905935 -0.0151159
364 21.8459 0 0 0 0 -0.00854633 -0.00854633 -0.0147721
365 21.906 0 0 0 0 -0.00809188 -0.00809188 -0.014471
366 21.9661 0 0 0 0 -0.00769594 -0.00769594 -0.0142013
367 22.0262 0 0 0 0 -0.00727617 -0.00727617 -0.013932
368 22.0863 0 0 0 0 -0.0069378 -0.0069378 -0.0137092
369 22.1464 0 0 0 0 -0.0066719 -0.0066719 -0.0135329
370 22.2065 0 0 0 0 -0.00644401 -0.00644401 -0.0133586
371 22.2666 0 0 0 0 -0.00618304 -0.00618304 -0.0131688
372 22.3267 0 0 0 0 -0.00601935 -0.00601935 -0.0130391
373 22.3868 0 0 0 0 -0.00585001 -0.00585001 -0.0129006
374 22.4469 0 0 0 0 -0.00564982 -0.00564982 -0.0127497
375 22.507 0 0 0 0 -0.00543106 -0.00543106 -0.0125977
376 22.5671 0 0 0 0 -0.00528069 -0.00528069 -0.0124867
377 22.6272 0 0 0 0 -0.00517093 -0.00517093 -0.0123976
378 22.6873 0 0 0 0 -0.00509252 -0.00509252 -0.0123124
379 22.7474 0 0 0 0 -0.00501058 -0.00501058 -0.0122163
380 22.8075 0 0 0 0 -0.00492288 -0.00492288 -0.0121206
381 22.8676 0 0 0 0 -0.0047616 -0.0047616 -0.0120006
382 22.9277 0 0 0 0 -0.00463139 -0.00463139 -0.0119086
383 22.9878 0 0 0 0 -0.00457459 -0.00457459 -0.0118582
384 23.0479 0 0 0 0 -0.00448601 -0.00448601 -0.0117892
385 23.108 0 0 0 0 -0.00438352 -0.00438352 -0.0117171
386 23.1681 0 0 0 0 -0.00434867 -0.00434867 -0.011685
387 23.2282 0 0 0 0 -0.00431904 -0.00431904 -0.0116549
388 23.2883 0 0 0 0 -0.0042561 -0.0042561 -0.0116034
389 23.3484 0 0 0 0 -0.00423168 -0.00423168 -0.0115783
390 23.4085 0 0 0 0 -0.00421462 -0.00421462 -0.0115571
391 23.4686 0 0 0 0 -0.00420334 -0.00420334 -0.0115383
392 23.5287 0 0 0 0 -0.0041457 -0.0041457 -0.011503
393 23.5888 0 0 0 0 -0.00413392 -0.00413392 -0.0114939
394 23.6489 0 0 0 0 -0.00416424 -0.00416424 -0.0115069
395 23.709 0 0 0 0 -0.00413889 -0.00413889 -0.0114902
200000 395
1 0.0300494 0 0 0 0 -0.00418422 -0.00418422 -0.0115318
2 0.0901482 0 0 0 0 -0.00417408 -0.00417408 -0.0115195
3 0.150247 0 0 0 0 -0.00419644 -0.00419644 -0.0115363
4 0.210346 0 0 0 0 -0.00420004 -0.00420004 -0.0115455
5 0.270445 0 0 0 0 -0.00419895 -0.00419895 -0.0115518
6 0.330543 0 0 0 0 -0.00423935 -0.00423935 -0.0115843
7 0.390642 0 0 0 0 -0.00426003 -0.00426003 -0.0116018
8 0.450741 0 0 0 0 -0.00428916 -0.00428916 -0.0116296
9 0.51084 0 0 0 0 -0.00435679 -0.00435679 -0.0116712
10 0.570939 0 0 0 0 -0.00446127 -0.00446127 -0.0117335
11 0.631037 0 0 0 0 -0.00448463 -0.00448463 -0.0117788
12 0.691136 0 0 0 0 -0.00454388 -0.00454388 -0.0118357
13 0.751235 0 0 0 0 -0.00465733 -0.00465733 -0.0119154
14 0.811334 0 0 0 0 -0.00476486 -0.00476486 -0.0119918
15 0.871433 0 0 0 0 -0.00486428 -0.00486428 -0.0120629
16 0.931531 0 0 0 0 -0.00499679 -0.00499679 -0.0121627
17 0.99163 0 0 0 0 -0.00506137 -0.00506137 -0.0122433
18 1.05173 0 0 0 0 -0.00518686 -0.00518686 -0.0123535
19 1.11183 0 0 0 0 -0.00526634 -0.00526634 -0.0124355
20 1.17193 0 0 0 0 -0.005391 -0.005391 -0.0125372
21 1.23203 0 0 0 0 -0.00558537 -0.00558537 -0.0126847
22 1.29212 0 0 0 0 -0.00575438 -0.00575438 -0.0128216
23 1.35222 0 0 0 0 -0.00589907 -0.00589907 -0.0129458
24 1.41232 0 0 0 0 -0.00608974 -0.00608974 -0.0130895
25 1.47242 0 0 0 0 -0.00628718 -0.00628718 -0.013236
26 1.53252 0 0 0 0 -0.00653941 -0.00653941 -0.0134067
27 1.59262 0 0 0 0 -0.00682193 -0.00682193 -0.0136104
28 1.65272 0 0 0 0 -0.0071157 -0.0071157 -0.0138298
29 1.71282 0 0 0 0 -0.00732367 -0.00732367 -0.0140104
30 1.77291 0 0 0 0 -0.00764124 -0.00764124 -0.0142242
31 1.83301 0 0 0 0 -0.00799888 -0.00799888 -0.0144652
32 1.89311 0 0 0 0 -0.00832595 -0.00832595 -0.0146918
33 1.95321 0 0 0 0 -0.00880289 -0.00880289 -0.0149892
34 2.01331 0 0 0 0 -0.00929526 -0.00929526 -0.0152984
35 2.07341 0 0 0 0 -0.00990626 -0.00990626 -0.0156581
36 2.13351 0 0 0 0 -0.0106377 -0.0106377 -0.0160828
37 2.19361 0 0 0 0 -0.0113678 -0.0113678 -0.0165465
38 2.25371 0 0 0 0 -0.0120859 -0.0120859 -0.0170333
39 2.3138 0 0 0 0 -0.0126175 -0.0126175 -0.0174443
40 2.3739 0 0 0 0 -0.0132655 -0.0132655 -0.0178625
41 2.434 0 0 0 0 -0.0141948 -0.0141948 -0.0184162
42 2.4941 0 0 0 0 -0.0150198 -0.0150198 -0.0189289
43 2.5542 0 0 0 0 -0.0158581 -0.0158581 -0.0194364
44 2.6143 0 0 0 0 -0.0168417 -0.0168417 -0.0200162
45 2.6744 0 0 0 0 -0.0179272 -0.0179272 -0.0206578
46 2.7345 0 0 0 0 -0.019227 -0.019227 -0.0213917
47 2.79459 0 0 0 0 -0.0205868 -0.0205868 -0.0221664
48 2.85469 0 0 0 0 -0.0218191 -0.0218191 -0.0229031
49 2.91479 0 0 0 0 -0.023078 -0.023078 -0.0236855
50 2.97489 0 0 0 0 -0.0244114 -0.0244114 -0.0244909
51 3.03499 0 0 0 0 -0.0258283 -0.0258283 -0.0253045
52 3.09509 0 0 0 0 -0.0276257 -0.0276257 -0.0262689
53 3.15519 0 0 0 0 -0.0293111 -0.0293111 -0.0272547
54 3.21529 0 0 0 0 -0.0316161 -0.0316161 -0.0284863
55 3.27538 0 0 0 0 -0.0330971 -0.0330971 -0.0295546
56 3.33548 0 0 0 0 -0.0343773 -0.0343773 -0.0304997
57 3.39558 0 0 0 0 -0.0363934 -0.0363934 -0.0316198
58 3.45568 0 0 0 0 -0.0385157 -0.0385157 -0.0328245
59 3.51578 0 0 0 0 -0.0404909 -0.0404909 -0.0340422
60 3.57588 0 0 0 0 -0.0426672 -0.0426672 -0.0353313
61 3.63598 0 0 0 0 -0.0445802 -0.0445802 -0.0365857
62 3.69608 0 0 0 0 -0.0470706 -0.0470706 -0.0379931
63 3.75618 0 0 0 0 -0.0492831 -0.0492831 -0.0393905
64 3.81627 0 0 0 0 -0.0517993 -0.0517993 -0.0408926
65 3.87637 0 0 0 0 -0.0540113 -0.0540113 -0.0424142
66 3.93647 0 0 0 0 -0.056158 -0.056158 -0.0439361
67 3.99657 0 0 0 0 -0.0582081 -0.0582081 -0.0454204
68 4.05667 0 0 0 0 -0.0600503 -0.0600503 -0.0467983
69 4.11677 0 0 0 0 -0.0628131 -0.0628131 -0.048394
70 4.17687 0 0 0 0 -0.0653228 -0.0653228 -0.0499868
71 4.23697 0 0 0 0 -0.0687554 -0.0687554 -0.0518691
72 4.29706 0 0 0 0 -0.0712068 -0.0712068 -0.053713
73 4.35716 0 0 0 0 -0.0732807 -0.0732807 -0.055487
74 4.41726 0 0 0 0 -0.0749497 -0.0749497 -0.0571243
75 4.47736 0 0 0 0 -0.0770939 -0.0770939 -0.0587825
76 4.53746 0 0 0 0 -0.0796657 -0.0796657 -0.0605668
77 4.59756 0 0 0 0 -0.0822298 -0.0822298 -0.0623981
78 4.65766 0 0 0 0 -0.0842866 -0.0842866 -0.0641701
79 4.71776 0 0 0 0 -0.0868075 -0.0868075 -0.0660542
80 4.77786 0 0 0 0 -0.0892301 -0.0892301 -0.0679449
81 4.83795 0 0 0 0 -0.0916111 -0.0916111 -0.069897
82 4.89805 0 0 0 0 -0.0930633 -0.0930633 -0.0716489
83 4.95815 0 0 0 0 -0.0952339 -0.0952339 -0.0735036
84 5.01825 0 0 0 0 -0.0972963 -0.0972963 -0.0753179
85 5.07835 0 0 0 0 -0.0998835 -0.0998835 -0.0772876
86 5.13845 0 0 0 0 -0.102018 -0.102018 -0.0792169
87 5.19855 0 0 0 0 -0.103664 -0.103664 -0.0810568
88 5.25865 0 0 0 0 -0.105476 -0.105476 -0.0829057
89 5.31874 0 0 0 0 -0.106817 -0.106817 -0.0845707
90 5.37884 0 0 0 0 -0.109785 -0.109785 -0.0865277
91 5.43894 0 0 0 0 -0.111701 -0.111701 -0.088286
92 5.49904 0 0 0 0 -0.114432 -0.114432 -0.0902389
93 5.55914 0 0 0 0 -0.117861 -0.117861 -0.0924949
94 5.61924 0 0 0 0 -0.120026 -0.120026 -0.0946628
95 5.67934 0 0 0 0 -0.120686 -0.120686 -0.096524
96 5.73944 0 0 0 0 -0.121684 -0.121684 -0.0983576
97 5.79953 0 0 0 0 -0.123256 -0.123256 -0.10022
98 5.85963 0 0 0 0 -0.124946 -0.124946 -0.102053
99 5.91973 0 0 0 0 -0.125622 -0.125622 -0.103626
100 5.97983 0 0 0 0 -0.127923 -0.127923 -0.105515
101 6.03993 0 0 0 0 -0.129789 -0.129789 -0.107292
102 6.10003 0 0 0 0 -0.132261 -0.132261 -0.109218
103 6.16013 0 0 0 0 -0.13345 -0.13345 -0.110937
104 6.22023 0 0 0 0 -0.135899 -0.135899 -0.112955
105 6.28033 0 0 0 0 -0.137247 -0.137247 -0.11483
106 6.34042 0 0 0 0 -0.137761 -0.137761 -0.116486
107 6.40052 0 0 0 0 -0.139065 -0.139065 -0.118173
108 6.46062 0 0 0 0 -0.140173 -0.140173 -0.119732
109 6.52072 0 0 0 0 -0.142097 -0.142097 -0.121427
110 6.58082 0 0 0 0 -0.144208 -0.144208 -0.123203
111 6.64092 0 0 0 0 -0.14561 -0.14561 -0.124883
112 6.70102 0 0 0 0 -0.146539 -0.146539 -0.126408
113 6.76112 0 0 0 0 -0.148596 -0.148596 -0.128136
114 6.82121 0 0 0 0 -0.15072 -0.15072 -0.129891
115 6.88131 0 0 0 0 -0.151559 -0.151559 -0.131444
116 6.94141 0 0 0 0 -0.153073 -0.153073 -0.133157
117 7.00151 0 0 0 0 -0.153886 -0.153886 -0.1347
118 7.06161 0 0 0 0 -0.154482 -0.154482 -0.136152
119 7.12171 0 0 0 0 -0.155149 -0.155149 -0.137502
120 7.18181 0 0 0 0 -0.156544 -0.156544 -0.138947
121 7.24191 0 0 0 0 -0.158441 -0.158441 -0.140496
122 7.302 0 0 0 0 -0.159329 -0.159329 -0.141813
123 7.3621 0 0 0 0 -0.161269 -0.161269 -0.143376
124 7.4222 0 0 0 0 -0.162247 -0.162247 -0.144717
125 7.4823 0 0 0 0 -0.163378 -0.163378 -0.146079
126 7.5424 0 0 0 0 -0.164499 -0.164499 -0.147413
127 7.6025 0 0 0 0 -0.165816 -0.165816 -0.148777
128 7.6626 0 0 0 0 -0.166584 -0.166584 -0.149953
129 7.7227 0 0 0 0 -0.168118 -0.168118 -0.151313
130 7.7828 0 0 0 0 -0.170328 -0.170328 -0.15283
131 7.84289 0 0 0 0 -0.170454 -0.170454 -0.153889
132 7.90299 0 0 0 0 -0.17102 -0.17102 -0.155041
133 7.96309 0 0 0 0 -0.172432 -0.172432 -0.1564
134 8.02319 0 0 0 0 -0.172962 -0.172962 -0.157561
135 8.08329 0 0 0 0 -0.172966 -0.172966 -0.158483
136 8.14339 0 0 0 0 -0.174293 -0.174293 -0.159656
137 8.20349 0 0 0 0 -0.175302 -0.175302 -0.160713
138 8.26359 0 0 0 0 -0.176396 -0.176396 -0.16177
139 8.32368 0 0 0 0 -0.178142 -0.178142 -0.162992
140 8.38378 0 0 0 0 -0.178408 -0.178408 -0.163951
141 8.44388 0 0 0 0 -0.178471 -0.178471 -0.164786
142 8.50398 0 0 0 0 -0.180291 -0.180291 -0.166005
143 8.56408 0 0 0 0 -0.180525 -0.180525 -0.166823
144 8.62418 0 0 0 0 -0.181258 -0.181258 -0.167763
145 8.68428 0 0 0 0 -0.18256 -0.18256 -0.168803
146 8.74438 0 0 0 0 -0.182746 -0.182746 -0.169631
147 8.80447 0 0 0 0 -0.182347 -0.182347 -0.170263
148 8.86457 0 0 0 0 -0.18434 -0.18434 -0.171391
149 8.92467 0 0 0 0 -0.184787 -0.184787 -0.172072
150 8.98477 0 0 0 0 -0.186507 -0.186507 -0.173062
151 9.04487 0 0 0 0 -0.186853 -0.186853 -0.173778
152 9.10497 0 0 0 0 -0.188022 -0.188022 -0.174754
153 9.16507 0 0 0 0 -0.188125 -0.188125 -0.17552
154 9.22517 0 0 0 0 -0.186998 -0.186998 -0.175953
155 9.28527 0 0 0 0 -0.18755 -0.18755 -0.176652
156 9.34536 0 0 0 0 -0.188578 -0.188578 -0.177402
157 9.40546 0 0 0 0 -0.189786 -0.189786 -0.178114
158 9.46556 0 0 0 0 -0.190787 -0.190787 -0.178758
159 9.52566 0 0 0 0 -0.192471 -0.192471 -0.179569
160 9.58576 0 0 0 0 -0.19325 -0.19325 -0.180224
161 9.64586 0 0 0 0 -0.193612 -0.193612 -0.180829
162 9.70596 0 0 0 0 -0.193623 -0.193623 -0.181304
163 9.76606 0 0 0 0 -0.195317 -0.195317 -0.182152
164 9.82615 0 0 0 0 -0.195404 -0.195404 -0.182634
165 9.88625 0 0 0 0 -0.195289 -0.195289 -0.183096
166 9.94635 0 0 0 0 -0.195471 -0.195471 -0.183631
167 10.0065 0 0 0 0 -0.196173 -0.196173 -0.18425
168 10.0665 0 0 0 0 -0.19585 -0.19585 -0.184599
169 10.1266 0 0 0 0 -0.195962 -0.195962 -0.184938
170 10.1867 0 0 0 0 -0.197845 -0.197845 -0.185636
171 10.2468 0 0 0 0 -0.198833 -0.198833 -0.186158
172 10.3069 0 0 0 0 -0.199279 -0.199279 -0.186553
173 10.367 0 0 0 0 -0.199568 -0.199568 -0.186944
174 10.4271 0 0 0 0 -0.200231 -0.200231 -0.187456
175 10.4872 0 0 0 0 -0.199454 -0.199454 -0.187644
176 10.5473 0 0 0 0 -0.200444 -0.200444 -0.188156
177 10.6074 0 0 0 0 -0.200911 -0.200911 -0.188545
178 10.6675 0 0 0 0 -0.200606 -0.200606 -0.188746
179 10.7276 0 0 0 0 -0.201163 -0.201163 -0.189084
180 10.7877 0 0 0 0 -0.202361 -0.202361 -0.189542
181 10.8478 0 0 0 0 -0.202533 -0.202533 -0.189777
182 10.9079 0 0 0 0 -0.202829 -0.202829 -0.190108
183 10.968 0 0 0 0 -0.202108 -0.202108 -0.19021
184 11.0281 0 0 0 0 -0.202812 -0.202812 -0.190613
185 11.0882 0 0 0 0 -0.202318 -0.202318 -0.190693
186 11.1483 0 0 0 0 -0.202818 -0.202818 -0.190956
187 11.2084 0 0 0 0 -0.20343 -0.20343 -0.191227
188 11.2685 0 0 0 0 -0.203629 -0.203629 -0.191437
189 11.3286 0 0 0 0 -0.203036 -0.203036 -0.191494
190 11.3887 0 0 0 0 -0.202965 -0.202965 -0.191666
191 11.4488 0 0 0 0 -0.202666 -0.202666 -0.191695
192 11.5089 0 0 0 0 -0.204204 -0.204204 -0.192111
193 11.569 0 0 0 0 -0.203684 -0.203684 -0.192034
194 11.6291 0 0 0 0 -0.20354 -0.20354 -0.192045
195 11.6892 0 0 0 0 -0.204502 -0.204502 -0.192315
196 11.7493 0 0 0 0 -0.204304 -0.204304 -0.192336
197 11.8094 0 0 0 0 -0.203628 -0.203628 -0.192322
198 11.8695 0 0 0 0 -0.202263 -0.202263 -0.192094
199 11.9296 0 0 0 0 -0.203236 -0.203236 -0.192324
200 11.9897 0 0 0 0 -0.203549 -0.203549 -0.192318
201 12.0498 0 0 0 0 -0.204192 -0.204192 -0.192391
202 12.1099 0 0 0 0 -0.203556 -0.203556 -0.192202
203 12.17 0 0 0 0 -0.203501 -0.203501 -0.192206
204 12.2301 0 0 0 0 -0.203394 -0.203394 -0.192197
205 12.2902 0 0 0 0 -0.20233 -0.20233 -0.191941
206 12.3503 0 0 0 0 -0.202536 -0.202536 -0.19188
207 12.4104 0 0 0 0 -0.202711 -0.202711 -0.191785
208 12.4705 0 0 0 0 -0.203376 -0.203376 -0.191844
209 12.5306 0 0 0 0 -0.202303 -0.202303 -0.191538
210 12.5907 0 0 0 0 -0.201079 -0.201079 -0.191207
211 12.6508 0 0 0 0 -0.200791 -0.200791 -0.191045
212 12.7109 0 0 0 0 -0.201677 -0.201677 -0.191047
213 12.771 0 0 0 0 -0.201276 -0.201276 -0.190689
214 12.8311 0 0 0 0 -0.202179 -0.202179 -0.190608
215 12.8912 0 0 0 0 -0.202498 -0.202498 -0.19042
216 12.9513 0 0 0 0 -0.201881 -0.201881 -0.190082
217 13.0114 0 0 0 0 -0.200804 -0.200804 -0.189627
218 13.0715 0 0 0 0 -0.201277 -0.201277 -0.189454
219 13.1316 0 0 0 0 -0.201843 -0.201843 -0.189266
220 13.1917 0 0 0 0 -0.201507 -0.201507 -0.188847
221 13.2518 0 0 0 0 -0.201606 -0.201606 -0.188553
222 13.3119 0 0 0 0 -0.201326 -0.201326 -0.188201
223 13.372 0 0 0 0 -0.200188 -0.200188 -0.187716
224 13.4321 0 0 0 0 -0.198687 -0.198687 -0.187174
225 13.4922 0 0 0 0 -0.198471 -0.198471 -0.186904
226 13.5523 0 0 0 0 -0.197804 -0.197804 -0.186442
227 13.6124 0 0 0 0 -0.196745 -0.196745 -0.185821
228 13.6725 0 0 0 0 -0.198171 -0.198171 -0.185741
229 13.7326 0 0 0 0 -0.197332 -0.197332 -0.185157
230 13.7927 0 0 0 0 -0.196009 -0.196009 -0.184504
231 13.8528 0 0 0 0 -0.195566 -0.195566 -0.183997
232 13.9129 0 0 0 0 -0.195882 -0.195882 -0.183586
233 13.973 0 0 0 0 -0.19613 -0.19613 -0.183101
234 14.0331 0 0 0 0 -0.195637 -0.195637 -0.182472
235 14.0932 0 0 0 0 -0.195521 -0.195521 -0.181949
236 14.1533 0 0 0 0 -0.19387 -0.19387 -0.181124
237 14.2134 0 0 0 0 -0.193648 -0.193648 -0.180624
238 14.2735 0 0 0 0 -0.192781 -0.192781 -0.179955
239 14.3336 0 0 0 0 -0.19216 -0.19216 -0.179253
240 14.3937 0 0 0 0 -0.191761 -0.191761 -0.17859
241 14.4538 0 0 0 0 -0.191125 -0.191125 -0.177929
242 14.5139 0 0 0 0 -0.189511 -0.189511 -0.177082
243 14.574 0 0 0 0 -0.188248 -0.188248 -0.17629
244 14.6341 0 0 0 0 -0.187411 -0.187411 -0.175534
245 14.6942 0 0 0 0 -0.187787 -0.187787 -0.17497
246 14.7543 0 0 0 0 -0.187358 -0.187358 -0.174137
247 14.8144 0 0 0 0 -0.18763 -0.18763 -0.173501
248 14.8745 0 0 0 0 -0.186147 -0.186147 -0.172428
249 14.9346 0 0 0 0 -0.186161 -0.186161 -0.1717
250 14.9947 0 0 0 0 -0.185879 -0.185879 -0.170801
251 15.0548 0 0 0 0 -0.186064 -0.186064 -0.169999
252 15.1148 0 0 0 0 -0.185516 -0.185516 -0.169022
253 15.1749 0 0 0 0 -0.183938 -0.183938 -0.16788
254 15.235 0 0 0 0 -0.18327 -0.18327 -0.167001
255 15.2951 0 0 0 0 -0.181205 -0.181205 -0.165849
256 15.3552 0 0 0 0 -0.179947 -0.179947 -0.164814
257 15.4153 0 0 0 0 -0.179267 -0.179267 -0.163882
258 15.4754 0 0 0 0 -0.177685 -0.177685 -0.162771
259 15.5355 0 0 0 0 -0.176336 -0.176336 -0.161699
260 15.5956 0 0 0 0 -0.175435 -0.175435 -0.160649
261 15.6557 0 0 0 0 -0.174683 -0.174683 -0.15962
262 15.7158 0 0 0 0 -0.173779 -0.173779 -0.15852
263 15.7759 0 0 0 0 -0.17267 -0.17267 -0.157336
264 15.836 0 0 0 0 -0.171999 -0.171999 -0.156182
265 15.8961 0 0 0 0 -0.172172 -0.172172 -0.155165
266 15.9562 0 0 0 0 -0.171691 -0.171691 -0.153919
267 16.0163 0 0 0 0 -0.171178 -0.171178 -0.152626
268 16.0764 0 0 0 0 -0.169501 -0.169501 -0.151112
269 16.1365 0 0 0 0 -0.168538 -0.168538 -0.149845
270 16.1966 0 0 0 0 -0.166524 -0.166524 -0.148421
271 16.2567 0 0 0 0 -0.163366 -0.163366 -0.146836
272 16.3168 0 0 0 0 -0.161909 -0.161909 -0.145583
273 16.3769 0 0 0 0 -0.161354 -0.161354 -0.144412
274 16.437 0 0 0 0 -0.159918 -0.159918 -0.142976
275 16.4971 0 0 0 0 -0.159422 -0.159422 -0.14174
276 16.5572 0 0 0 0 -0.157914 -0.157914 -0.140212
277 16.6173 0 0 0 0 -0.157713 -0.157713 -0.138892
278 16.6774 0 0 0 0 -0.157382 -0.157382 -0.137434
279 16.7375 0 0 0 0 -0.156202 -0.156202 -0.135779
280 16.7976 0 0 0 0 -0.15549 -0.15549 -0.134232
281 16.8577 0 0 0 0 -0.153046 -0.153046 -0.132354
282 16.9178 0 0 0 0 -0.151519 -0.151519 -0.130762
283 16.9779 0 0 0 0 -0.1496 -0.1496 -0.129075
284 17.038 0 0 0 0 -0.148655 -0.148655 -0.127585
285 17.0981 0 0 0 0 -0.146497 -0.146497 -0.125809
286 17.1582 0 0 0 0 -0.14502 -0.14502 -0.124183
287 17.2183 0 0 0 0 -0.144104 -0.144104 -0.122616
288 17.2784 0 0 0 0 -0.143509 -0.143509 -0.121005
289 17.3385 0 0 0 0 -0.141975 -0.141975 -0.119087
290 17.3986 0 0 0 0 -0.141265 -0.141265 -0.117337
291 17.4587 0 0 0 0 -0.138434 -0.138434 -0.115255
292 17.5188 0 0 0 0 -0.135768 -0.135768 -0.113398
293 17.5789 0 0 0 0 -0.133511 -0.133511 -0.11164
294 17.639 0 0 0 0 -0.133373 -0.133373 -0.110182
295 17.6991 0 0 0 0 -0.132381 -0.132381 -0.10835
296 17.7592 0 0 0 0 -0.130932 -0.130932 -0.106388
297 17.8193 0 0 0 0 -0.128779 -0.128779 -0.104333
298 17.8794 0 0 0 0 -0.127013 -0.127013 -0.102433
299 17.9395 0 0 0 0 -0.124979 -0.124979 -0.100468
300 17.9996 0 0 0 0 -0.122918 -0.122918 -0.0985098
301 18.0597 0 0 0 0 -0.120532 -0.120532 -0.0965186
302 18.1198 0 0 0 0 -0.117716 -0.117716 -0.0945175
303 18.1799 0 0 0 0 -0.115517 -0.115517 -0.0927173
304 18.24 0 0 0 0 -0.113648 -0.113648 -0.0909585
305 18.3001 0 0 0 0 -0.11152 -0.11152 -0.0890956
306 18.3602 0 0 0 0 -0.110668 -0.110668 -0.0874126
307 18.4203 0 0 0 0 -0.108876 -0.108876 -0.0854285
308 18.4804 0 0 0 0 -0.106977 -0.106977 -0.0834614
309 18.5405 0 0 0 0 -0.104374 -0.104374 -0.0814498
310 18.6006 0 0 0 0 -0.102309 -0.102309 -0.0795753
311 18.6607 0 0 0 0 -0.100262 -0.100262 -0.077692
312 18.7208 0 0 0 0 -0.0980655 -0.0980655 -0.075783
313 18.7809 0 0 0 0 -0.0961077 -0.0961077 -0.0739155
314 18.841 0 0 0 0 -0.0942449 -0.0942449 -0.07203
315 18.9011 0 0 0 0 -0.0917667 -0.0917667 -0.070064
316 18.9612 0 0 0 0 -0.089165 -0.089165 -0.0681355
317 19.0213 0 0 0 0 -0.0869846 -0.0869846 -0.0663033
318 19.0814 0 0 0 0 -0.08465 -0.08465 -0.0644492
319 19.1415 0 0 0 0 -0.0824632 -0.0824632 -0.0626177
320 19.2016 0 0 0 0 -0.0804793 -0.0804793 -0.0608317
321 19.2617 0 0 0 0 -0.0771589 -0.0771589 -0.058866
322 19.3218 0 0 0 0 -0.0750582 -0.0750582 -0.0572224
323 19.3819 0 0 0 0 -0.0728873 -0.0728873 -0.0555222
324 19.442 0 0 0 0 -0.0703844 -0.0703844 -0.0537891
325 19.5021 0 0 0 0 -0.0681413 -0.0681413 -0.0521547
326 19.5622 0 0 0 0 -0.0663456 -0.0663456 -0.050567
327 19.6223 0 0 0 0 -0.0639844 -0.0639844 -0.0488285
328 19.6824 0 0 0 0 -0.0616097 -0.0616097 -0.047131
329 19.7425 0 0 0 0 -0.0586967 -0.0586967 -0.0454275
330 19.8026 0 0 0 0 -0.0565061 -0.0565061 -0.0439126
331 19.8627 0 0 0 0 -0.0541182 -0.0541182 -0.0423468
332 19.9228 0 0 0 0 -0.0519336 -0.0519336 -0.0408697
333 19.9829 0 0 0 0 -0.0495517 -0.0495517 -0.0393951
334 20.043 0 0 0 0 -0.047247 -0.047247 -0.0379749
335 20.1031 0 0 0 0 -0.044801 -0.044801 -0.0365492
336 20.1631 0 0 0 0 -0.0426604 -0.0426604 -0.0352447
337 20.2232 0 0 0 0 -0.0405753 -0.0405753 -0.0339499
338 20.2833 0 0 0 0 -0.0383845 -0.0383845 -0.0326795
339 20.3434 0 0 0 0 -0.0361072 -0.0361072 -0.031453
340 20.4035 0 0 0 0 -0.0343851 -0.0343851 -0.0304255
341 20.4636 0 0 0 0 -0.0326761 -0.0326761 -0.0293745
342 20.5237 0 0 0 0 -0.0308738 -0.0308738 -0.0283031
343 20.5838 0 0 0 0 -0.0293977 -0.0293977 -0.0273017
344 20.6439 0 0 0 0 -0.027633 -0.027633 -0.026279
345 20.704 0 0 0 0 -0.0260832 -0.0260832 -0.0253343
346 20.7641 0 0 0 0 -0.0244797 -0.0244797 -0.0243879
347 20.8242 0 0 0 0 -0.022692 -0.022692 -0.0234281
348 20.8843 0 0 0 0 -0.021061 -0.021061 -0.0225816
349 20.9444 0 0 0 0 -0.0197647 -0.0197647 -0.0218655
350 21.0045 0 0 0 0 -0.0186859 -0.0186859 -0.0212208
351 21.0646 0 0 0 0 -0.0174833 -0.0174833 -0.0205546
352 21.1247 0 0 0 0 -0.0166823 -0.0166823 -0.0200091
353 21.1848 0 0 0 0 -0.0157542 -0.0157542 -0.0194141
354 21.2449 0 0 0 0 -0.0148488 -0.0148488 -0.0188447
355 21.305 0 0 0 0 -0.0140949 -0.0140949 -0.0183297
356 21.3651 0 0 0 0 -0.0132173 -0.0132173 -0.0177938
357 21.4252 0 0 0 0 -0.0124275 -0.0124275 -0.01732
358 21.4853 0 0 0 0 -0.0116561 -0.0116561 -0.0168538
359 21.5454 0 0 0 0 -0.0110201 -0.0110201 -0.0164417
360 21.6055 0 0 0 0 -0.0103858 -0.0103858 -0.0160475
361 21.6656 0 0 0 0 -0.00986409 -0.00986409 -0.0157184
362 21.7257 0 0 0 0 -0.00943539 -0.00943539 -0.0154149
363 21.7858 0 0 0 0 -0.00899433 -0.00899433 -0.0151
364 21.8459 0 0 0 0 -0.0084842 -0.0084842 -0.0147605
365 21.906 0 0 0 0 -0.00804615 -0.00804615 -0.0144699
366 21.9661 0 0 0 0 -0.00765501 -0.00765501 -0.0142034
367 22.0262 0 0 0 0 -0.00725068 -0.00725068 -0.0139429
368 22.0863 0 0 0 0 -0.00691705 -0.00691705 -0.0137215
369 22.1464 0 0 0 0 -0.00664949 -0.00664949 -0.013543
370 22.2065 0 0 0 0 -0.00641843 -0.00641843 -0.0133678
371 22.2666 0 0 0 0 -0.00616441 -0.00616441 -0.0131835
372 22.3267 0 0 0 0 -0.00600962 -0.00600962 -0.0130596
373 22.3868 0 0 0 0 -0.00584072 -0.00584072 -0.0129211
374 22.4469 0 0 0 0 -0.00564877 -0.00564877 -0.0127743
375 22.507 0 0 0 0 -0.00543025 -0.00543025 -0.0126207
376 22.5671 0 0 0 0 -0.00528736 -0.00528736 -0.0125126
377 22.6272 0 0 0 0 -0.00516802 -0.00516802 -0.0124165
378 22.6873 0 0 0 0 -0.00509351 -0.00509351 -0.0123338
379 22.7474 0 0 0 0 -0.00501087 -0.00501087 -0.0122371
380 22.8075 0 0 0 0 -0.00491971 -0.00491971 -0.0121398
381 22.8676 0 0 0 0 -0.00475452 -0.00475452 -0.0120177
382 22.9277 0 0 0 0 -0.00462805 -0.00462805 -0.0119288
383 22.9878 0 0 0 0 -0.00457431 -0.00457431 -0.0118808
384 23.0479 0 0 0 0 -0.0044896 -0.0044896 -0.0118148
385 23.108 0 0 0 0 -0.00439105 -0.00439105 -0.0117453
386 23.1681 0 0 0 0 -0.00435755 -0.00435755 -0.0117141
387 23.2282 0 0 0 0 -0.00433279 -0.00433279 -0.011686
388 23.2883 0 0 0 0 -0.00427329 -0.00427329 -0.0116346
389 23.3484 0 0 0 0 -0.00424689 -0.00424689 -0.0116068
390 23.4085 0 0 0 0 -0.00423629 -0.00423629 -0.0115878
391 23.4686 0 0 0 0 -0.00423183 -0.00423183 -0.0115698
392 23.5287 0 0 0 0 -0.00417143 -0.00417143 -0.0115318
393 23.5888 0 0 0 0 -0.0041553 -0.0041553 -0.0115205
394 23.6489 0 0 0 0 -0.0041914 -0.0041914 -0.0115368
395 23.709 0 0 0 0 -0.00415837 -0.00415837 -0.0115155
