# Time-averaged data for fix fIK
# TimeStep Number-of-rows
# Row c_pIK[1] c_pIK[2] c_pIK[3] c_pIK[4] c_pIK[5] c_pIK[6] c_pIK[7] c_pIK[8]
30000 360
1 0.05 0.01 0.0047351 0.0046551 0.0172939 -0.00189749 -0.00121857 -0.0029112
2 0.15 0.01 0.00247649 0.0116174 0.010996 -0.00187597 -0.00113556 -0.0027319
3 0.25 0.0233333 0.0127597 0.029002 0.0331938 -0.00194577 -0.00157263 -0.0029718
4 0.35 0.02 0.045087 0.0097604 0.0148546 -0.00187851 -0.00161693 -0.00306956
5 0.45 0.01 0.002539 0.0015051 0.00287209 -0.00181943 -0.00163009 -0.00290639
6 0.55 0.00333333 0.000218901 0.000931077 0.00855305 -0.00148968 -0.00161826 -0.00280904
7 0.65 0.01 0.00878536 0.0107928 0.0217198 -0.00150038 -0.00150904 -0.00281815
8 0.75 0.0133333 0.00804252 0.0146681 0.00536319 -0.0025507 -0.00144274 -0.00273521
9 0.85 0.01 0.0104556 0.0107722 0.0096519 -0.00305127 -0.000937989 -0.00192537
10 0.95 0.00666667 0.00325018 0.0139945 0.0022617 -0.00293908 -0.000880956 -0.0018713
11 1.05 0.0266667 0.0379567 0.0265198 0.0231395 -0.00770439 -0.00419957 -0.00210251
12 1.15 0.0166667 0.00316869 0.0157964 0.0080075 0.000658076 -0.00175813 -0.000122843
13 1.25 0.0133333 0.0154477 0.011285 0.00223976 0.00161084 -0.0014016 0.000147015
14 1.35 0.0133333 0.0193542 0.012136 0.00942647 0.00204951 0.00554475 0.000807662
15 1.45 0.00666667 0.0311958 0.0258562 0.00197457 0.00220352 0.0052252 0.000794158
16 1.55 0.0166667 0.0129819 0.0170268 0.0101672 0.00225118 0.0026873 0.000793364
17 1.65 0.0266667 0.0203994 0.0373842 0.034359 -0.00303016 -0.0054612 1.45552e-05
18 1.75 0.01 0.00317629 0.0028517 0.00253618 -0.00029184 -0.00288419 -0.000734253
19 1.85 0.0233333 0.0099178 0.0016252 0.0186693 -0.000707342 -0.00109157 -0.000731677
20 1.95 0.00333333 0.000945636 0.000108663 0.000106561 -0.000769068 -0.000488275 -0.000817591
21 2.05 0.00333333 0.0158135 0.00213939 0.00253048 -0.000776806 -0.000515393 -0.00092175
22 2.15 0.01 0.00107715 0.00112718 0.00135844 -0.000804994 -0.000545776 -0.000946097
23 2.25 0.0166667 0.00594839 0.0124125 0.0188466 -0.000960174 -0.00070396 -0.00102016
24 2.35 0.00333333 0.0132669 0.00339842 7.19186e-05 -0.000989314 -0.000654271 -0.0010573
25 2.45 0.0166667 0.00830242 0.0105244 0.00697333 -0.0010745 -0.000696555 -0.00108168
26 2.55 0.0133333 0.00476533 0.00201176 0.00740056 -0.00121406 -0.0101704 -0.00101629
27 2.65 0.02 0.00695301 0.0344598 0.0166775 -0.000807747 -0.000630439 -0.00112534
28 2.75 0.00666667 0.00174216 0.000195084 0.00829478 -0.000764177 -0.000583637 -0.00108377
29 2.85 0.0166667 0.0146978 0.0323169 0.0103769 -0.00144133 -0.000724941 -0.00119585
30 2.95 0.02 0.00680675 0.0422985 0.00431391 -0.00309734 -0.00156012 -0.0014027
31 3.05 0.0133333 0.0129749 0.00845898 0.00717726 -0.00402365 -0.00438565 -0.00212719
32 3.15 0.0233333 0.0092496 0.0156048 0.0227777 -0.00311785 -0.00717835 -0.00259631
33 3.25 0.0166667 0.00337943 0.0120439 0.0101989 -0.0036722 -0.00441792 -0.00310559
34 3.35 0.0166667 0.00171424 0.0037035 0.00608439 -0.0083469 -0.00714407 -0.00328292
35 3.45 0.0166667 0.0278011 0.00637535 0.014174 -0.00789625 -0.00525335 -0.00363004
36 3.55 0.0233333 0.0518423 0.0107559 0.0160746 -0.00392748 -0.00232731 -0.00358317
37 3.65 0.0166667 0.00868155 0.0084185 0.00502463 -0.00304333 -0.00275158 -0.004263
38 3.75 0.00333333 0.00253827 2.84881e-05 0.000772011 -0.00223033 -0.00302581 -0.00429915
39 3.85 0.00666667 0.00240917 0.000158553 0.0160162 -0.00199845 -0.00272206 -0.00423632
40 3.95 0.01 0.000375293 0.00664201 0.0136715 -0.00188551 -0.00268641 -0.00423818
41 4.05 0.00666667 0.00108731 0.00132767 0.0114386 -0.00185892 -0.0027032 -0.0042128
42 4.15 0.01 0.0001475 0.00245641 0.00120996 -0.00175371 -0.0024337 -0.00348362
43 4.25 0.0166667 0.0126164 0.0192743 0.021565 -0.00160949 -0.00290983 -0.00231123
44 4.35 0.02 0.00754827 0.0165662 0.0209455 -0.00171602 -0.00337963 -0.00234224
45 4.45 0.0133333 0.015047 0.0118422 0.00629296 -0.00317429 -0.00524416 -0.00261578
46 4.55 0.01 0.000652213 0.00489881 0.00156291 -0.00350483 -0.00547397 -0.00265101
47 4.65 0.0166667 0.00646482 0.012 0.0358049 -0.00153367 0.00602227 -0.00254532
48 4.75 0.00666667 0.0191148 0.000237157 0.0130842 -0.00116425 0.00706004 -0.00218881
49 4.85 0.02 0.00784705 0.0200227 0.031469 -0.00164939 0.000165561 -0.00276866
50 4.95 0.02 0.00859704 0.00899827 0.0123083 -0.00217349 -0.00219126 -0.00333691
51 5.05 0.02 0.00935454 0.013552 0.00693895 -0.00269835 -0.00266991 -0.00371598
52 5.15 0.02 0.0143023 0.00993382 0.00393451 -0.00266047 -0.00264489 -0.00372036
53 5.25 0.0133333 0.00985677 0.00512069 0.0186224 -0.0023673 -0.00179765 -0.00321315
54 5.35 0.0233333 0.0132767 0.0258184 0.0249834 -0.00684486 -0.0026587 -0.00316005
55 5.45 0.00666667 0.00106278 0.00566722 0.00403578 -0.0024052 -0.000879918 -0.00316984
56 5.55 0.01 0.00434767 0.00082353 0.00287038 0.00341327 0.0166794 -0.00246673
57 5.65 0.0166667 0.0183607 0.0132827 0.0115512 -0.00113925 -0.000493359 -0.00236755
58 5.75 0.0166667 0.0462807 0.02386 0.00789384 -0.000246062 -0.00449327 0.00026549
59 5.85 0.0133333 0.0114619 0.00470871 0.00655053 -2.29017e-05 -0.00143252 -0.000619272
60 5.95 0.0166667 0.00487185 0.0118559 0.00347057 1.57624e-05 -0.00198129 0.000520332
61 6.05 0.01 0.0270606 0.00847229 0.000648763 -5.24125e-05 -0.00186652 0.000998949
62 6.15 0.01 0.0164402 0.00294351 0.00562995 -7.13717e-05 -0.00140181 0.00172573
63 6.25 0.00333333 0.000914705 0.00210664 0.0040115 0.00250002 0.00156244 0.00373627
64 6.35 0.00333333 1.05313e-05 0.00391217 0.000150016 0.00301912 0.0036362 0.00945547
65 6.45 0.0233333 0.0144367 0.013497 0.0199682 0.00293974 0.00391219 0.0110458
66 6.55 0.01 0.00312886 0.00261474 0.000941476 0.00045759 0.0021369 0.00691154
67 6.65 0.0233333 0.0332882 0.0156634 0.0300578 -0.00126277 -0.00684368 0.00600038
68 6.75 0.03 0.0188241 0.0323416 0.0364767 -0.00461562 -0.00392272 0.00489754
69 6.85 0.0166667 0.00855354 0.0111768 0.012049 -0.00734646 -0.00602926 0.000651612
70 6.95 0.0133333 0.0280243 0.0145595 0.00674027 -0.000624837 -0.00470101 0.00356247
71 7.05 0.0366667 0.0351687 0.0306384 0.0128011 0.000871195 -0.00601046 0.00429783
72 7.15 0.02 0.00816614 0.016196 0.00932618 0.0259508 0.00426714 0.00749106
73 7.25 0.0166667 0.00276011 0.0157308 0.0174091 0.026142 0.00275107 -0.00063629
74 7.35 0.04 0.0415869 0.0170312 0.0205824 0.0100587 0.00337697 -0.00510687
75 7.45 0.03 0.0191127 0.0521949 0.0238966 -0.00620979 0.000221457 -0.00682779
76 7.55 0.02 0.00995232 0.00885767 0.00258759 -0.00832646 -0.00646186 -0.0141471
77 7.65 0.0366667 0.0172611 0.0304024 0.0275644 -0.0156487 -0.0155279 -0.0198647
78 7.75 0.0133333 0.0134019 0.0132193 0.0317315 -0.0139704 -0.0144275 -0.0194902
79 7.85 0.0433333 0.0229646 0.0293491 0.0336078 -0.0154658 -0.0175037 -0.0241162
80 7.95 0.0333333 0.0206173 0.0419275 0.0523413 -0.00787942 -0.0122505 -0.02309
81 8.05 0.0433333 0.0646021 0.0286771 0.0467196 -0.00997249 -0.0150683 -0.0277083
82 8.15 0.0366667 0.0253416 0.0462601 0.0677928 -0.00873979 -0.00877689 -0.038183
83 8.25 0.05 0.0473748 0.0470597 0.0461832 -0.0213163 -0.0213476 -0.043496
84 8.35 0.0633333 0.0239222 0.0660941 0.0504275 -0.0414466 -0.0454304 -0.0524074
85 8.45 0.06 0.0371329 0.040141 0.0288209 -0.0314394 -0.0530808 -0.0574057
86 8.55 0.0833333 0.171662 0.0700105 0.0615053 -0.0386426 -0.0641162 -0.0659618
87 8.65 0.123333 0.0881492 0.139929 0.135835 -0.0768445 -0.128732 -0.0847109
88 8.75 0.113333 0.0861835 0.0896683 0.0890349 -0.0853613 -0.157614 -0.0953783
89 8.85 0.126667 0.076939 0.0947779 0.0871428 -0.16691 -0.173428 -0.107203
90 8.95 0.15 0.119174 0.0998664 0.140639 -0.128577 -0.0997146 -0.120388
91 9.05 0.166667 0.168862 0.132691 0.147424 -0.183429 -0.190223 -0.158145
92 9.15 0.21 0.164083 0.173317 0.150301 -0.229455 -0.206013 -0.183768
93 9.25 0.21 0.15987 0.162322 0.153844 -0.280454 -0.32732 -0.226532
94 9.35 0.273333 0.205913 0.231307 0.209611 -0.277966 -0.379239 -0.249093
95 9.45 0.28 0.186791 0.25771 0.191829 -0.407358 -0.32622 -0.257857
96 9.55 0.35 0.260639 0.342209 0.250118 -0.398686 -0.207174 -0.278317
97 9.65 0.363333 0.34029 0.273012 0.280707 -0.440692 -0.522173 -0.288381
98 9.75 0.38 0.314525 0.38717 0.270539 -0.539461 -0.667786 -0.315524
99 9.85 0.38 0.345943 0.361863 0.276633 -0.468453 -0.517214 -0.345428
100 9.95 0.443333 0.464622 0.383182 0.440336 -0.679404 -0.556189 -0.377625
101 10.05 0.496667 0.415138 0.476018 0.477389 -0.549027 -0.544884 -0.411125
102 10.15 0.586667 0.558713 0.525395 0.54841 -0.800035 -0.851907 -0.42921
103 10.25 0.503333 0.467254 0.417944 0.399724 -1.00295 -0.931008 -0.492618
104 10.35 0.58 0.5112 0.420834 0.42718 -0.99935 -0.830642 -0.597166
105 10.45 0.63 0.543257 0.620962 0.537712 -0.908996 -0.436756 -0.671432
106 10.55 0.61 0.649781 0.458753 0.454969 -1.21239 -0.958434 -0.716941
107 10.65 0.6 0.64814 0.538102 0.490796 -1.03336 -1.05862 -0.768858
108 10.75 0.65 0.502675 0.611193 0.658506 -1.27384 -1.16799 -0.765864
109 10.85 0.64 0.561836 0.649203 0.477303 -1.30811 -1.12143 -0.779811
110 10.95 0.646667 0.476231 0.550096 0.469793 -0.985125 -0.677475 -0.820422
111 11.05 0.636667 0.519273 0.464252 0.520182 -1.0671 -1.03738 -0.777972
112 11.15 0.71 0.563777 0.665647 0.657176 -0.878001 -0.800063 -0.723033
113 11.25 0.733333 0.627961 0.662524 0.764441 -0.759989 -0.953366 -0.635215
114 11.35 0.696667 0.636152 0.612214 0.511957 -1.03753 -0.967777 -0.638265
115 11.45 0.733333 0.63725 0.619925 0.710219 -0.849498 -1.03948 -0.659159
116 11.55 0.696667 0.568117 0.512624 0.57517 -0.898907 -0.8347 -0.60212
117 11.65 0.69 0.653314 0.598837 0.539641 -0.751667 -0.766318 -0.601265
118 11.75 0.666667 0.579832 0.613884 0.622103 -1.01992 -1.11163 -0.576368
119 11.85 0.74 0.650375 0.663598 0.615049 -1.21613 -0.969207 -0.631061
120 11.95 0.75 0.689753 0.63307 0.619208 -1.07182 -0.697098 -0.681313
121 12.05 0.773333 0.687213 0.635254 0.657981 -1.08186 -0.946998 -0.649303
122 12.15 0.696667 0.642282 0.614048 0.571029 -0.703691 -0.720202 -0.60182
123 12.25 0.766667 0.658693 0.643007 0.718912 -0.648024 -0.896813 -0.726085
124 12.35 0.736667 0.652398 0.599136 0.597801 -0.967098 -0.356423 -0.741743
125 12.45 0.753333 0.641355 0.547341 0.578168 -1.3886 -1.11393 -0.793942
126 12.55 0.71 0.58161 0.552894 0.653316 -0.862308 -0.547278 -0.668145
127 12.65 0.706667 0.651136 0.629778 0.651926 -1.05021 -0.958374 -0.610241
128 12.75 0.746667 0.676681 0.534496 0.59224 -1.25084 -1.15537 -0.598928
129 12.85 0.713333 0.675412 0.533556 0.70593 -0.956888 -0.632698 -0.556936
130 12.95 0.716667 0.730164 0.562691 0.530535 -1.23114 -0.97361 -0.656089
131 13.05 0.816667 0.644412 0.701207 0.612761 -0.957135 -0.97927 -0.759108
132 13.15 0.73 0.725561 0.604454 0.693542 -0.985263 -1.12177 -0.802572
133 13.25 0.756667 0.604063 0.610952 0.573703 -1.23569 -1.07882 -0.873839
134 13.35 0.76 0.726427 0.8006 0.649105 -0.824913 -0.865006 -0.916922
135 13.45 0.786667 0.674373 0.707786 0.716015 -1.06878 -1.1311 -0.959027
136 13.55 0.816667 0.680082 0.771442 0.699465 -0.691334 -0.636419 -0.930947
137 13.65 0.653333 0.484998 0.461421 0.509925 -0.728281 -0.854548 -0.919108
138 13.75 0.793333 0.672355 0.673749 0.646791 -0.738064 -0.918956 -0.971146
139 13.85 0.643333 0.60365 0.58457 0.510114 -0.966492 -0.881114 -0.83451
140 13.95 0.793333 0.701152 0.726082 0.641447 -0.823357 -0.735794 -0.831086
141 14.05 0.783333 0.623858 0.679764 0.63927 -0.832369 -0.526502 -0.912786
142 14.15 0.816667 0.666026 0.807564 0.642972 -0.751394 -0.812973 -0.914703
143 14.25 0.776667 0.584905 0.598402 0.692688 -0.608914 -1.02026 -0.921468
144 14.35 0.756667 0.666743 0.663541 0.654184 -0.770238 -0.840548 -0.867383
145 14.45 0.673333 0.552998 0.616152 0.644071 -0.983402 -0.799046 -0.797986
146 14.55 0.733333 0.532886 0.588143 0.574484 -0.731551 -1.00161 -0.809188
147 14.65 0.763333 0.620962 0.687139 0.7205 -0.954786 -0.858615 -0.794971
148 14.75 0.756667 0.688746 0.632314 0.638891 -1.18008 -0.677857 -0.74753
149 14.85 0.723333 0.616053 0.640795 0.575345 -1.11941 -0.703359 -0.707651
150 14.95 0.793333 0.589106 0.813032 0.58718 -0.779633 -0.79657 -0.752277
151 15.05 0.746667 0.571751 0.631026 0.63284 -0.788556 -0.842165 -0.832509
152 15.15 0.756667 0.687699 0.724369 0.740513 -0.757833 -0.8106 -0.756605
153 15.25 0.813333 0.66088 0.753502 0.629765 -0.90721 -0.73405 -0.70223
154 15.35 0.766667 0.592761 0.62556 0.626771 -0.700753 -0.93845 -0.731256
155 15.45 0.75 0.711258 0.618886 0.715148 -0.768615 -1.21142 -0.689468
156 15.55 0.766667 0.591887 0.592098 0.704515 -0.305755 -0.744205 -0.7037
157 15.65 0.676667 0.639507 0.611596 0.65854 -0.529136 -0.515389 -0.703183
158 15.75 0.766667 0.688283 0.647626 0.623968 -0.484366 -0.628813 -0.714835
159 15.85 0.733333 0.572688 0.654164 0.695138 -0.766948 -0.948633 -0.712639
160 15.95 0.783333 0.627032 0.695017 0.571205 -0.677122 -1.20367 -0.778305
161 16.05 0.726667 0.54607 0.663184 0.55832 -0.69486 -0.95363 -0.78023
162 16.15 0.74 0.573926 0.689236 0.639504 -0.331135 -0.978783 -0.809131
163 16.25 0.84 0.656287 0.81334 0.735687 -0.718018 -1.11165 -0.833895
164 16.35 0.76 0.577506 0.726544 0.790429 -0.873244 -0.774544 -0.84647
165 16.45 0.73 0.671706 0.613021 0.635716 -1.00785 -1.10879 -0.852157
166 16.55 0.75 0.66846 0.730416 0.625264 -1.17431 -1.05125 -0.820476
167 16.65 0.78 0.656149 0.67224 0.751259 -0.72193 -0.939255 -0.781185
168 16.75 0.69 0.586877 0.550746 0.603898 -0.81372 -0.829823 -0.804087
169 16.85 0.73 0.618867 0.620573 0.622204 -1.02683 -0.480775 -0.798902
170 16.95 0.85 0.660851 0.687345 0.618569 -1.21172 -0.865163 -0.77896
171 17.05 0.71 0.5923 0.579859 0.697453 -1.26282 -1.03351 -0.751746
172 17.15 0.763333 0.579231 0.607632 0.726232 -0.864219 -0.452777 -0.77985
173 17.25 0.77 0.724035 0.597839 0.587629 -0.899282 -0.574594 -0.766045
174 17.35 0.736667 0.526643 0.661529 0.551253 -0.802628 -0.961108 -0.742585
175 17.45 0.82 0.730007 0.636732 0.690208 -1.13692 -0.94964 -0.785299
176 17.55 0.743333 0.630265 0.684057 0.652191 -0.421314 -0.736459 -0.743843
177 17.65 0.793333 0.623248 0.694614 0.630675 -0.718719 -0.722329 -0.784385
178 17.75 0.696667 0.569125 0.463287 0.599829 -0.66288 -0.568355 -0.862779
179 17.85 0.753333 0.69458 0.635719 0.662504 -0.70679 -0.763045 -0.931661
180 17.95 0.78 0.723653 0.639791 0.688929 -0.978904 -0.231925 -0.965836
181 18.05 0.73 0.550095 0.706436 0.637914 -1.02056 -0.585236 -0.9482
182 18.15 0.756667 0.809358 0.63479 0.649193 -1.00056 -0.662127 -0.971418
183 18.25 0.726667 0.76142 0.645359 0.624156 -0.998763 -1.26363 -1.00962
184 18.35 0.75 0.710351 0.774723 0.549151 -1.02179 -1.04696 -1.01064
185 18.45 0.76 0.699402 0.607938 0.502671 -0.877675 -0.925923 -0.969003
186 18.55 0.736667 0.609715 0.576996 0.69124 -0.82076 -0.35397 -0.87173
187 18.65 0.81 0.663481 0.723126 0.600403 -0.550628 -0.730914 -0.932025
188 18.75 0.783333 0.671708 0.616518 0.582174 -1.02033 -1.38313 -1.00623
189 18.85 0.686667 0.675146 0.657735 0.674135 -1.17605 -1.2245 -1.01295
190 18.95 0.74 0.554209 0.556032 0.599812 -0.918665 -1.02395 -0.994449
191 19.05 0.76 0.751481 0.635479 0.61701 -0.789536 -0.647312 -0.945267
192 19.15 0.77 0.634561 0.654395 0.635105 -0.809273 -0.630055 -0.845153
193 19.25 0.826667 0.631369 0.645048 0.746522 -1.28491 -1.05611 -0.881729
194 19.35 0.73 0.607181 0.607458 0.574041 -1.03695 -0.718247 -0.797732
195 19.45 0.706667 0.552409 0.654131 0.593514 -0.64274 -0.479575 -0.812777
196 19.55 0.753333 0.68984 0.663443 0.659259 -1.1582 -0.911753 -0.832347
197 19.65 0.836667 0.66009 0.77326 0.719747 -0.802117 -0.209749 -0.826284
198 19.75 0.813333 0.640397 0.608179 0.73397 -0.696193 -0.450868 -0.836536
199 19.85 0.716667 0.473984 0.631428 0.759304 -0.46797 -0.785357 -0.87657
200 19.95 0.706667 0.559628 0.706455 0.797921 -0.980853 -0.969072 -0.860878
201 20.05 0.79 0.62131 0.6359 0.634145 -0.757331 -1.22803 -0.885517
202 20.15 0.77 0.758981 0.637427 0.653528 -0.820046 -0.984799 -0.936941
203 20.25 0.77 0.575401 0.659141 0.676208 -0.69219 -0.725303 -0.929652
204 20.35 0.656667 0.594108 0.611333 0.585804 -0.874353 -0.707928 -0.845153
205 20.45 0.796667 0.616065 0.571554 0.709914 -1.11959 -1.04753 -0.913787
206 20.55 0.796667 0.686907 0.594868 0.796323 -0.304227 -0.411464 -0.98349
207 20.65 0.723333 0.630106 0.568533 0.593515 -0.516166 -0.804421 -0.960416
208 20.75 0.696667 0.606421 0.574953 0.556058 -0.837306 -1.28459 -0.950204
209 20.85 0.813333 0.716893 0.773133 0.679267 -0.756176 -0.900467 -0.945799
210 20.95 0.69 0.578756 0.500601 0.470765 -0.890959 -0.865597 -0.890141
211 21.05 0.823333 0.741454 0.677614 0.687286 -0.757101 -0.618666 -0.881993
212 21.15 0.82 0.605165 0.655251 0.795517 -0.725761 -0.528737 -0.819257
213 21.25 0.673333 0.579135 0.625806 0.554596 -0.830804 -0.752592 -0.758155
214 21.35 0.74 0.490261 0.607967 0.686981 -0.722197 -1.08429 -0.762946
215 21.45 0.723333 0.637529 0.622952 0.693677 -0.741287 -1.05411 -0.808704
216 21.55 0.746667 0.601388 0.685606 0.496778 -0.697621 -1.30482 -0.902532
217 21.65 0.716667 0.567043 0.551536 0.714334 -0.796495 -0.931017 -0.799346
218 21.75 0.79 0.752969 0.74872 0.615818 -1.00347 -0.63039 -0.776082
219 21.85 0.753333 0.554731 0.649979 0.626756 -0.915851 -0.50453 -0.722282
220 21.95 0.796667 0.578284 0.626893 0.65527 -0.906947 -1.02487 -0.724852
221 22.05 0.7 0.529465 0.568266 0.530981 -1.27434 -0.963397 -0.80807
222 22.15 0.78 0.702557 0.674849 0.689415 -1.01401 -0.736491 -0.815764
223 22.25 0.766667 0.537589 0.627677 0.627888 -0.542977 -0.758978 -0.736743
224 22.35 0.676667 0.610816 0.543061 0.544914 -0.530732 -0.675123 -0.681355
225 22.45 0.71 0.639868 0.591807 0.594019 -0.600827 -0.809514 -0.692805
226 22.55 0.8 0.581136 0.624686 0.636326 -0.556016 -0.581751 -0.721311
227 22.65 0.84 0.687582 0.761754 0.751601 -0.712927 -0.779009 -0.772091
228 22.75 0.71 0.489026 0.53822 0.554612 -0.819952 -1.05794 -0.77142
229 22.85 0.783333 0.805714 0.706095 0.692094 -0.818678 -1.00783 -0.75535
230 22.95 0.78 0.594605 0.714751 0.639143 -0.697467 -0.888162 -0.751528
231 23.05 0.763333 0.699951 0.569318 0.623843 -0.491238 -0.305795 -0.77201
232 23.15 0.68 0.622923 0.545907 0.531827 -0.868228 -0.812604 -0.821023
233 23.25 0.753333 0.525117 0.727622 0.549491 -1.33675 -0.912993 -0.861854
234 23.35 0.703333 0.663027 0.584613 0.650839 -1.30097 -1.01317 -0.931579
235 23.45 0.756667 0.578255 0.552788 0.769597 -1.30748 -1.05955 -0.946687
236 23.55 0.79 0.710666 0.661019 0.606537 -0.917821 -0.58041 -0.931586
237 23.65 0.736667 0.684772 0.650724 0.518176 -0.551205 -0.595971 -0.940153
238 23.75 0.76 0.639159 0.634891 0.67335 -0.984801 -0.795836 -0.98896
239 23.85 0.71 0.634007 0.499633 0.636857 -0.827213 -0.592196 -0.965165
240 23.95 0.686667 0.603011 0.592302 0.602928 -0.855774 -0.893442 -0.941383
241 24.05 0.703333 0.504426 0.638358 0.487939 -0.706016 -1.00873 -0.894918
242 24.15 0.75 0.534731 0.678211 0.724559 -1.03341 -1.35306 -0.901194
243 24.25 0.756667 0.714016 0.682661 0.558598 -0.887404 -0.947434 -0.826112
244 24.35 0.746667 0.696965 0.611485 0.628229 -1.07448 -0.827284 -0.844077
245 24.45 0.696667 0.516846 0.572321 0.645187 -1.06037 -0.69693 -0.794411
246 24.55 0.713333 0.668556 0.612344 0.553118 -1.1168 -0.92603 -0.777277
247 24.65 0.673333 0.529348 0.509189 0.56043 -1.11401 -1.04168 -0.744203
248 24.75 0.696667 0.719443 0.638523 0.572191 -1.04638 -0.894716 -0.779213
249 24.85 0.666667 0.492348 0.548455 0.610985 -1.13125 -1.03125 -0.81456
250 24.95 0.69 0.607181 0.595087 0.595678 -1.18814 -1.11231 -0.784312
251 25.05 0.67 0.684379 0.522791 0.597683 -0.926028 -0.90863 -0.756243
252 25.15 0.64 0.529922 0.585836 0.564087 -0.853937 -0.866011 -0.791232
253 25.25 0.65 0.619823 0.552996 0.635829 -1.14024 -0.988223 -0.807596
254 25.35 0.663333 0.626091 0.502315 0.670625 -0.686183 -1.06492 -0.801527
255 25.45 0.593333 0.492892 0.510114 0.43859 -0.765557 -0.865376 -0.726768
256 25.55 0.526667 0.460969 0.442669 0.439272 -0.790425 -0.735387 -0.661396
257 25.65 0.616667 0.563174 0.566497 0.550838 -0.756625 -0.716821 -0.631709
258 25.75 0.536667 0.505438 0.412418 0.380072 -0.651058 -0.703633 -0.545046
259 25.85 0.486667 0.480696 0.495959 0.372805 -0.547285 -0.541876 -0.4984
260 25.95 0.536667 0.477556 0.423361 0.502865 -0.749841 -0.76211 -0.555845
261 26.05 0.44 0.395715 0.361445 0.34945 -0.791122 -0.686533 -0.484205
262 26.15 0.366667 0.284369 0.353429 0.327563 -0.853308 -0.658198 -0.409397
263 26.25 0.406667 0.42407 0.419214 0.260201 -0.693162 -0.524351 -0.354548
264 26.35 0.39 0.411874 0.404148 0.357721 -0.275823 -0.478076 -0.339514
265 26.45 0.336667 0.27366 0.256357 0.256098 -0.366953 -0.384691 -0.319002
266 26.55 0.32 0.271157 0.315302 0.300703 -0.381901 -0.240241 -0.276277
267 26.65 0.273333 0.23137 0.183639 0.199888 -0.430338 -0.394254 -0.255014
268 26.75 0.276667 0.151027 0.275705 0.264883 -0.233388 -0.408035 -0.231175
269 26.85 0.166667 0.142311 0.115498 0.121635 -0.07878 -0.293102 -0.206754
270 26.95 0.183333 0.114732 0.181549 0.115902 -0.14466 -0.172822 -0.185852
271 27.05 0.126667 0.102629 0.113602 0.0936466 -0.170553 -0.18269 -0.164207
272 27.15 0.113333 0.093754 0.0771341 0.11011 -0.0552387 -0.10959 -0.145436
273 27.25 0.126667 0.111074 0.108553 0.128403 -0.095077 -0.0585146 -0.12225
274 27.35 0.0733333 0.0476949 0.0405721 0.0458318 -0.0804508 -0.0810722 -0.0993196
275 27.45 0.0933333 0.03982 0.0389999 0.0489179 -0.0558298 -0.0863342 -0.0919744
276 27.55 0.1 0.11948 0.09236 0.108231 -0.0442606 -0.0583473 -0.0704478
277 27.65 0.0366667 0.0282922 0.0290277 0.00733227 -0.0448515 -0.054583 -0.0621304
278 27.75 0.05 0.019357 0.0406031 0.0442497 -0.0452867 -0.0459007 -0.0560366
279 27.85 0.0633333 0.0445225 0.0250302 0.0389083 -0.0353718 -0.0298748 -0.0428548
280 27.95 0.0233333 0.0205563 0.0210957 0.0126143 -0.0216696 0.00447538 -0.0318447
281 28.05 0.03 0.0326537 0.017959 0.0241501 -0.0179768 -0.00138331 -0.0288186
282 28.15 0.03 0.0305701 0.0394083 0.0179167 -0.0128444 -0.0138426 -0.022031
283 28.25 0.0333333 0.04583 0.0448267 0.0431332 -0.0104303 -0.013354 -0.0179663
284 28.35 0.0233333 0.0273458 0.0186343 0.0198436 -0.00650028 -0.00958585 -0.0133745
285 28.45 0.0433333 0.031035 0.033106 0.0311415 -0.0079872 -0.0131805 -0.0122039
286 28.55 0.01 0.00250777 0.012346 0.00094428 -0.0044344 -0.00489281 -0.00925475
287 28.65 0.00666667 0.00249209 0.000267325 0.00160137 -0.00310176 -0.00348507 -0.00867864
288 28.75 0.00333333 4.7266e-06 0.00141396 0.00344288 -0.00149208 -0.00155941 -0.00757083
289 28.85 0.01 0.00878121 0.00863667 0.0183775 -0.00147627 -0.0015294 -0.0076441
290 28.95 0.0166667 0.015519 0.00904519 0.00871805 -0.00102747 -0.0013605 -0.00740836
291 29.05 0.01 0.00154701 0.00781961 0.000141962 -0.00068609 -0.000897244 -0.00629429
292 29.15 0.0233333 0.00972478 0.0208829 0.0272897 -0.00101413 -0.00139087 -0.00605807
293 29.25 0.03 0.0273245 0.0168318 0.0208629 -0.00377857 -0.00370417 -0.00717474
294 29.35 0.0233333 0.0143064 0.0177101 0.0235383 -0.0038058 -0.00548247 -0.00632786
295 29.45 0.0133333 0.00550244 0.0221308 0.0017053 -0.00458754 -0.00873923 -0.00548243
296 29.55 0.02 0.0163883 0.0352538 0.0273582 -0.00456664 -0.00906134 -0.00415757
297 29.65 0.01 0.0147797 0.00819447 0.00821033 -0.00503191 -0.00944846 -0.00397744
298 29.75 0.01 0.0195447 0.000252578 0.00223168 -0.00412912 -0.00455487 -0.00384349
299 29.85 0.00666667 0.00507542 0.00897319 9.69265e-05 -0.0041618 -0.00425887 -0.00395667
300 29.95 0.00333333 0.000654816 0.00111028 0.00198765 -0.00402746 -0.00393812 -0.0036445
301 30.05 0.02 0.00371102 0.00538684 0.0165065 -0.00302378 -0.00289446 -0.00277935
302 30.15 0.00333333 0.0022158 0.0007689 1.0444e-07 -0.00287049 -0.00284213 -0.00258606
303 30.25 0.0133333 0.0131853 0.0403459 0.00602299 -0.00218965 -0.00281618 -0.00283818
304 30.35 0.0233333 0.0135875 0.0264153 0.0248918 -0.00420615 -0.00261899 -0.00284313
305 30.45 0.0133333 0.00874043 0.00315669 0.00911329 -0.0059218 -0.00176137 -0.00394456
306 30.55 0.0166667 0.0155987 0.00513747 0.0113892 -0.00529132 -0.00191944 -0.00424128
307 30.65 0.0166667 0.0122036 0.0111783 0.0159091 -0.00453294 -0.00188749 -0.00460469
308 30.75 0.0166667 0.0282591 0.0157732 0.0104325 -0.00450741 -0.00187954 -0.00460292
309 30.85 0.02 0.00809817 0.0166816 0.0126895 -0.00373347 -0.00196413 -0.0043142
310 30.95 0.0233333 0.0265666 0.0305646 0.0341622 -0.0039493 -0.00273342 -0.00418818
311 31.05 0.02 0.0349587 0.0270869 0.00918265 -0.00679365 -0.00329553 -0.00468513
312 31.15 0.01 0.026907 0.00410718 0.00839625 -0.00361396 -0.00258386 -0.00469877
313 31.25 0.0233333 0.028544 0.00550641 0.0238322 -0.00175021 0.0034783 -0.00433169
314 31.35 0.01 0.0061407 0.00648175 0.00213725 -0.000697803 0.015859 -0.00364091
315 31.45 0.0133333 0.00621823 0.00951225 0.000298139 -0.00219005 -0.00067089 -0.00411206
316 31.55 0.01 0.00053765 0.000719689 0.00148718 -0.00302873 -0.00176706 -0.00429601
317 31.65 0.0166667 0.0121705 0.0118662 0.0203833 -0.00548209 -0.00444498 -0.00453311
318 31.75 0.00666667 0.00482957 0.00265244 0.00192855 -0.00607206 -0.00569632 -0.00426094
319 31.85 0.0166667 0.0156645 0.0184212 0.0192724 -0.00669965 -0.00845388 -0.00439851
320 31.95 0.02 0.00849089 0.00750896 0.00390018 -0.00247889 -0.00449969 -0.00438925
321 32.05 0.02 0.00734996 0.0122248 0.00709067 -0.0027984 -0.00440594 -0.0044452
322 32.15 0.01 0.011817 0.00859482 0.0051336 -0.0010528 -0.00351539 -0.00430676
323 32.25 0.01 0.00610844 0.0129521 0.00321268 -0.00240636 -0.00594841 -0.00438406
324 32.35 0.0166667 0.00802601 0.0351949 0.0340923 -0.00755241 -0.0131453 -0.00452498
325 32.45 0.0133333 0.00521368 0.00665995 0.0104861 -0.00480484 -0.00476008 -0.00407478
326 32.55 0.0133333 0.00829077 0.016145 0.00209643 -0.00612639 -0.00364983 -0.00352101
327 32.65 0.0166667 0.00568876 0.0139231 0.00253156 -0.00263978 -0.00213682 -0.0035747
328 32.75 0.02 0.0116087 0.0138203 0.00457968 -0.00328637 -0.00236092 -0.00389741
329 32.85 0.00666667 0.00168831 0.000197121 0.00372617 -0.00330325 -0.00289514 -0.00433852
330 32.95 0.0166667 0.016011 0.0129296 0.00983591 -0.0034567 -0.00308385 -0.00484908
331 33.05 0.0233333 0.0100015 0.0323314 0.0364242 -0.00370805 -0.00203339 -0.0036288
332 33.15 0.0233333 0.0128949 0.0432672 0.00699718 -0.00330132 0.000149675 -0.00172146
333 33.25 0.0133333 0.00684197 0.0166927 0.00722809 0.000710354 0.00550474 0.000222888
334 33.35 0.0166667 0.0119632 0.0113177 0.00382688 0.00639939 0.0131271 0.000737153
335 33.45 0.02 0.0132464 0.00357664 0.0195915 0.00230396 0.00616517 0.000271882
336 33.55 0.01 0.0134055 0.0138533 0.00371045 -0.000601277 0.00197492 0.000133331
337 33.65 0.0133333 0.0151856 0.0117959 0.016341 -0.00172329 0.000400234 -0.000867363
338 33.75 0.02 0.00830503 0.0170095 0.0218993 -0.00557022 -0.00465065 -0.00293166
339 33.85 0.02 0.0106834 0.00453298 0.00465459 -0.0036216 -0.00523844 -0.00457087
340 33.95 0.0166667 0.00771508 0.0208191 0.00992121 -0.00504876 -0.00666275 -0.00397013
341 34.05 0.00333333 0.000120092 3.64371e-06 0.00443825 -0.00144958 -0.00242357 -0.003923
342 34.15 0.0166667 0.0160692 0.00744951 0.0128398 -0.000538425 -0.00102397 -0.00321156
343 34.25 0.0166667 0.00972814 0.0160972 0.0053796 0.00138809 0.000296931 -0.003169
344 34.35 0.0166667 0.0118493 0.00917159 0.0125023 0.00454392 -9.14374e-05 0.000539131
345 34.45 0.0233333 0.00870474 0.0109112 0.0455118 0.00501703 -0.00265459 0.00192635
346 34.55 0.0233333 0.00616165 0.0183813 0.0306251 0.00289154 -0.00543392 0.0017668
347 34.65 0.02 0.0406777 0.00951486 0.0079418 0.000904367 -0.000773832 0.0011122
348 34.75 0.01 0.0057908 0.0033022 0.000728689 -0.00042665 -0.00756477 0.00183279
349 34.85 0.02 0.0170483 0.00788091 0.00819095 -0.00347983 -0.0054909 -0.00146826
350 34.95 0.0133333 0.00704553 0.0453705 0.00654737 -0.00470314 -0.00183712 -0.00211892
351 35.05 0.01 0.00459073 0.00751831 0.00112777 -0.00322318 -0.00119253 -0.00200711
352 35.15 0.0166667 0.0260639 0.0113947 0.0102717 -0.00279642 -0.00157477 -0.00194953
353 35.25 0.02 0.0182682 0.013543 0.0200705 -0.0055148 -0.00543544 -0.00187789
354 35.35 0.0233333 0.013004 0.00631559 0.0117548 -0.00323059 -0.00400599 -0.0021459
355 35.45 0.00666667 0.0120998 0.00215317 0.0153465 -0.00364058 -0.0034069 -0.00210439
356 35.55 0.0233333 0.0303017 0.0243295 0.0197414 -0.00257871 -0.00285785 -0.00186659
357 35.65 0.01 0.0018121 0.00138938 0.00273678 -0.002345 -0.00465944 -0.00268739
358 35.75 0.00666667 0.00151859 0.00762637 0.00947882 -0.00235058 -0.00781571 -0.00357641
359 35.85 0.0166667 0.00811105 0.0116444 0.0300735 -0.00227922 -0.00350922 -0.00342148
360 35.95 0.01 0.00111767 0.00537615 0.00279601 -0.00243497 -0.0021123 -0.00334198
60000 360
1 0.05 0.0133333 0.0120486 0.0040154 0.0268172 -0.00255227 -0.00157987 -0.00113058
2 0.15 0.0133333 0.0143663 0.00710085 0.0118868 -0.00249559 -0.00164088 -0.00126439
3 0.25 0.0133333 0.00999416 0.015451 0.00705838 -0.00345328 -0.00136082 -0.00194941
4 0.35 0.00666667 0.00114584 0.00140807 0.00195465 -0.00382047 -0.00150304 -0.0019398
5 0.45 0.00666667 0.00142792 0.00101824 0.00865429 -0.00595415 -0.00213818 -0.00206239
6 0.55 0.01 0.0116277 0.00130584 0.00156597 -0.00598784 -0.00211556 -0.00208779
7 0.65 0.02 0.00899343 0.039362 0.0219787 -0.00463468 -0.0015761 -0.00181438
8 0.75 0.0133333 0.0169198 0.00283975 0.0112221 -0.0034391 -0.00151722 -0.00167701
9 0.85 0.0166667 0.0239605 0.0145385 0.0138381 -0.00453925 -0.00154921 -0.00173217
10 0.95 0.0133333 0.00741847 0.00305032 0.00601813 -0.00404627 -0.00554583 -0.00180116
11 1.05 0.0133333 0.0213966 0.00417761 0.00708624 -0.00114814 -0.000846278 -0.00162764
12 1.15 0.01 0.00664745 0.00451027 0.0339903 -0.001214 -0.00060272 -0.00177161
13 1.25 0.01 0.00443757 0.0117664 0.00719198 -0.0013285 -0.000681952 -0.00184859
14 1.35 0.0133333 0.0101219 0.00262707 0.0103639 -0.000868947 -0.000695108 -0.00130556
15 1.45 0.0166667 0.0160226 0.00510389 0.0197303 -0.00092211 -0.000749263 -0.00129206
16 1.55 0.00666667 0.000696892 0.0128121 0.00388016 -0.000871914 -0.000736999 -0.00127567
17 1.65 0.00666667 0.0117273 0.00563789 0.00118515 -0.000878784 -0.000793637 -0.00122172
18 1.75 0.0166667 0.00941611 0.00971644 0.00459961 -0.0011724 -0.00114766 -0.0012867
19 1.85 0.00666667 0.00672788 0.0064068 0.0163731 -0.000858041 -0.000920302 -0.00131545
20 1.95 0.0133333 0.0131347 0.00162423 0.0131066 -8.75298e-05 -0.00156381 -0.00148061
21 2.05 0.0133333 0.00444491 0.0133112 0.0120225 0.0126582 -0.0017316 1.87305e-05
22 2.15 0.00666667 0.00664498 0.000339864 0.00430848 0.0127207 -0.0016859 5.26558e-05
23 2.25 0.01 0.00353527 0.000941614 0.0075266 0.0128715 -0.00152571 6.60742e-05
24 2.35 0.0233333 0.0113317 0.01448 0.0278645 0.00576602 -0.0015691 -0.00131282
25 2.45 0.0133333 0.0148138 0.0179102 0.00671243 -0.00214115 -0.00162549 -0.00290981
26 2.55 0.0133333 0.00354904 0.0176517 0.00481371 -0.00908359 -0.00471867 -0.00279158
27 2.65 0.0233333 0.00547082 0.00882085 0.0233139 -0.0029866 -0.00407289 -0.00257794
28 2.75 0.0166667 0.0131237 0.00579739 0.00906618 -0.00189789 0.00101894 -0.00203907
29 2.85 0.0133333 0.0178303 0.00410431 0.00771071 -0.00131145 0.00267862 -0.00186591
30 2.95 0.0233333 0.00889809 0.0148456 0.0568969 -0.000990877 0.00041215 -0.00220512
31 3.05 0.0133333 0.00431827 0.0102399 0.0141806 -0.00195811 -0.00111668 -0.00265886
32 3.15 0.01 0.000835517 0.00253227 0.00272531 -0.00214929 -0.00128196 -0.00274226
33 3.25 0.0166667 0.00616967 0.0100587 0.00444968 -0.00511765 -0.00382705 -0.00270329
34 3.35 0.0133333 0.00319204 0.0153292 0.00769198 -0.00192426 -0.0012196 -0.00220588
35 3.45 0.00333333 0.00101663 1.13871e-05 0.00715747 -0.00186149 -0.00125324 -0.00221047
36 3.55 0.0133333 0.00607813 0.0125114 0.0165348 -0.00181434 -0.00208129 -0.00223208
37 3.65 0.03 0.0528223 0.0137956 0.0279017 -0.00474015 -0.00597256 -0.00325849
38 3.75 0.02 0.013842 0.00905551 0.00358153 -0.00521157 -0.00368704 -0.0033255
39 3.85 0.01 0.00147946 0.0177686 0.00918227 -0.00471207 -0.00637564 -0.002976
40 3.95 0.0133333 0.00468262 0.0166157 0.00764273 -0.00424021 -0.00605878 -0.00269982
41 4.05 0.0166667 0.0150121 0.0170059 0.0239405 -0.0033201 -0.00339446 -0.0022299
42 4.15 0.00666667 0.00511062 0.00672665 0.00238376 -0.00294216 -0.00401388 -0.00212772
43 4.25 0.0233333 0.0122018 0.0142022 0.0345035 -0.00172537 0.00604129 -0.00208333
44 4.35 0.0166667 0.010533 0.0145862 0.00368658 -0.00181498 -0.00216541 -0.00212251
45 4.45 0.01 0.00949839 0.00480717 0.00446181 -0.00170204 -0.00193487 -0.00223103
46 4.55 0.0266667 0.0127361 0.0155501 0.035554 -0.00109672 -0.00185103 -0.00265279
47 4.65 0.0233333 0.0113164 0.0129822 0.0151232 -0.000941751 -0.00168102 -0.0027976
48 4.75 0.0133333 0.0148143 0.0136133 0.0059077 -0.000910558 -0.00154555 -0.00267077
49 4.85 0.0166667 0.017348 0.0436224 0.00786091 -0.00116161 -0.00250252 -0.00307564
50 4.95 0.01 0.00313471 0.00328104 0.00454661 -0.0012248 -0.00258633 -0.00342557
51 5.05 0.00666667 0.000636058 0.00199175 0.000901124 -0.00120687 -0.00256577 -0.00340257
52 5.15 0.0366667 0.0307595 0.0232148 0.0351059 -0.00272817 -0.00520183 -0.00400739
53 5.25 0.02 0.00664212 0.00517503 0.0038161 -0.00331026 -0.00865286 -0.00473106
54 5.35 0.01 0.00275323 0.00460404 0.0120777 -0.00191682 -0.00547973 -0.0050339
55 5.45 0.00333333 0.00183716 8.21325e-05 0.00239609 -0.00190286 -0.00382276 -0.00502784
56 5.55 0.0166667 0.0193753 0.0209761 0.00947227 -0.00191095 -0.00335053 -0.0050257
57 5.65 0.01 0.00711621 0.0031484 0.00212097 -0.00226282 -0.00307246 -0.00451159
58 5.75 0.00333333 4.24398e-05 0.00914886 1.36972e-05 -0.0024321 -0.00306835 -0.00487726
59 5.85 0.02 0.0100519 0.0109547 0.00958413 -0.00308342 -0.00416771 -0.00604291
60 5.95 0.02 0.00500765 0.0123725 0.0122785 -0.00354267 -0.00419018 -0.00657568
61 6.05 0.02 0.0354805 0.0219036 0.0101596 -0.0064709 -0.00620005 -0.00725437
62 6.15 0.0133333 0.00416331 0.00598206 0.00367417 -0.00635363 -0.00587658 -0.00800054
63 6.25 0.0133333 0.00233072 0.0101339 0.00676454 -0.00531715 -0.00869956 -0.00850372
64 6.35 0.0166667 0.00399553 0.00550218 0.00811554 -0.00995652 -0.00716648 -0.0102976
65 6.45 0.0133333 0.00265363 0.0146344 0.0112108 -0.0105035 -0.00834021 -0.0114484
66 6.55 0.0333333 0.0248092 0.0165063 0.0271361 -0.00961665 -0.00851734 -0.0119725
67 6.65 0.03 0.0101775 0.0156139 0.0283139 -0.0067916 -0.00710793 -0.0118649
68 6.75 0.0266667 0.0156548 0.0130083 0.0154856 -0.00505193 -0.00679789 -0.0108903
69 6.85 0.0133333 0.0124569 0.006197 0.00438963 -0.0025456 -0.004487 -0.00956197
70 6.95 0.0166667 0.00698013 0.012879 0.013665 -0.00218022 -0.00499611 -0.0103576
71 7.05 0.02 0.015451 0.0104503 0.0153476 -0.0030244 -0.0088454 -0.0114397
72 7.15 0.03 0.0100906 0.0129817 0.0235514 -0.0153916 -0.0105155 -0.0118123
73 7.25 0.00333333 0.000207187 0.00197346 0.00138069 -0.00695459 -0.00995081 -0.0114279
74 7.35 0.03 0.0325717 0.0083333 0.0240839 -0.00607812 -0.007462 -0.0129919
75 7.45 0.03 0.0262831 0.0268634 0.0335501 -0.00989995 -0.00934707 -0.0166993
76 7.55 0.04 0.040709 0.0320072 0.021351 -0.00711509 -0.00546966 -0.0172265
77 7.65 0.0233333 0.0556245 0.0138504 0.00594469 -0.00581018 0.00152586 -0.0111135
78 7.75 0.0533333 0.0804335 0.0240296 0.0429136 0.0133085 0.000310371 -0.011341
79 7.85 0.03 0.0242086 0.0289903 0.0208844 0.0245901 -0.0110281 -0.0125684
80 7.95 0.0233333 0.0407271 0.0266548 0.0108232 0.0188893 -0.0198033 -0.0128576
81 8.05 0.0566667 0.0596495 0.0385507 0.0385035 0.00674753 -0.0281783 -0.0173822
82 8.15 0.0666667 0.0849008 0.0361404 0.059135 -0.00201663 -0.0193798 -0.0369831
83 8.25 0.0566667 0.0746393 0.0716901 0.0966062 -0.0235182 -0.0145084 -0.0585037
84 8.35 0.0733333 0.0744295 0.0660426 0.0519447 -0.030028 -0.0424367 -0.0673649
85 8.45 0.113333 0.0650975 0.0749773 0.108068 -0.0827736 -0.0843533 -0.0904716
86 8.55 0.0666667 0.0425169 0.0630188 0.071013 -0.0876421 -0.0840182 -0.107067
87 8.65 0.0933333 0.118856 0.121893 0.13214 -0.0584061 -0.118891 -0.12141
88 8.75 0.176667 0.13431 0.131206 0.0958546 -0.148879 -0.162259 -0.138601
89 8.85 0.163333 0.122326 0.18058 0.137605 -0.142721 -0.135423 -0.160635
90 8.95 0.176667 0.114523 0.163914 0.142887 -0.142188 -0.0513752 -0.164659
91 9.05 0.166667 0.202913 0.139755 0.12619 -0.246028 -0.185691 -0.18373
92 9.15 0.23 0.162565 0.18201 0.153788 -0.32813 -0.136008 -0.22028
93 9.25 0.263333 0.207947 0.291495 0.193905 -0.311337 -0.28695 -0.262182
94 9.35 0.236667 0.221934 0.176231 0.169503 -0.289159 -0.360627 -0.301716
95 9.45 0.336667 0.252974 0.257789 0.231291 -0.270878 -0.239514 -0.359677
96 9.55 0.346667 0.322978 0.315059 0.366033 -0.459997 -0.330331 -0.359807
97 9.65 0.37 0.339293 0.328045 0.298677 -0.405197 -0.55062 -0.363522
98 9.75 0.35 0.333231 0.321474 0.306394 -0.303984 -0.556142 -0.333882
99 9.85 0.426667 0.405318 0.307289 0.275668 -0.344081 -0.489927 -0.34446
100 9.95 0.5 0.46178 0.449727 0.507605 -0.580355 -0.637891 -0.38424
101 10.05 0.493333 0.433314 0.387389 0.456353 -0.634641 -0.729518 -0.411815
102 10.15 0.493333 0.458814 0.424697 0.436803 -0.877373 -0.74266 -0.430378
103 10.25 0.603333 0.584225 0.49614 0.491919 -0.911777 -0.988929 -0.464811
104 10.35 0.576667 0.546326 0.585711 0.568252 -0.703596 -0.862022 -0.439306
105 10.45 0.613333 0.567524 0.470864 0.521729 -0.524305 -0.811386 -0.496031
106 10.55 0.623333 0.516891 0.524029 0.546094 -0.43386 -0.963121 -0.546297
107 10.65 0.613333 0.393478 0.525105 0.596932 -0.882162 -0.785033 -0.50091
108 10.75 0.696667 0.567444 0.658838 0.592445 -0.88514 -1.08983 -0.576566
109 10.85 0.64 0.537502 0.561456 0.595235 -0.905122 -1.14557 -0.584157
110 10.95 0.676667 0.543608 0.608832 0.557778 -0.953369 -0.930957 -0.632448
111 11.05 0.703333 0.492924 0.684874 0.582665 -0.942303 -0.980141 -0.647193
112 11.15 0.666667 0.510829 0.634668 0.493358 -0.605709 -0.792654 -0.629971
113 11.25 0.7 0.619215 0.546039 0.564235 -1.00256 -1.0484 -0.674951
114 11.35 0.746667 0.590199 0.763328 0.588897 -1.19781 -0.841819 -0.692677
115 11.45 0.703333 0.629832 0.593079 0.644143 -1.09918 -0.729595 -0.684315
116 11.55 0.773333 0.75917 0.639138 0.689937 -0.922671 -0.727046 -0.716508
117 11.65 0.703333 0.491843 0.547159 0.544125 -0.985311 -0.674683 -0.692664
118 11.75 0.723333 0.643818 0.609797 0.62338 -0.930575 -1.01745 -0.729178
119 11.85 0.71 0.602229 0.692661 0.50969 -0.774766 -1.02493 -0.764404
120 11.95 0.72 0.511619 0.678548 0.620648 -1.10311 -1.25579 -0.932679
121 12.05 0.736667 0.627269 0.616328 0.729752 -0.819877 -1.36692 -0.995269
122 12.15 0.7 0.571545 0.710437 0.623726 -0.891749 -1.2412 -1.06039
123 12.25 0.743333 0.607629 0.675286 0.640067 -1.11536 -1.14435 -1.0295
124 12.35 0.8 0.618179 0.598537 0.656054 -1.38566 -1.4605 -1.05177
125 12.45 0.72 0.565803 0.63182 0.567365 -1.02027 -1.24609 -1.06192
126 12.55 0.683333 0.460634 0.519412 0.664686 -1.23902 -1.37334 -1.02214
127 12.65 0.793333 0.8034 0.609393 0.630355 -1.02053 -1.34891 -1.07834
128 12.75 0.73 0.58135 0.560378 0.642076 -1.41535 -1.44483 -0.975646
129 12.85 0.733333 0.609658 0.615496 0.685597 -0.877927 -1.17812 -0.838232
130 12.95 0.706667 0.597924 0.647426 0.556689 -0.425789 -0.701155 -0.830098
131 13.05 0.7 0.603787 0.581538 0.539123 -0.743153 -0.996441 -0.848691
132 13.15 0.806667 0.591661 0.602955 0.675372 -0.695912 -0.789188 -0.889078
133 13.25 0.776667 0.737509 0.632805 0.708886 -1.26518 -0.731904 -0.83991
134 13.35 0.81 0.856678 0.633735 0.626725 -1.43293 -0.980633 -0.842486
135 13.45 0.766667 0.745374 0.548565 0.614309 -1.08492 -1.25581 -0.819291
136 13.55 0.75 0.599777 0.66503 0.548769 -0.733304 -1.19477 -0.92596
137 13.65 0.71 0.461037 0.608197 0.69724 -1.52343 -1.33469 -0.974302
138 13.75 0.716667 0.60946 0.583577 0.661705 -0.782129 -1.20898 -0.935693
139 13.85 0.78 0.541125 0.74613 0.596021 -1.06794 -1.27441 -0.935929
140 13.95 0.69 0.579724 0.562472 0.580479 -0.881409 -1.12029 -0.914017
141 14.05 0.833333 0.677435 0.793041 0.690623 -0.682819 -0.56083 -0.836853
142 14.15 0.763333 0.630387 0.719613 0.719477 -0.558322 -0.832685 -0.823087
143 14.25 0.686667 0.513126 0.523657 0.54213 -0.597916 -0.705162 -0.821102
144 14.35 0.736667 0.597282 0.636827 0.671078 -0.774995 -1.06708 -0.870259
145 14.45 0.816667 0.853166 0.640327 0.660438 -0.622969 -0.665527 -0.801629
146 14.55 0.75 0.609143 0.685525 0.722251 -0.28633 -0.687336 -0.772833
147 14.65 0.783333 0.80892 0.616297 0.583791 -1.06836 -1.0278 -0.849247
148 14.75 0.753333 0.699219 0.654434 0.544758 -1.08734 -1.36709 -0.862432
149 14.85 0.75 0.604583 0.669035 0.666622 -0.707837 -0.904018 -0.880263
150 14.95 0.853333 0.708225 0.719631 0.616989 -1.02274 -0.994228 -0.894752
151 15.05 0.716667 0.52102 0.645483 0.573108 -1.16744 -0.756068 -0.979573
152 15.15 0.706667 0.640553 0.605576 0.554736 -1.1396 -0.696317 -0.900147
153 15.25 0.703333 0.662024 0.592047 0.522896 -0.964028 -0.643672 -0.801174
154 15.35 0.703333 0.624759 0.660445 0.589549 -0.472529 -0.946133 -0.762168
155 15.45 0.78 0.613266 0.782465 0.706676 -0.800001 -1.03301 -0.802818
156 15.55 0.856667 0.725205 0.589351 0.802888 -0.974437 -1.10277 -0.819428
157 15.65 0.733333 0.625036 0.618815 0.578123 -0.819335 -0.961871 -0.810534
158 15.75 0.81 0.767515 0.613004 0.658369 -0.89048 -0.453027 -0.783324
159 15.85 0.773333 0.678181 0.646486 0.676265 -0.95704 -0.90308 -0.777044
160 15.95 0.763333 0.643621 0.632279 0.653454 -0.99756 -1.03549 -0.771426
161 16.05 0.736667 0.664845 0.630042 0.570263 -1.17499 -1.04064 -0.779713
162 16.15 0.763333 0.795459 0.635047 0.735434 -0.880868 -0.973832 -0.746799
163 16.25 0.733333 0.562764 0.656182 0.595415 -0.773546 -0.628983 -0.777617
164 16.35 0.69 0.60138 0.58172 0.577062 -0.902823 -0.425094 -0.766754
165 16.45 0.786667 0.64273 0.624323 0.723764 -1.22483 -0.588988 -0.777132
166 16.55 0.833333 0.707222 0.739299 0.722609 -1.11077 -0.972062 -0.80961
167 16.65 0.816667 0.759925 0.67583 0.63029 -1.11735 -1.01674 -0.759577
168 16.75 0.786667 0.612846 0.754769 0.680187 -0.918595 -1.26691 -0.739662
169 16.85 0.68 0.650549 0.515682 0.679313 -0.573731 -0.5036 -0.690651
170 16.95 0.71 0.538026 0.543084 0.632686 -0.804513 -0.847622 -0.713383
171 17.05 0.64 0.657952 0.502277 0.378258 -1.21445 -1.01054 -0.775534
172 17.15 0.83 0.777078 0.671926 0.791454 -0.632664 -1.11568 -0.772253
173 17.25 0.896667 0.778261 0.742529 0.887091 -0.37778 -0.717243 -0.764307
174 17.35 0.776667 0.680865 0.638203 0.603964 -0.725324 -0.729842 -0.724318
175 17.45 0.826667 0.661545 0.730505 0.637734 -0.46373 -0.883367 -0.721341
176 17.55 0.69 0.611258 0.54536 0.547238 -1.33044 -1.1996 -0.805479
177 17.65 0.76 0.744526 0.63558 0.551408 -1.33509 -1.06171 -0.821676
178 17.75 0.723333 0.547195 0.677342 0.63987 -1.1022 -1.03936 -0.758228
179 17.85 0.7 0.544971 0.738075 0.681266 -0.929236 -1.03809 -0.680122
180 17.95 0.726667 0.49201 0.621478 0.540533 -0.850497 -0.923649 -0.59237
181 18.05 0.743333 0.657847 0.691823 0.684713 -0.893911 -1.23093 -0.636329
182 18.15 0.826667 0.653506 0.781019 0.691861 -1.0073 -1.06896 -0.706146
183 18.25 0.77 0.65624 0.506198 0.714855 -0.764555 -0.793614 -0.664119
184 18.35 0.803333 0.738354 0.684824 0.689355 -0.817843 -0.650815 -0.640456
185 18.45 0.773333 0.568642 0.661961 0.653256 -1.00186 -0.452895 -0.595038
186 18.55 0.773333 0.673842 0.597046 0.734351 -0.706022 -0.25815 -0.523533
187 18.65 0.753333 0.5473 0.663667 0.620044 -0.69535 -0.872856 -0.498359
188 18.75 0.703333 0.581208 0.570584 0.597538 -0.692888 -0.512697 -0.530036
189 18.85 0.753333 0.636748 0.679726 0.684113 -0.689304 -0.596797 -0.589711
190 18.95 0.773333 0.634235 0.587165 0.645602 -0.766942 -0.784515 -0.660274
191 19.05 0.853333 0.770463 0.724052 0.739056 -0.746056 -0.383393 -0.799549
192 19.15 0.773333 0.622491 0.614612 0.712497 -0.956472 -1.11427 -0.858075
193 19.25 0.663333 0.581453 0.548822 0.468633 -0.694853 -1.32797 -0.93552
194 19.35 0.76 0.596559 0.784318 0.57404 -0.513836 -1.05342 -0.936435
195 19.45 0.746667 0.532345 0.650173 0.731804 -0.759306 -0.968302 -0.916722
196 19.55 0.806667 0.663753 0.698084 0.630853 -0.272034 -0.721007 -0.95158
197 19.65 0.83 0.809238 0.812837 0.74645 -0.77399 -0.4452 -0.86526
198 19.75 0.67 0.608374 0.500309 0.598873 -0.519438 -0.898662 -0.773179
199 19.85 0.76 0.637879 0.662411 0.581009 -0.809304 -0.937324 -0.774618
200 19.95 0.84 0.715904 0.66221 0.822056 -0.966807 -1.11792 -0.834843
201 20.05 0.703333 0.552958 0.467691 0.541542 -1.10093 -0.774937 -0.744559
202 20.15 0.73 0.523707 0.572769 0.536604 -0.617456 -0.895609 -0.677609
203 20.25 0.78 0.68117 0.733474 0.754907 -0.876758 -0.820704 -0.653851
204 20.35 0.743333 0.608582 0.694199 0.557581 -0.658721 -0.789337 -0.68573
205 20.45 0.773333 0.556323 0.715542 0.746389 -0.630344 -1.06805 -0.710488
206 20.55 0.746667 0.56745 0.681037 0.62383 -0.486142 -0.591856 -0.747689
207 20.65 0.773333 0.622658 0.584606 0.773049 -0.641775 -0.864946 -0.703027
208 20.75 0.803333 0.700916 0.732183 0.647526 -0.64309 -0.784522 -0.765927
209 20.85 0.726667 0.576397 0.581814 0.601135 -0.900003 -1.11415 -0.877093
210 20.95 0.73 0.523524 0.527705 0.633746 -0.76021 -1.07093 -0.911616
211 21.05 0.743333 0.629233 0.639452 0.688419 -0.811588 -1.12841 -0.903334
212 21.15 0.78 0.659418 0.698522 0.699375 -0.884488 -0.65414 -0.76197
213 21.25 0.74 0.551182 0.614524 0.728546 -1.06506 -0.95052 -0.740402
214 21.35 0.813333 0.612 0.72629 0.803852 -0.714639 -1.06546 -0.74156
215 21.45 0.693333 0.56768 0.604772 0.573785 -0.725026 -0.861769 -0.745279
216 21.55 0.703333 0.636608 0.684839 0.675349 -0.64847 -0.998495 -0.797714
217 21.65 0.813333 0.664198 0.682195 0.747083 -1.21552 -0.659208 -0.941789
218 21.75 0.77 0.755607 0.59082 0.727593 -1.44376 -0.621181 -0.970478
219 21.85 0.8 0.731972 0.608903 0.611556 -0.825901 -0.686056 -0.820907
220 21.95 0.71 0.631337 0.675556 0.614216 -1.11471 -0.699863 -0.857781
221 22.05 0.703333 0.58401 0.664356 0.615413 -1.09254 -0.890319 -0.89489
222 22.15 0.73 0.590867 0.604124 0.668022 -0.860389 -0.717382 -0.839421
223 22.25 0.72 0.650272 0.631233 0.590037 -0.671587 -1.00191 -0.853058
224 22.35 0.743333 0.645959 0.689356 0.611161 -0.712803 -1.14701 -0.850129
225 22.45 0.746667 0.600331 0.596747 0.583805 -0.985518 -0.823193 -0.88455
226 22.55 0.73 0.466868 0.550769 0.548502 -0.912084 -1.12564 -0.807882
227 22.65 0.876667 0.720833 0.749628 0.712047 -0.821488 -1.12612 -0.816122
228 22.75 0.66 0.471301 0.53511 0.576053 -0.657535 -0.881686 -0.822194
229 22.85 0.69 0.539795 0.709712 0.464282 -0.512607 -0.83461 -0.764026
230 22.95 0.83 0.853284 0.614977 0.573315 -0.405598 -0.81129 -0.827095
231 23.05 0.746667 0.613423 0.561069 0.772464 -0.797659 -1.05194 -0.877841
232 23.15 0.72 0.587157 0.656012 0.689002 -0.464967 -0.744277 -0.859526
233 23.25 0.7 0.483928 0.506574 0.604106 -1.08604 -0.814474 -0.738457
234 23.35 0.776667 0.621882 0.673722 0.747261 -1.08306 -0.565229 -0.786267
235 23.45 0.776667 0.73025 0.773628 0.707605 -0.751443 -0.817991 -0.762195
236 23.55 0.726667 0.567637 0.754939 0.600735 -0.751376 -0.951228 -0.744577
237 23.65 0.74 0.671482 0.590809 0.588791 -1.10873 -1.19873 -0.798959
238 23.75 0.726667 0.667858 0.677399 0.642116 -0.6332 -0.865253 -0.815992
239 23.85 0.816667 0.702568 0.678387 0.723 -0.822787 -0.569196 -0.802723
240 23.95 0.696667 0.718025 0.729402 0.692338 -0.784872 -0.600484 -0.720587
241 24.05 0.723333 0.613787 0.573102 0.680453 -0.801487 -1.05112 -0.677832
242 24.15 0.706667 0.57694 0.602429 0.65472 -0.893415 -1.1746 -0.707147
243 24.25 0.696667 0.512979 0.527596 0.573121 -0.586292 -1.0251 -0.624849
244 24.35 0.723333 0.564679 0.686333 0.656087 -0.728184 -0.544276 -0.56242
245 24.45 0.683333 0.538884 0.570595 0.552826 -0.925139 -0.945673 -0.482144
246 24.55 0.72 0.599037 0.546544 0.542293 -0.771351 -1.01641 -0.512432
247 24.65 0.65 0.631847 0.533344 0.64602 -1.16842 -0.867559 -0.540819
248 24.75 0.813333 0.702635 0.612708 0.661514 -1.08409 -1.13014 -0.606553
249 24.85 0.73 0.70003 0.732519 0.596933 -0.937074 -0.906793 -0.60259
250 24.95 0.643333 0.590621 0.491333 0.592501 -0.999224 -0.902303 -0.562535
251 25.05 0.636667 0.574951 0.483438 0.462296 -0.98471 -1.04998 -0.539236
252 25.15 0.613333 0.476867 0.627578 0.503568 -1.12486 -0.965163 -0.633033
253 25.25 0.576667 0.542398 0.594572 0.408561 -1.04203 -1.02578 -0.752135
254 25.35 0.606667 0.571328 0.481354 0.517353 -1.05009 -1.04976 -0.77313
255 25.45 0.553333 0.520789 0.422867 0.462172 -0.330158 -0.639294 -0.699746
256 25.55 0.506667 0.490126 0.426114 0.438865 -0.539815 -0.876525 -0.667908
257 25.65 0.583333 0.479105 0.460436 0.44864 -0.656852 -0.691583 -0.641006
258 25.75 0.61 0.584383 0.536001 0.576644 -0.776904 -0.719033 -0.657701
259 25.85 0.5 0.405784 0.444986 0.330716 -0.687343 -0.77735 -0.588253
260 25.95 0.463333 0.372101 0.36594 0.476174 -0.78352 -0.786951 -0.520697
261 26.05 0.413333 0.371522 0.271574 0.371417 -0.678366 -0.749501 -0.473055
262 26.15 0.4 0.316468 0.312339 0.357567 -0.555191 -0.453216 -0.390311
263 26.25 0.336667 0.349207 0.266901 0.228098 -0.53423 -0.321686 -0.3091
264 26.35 0.286667 0.262245 0.220011 0.17271 -0.494848 -0.400426 -0.293206
265 26.45 0.266667 0.238787 0.277551 0.204901 -0.36953 -0.397994 -0.270833
266 26.55 0.24 0.243504 0.156756 0.137222 -0.264737 -0.301711 -0.247135
267 26.65 0.276667 0.182203 0.20281 0.2055 -0.317525 -0.354651 -0.207142
268 26.75 0.18 0.149222 0.180243 0.185819 -0.235887 -0.256114 -0.172427
269 26.85 0.176667 0.13632 0.134834 0.0992534 -0.113481 -0.132734 -0.135399
270 26.95 0.193333 0.173406 0.12916 0.163879 -0.0772158 -0.117932 -0.112998
271 27.05 0.106667 0.130603 0.0671634 0.0670229 -0.11325 -0.12013 -0.0968991
272 27.15 0.163333 0.113347 0.190197 0.133133 -0.0720979 -0.13474 -0.097633
273 27.25 0.0833333 0.0820045 0.0665472 0.0901489 -0.0419706 -0.104566 -0.0796631
274 27.35 0.08 0.0703911 0.0727168 0.0857616 -0.0545373 -0.0820439 -0.0673003
275 27.45 0.0833333 0.100013 0.0730766 0.0753824 -0.0489338 -0.0263057 -0.0638667
276 27.55 0.0466667 0.0356687 0.0376825 0.0212995 -0.0464619 -0.0457069 -0.0553371
277 27.65 0.06 0.0403961 0.0198819 0.0639988 -0.0413353 -0.0393121 -0.0495135
278 27.75 0.0466667 0.0493198 0.0447708 0.0454411 -0.0481136 -0.0060928 -0.0407645
279 27.85 0.0366667 0.0387046 0.034696 0.0178635 -0.027573 0.0262439 -0.0284912
280 27.95 0.0266667 0.02593 0.0244671 0.0111569 -0.0147575 0.0237581 -0.0234942
281 28.05 0.0466667 0.0609179 0.0212418 0.0408505 -0.0136897 0.00129239 -0.0162836
282 28.15 0.03 0.0275313 0.0215519 0.0196789 -0.00968139 -0.00287304 -0.0128589
283 28.25 0.0166667 0.0113848 0.00853149 0.0321494 -0.00925827 -0.000758265 -0.00812785
284 28.35 0.02 0.0039779 0.0220255 0.0223904 -0.00311858 0.00148971 -0.00656827
285 28.45 0.0333333 0.0136882 0.0262335 0.0178336 -0.00692177 -0.00767374 -0.008334
286 28.55 0.0233333 0.014529 0.0209248 0.0049944 -0.00419959 -0.007392 -0.00655909
287 28.65 0.0366667 0.018657 0.0449235 0.0100287 -0.00834293 -0.0182846 -0.00687158
288 28.75 0.0233333 0.0402741 0.0297361 0.00832855 -0.00359464 -0.00606755 -0.00487187
289 28.85 0.01 8.31053e-05 0.00775361 0.00585474 0.000587439 -0.00135444 0.0044833
290 28.95 0.0133333 0.0123665 0.0110033 0.00122759 0.000859758 -0.00143376 0.00503246
291 29.05 0.0166667 0.032858 0.00292809 0.00820494 0.00397904 0.00106758 0.0113712
292 29.15 0.02 0.0152064 0.0131707 0.0106921 0.0104361 -0.000940081 0.0117751
293 29.25 0.0166667 0.00607506 0.0149366 0.00136533 0.00986961 -0.000911947 0.0121699
294 29.35 0.0133333 0.0167413 0.00241017 0.00673692 0.00807563 -0.00228023 0.011834
295 29.45 0.01 0.0109546 0.0128117 0.000365214 0.00862229 0.00129605 0.0108763
296 29.55 0.0166667 0.00509359 0.00149501 0.0149311 -0.00258409 -0.00362401 0.010105
297 29.65 0.0333333 0.0291653 0.01291 0.0212882 -0.0182877 -0.00825381 0.00144453
298 29.75 0.02 0.0206715 0.0110834 0.0298626 -0.00142386 -0.0019779 -0.0026879
299 29.85 0.00666667 0.00239433 0.0111787 0.00654628 -0.000791416 -0.00130267 -0.00255993
300 29.95 0.0166667 0.0242749 0.0133083 0.0269225 -0.000971354 -0.00120812 -0.00267623
301 30.05 0.00333333 0.000383661 0.0085215 0.00527715 -0.000733684 -0.000858001 -0.00194922
302 30.15 0.01 0.00243798 0.00232414 0.00704405 -0.000963218 -0.00133067 -0.00198005
303 30.25 0.00333333 0.000750098 0.0019045 0.0201387 -0.000685161 -0.000898564 -0.00191608
304 30.35 0.01 0.00291998 0.00275554 0.00784437 -0.000799552 -0.00106213 -0.00199492
305 30.45 0.0133333 0.00417884 0.0204837 0.0330322 -0.00148772 -0.00200227 -0.00240219
306 30.55 0.00666667 0.00863051 0.00955725 0.000815938 -0.00144926 -0.002091 -0.00239937
307 30.65 0.02 0.00828939 0.00138309 0.0129195 -0.00158445 -0.00190463 -0.00222883
308 30.75 0.00666667 0.000220484 0.00200804 0.000519937 -0.00240725 -0.00169061 -0.00175525
309 30.85 0.0133333 0.011504 0.0043962 0.00769957 0.000209925 -0.0016112 -0.000666
310 30.95 0.0133333 0.010189 0.00794277 0.0105566 0.00883903 -0.00124193 0.00291897
311 31.05 0.0166667 0.0341054 0.00334788 0.0234345 0.00776508 -0.00161736 0.00302106
312 31.15 0.00333333 0.0075123 8.90418e-06 2.73083e-08 0.00681831 -0.00261694 0.00270453
313 31.25 0.00666667 0.00505128 0.00022132 0.0140342 0.00670011 -0.00215781 0.00260869
314 31.35 0.0133333 0.00350319 0.00466546 0.00642581 0.00656825 -0.00122794 0.00252687
315 31.45 0.01 0.00802165 0.00723927 0.00419206 0.000630197 -0.00129517 -0.000237174
316 31.55 0.00666667 0.00570461 0.000373372 0.0121527 -0.00208499 -0.00131497 -0.00157144
317 31.65 0 0 0 0 -0.00211758 -0.00138138 -0.00154329
318 31.75 0.0233333 0.00818859 0.00483914 0.00610141 -0.00154041 -0.00317531 -0.00159441
319 31.85 0.0166667 0.0270808 0.00392606 0.0206923 -0.00117805 -0.00270649 -0.00170804
320 31.95 0.0133333 0.00492088 0.00893496 0.00590705 -0.00110099 -0.00263826 -0.00175568
321 32.05 0.0266667 0.0271968 0.0148019 0.0268566 -0.00140892 -0.00160984 -0.00163102
322 32.15 0.02 0.0158503 0.0205775 0.0349326 -0.00273872 -0.00180548 -0.00125342
323 32.25 0.0166667 0.0130765 0.018104 0.011024 -0.000600257 -0.000962128 -0.00118196
324 32.35 0.00333333 0.00114683 0.000426116 4.76539e-05 -0.000639628 -0.00104976 -0.00143912
325 32.45 0.02 0.00785734 0.00370372 0.0171831 -0.00172781 -0.0032886 -0.00150083
326 32.55 0.0166667 0.00600571 0.016967 0.0232562 -0.00272193 -0.00407446 -0.00182171
327 32.65 0.02 0.0162949 0.0217276 0.0157567 -0.00380904 -0.0027835 -0.00241698
328 32.75 0.0133333 0.0122009 0.00397015 0.005204 -0.00217491 -0.00238317 0.000874638
329 32.85 0.00333333 0.00261949 0.00208779 0.000221674 -0.00346195 -0.00346809 0.00168591
330 32.95 0.0133333 0.0190024 0.00541893 0.00880754 -0.00365257 -0.00350222 0.00171953
331 33.05 0.0133333 0.0126805 0.013449 0.0147585 0.000312921 -0.000599915 0.0022027
332 33.15 0.01 0.00452416 0.0100597 0.0323779 0.00349696 0.000126435 0.00329038
333 33.25 0.00666667 0.000135865 0.014021 0.00249052 0.0035041 -0.00141714 0.00356662
334 33.35 0.0166667 0.0210475 0.0214334 0.0121385 0.00334728 0.00124478 0.0048348
335 33.45 0.0233333 0.012513 0.0178649 0.0157191 0.00307054 0.00190153 0.00554901
336 33.55 0.01 0.0095778 0.0230068 0.0159141 -0.000701885 0.000606442 0.00199981
337 33.65 0.01 0.00934771 0.0147062 0.00549367 -0.000822382 0.00109752 0.00146781
338 33.75 0.00666667 0.000812977 0.00623593 0.00669221 -0.000832727 0.000957 0.00138157
339 33.85 0.0133333 0.00350335 0.0161141 0.0123591 -0.00109229 0.0138395 0.00400057
340 33.95 0.0166667 0.0149145 0.0342654 0.0173552 -0.00201691 0.0236026 0.0055814
341 34.05 0.0166667 0.0413287 0.00479295 0.0280207 -0.00239227 0.0251606 0.00528676
342 34.15 0.0133333 0.00841595 0.0163184 0.0308725 -0.00250272 0.0255698 0.00353253
343 34.25 0.00666667 0.00320526 0.0115437 0.0112038 -0.00262752 0.00187819 -0.00178166
344 34.35 0.01 0.0102707 0.00314822 0.00292174 -0.00101026 -0.00122811 -0.00180775
345 34.45 0.00666667 0.00510735 0.00877048 0.00113757 -0.000980062 -0.00115265 -0.0021277
346 34.55 0.0133333 0.00295305 0.00894252 0.0190717 -0.00122954 -0.00189991 -0.00237804
347 34.65 0.00666667 0.0060382 0.00220984 0.00718826 -0.00257048 -0.00378288 -0.00267084
348 34.75 0.01 0.00357099 0.00389808 0.0098077 -0.00178323 -0.00298616 -0.00268305
349 34.85 0.01 0.00363463 0.00366068 0.0163872 -0.00184756 -0.00524816 -0.00268508
350 34.95 0.01 0.00321757 0.00667903 0.00888172 -0.00169475 -0.00223966 -0.00232811
351 35.05 0.01 0.00900962 0.00450593 0.00676758 -0.00213553 -0.00249387 -0.00198529
352 35.15 0.00333333 0.00258445 0.000581391 0.00345261 -0.00191547 0.000201518 -0.00111759
353 35.25 0.0166667 0.00732398 0.0121484 0.0192519 -0.00132226 0.00164539 -0.000664059
354 35.35 0 0 0 0 -2.12392e-05 0.00302117 0.000134873
355 35.45 0.0166667 0.00650086 0.0173101 0.0285954 -0.000141577 0.00293642 4.92522e-05
356 35.55 0.0133333 0.00472144 0.0111804 0.0195773 -0.000343021 -0.000968915 -0.000149827
357 35.65 0.0166667 0.0238593 0.0111517 0.0100169 -0.00139392 -0.00178739 -0.000508183
358 35.75 0.00666667 0.00658979 0.00572059 0.00622495 -0.00136741 -0.00203659 -0.000568002
359 35.85 0.02 0.00242195 0.0119001 0.0217293 0.000489976 0.0151112 -0.000544238
360 35.95 0.0133333 0.00348635 0.0111663 0.00564792 -0.000888364 -0.00103197 -0.000809201
90000 360
1 0.05 0.0133333 0.0123594 0.0291958 0.00584565 -0.00145499 -0.00156527 -0.00193531
2 0.15 0.0166667 0.00987855 0.01582 0.0193813 -0.00217924 -0.00258378 -0.00208455
3 0.25 0.00666667 0.0051217 0.0046764 0.00213435 -0.00197293 -0.00261603 -0.00180507
4 0.35 0.0166667 0.0128866 0.0044708 0.0241194 -0.00134118 -0.00189585 -0.00143049
5 0.45 0.01 0.0385923 0.00280441 0.0117739 -0.0013188 -0.000950622 -0.0012505
6 0.55 0.0233333 0.0324853 0.0158993 0.01663 -0.00289252 -0.00154738 -0.00121312
7 0.65 0.00333333 0.00085169 0.00169595 0.00449948 -0.00283804 -0.00188302 -0.00122885
8 0.75 0.03 0.0434112 0.0395801 0.0196599 -0.00194516 -0.00367091 -0.00171787
9 0.85 0.00333333 0.020879 0.0032092 4.49362e-05 -0.00209258 -0.0040114 -0.00222658
10 0.95 0.0233333 0.0205551 0.0238411 0.0177319 -0.00216672 -0.00387499 -0.0022223
11 1.05 0.01 0.0099956 0.00305288 0.00285911 -0.00343937 -0.00170589 -0.00214898
12 1.15 0.00666667 0.00790922 0.0142704 0.00124317 -0.00470554 -0.00314121 -0.00228038
13 1.25 0.0133333 0.00261721 0.00360526 0.0205927 -0.00581811 -0.00366747 -0.00239535
14 1.35 0.01 0.0157796 0.0108578 0.0022367 -0.00590396 -0.00316877 -0.00249019
15 1.45 0.01 0.0111295 0.00207863 0.0262245 -0.00340493 -0.00175322 -0.00244533
16 1.55 0.0266667 0.0171442 0.0149576 0.00999197 -0.00382869 -0.00222074 -0.00280969
17 1.65 0.02 0.0102643 0.0133088 0.01136 -0.00545284 -0.00237279 -0.00302005
18 1.75 0.0166667 0.0207276 0.00668274 0.0188078 -0.0080491 -0.00194217 -0.00176267
19 1.85 0.0166667 0.00593308 0.00965066 0.0161169 -0.0202813 -0.00332467 -0.00207551
20 1.95 0.0133333 0.0190529 0.00528796 0.00327994 -0.0049105 -0.000904983 -0.00139453
21 2.05 0.02 0.0156163 0.00863218 0.021121 -0.00308888 -0.00104759 -0.00134542
22 2.15 0.01 0.00661509 0.0115765 0.00304575 -0.00310032 -0.000283064 -0.00131121
23 2.25 0.02 0.0023183 0.0220081 0.0210055 -0.00203034 -0.00137645 -0.000849395
24 2.35 0.00333333 0.00612901 0.00151958 0.00437474 -0.00236118 -0.00280663 -0.000699211
25 2.45 0.02 0.0270389 0.0121972 0.00570927 -0.00571588 -0.00684941 -0.00141719
26 2.55 0.0266667 0.00589223 0.00532994 0.00818731 -0.0117139 -0.0050887 -0.00231356
27 2.65 0.0233333 0.0201552 0.051984 0.00991455 -0.0115126 0.00634035 -0.00273903
28 2.75 0.0166667 0.00707225 0.0198476 0.0125033 -0.00672274 0.00632829 -0.00247798
29 2.85 0.00666667 0.0026567 0.0026195 0.000707147 -0.00364831 -0.00210146 -0.00283932
30 2.95 0.01 0.0098482 0.00397577 0.00780591 -0.00331955 -0.00202046 -0.00275198
31 3.05 0.0133333 0.0240515 0.0157693 0.000613081 -0.000971502 -0.00164553 -0.00249968
32 3.15 0.0166667 0.010025 0.0156468 0.0125082 -0.00182738 -0.00172075 -0.00246719
33 3.25 0.0233333 0.0167261 0.0249186 0.00620845 -0.00656378 -0.00272894 -0.00241033
34 3.35 0.0266667 0.0186086 0.0208949 0.0105711 -0.00128879 -0.00286153 -0.0023895
35 3.45 0.01 0.00205581 0.00630942 0.0130187 -0.0107621 -0.00306559 -0.00265694
36 3.55 0.02 0.0292699 0.00906405 0.00673888 -0.00176756 -0.00315967 -0.0027923
37 3.65 0.00666667 0.00123922 0.00367186 0.0157748 -0.00153797 -0.0028039 -0.00241846
38 3.75 0.0233333 0.0158419 0.00855792 0.0100601 -0.00165521 -0.00257925 -0.00245794
39 3.85 0.02 0.0154006 0.00875865 0.00875726 -0.00199507 -0.00476009 -0.00256037
40 3.95 0.0133333 0.0137646 0.0124452 0.0106688 -0.0071603 -0.0030386 -0.00333219
41 4.05 0.03 0.0197395 0.0448758 0.0139996 -0.00462566 -0.00337569 -0.00130188
42 4.15 0.00666667 0.00144992 0.0103918 0.00384853 0.00186845 -0.00345054 0.00145099
43 4.25 0.0233333 0.0464301 0.0268148 0.0138734 0.0020505 -0.00337383 0.00124523
44 4.35 0.01 0.0109478 0.00481822 0.00343121 0.00104913 -0.0032344 0.000666314
45 4.45 0.0233333 0.0149198 0.0198874 0.0035735 -0.00168034 -0.00324619 0.000662146
46 4.55 0.02 0.0217285 0.00585593 0.00441616 -0.00310556 -0.00326165 8.55684e-05
47 4.65 0.0233333 0.00698937 0.0256676 0.0251565 -0.000335195 -0.00248146 0.00048228
48 4.75 0.03 0.0147044 0.0215045 0.024886 0.000554222 -0.00273137 0.000377585
49 4.85 0.0133333 0.00423472 0.0124359 0.0022979 0.00258222 -0.000223739 0.00845935
50 4.95 0.01 0.00898956 0.000415158 0.0059007 0.00277851 0.0181069 0.00818526
51 5.05 0.0166667 0.00452513 0.00338969 0.00194058 0.00254572 -0.00165607 0.00818039
52 5.15 0.0133333 0.00717573 0.00486159 0.019157 0.0025032 -0.00195929 0.00823227
53 5.25 0.01 0.0115703 0.0137216 0.00413093 0.00118681 -0.00379603 0.00841775
54 5.35 0.0266667 0.0102188 0.019177 0.018831 -0.0024341 -2.54738e-05 0.00818026
55 5.45 0.02 0.0190703 0.0402436 0.0134512 0.00304373 -0.000288765 0.00860012
56 5.55 0.0133333 0.00617966 0.0150466 0.00640828 0.00152163 -0.002436 0.00836786
57 5.65 0.0166667 0.0125108 0.00578547 0.0142571 -0.00504568 -0.00647036 -0.00445346
58 5.75 0.0266667 0.0212717 0.0402018 0.0222233 -7.54937e-05 -0.00368912 -0.00319777
59 5.85 0.0166667 0.00839277 0.00324106 0.0219576 0.0106556 -0.00323614 0.000323177
60 5.95 0.0166667 0.00370566 0.0237978 0.0131534 0.00792888 -0.00501707 0.000339519
61 6.05 0.00666667 0.00354262 0.00132427 0.0107247 0.00631939 -0.00614319 0.000112538
62 6.15 0.0266667 0.0455835 0.060695 0.00900014 0.00642907 -0.00758768 -0.000521003
63 6.25 0.00666667 0.00129315 0.000749487 0.00172057 0.00899637 -0.00501323 -0.000983457
64 6.35 0.0133333 0.0125172 0.0143308 0.0133861 -0.000216199 -0.00321471 -0.00504341
65 6.45 0.0166667 0.00167677 0.00679661 0.022246 -0.00471864 -0.00330652 -0.00707833
66 6.55 0.02 0.00373653 0.0047494 0.0153497 -0.00420509 -0.00337383 -0.00730713
67 6.65 0.0266667 0.0158425 0.0208825 0.0196027 -0.00386877 -0.00340702 -0.00636872
68 6.75 0.0166667 0.000890559 0.00674619 0.0200159 -0.00372078 -0.00516466 -0.00733098
69 6.85 0.00333333 0.00500791 0.00107653 2.30455e-05 -0.00396429 -0.00561692 -0.00752709
70 6.95 0.02 0.0014708 0.0139406 0.0162835 -0.00396852 -0.00611007 -0.00828773
71 7.05 0.0133333 0.00416722 0.00410274 0.00595678 -0.00810223 -0.00215352 -0.00433378
72 7.15 0.0366667 0.0120788 0.0870977 0.0444005 -0.00420716 -0.00597335 -0.00518086
73 7.25 0.03 0.041512 0.0211029 0.0232255 0.00298532 -0.00924656 -0.00611291
74 7.35 0.0133333 0.0147779 0.023746 0.040217 0.000945114 -0.00897655 -0.0018454
75 7.45 0.02 0.00779712 0.00736395 0.0204835 -0.00193457 -0.00978025 -0.00357644
76 7.55 0.0333333 0.0289876 0.00747535 0.0227071 -0.00411803 -0.0112049 -0.00636038
77 7.65 0.0166667 0.0102581 0.0207288 0.00944529 0.0244592 -0.0106381 -0.00212809
78 7.75 0.0433333 0.0422856 0.0520874 0.0213224 0.0227233 -0.0185035 -0.00286104
79 7.85 0.0266667 0.0072141 0.0135505 0.0354422 0.00493167 -0.0151277 -0.00905276
80 7.95 0.0233333 0.0323888 0.0304951 0.0105788 -0.0117058 -0.0177343 -0.0256219
81 8.05 0.03 0.0414863 0.016635 0.0149135 -0.0170771 -0.0234948 -0.0323616
82 8.15 0.0266667 0.0191258 0.0146901 0.0211837 -0.0193453 -0.0308749 -0.033597
83 8.25 0.02 0.0273373 0.0185654 0.00729336 -0.0299522 -0.0252007 -0.0373389
84 8.35 0.0633333 0.051038 0.0585204 0.072336 -0.0454607 -0.0279138 -0.0515367
85 8.45 0.0466667 0.0257134 0.0365184 0.0274567 -0.0502545 -0.0175586 -0.052588
86 8.55 0.113333 0.0914615 0.0965616 0.107053 -0.0840301 -0.0542615 -0.0625661
87 8.65 0.11 0.0726992 0.0685994 0.0840467 -0.102796 -0.0651209 -0.0869229
88 8.75 0.143333 0.161799 0.0917793 0.0934379 -0.113144 -0.0484789 -0.104049
89 8.85 0.12 0.164831 0.0639036 0.0973924 -0.106135 -0.115948 -0.119994
90 8.95 0.21 0.189284 0.222718 0.188891 -0.144155 -0.163558 -0.143887
91 9.05 0.17 0.114442 0.14167 0.15855 -0.251362 -0.202461 -0.174673
92 9.15 0.216667 0.216406 0.162273 0.165011 -0.254798 -0.296313 -0.205609
93 9.25 0.263333 0.237141 0.289645 0.132554 -0.308843 -0.386905 -0.243633
94 9.35 0.316667 0.391046 0.190299 0.261448 -0.35303 -0.456634 -0.286842
95 9.45 0.273333 0.225952 0.200037 0.19678 -0.441599 -0.5505 -0.297856
96 9.55 0.37 0.308795 0.26727 0.319691 -0.536484 -0.430429 -0.328969
97 9.65 0.396667 0.248264 0.35676 0.424552 -0.714012 -0.437206 -0.336434
98 9.75 0.406667 0.378596 0.30092 0.360875 -0.731859 -0.634376 -0.35681
99 9.85 0.46 0.420456 0.322376 0.443774 -0.654101 -0.654771 -0.376038
100 9.95 0.503333 0.437544 0.359977 0.439156 -0.695944 -0.745216 -0.407084
101 10.05 0.576667 0.461869 0.4002 0.486787 -0.880337 -0.742483 -0.416405
102 10.15 0.6 0.538907 0.485396 0.466728 -0.622824 -0.633763 -0.432938
103 10.25 0.57 0.526807 0.55761 0.501821 -0.747395 -0.880486 -0.389596
104 10.35 0.556667 0.434711 0.484829 0.496542 -0.40037 -0.821637 -0.409524
105 10.45 0.64 0.544528 0.533718 0.45412 -0.787511 -1.10139 -0.437564
106 10.55 0.726667 0.635897 0.565662 0.769679 -0.557342 -1.21163 -0.453804
107 10.65 0.606667 0.572645 0.570959 0.512017 -0.791063 -1.15085 -0.492251
108 10.75 0.683333 0.618593 0.615578 0.508543 -0.89638 -0.982403 -0.518815
109 10.85 0.656667 0.561929 0.57226 0.519606 -0.657915 -0.729978 -0.557933
110 10.95 0.676667 0.55289 0.56291 0.448667 -0.952534 -0.945429 -0.56217
111 11.05 0.78 0.705658 0.774358 0.717417 -1.16603 -0.460125 -0.626428
112 11.15 0.706667 0.545099 0.536419 0.549329 -0.995891 -0.945883 -0.659178
113 11.25 0.72 0.58095 0.600584 0.602891 -1.22052 -1.15217 -0.713182
114 11.35 0.713333 0.636617 0.672676 0.62239 -0.72866 -0.764177 -0.744092
115 11.45 0.696667 0.554874 0.729515 0.578763 -0.921865 -0.850251 -0.753142
116 11.55 0.75 0.605568 0.575721 0.576516 -0.959596 -0.990823 -0.752098
117 11.65 0.693333 0.532073 0.618839 0.649792 -0.943951 -0.988545 -0.780969
118 11.75 0.72 0.642846 0.656009 0.541552 -0.91976 -0.887712 -0.783896
119 11.85 0.78 0.593471 0.679756 0.674298 -1.3676 -0.958119 -0.790092
120 11.95 0.7 0.616247 0.598165 0.611071 -0.945179 -0.878071 -0.768567
121 12.05 0.803333 0.646674 0.74378 0.710389 -1.14445 -0.818828 -0.809604
122 12.15 0.76 0.72846 0.738937 0.627692 -1.3111 -1.34067 -0.742885
123 12.25 0.783333 0.682851 0.725313 0.636559 -1.08181 -0.990752 -0.759488
124 12.35 0.726667 0.648618 0.575569 0.52459 -1.02096 -1.0964 -0.725916
125 12.45 0.763333 0.65975 0.547817 0.59654 -0.694163 -0.591354 -0.682862
126 12.55 0.723333 0.581127 0.566736 0.528646 -0.845409 -0.799682 -0.608239
127 12.65 0.783333 0.704383 0.71255 0.676521 -0.881316 -0.586928 -0.67776
128 12.75 0.75 0.691905 0.624207 0.630504 -0.949415 -0.961262 -0.698163
129 12.85 0.743333 0.559814 0.684223 0.610814 -0.914198 -0.760663 -0.609685
130 12.95 0.8 0.562181 0.646491 0.595154 -0.616215 -0.60861 -0.63782
131 13.05 0.736667 0.648139 0.586791 0.685945 -0.862186 -0.768154 -0.720514
132 13.15 0.773333 0.681843 0.657693 0.729417 -0.841657 -1.20015 -0.810498
133 13.25 0.833333 0.603712 0.853168 0.790575 -1.1368 -0.996481 -0.814508
134 13.35 0.766667 0.718971 0.730864 0.648148 -0.726987 -0.953185 -0.819201
135 13.45 0.743333 0.635129 0.566552 0.649358 -0.993488 -1.08276 -0.81104
136 13.55 0.686667 0.482011 0.53123 0.558046 -0.734734 -1.21483 -0.819401
137 13.65 0.723333 0.55582 0.548316 0.57138 -1.04012 -1.10014 -0.886955
138 13.75 0.703333 0.573878 0.568832 0.581105 -0.753975 -0.922441 -0.931904
139 13.85 0.83 0.73244 0.724566 0.733313 -0.810882 -1.04616 -0.965909
140 13.95 0.733333 0.628065 0.554756 0.603415 -0.879788 -1.15878 -0.90988
141 14.05 0.713333 0.639639 0.574551 0.605538 -0.753566 -1.18613 -0.845319
142 14.15 0.893333 0.6874 0.772294 0.719548 -0.834089 -1.20325 -0.901726
143 14.25 0.76 0.745621 0.725332 0.664508 -0.602003 -0.520587 -0.831478
144 14.35 0.686667 0.61941 0.613077 0.632788 -0.640487 -0.986701 -0.822852
145 14.45 0.743333 0.60027 0.626382 0.664962 -0.971352 -1.36873 -0.902284
146 14.55 0.74 0.524832 0.576675 0.558331 -0.984538 -1.29086 -0.902094
147 14.65 0.743333 0.573742 0.537441 0.55833 -1.00659 -1.34514 -0.94305
148 14.75 0.73 0.626182 0.671003 0.689072 -1.10341 -1.42047 -0.997855
149 14.85 0.826667 0.665294 0.661118 0.70636 -0.797929 -1.21543 -1.00654
150 14.95 0.74 0.597517 0.60235 0.719259 -0.719362 -1.09897 -0.931427
151 15.05 0.773333 0.662667 0.73176 0.643564 -0.704062 -1.16171 -0.753134
152 15.15 0.733333 0.5722 0.678516 0.61487 -0.726845 -0.845275 -0.606945
153 15.25 0.846667 0.604867 0.764755 0.613014 -0.356319 -0.868473 -0.526566
154 15.35 0.73 0.639056 0.661306 0.633127 -0.608166 -0.798349 -0.520156
155 15.45 0.736667 0.559702 0.701545 0.702123 -1.3669 -0.941928 -0.637263
156 15.55 0.733333 0.673711 0.693583 0.57272 -0.996686 -0.781703 -0.6415
157 15.65 0.726667 0.624474 0.661017 0.666381 -0.926126 -0.772104 -0.570657
158 15.75 0.79 0.682885 0.672974 0.530806 -0.945253 -1.21221 -0.648911
159 15.85 0.75 0.635219 0.539202 0.608878 -0.695684 -1.17506 -0.80643
160 15.95 0.793333 0.790685 0.65949 0.674883 -0.908567 -0.764383 -0.783052
161 16.05 0.79 0.590907 0.676495 0.687141 -1.21451 -0.615394 -0.863961
162 16.15 0.786667 0.638695 0.693972 0.64746 -1.11245 -0.494979 -0.798948
163 16.25 0.703333 0.521468 0.572712 0.59653 -0.979586 -0.489123 -0.761564
164 16.35 0.643333 0.485057 0.539689 0.595269 -0.843956 -0.964951 -0.75291
165 16.45 0.703333 0.504935 0.590042 0.633207 -0.836951 -1.0092 -0.718607
166 16.55 0.823333 0.613197 0.729884 0.658015 -0.647631 -1.01512 -0.712856
167 16.65 0.756667 0.617098 0.653322 0.544214 -0.594623 -0.443992 -0.724557
168 16.75 0.803333 0.775463 0.807899 0.676497 -0.961965 -0.546465 -0.772911
169 16.85 0.69 0.738059 0.574144 0.596943 -0.886427 -0.616096 -0.835306
170 16.95 0.856667 0.737081 0.650961 0.714684 -0.852021 -0.567262 -0.867017
171 17.05 0.82 0.655514 0.723535 0.718193 -0.911656 -0.353891 -0.84174
172 17.15 0.68 0.626409 0.570913 0.519027 -0.997088 -0.518895 -0.827212
173 17.25 0.723333 0.484943 0.596436 0.641522 -1.25255 -1.14897 -0.866358
174 17.35 0.68 0.554133 0.527744 0.508611 -0.914609 -0.998238 -0.882757
175 17.45 0.723333 0.723571 0.558169 0.634419 -1.11805 -1.11984 -0.93712
176 17.55 0.696667 0.47387 0.714 0.550649 -0.768716 -1.31955 -1.03815
177 17.65 0.756667 0.633738 0.701252 0.67705 -0.855069 -1.2252 -0.897319
178 17.75 0.84 0.68557 0.667826 0.673942 -0.518698 -0.528411 -0.903788
179 17.85 0.74 0.678706 0.693655 0.603508 -0.649138 -0.680638 -0.860171
180 17.95 0.813333 0.733981 0.785518 0.727423 -1.19292 -0.799143 -0.953129
181 18.05 0.773333 0.721774 0.633124 0.645147 -0.839186 -0.725874 -0.905382
182 18.15 0.693333 0.586911 0.683724 0.629425 -0.356857 -0.52297 -0.746634
183 18.25 0.716667 0.566282 0.723435 0.664169 -0.663449 -0.630474 -0.692838
184 18.35 0.723333 0.574386 0.62858 0.672028 -0.935009 -0.721206 -0.75847
185 18.45 0.806667 0.789008 0.707516 0.64733 -0.359108 -0.56044 -0.683957
186 18.55 0.72 0.6267 0.533507 0.568888 -0.701868 -0.990956 -0.625113
187 18.65 0.823333 0.687144 0.653611 0.898058 -0.82043 -1.08792 -0.72636
188 18.75 0.696667 0.564576 0.679867 0.54697 -0.566575 -0.786054 -0.69886
189 18.85 0.73 0.608689 0.651228 0.64112 -0.0995782 -0.716087 -0.693903
190 18.95 0.776667 0.479849 0.761683 0.668021 -0.653561 -0.550111 -0.665543
191 19.05 0.833333 0.671218 0.678441 0.712934 -0.820607 -0.590662 -0.760004
192 19.15 0.756667 0.594 0.555637 0.724417 -0.612624 -0.367302 -0.745958
193 19.25 0.703333 0.685798 0.537394 0.715093 -0.212184 -0.484019 -0.631857
194 19.35 0.73 0.573761 0.610082 0.75527 -0.850698 -0.921874 -0.662339
195 19.45 0.806667 0.701539 0.698517 0.693931 -0.445978 -0.895185 -0.724737
196 19.55 0.736667 0.698484 0.689736 0.678176 -0.800753 -0.922653 -0.757876
197 19.65 0.76 0.638209 0.574035 0.653481 -0.7384 -0.750543 -0.705658
198 19.75 0.736667 0.706195 0.733367 0.591604 -0.523896 -0.914079 -0.692758
199 19.85 0.713333 0.660443 0.573044 0.536186 -0.756102 -0.74379 -0.709365
200 19.95 0.763333 0.753347 0.668542 0.696688 -1.18317 -0.597789 -0.723094
201 20.05 0.793333 0.543898 0.579416 0.735457 -0.519534 -0.695974 -0.792366
202 20.15 0.863333 0.747915 0.668469 0.870428 -0.712845 -0.493022 -0.926173
203 20.25 0.7 0.607222 0.67539 0.555241 -0.633067 -1.17508 -0.751947
204 20.35 0.716667 0.645909 0.608622 0.634133 -0.330589 -0.811527 -0.734202
205 20.45 0.716667 0.563169 0.615786 0.744605 -0.53491 -0.74767 -0.689023
206 20.55 0.756667 0.607716 0.528714 0.782273 -0.598889 -0.562267 -0.697411
207 20.65 0.773333 0.62523 0.633216 0.59082 -0.955256 -0.726343 -0.749368
208 20.75 0.77 0.69949 0.584383 0.651516 -1.14717 -0.957176 -0.728056
209 20.85 0.736667 0.671375 0.564484 0.667459 -0.868033 -0.797904 -0.711992
210 20.95 0.703333 0.601188 0.620064 0.602661 -1.08491 -0.667602 -0.665577
211 21.05 0.756667 0.713904 0.545867 0.542996 -0.958068 -0.152256 -0.726903
212 21.15 0.78 0.629493 0.536712 0.693957 -0.61422 -0.488838 -0.73921
213 21.25 0.816667 0.802846 0.650188 0.719562 -1.18589 -0.715644 -0.772196
214 21.35 0.706667 0.665935 0.616245 0.608068 -0.766514 -0.886873 -0.857169
215 21.45 0.773333 0.633752 0.6242 0.596415 -0.950107 -0.613809 -0.91222
216 21.55 0.736667 0.611259 0.699795 0.587465 -0.92192 -1.22441 -0.84285
217 21.65 0.743333 0.561898 0.594229 0.552972 -0.55373 -0.859901 -0.770606
218 21.75 0.75 0.592424 0.557612 0.671026 -0.524119 -0.933644 -0.684275
219 21.85 0.766667 0.600916 0.653336 0.628794 -1.10431 -1.256 -0.817346
220 21.95 0.7 0.651019 0.70691 0.534421 -0.726638 -1.03524 -0.816703
221 22.05 0.7 0.69611 0.458427 0.690124 -1.23234 -1.08281 -0.815382
222 22.15 0.796667 0.706333 0.572075 0.698846 -0.731224 -0.654327 -0.860596
223 22.25 0.76 0.679276 0.579724 0.585611 -0.883881 -0.892093 -0.794771
224 22.35 0.763333 0.657902 0.631278 0.577739 -0.517519 -0.604601 -0.778238
225 22.45 0.736667 0.674447 0.559665 0.559241 -0.515978 -0.326917 -0.735578
226 22.55 0.76 0.512911 0.630398 0.584463 -0.924864 -1.05539 -0.797512
227 22.65 0.78 0.677996 0.793053 0.730194 -0.997468 -0.930274 -0.764339
228 22.75 0.746667 0.650017 0.639787 0.654698 -0.994259 -0.949154 -0.758342
229 22.85 0.69 0.460716 0.57167 0.493974 -0.718397 -0.843881 -0.810847
230 22.95 0.72 0.648941 0.626664 0.673198 -0.995911 -1.00174 -0.789675
231 23.05 0.783333 0.571525 0.737509 0.59169 -0.739149 -0.599232 -0.79649
232 23.15 0.733333 0.70787 0.598314 0.645256 -1.03715 -0.54492 -0.73442
233 23.25 0.733333 0.516438 0.613011 0.617908 -0.365583 -1.01716 -0.738462
234 23.35 0.736667 0.508663 0.57548 0.631516 -0.798709 -0.895582 -0.760727
235 23.45 0.76 0.671001 0.618746 0.636706 -1.11368 -1.25387 -0.74839
236 23.55 0.746667 0.757685 0.653245 0.709697 -0.938397 -0.799968 -0.599906
237 23.65 0.74 0.602209 0.599521 0.641084 -0.486706 -0.841266 -0.579703
238 23.75 0.683333 0.550966 0.663777 0.671182 -0.216773 -0.621933 -0.502114
239 23.85 0.71 0.694234 0.635997 0.592545 -0.598638 -0.626044 -0.454889
240 23.95 0.806667 0.719168 0.76548 0.731474 -1.05937 -0.729538 -0.499566
241 24.05 0.726667 0.563798 0.600451 0.540635 -1.09713 -0.9666 -0.524831
242 24.15 0.786667 0.718202 0.684036 0.630739 -0.848801 -1.06899 -0.609159
243 24.25 0.693333 0.577537 0.545376 0.514802 -0.76472 -1.21497 -0.6507
244 24.35 0.65 0.597613 0.573451 0.473883 -1.22218 -1.35138 -0.717741
245 24.45 0.753333 0.599157 0.70438 0.622864 -1.12656 -1.13833 -0.744029
246 24.55 0.646667 0.50267 0.662534 0.550357 -1.22827 -1.29608 -0.744747
247 24.65 0.78 0.887427 0.696368 0.568607 -1.16625 -1.13514 -0.752287
248 24.75 0.646667 0.591911 0.543035 0.53982 -0.920856 -1.27637 -0.723996
249 24.85 0.696667 0.59848 0.523682 0.606065 -1.00531 -1.27606 -0.74151
250 24.95 0.67 0.525807 0.568923 0.657918 -0.808186 -0.901492 -0.707531
251 25.05 0.646667 0.638452 0.573226 0.537004 -0.804628 -0.86524 -0.657427
252 25.15 0.61 0.403946 0.515653 0.732881 -0.788848 -0.8402 -0.682438
253 25.25 0.64 0.547564 0.604044 0.602313 -0.814717 -1.04589 -0.647523
254 25.35 0.613333 0.42555 0.544575 0.475586 -0.917117 -0.99524 -0.655432
255 25.45 0.54 0.471488 0.412309 0.471795 -0.63736 -0.979002 -0.650753
256 25.55 0.546667 0.395771 0.420971 0.508603 -1.07541 -1.02228 -0.647552
257 25.65 0.493333 0.496202 0.41407 0.415576 -0.931079 -0.785512 -0.603449
258 25.75 0.533333 0.458879 0.482772 0.446417 -0.731689 -0.658204 -0.500783
259 25.85 0.5 0.535282 0.462439 0.487197 -0.666915 -0.687556 -0.483353
260 25.95 0.443333 0.424913 0.402099 0.395589 -0.515429 -0.600647 -0.489733
261 26.05 0.393333 0.398853 0.357032 0.344183 -0.605097 -0.616759 -0.485613
262 26.15 0.4 0.325994 0.387329 0.434214 -0.578244 -0.603705 -0.433423
263 26.25 0.436667 0.341906 0.359985 0.292584 -0.493179 -0.422628 -0.380943
264 26.35 0.363333 0.320653 0.2537 0.380313 -0.484331 -0.279085 -0.322512
265 26.45 0.266667 0.239092 0.232169 0.202023 -0.301604 -0.393934 -0.285392
266 26.55 0.246667 0.247749 0.224529 0.185462 -0.260199 -0.272751 -0.253338
267 26.65 0.23 0.220239 0.179781 0.143802 -0.186845 -0.163451 -0.201807
268 26.75 0.176667 0.183835 0.187478 0.12987 -0.219444 -0.157024 -0.150978
269 26.85 0.173333 0.163806 0.166758 0.176793 -0.146436 -0.0935912 -0.101649
270 26.95 0.106667 0.0900991 0.0977946 0.0778318 -0.122424 -0.064492 -0.0884364
271 27.05 0.123333 0.14594 0.0986849 0.0971964 -0.115406 -0.014712 -0.0750541
272 27.15 0.13 0.0998092 0.0918857 0.0745726 -0.0356646 0.0199585 -0.0658569
273 27.25 0.123333 0.0982929 0.0804393 0.0966169 0.160322 -0.0269997 -0.0486915
274 27.35 0.0766667 0.0713876 0.0988157 0.0799918 -0.0177213 -0.0659683 -0.048163
275 27.45 0.05 0.0538446 0.0573119 0.0927969 -0.0379093 -0.0350116 -0.0515413
276 27.55 0.0566667 0.0530237 0.055838 0.0464871 -0.0342646 -0.0193375 -0.0387429
277 27.65 0.05 0.0483407 0.0452202 0.0432808 -0.0338096 -0.0151802 -0.029798
278 27.75 0.0333333 0.0602762 0.0206853 0.0208624 -0.0189694 -0.00999961 -0.0285281
279 27.85 0.0366667 0.0217241 0.0307212 0.0361379 -0.0110652 -0.013467 -0.0214942
280 27.95 0.0266667 0.0120187 0.0300262 0.0142981 -0.00569729 -0.00880589 -0.0171799
281 28.05 0.0233333 0.0106098 0.00983564 0.00466479 0.000599355 0.0182688 -0.011692
282 28.15 0.0166667 0.0173507 0.00525003 0.0114271 0.003192 0.0220784 -0.0135447
283 28.25 0.05 0.0576024 0.04064 0.0314609 -0.0089111 -0.0013389 -0.0145193
284 28.35 0.0133333 0.00465889 0.00211179 0.00802744 -0.00473573 -0.00578775 -0.010489
285 28.45 0.0166667 0.00695017 0.00518843 0.00560942 -0.00363817 -0.00566766 -0.00891211
286 28.55 0.0166667 0.0236795 0.00688356 0.000970732 -0.00308543 -0.00474168 -0.00753322
287 28.65 0.0166667 0.031315 0.0172695 0.00311851 -0.00412853 -0.00848178 -0.00717207
288 28.75 0.0166667 0.00849188 0.0150947 0.0357602 -0.004455 -0.00870318 -0.00608785
289 28.85 0.0133333 0.0344464 0.00828717 0.0167106 -0.00387139 -0.00587407 -0.004855
290 28.95 0.0133333 0.0118733 0.0185497 0.00297733 -0.0032253 -0.00464801 -0.00433376
291 29.05 0.02 0.0133242 0.0229303 0.010576 -0.00640682 -0.0013224 -0.00349815
292 29.15 0.00666667 0.0025535 0.000384749 0.00144532 -0.00562812 0.00205049 -0.00186349
293 29.25 0.01 0.00106715 0.00603965 0.00762345 -0.0042275 0.00276336 -0.00143638
294 29.35 0.0133333 0.014501 0.00993988 0.0109566 -0.00140013 0.0031736 0.000447249
295 29.45 0.00333333 0.00074295 0.00290803 0.00923572 -0.000623596 0.00322693 0.00196176
296 29.55 0.00666667 0.00291235 0.0128019 0.0216447 -0.000663236 0.00296584 0.00190986
297 29.65 0.0166667 0.0374844 0.0175295 0.00511347 -0.00180708 -0.00319676 6.21054e-05
298 29.75 0.00333333 0.000634188 0.00671734 0.00346637 -0.00214814 -0.00411843 -0.00019532
299 29.85 0.00666667 0.0042681 0.00518591 0.00398005 -0.00215662 -0.00411412 -0.000182815
300 29.95 0.01 0.00509405 0.0139673 0.00278059 -0.00215723 -0.00410161 -0.000176294
301 30.05 0.02 0.0174767 0.0140695 0.00535297 -0.00240794 -0.00291454 -0.000712411
302 30.15 0.0133333 0.00544519 0.00540082 0.030746 -0.00341896 -0.00181133 -0.000392499
303 30.25 0.00333333 0.00104161 0.00899213 0.00208906 -0.00355298 -0.00164747 -0.000287868
304 30.35 0.01 0.00601012 0.0063314 0.0015847 -0.00353109 -0.00163981 -0.000712854
305 30.45 0.02 0.0224643 0.0363589 0.024145 -0.00126984 0.000178165 -0.00284946
306 30.55 0.02 0.0184061 0.0246433 0.0238387 -4.16398e-05 -0.00011532 -0.0021925
307 30.65 0 0 0 0 -0.00108455 -0.000677724 -0.00249305
308 30.75 0.0133333 0.00765154 0.0141645 0.0138285 -0.0010848 -0.000651047 -0.00239593
309 30.85 0.01 0.0097865 0.00669682 0.00922193 -0.0011729 -0.00094999 -0.0024281
310 30.95 0.0233333 0.0225088 0.0109854 0.0437845 -0.00136314 -0.00193756 -0.00248308
311 31.05 0.0133333 0.0115852 0.0198216 0.0285259 -0.00411436 -0.00178884 -0.00253209
312 31.15 0.0133333 0.00848446 0.00337004 0.0224214 -0.00465642 -0.00176494 -0.00234685
313 31.25 0.01 0.0046861 0.00382391 0.0114995 -0.00320991 0.00034183 -0.00119218
314 31.35 0.01 0.00425202 0.0215461 0.0113009 -0.00246258 -0.005878 -0.000511029
315 31.45 0.0133333 0.00410277 0.0123092 0.00192349 -0.00194204 0.001921 -0.000579864
316 31.55 0 0 0 0 -0.00309255 0.00184747 -0.00104266
317 31.65 0.01 0.0111554 0.00412437 0.00268999 -0.00669053 0.00179741 -0.00109911
318 31.75 0.0266667 0.034685 0.040211 0.0135863 -0.00670964 0.00103452 -0.00109567
319 31.85 0.0166667 0.0119058 0.027148 0.0227713 -0.00412829 -0.000927281 -0.00156248
320 31.95 0.00333333 0.000156078 4.85389e-06 0.0034528 -0.00317583 -0.00074249 -0.00145754
321 32.05 0.00666667 0.00978715 0.0059658 0.00453064 -0.00348715 -0.000899941 -0.00148445
322 32.15 0.00666667 0.0036745 0.0067191 0.00592819 -0.00394545 -0.00190256 -0.00170894
323 32.25 0.0133333 0.0180427 0.0435945 0.0061845 -0.00394072 -0.00191401 -0.00185101
324 32.35 0.0233333 0.0166228 0.0403427 0.0278819 -0.00504448 -0.00321285 -0.00193426
325 32.45 0 0 0 0 -0.00290878 -0.00113109 -0.00179734
326 32.55 0.00333333 0.000849234 0.0103504 0.00141314 -0.00291722 -0.00102674 -0.00177961
327 32.65 0.0166667 0.00191699 0.0139825 0.0382853 -0.002721 -0.00108525 -0.00181197
328 32.75 0.00666667 0.00405244 0.00449858 0.00894381 -0.000904575 -0.00103208 -0.00197528
329 32.85 0.00666667 0.0247728 0.00999106 0.0194869 -0.00113543 -0.00105559 -0.00216149
330 32.95 0.0133333 0.0236362 0.00299096 0.0104649 -0.00118505 -0.0011302 -0.00228997
331 33.05 0.0133333 0.028321 0.00880661 0.00986906 -0.000859254 -0.000639889 -0.0020023
332 33.15 0.00333333 0.00020327 0.000539751 0.00548371 -0.000872184 -0.000776301 -0.00262414
333 33.25 0.0166667 0.00466059 0.0137431 0.00556198 0.0175645 0.0200873 -0.00236598
334 33.35 0.0133333 0.00428963 0.0121764 0.0272297 0.0102894 0.0118 -0.00305868
335 33.45 0.02 0.014034 0.0104762 0.0169818 -0.00101761 -0.00111959 -0.00408508
336 33.55 0.01 0.00979211 0.0261554 0.000809025 -0.00120777 -0.00143243 -0.00407015
337 33.65 0.0133333 0.020684 0.00640076 0.00504488 -0.0012755 -0.00176048 -0.00410285
338 33.75 0.0233333 0.0265205 0.00843204 0.00782858 -0.00124692 -0.00171028 -0.00427537
339 33.85 0.0133333 0.0259892 0.00582451 0.00535017 -0.00131036 -0.00140686 -0.00443644
340 33.95 0.01 0.00212129 0.0225986 0.0024208 -0.00245605 -0.00171562 -0.00486166
341 34.05 0.0166667 0.00212737 0.0174797 0.0294647 -0.00263142 -0.00177996 -0.00487945
342 34.15 0.0166667 0.0289231 0.0157841 0.0140124 -0.00245799 -0.00121078 -0.00385121
343 34.25 0.00666667 0.000948216 0.00261544 0.00201594 -0.0020659 -0.00106308 -0.00222271
344 34.35 0.02 0.0248915 0.0350612 0.00980179 -0.00295509 -0.00128354 -0.00260749
345 34.45 0.02 0.0379134 0.010544 0.0150893 -0.00312111 -0.00129134 -0.00172672
346 34.55 0.0166667 0.00595988 0.0145363 0.0114964 -0.00274803 -0.00103194 -0.00140465
347 34.65 0.01 0.00985372 0.00180795 0.000841067 -0.00235202 -0.000888972 -0.000822874
348 34.75 0.01 0.0245807 0.0149472 0.00253988 -0.00226403 -0.000850067 -0.000751952
349 34.85 0.01 0.0296993 0.00485 0.00739488 -0.00220085 -0.00117857 -0.000864908
350 34.95 0.02 0.0690381 0.00562115 0.00601703 -0.00159092 -0.00182348 -0.000923109
351 35.05 0.01 0.00170291 0.00438692 0.0118631 -0.00147489 -0.00179608 -0.000797036
352 35.15 0.0133333 0.0238439 0.00752056 0.00497276 -0.00168293 -0.00178531 -0.00287325
353 35.25 0.01 0.012339 0.00346265 0.0180291 -0.00164318 -0.00209351 -0.00288498
354 35.35 0.0133333 0.0100254 0.0198948 0.00787368 -0.00183893 -0.00150821 -0.00300845
355 35.45 0.0133333 0.00944629 0.00461985 0.00459507 -0.00187405 -0.00119102 -0.00244429
356 35.55 0.00666667 0.0240767 0.00393558 0.00636096 -0.00093233 -0.000666928 -0.00157608
357 35.65 0.01 0.010062 0.0121928 0.00409532 -0.000915799 -0.000585371 -0.00167294
358 35.75 0.02 0.00356613 0.010505 0.0256273 -0.00123737 -0.000942777 -0.00207
359 35.85 0.01 0.0293641 0.00926945 0.00467791 -0.00119257 -0.000917512 -0.00198929
360 35.95 0.00666667 0.0279577 9.32698e-05 0.00429203 -0.00112823 -0.000887999 -0.00184807
120000 360
1 0.05 0.0133333 0.00936043 0.00977253 0.0078133 -0.00115239 -0.00103337 -0.0030861
2 0.15 0.02 0.00641241 0.0232619 0.0180913 -0.00183996 -0.000741472 -0.00390745
3 0.25 0.01 0.0137221 0.0165729 0.00314895 -0.00180997 -0.000888869 -0.00403914
4 0.35 0.0233333 0.0223523 0.0326639 0.0260414 -0.00199897 -0.00244562 -0.00386225
5 0.45 0.00666667 0.00167046 0.0016672 0.000586015 -0.00265001 -0.00605725 -0.00383305
6 0.55 0.0133333 0.000814458 0.00165145 0.0060013 -0.0019356 -0.00240958 -0.00383833
7 0.65 0.00666667 0.000656866 0.00271438 0.00114005 -0.00182831 -0.00225299 -0.00382232
8 0.75 0.0233333 0.0183123 0.0220649 0.0216271 -0.00164245 -0.00211987 -0.00353979
9 0.85 0.00666667 0.00501012 0.0234471 0.00115023 -0.000804252 -0.00106135 -0.00230911
10 0.95 0.00666667 0.00503772 0.00567037 0.00058188 -0.000790186 -0.00104522 -0.0022883
11 1.05 0.0233333 0.0283171 0.00905652 0.0226436 -0.00135572 -0.00142758 -0.0025723
12 1.15 0.00666667 0.00152688 0.0143762 0.015644 -0.0041267 -0.00376833 -0.00252183
13 1.25 0.00666667 0.00222324 0.00295181 0.00546188 -0.00474543 -0.00377262 -0.00252908
14 1.35 0.0133333 0.00060336 0.0055512 0.00824307 -0.00474964 -0.0031491 -0.0024159
15 1.45 0.0166667 0.00939676 0.0375995 0.0113685 -0.00403306 -0.00309173 -0.0019701
16 1.55 0.0133333 0.00371145 0.00644451 0.0168532 -0.00237191 -0.00371803 -0.00192155
17 1.65 0.0133333 0.00250136 0.0216466 0.00519129 -0.00107604 -0.000507485 -0.00175762
18 1.75 0.02 0.0268487 0.0141402 0.0185824 -0.00609846 -0.00703409 -0.00186264
19 1.85 0.00666667 0.00122008 0.000431153 0.000279937 -0.00109387 -0.00591325 -0.00196232
20 1.95 0.0266667 0.0338132 0.0608298 0.00622799 -0.00139803 -0.0037495 -0.00192741
21 2.05 0.0233333 0.0644572 0.0226474 0.00790891 -0.00200434 -0.00145932 -0.00213324
22 2.15 0.00666667 0.0274793 0.00108841 0.00610505 -0.00129251 -0.000384131 -0.000388003
23 2.25 0.0366667 0.0200821 0.0478755 0.0231724 -0.000566795 3.97478e-05 0.00103916
24 2.35 0.01 0.0046013 0.00313058 0.00519367 -0.000610994 -8.00232e-05 0.000509657
25 2.45 0.0166667 0.00665824 0.00857832 0.00827784 -0.000624279 -0.00169993 0.000466719
26 2.55 0.00333333 0.00608554 0.00504186 0.0006688 -0.000636027 -0.00171705 0.000555757
27 2.65 0.0133333 0.0159739 0.0105284 0.00948267 -0.00167236 -0.0014022 0.00021253
28 2.75 0.00666667 0.0052563 0.00445836 0.00254266 -0.00179153 0.000526404 0.000475316
29 2.85 0.0233333 0.0104418 0.0136538 0.0424638 -0.00162447 2.52584e-06 -0.000279859
30 2.95 0.0133333 0.00204185 0.00390574 0.01912 -0.00301444 -0.00388437 -0.00328579
31 3.05 0.0233333 0.059115 0.0105247 0.0462435 -0.00304016 -0.00362419 -0.00346689
32 3.15 0.01 0.0113082 0.0110434 0.00963172 -0.00266328 -0.00322794 -0.00379476
33 3.25 0.0233333 0.0157836 0.0113933 0.0093635 -0.00277594 -0.00246433 -0.00361799
34 3.35 0.0133333 0.0136702 0.00567992 0.00828766 -0.00240895 -0.00125109 -0.00306976
35 3.45 0.01 0.00617652 0.000935344 0.0078589 -0.0012817 -0.000850291 -0.00263491
36 3.55 0.01 0.00814688 0.00256633 0.00443043 -0.00140962 -0.000861824 -0.00258607
37 3.65 0.01 0.00529122 0.00654104 0.00413451 -0.00267538 -0.00265874 -0.00258433
38 3.75 0.02 0.0114979 0.00916011 0.0148106 -0.0050491 -0.00454639 -0.00277713
39 3.85 0.0133333 0.0100145 0.00727996 0.0164546 -0.00639302 -0.004176 -0.00284741
40 3.95 0.0166667 0.0136409 0.0124365 0.012964 -0.00549196 -0.00215108 -0.00218517
41 4.05 0.01 0.0150521 0.00764983 0.0179344 -0.0025974 -0.000509786 -0.00155352
42 4.15 0.02 0.0124916 0.0233353 0.0118645 0.00844399 -0.00036422 -0.00115299
43 4.25 0.0166667 0.0179071 0.0142725 0.0307784 0.0118842 -0.000416648 -0.00124919
44 4.35 0.0166667 0.0223312 0.00915159 0.0295425 -0.000725904 -0.00125052 -0.00192839
45 4.45 0 0 0 0 -0.0006732 -0.00107006 -0.00191712
46 4.55 0.01 0.00214112 0.00644894 0.00790932 -0.000544679 -0.0010432 -0.00128316
47 4.65 0.0166667 0.0315393 0.008977 0.00884004 4.52752e-05 -0.000614855 0.00261832
48 4.75 0.0133333 0.0167147 0.0101893 0.0105039 0.000909639 0.00117723 0.00442768
49 4.85 0.00666667 0.0035053 0.0197895 0.00304886 0.00106449 0.0021017 0.00591995
50 4.95 0.0133333 0.016914 0.025249 0.0151413 0.000335671 0.000553935 0.00590447
51 5.05 0.00333333 0.000185313 0.000110795 0.00138617 -0.000126778 0.00165265 0.00595855
52 5.15 0.01 0.0250314 0.0021442 0.00741004 -0.0050995 0.000958361 0.00587808
53 5.25 0.0166667 0.022274 0.0157344 0.00756139 -0.000353372 0.00130276 0.00566953
54 5.35 0.01 0.00982188 0.00118074 0.0018339 0.000647195 0.000390995 0.00516614
55 5.45 0.0266667 0.0326155 0.0125732 0.0231978 -0.0017569 -0.00344735 0.00241882
56 5.55 0.0166667 0.0511493 0.0378612 0.0150733 -0.00206926 -0.00198872 -0.00195976
57 5.65 0.00333333 0.00649507 0.00195135 0.00279418 -0.00534616 -0.00201728 -0.00223462
58 5.75 0.0133333 0.00964973 0.00806353 0.00769965 0.00992117 -0.00145481 -0.0021543
59 5.85 0.0233333 0.0469131 0.011873 0.0429924 0.0100311 -0.000716884 -0.00248481
60 5.95 0.0166667 0.0146165 0.00796997 0.00762704 -0.00134793 -0.000794833 -0.00307264
61 6.05 0.00666667 0.00469213 0.0153594 0.00278037 -0.00132405 -0.000859977 -0.00304884
62 6.15 0.00666667 0.00327654 0.00140018 0.00190455 -0.0014483 -0.00105646 -0.00308677
63 6.25 0.0166667 0.0135765 0.0155586 0.00276678 -0.00304849 -0.00262478 -0.00343756
64 6.35 0.02 0.0108149 0.0276468 0.00497022 -0.00295584 -0.00239433 -0.00363512
65 6.45 0.0233333 0.0501027 0.0212517 0.0252818 -0.00342574 -0.00249631 -0.0035213
66 6.55 0.0166667 0.0348019 0.00472717 0.0049159 -0.00359432 -0.00257263 -0.00405204
67 6.65 0.0133333 0.00188884 0.0126449 0.0213998 -0.00291564 -0.00244406 -0.00457519
68 6.75 0.0233333 0.0181073 0.00856326 0.0255609 -0.00354224 -0.00416483 -0.00545145
69 6.85 0.02 0.0232874 0.0244745 0.0169172 -0.00392845 -0.00418809 -0.00563594
70 6.95 0.00666667 0.000817966 0.00138357 0.0286866 -0.00394746 -0.00516204 -0.00633486
71 7.05 0.0166667 0.0119744 0.00966575 0.0109524 -0.00417132 -0.00531348 -0.00659651
72 7.15 0.0266667 0.0212096 0.00439455 0.0369811 -0.00443831 -0.00586671 -0.00795974
73 7.25 0.00666667 0.0129292 0.000676064 0.00454487 -0.00441751 -0.00778517 -0.00935082
74 7.35 0.0133333 0.00706751 0.00559703 0.00473781 -0.00455353 -0.00938015 -0.0114596
75 7.45 0.02 0.023784 0.0163748 0.00736581 -0.00433349 -0.0100101 -0.012167
76 7.55 0.0166667 0.00695045 0.0155478 0.0146711 -0.00395345 -0.000359246 -0.0106791
77 7.65 0.0233333 0.0137198 0.00431053 0.0154412 -0.00497992 0.0176812 -0.0121908
78 7.75 0.0466667 0.0198769 0.0311505 0.0405447 -0.00921672 0.000431523 -0.0198591
79 7.85 0.03 0.00945656 0.0202358 0.0384991 -0.0128193 -0.0185983 -0.0261018
80 7.95 0.0166667 0.0108514 0.0112597 0.0293355 -0.0156322 -0.0197308 -0.027817
81 8.05 0.0133333 0.00318222 0.014879 0.0134359 -0.0248829 -0.023925 -0.0305979
82 8.15 0.0533333 0.0476814 0.0457932 0.0804939 -0.0299888 -0.0244791 -0.0372247
83 8.25 0.0433333 0.0374615 0.0339296 0.0553261 -0.0243564 -0.0166958 -0.0428888
84 8.35 0.0466667 0.0379905 0.0448937 0.0693337 -0.0412962 -0.0321972 -0.0507622
85 8.45 0.0766667 0.0574679 0.0635968 0.0680117 -0.0525857 -0.0457886 -0.0559645
86 8.55 0.0933333 0.0872834 0.103584 0.076248 -0.0551217 -0.0646081 -0.0683986
87 8.65 0.0966667 0.105168 0.070416 0.0648981 -0.0416454 -0.0748735 -0.0827968
88 8.75 0.11 0.0680661 0.0877728 0.0832809 -0.0351107 -0.111981 -0.101113
89 8.85 0.15 0.0930262 0.125295 0.124915 -0.105573 -0.140062 -0.131026
90 8.95 0.153333 0.14641 0.132891 0.133911 -0.156214 -0.173955 -0.150447
91 9.05 0.163333 0.087946 0.126867 0.0999198 -0.170714 -0.159074 -0.18079
92 9.15 0.196667 0.143268 0.162283 0.188474 -0.225516 -0.135629 -0.207165
93 9.25 0.206667 0.131643 0.222401 0.158947 -0.31549 -0.0267224 -0.215789
94 9.35 0.216667 0.176069 0.181903 0.177018 -0.407909 -0.330404 -0.237049
95 9.45 0.27 0.331351 0.209885 0.277744 -0.453591 -0.36797 -0.295236
96 9.55 0.316667 0.244131 0.18568 0.220392 -0.486947 -0.435762 -0.344897
97 9.65 0.356667 0.318853 0.342997 0.338144 -0.438163 -0.461237 -0.365949
98 9.75 0.363333 0.243746 0.311287 0.336007 -0.447245 -0.310314 -0.431535
99 9.85 0.433333 0.359225 0.327166 0.422259 -0.41263 -0.609495 -0.496641
100 9.95 0.413333 0.374086 0.328222 0.31117 -0.829779 -0.731592 -0.525348
101 10.05 0.516667 0.465437 0.381141 0.44108 -0.670798 -0.579356 -0.522086
102 10.15 0.503333 0.425643 0.373759 0.441157 -0.80282 -0.68433 -0.545749
103 10.25 0.52 0.404203 0.474768 0.490989 -0.648053 -0.659824 -0.56266
104 10.35 0.51 0.440393 0.380177 0.359683 -0.657589 -0.946245 -0.626411
105 10.45 0.556667 0.524123 0.446173 0.408642 -0.783182 -0.892544 -0.672381
106 10.55 0.613333 0.521745 0.569603 0.465345 -0.659353 -1.07254 -0.61506
107 10.65 0.596667 0.51565 0.419216 0.502447 -0.777275 -0.991591 -0.622746
108 10.75 0.716667 0.730041 0.602748 0.635616 -0.795365 -0.991227 -0.662262
109 10.85 0.606667 0.497234 0.393074 0.455898 -0.291891 -0.765872 -0.569392
110 10.95 0.673333 0.533336 0.510629 0.587274 -0.507598 -0.715049 -0.535261
111 11.05 0.616667 0.57692 0.512859 0.452462 -0.904051 -0.559409 -0.51274
112 11.15 0.62 0.494319 0.582511 0.407694 -0.711303 -0.849808 -0.570961
113 11.25 0.696667 0.605599 0.595891 0.583385 -0.542453 -1.01718 -0.626057
114 11.35 0.663333 0.513309 0.536174 0.626656 -0.558644 -0.941384 -0.584341
115 11.45 0.78 0.595857 0.625088 0.653271 -1.06916 -0.847857 -0.580373
116 11.55 0.76 0.625375 0.687798 0.725892 -0.994212 -1.14374 -0.605357
117 11.65 0.67 0.538196 0.588233 0.634241 -0.628116 -0.705705 -0.610687
118 11.75 0.803333 0.642515 0.58389 0.686335 -0.40288 -0.470574 -0.656511
119 11.85 0.736667 0.56898 0.687581 0.593449 -0.796847 -0.476344 -0.703895
120 11.95 0.733333 0.606864 0.623941 0.549824 -0.920353 -0.765163 -0.686666
121 12.05 0.65 0.523822 0.534836 0.613234 -0.796091 -0.74434 -0.595444
122 12.15 0.696667 0.59495 0.610547 0.490985 -0.73092 -0.780177 -0.616416
123 12.25 0.773333 0.678857 0.680465 0.713017 -0.742936 -0.582193 -0.677888
124 12.35 0.746667 0.59818 0.699654 0.668217 -0.789496 -0.363928 -0.690631
125 12.45 0.75 0.613653 0.695999 0.540433 -0.684074 -0.408863 -0.596244
126 12.55 0.75 0.526669 0.748823 0.585454 -0.750788 -0.938091 -0.683823
127 12.65 0.703333 0.577679 0.550177 0.689588 -0.737172 -0.998415 -0.772948
128 12.75 0.743333 0.600314 0.6528 0.530789 -0.853971 -0.587338 -0.838139
129 12.85 0.723333 0.650626 0.673816 0.708092 -0.582315 -0.32577 -0.872564
130 12.95 0.8 0.748889 0.676592 0.740106 -0.975562 -0.516419 -0.865378
131 13.05 0.683333 0.63263 0.64277 0.617383 -1.05841 -0.867418 -0.951658
132 13.15 0.723333 0.590527 0.651395 0.623507 -0.93494 -0.865298 -1.04311
133 13.25 0.75 0.64533 0.614938 0.684978 -1.38624 -0.814168 -0.998016
134 13.35 0.666667 0.570518 0.556524 0.604317 -1.07916 -0.616361 -0.970164
135 13.45 0.786667 0.593707 0.617276 0.76697 -0.812675 -0.423519 -0.929324
136 13.55 0.746667 0.686851 0.582165 0.575018 -0.704384 -1.00557 -0.914334
137 13.65 0.826667 0.612007 0.631568 0.675512 -1.08829 -1.10604 -0.886667
138 13.75 0.653333 0.643725 0.54963 0.500911 -1.07441 -0.800739 -0.735231
139 13.85 0.866667 0.734164 0.757687 0.672679 -1.01741 -0.599534 -0.716403
140 13.95 0.713333 0.632379 0.653358 0.550668 -0.92676 -0.587347 -0.678596
141 14.05 0.766667 0.62003 0.716706 0.738148 -0.686867 -0.568401 -0.691456
142 14.15 0.613333 0.557988 0.438133 0.496426 -0.497641 -0.552162 -0.541017
143 14.25 0.75 0.62878 0.576985 0.644665 -0.776051 -0.51092 -0.534933
144 14.35 0.78 0.680044 0.621106 0.610328 -0.737336 -0.399157 -0.563325
145 14.45 0.726667 0.63368 0.624248 0.547433 -1.04776 -0.846602 -0.550642
146 14.55 0.78 0.611554 0.761562 0.605127 -0.665227 -0.569733 -0.585466
147 14.65 0.843333 0.683171 0.797123 0.691551 -0.93256 -0.847493 -0.6282
148 14.75 0.776667 0.664228 0.634049 0.641833 -1.01673 -0.786557 -0.634838
149 14.85 0.67 0.417064 0.5608 0.605166 -1.12982 -0.874658 -0.615907
150 14.95 0.67 0.520677 0.662324 0.520113 -0.959903 -0.503033 -0.687408
151 15.05 0.75 0.64392 0.651733 0.528044 -0.756521 -0.812803 -0.715497
152 15.15 0.763333 0.662821 0.664487 0.55715 -0.713465 -0.592737 -0.731848
153 15.25 0.856667 0.683858 0.66857 0.706708 -1.07196 -0.980238 -0.844461
154 15.35 0.726667 0.741356 0.644409 0.658216 -0.979044 -0.868751 -0.893006
155 15.45 0.67 0.577701 0.574612 0.738862 -0.823737 -1.02661 -0.908158
156 15.55 0.766667 0.761741 0.776843 0.648289 -0.975685 -1.02637 -0.922743
157 15.65 0.75 0.714339 0.673321 0.622423 -0.856423 -0.821057 -0.852494
158 15.75 0.786667 0.659255 0.658924 0.669773 -0.947033 -0.95419 -0.863194
159 15.85 0.776667 0.710149 0.683328 0.646783 -0.666298 -0.9909 -0.97405
160 15.95 0.716667 0.54649 0.623972 0.629681 -0.325991 -1.0152 -1.0517
161 16.05 0.75 0.63208 0.67305 0.617139 -0.864636 -1.08028 -1.08006
162 16.15 0.773333 0.681774 0.51824 0.612066 -0.438665 -0.843232 -0.969159
163 16.25 0.716667 0.676435 0.615554 0.578069 -1.20676 -1.33647 -0.992092
164 16.35 0.816667 0.764447 0.700592 0.683294 -0.795826 -1.17288 -0.930847
165 16.45 0.766667 0.571841 0.687592 0.55934 -0.594428 -0.88717 -0.837526
166 16.55 0.766667 0.66477 0.76634 0.654223 -0.591269 -1.04867 -0.835909
167 16.65 0.696667 0.575312 0.625855 0.628291 -0.882889 -0.868413 -0.849092
168 16.75 0.683333 0.557783 0.472815 0.564713 -0.928308 -0.625988 -0.857406
169 16.85 0.78 0.596822 0.719085 0.652503 -0.789157 -0.642103 -0.934197
170 16.95 0.79 0.617721 0.598824 0.756111 -0.63874 -0.865546 -0.927437
171 17.05 0.76 0.693971 0.750851 0.553365 -0.693913 -0.890869 -0.927154
172 17.15 0.766667 0.726651 0.619491 0.667726 -0.944116 -0.568638 -0.946646
173 17.25 0.743333 0.575579 0.68038 0.544715 -0.776932 -0.918566 -0.889814
174 17.35 0.763333 0.686455 0.716473 0.536718 -0.748551 -0.724281 -0.839805
175 17.45 0.773333 0.628196 0.595774 0.685209 -1.10162 -1.13644 -0.826638
176 17.55 0.76 0.598943 0.648042 0.651066 -0.955262 -0.755471 -0.849682
177 17.65 0.73 0.627752 0.592386 0.609456 -1.20335 -0.803681 -0.825145
178 17.75 0.726667 0.625249 0.687787 0.618778 -0.805013 -0.698588 -0.753343
179 17.85 0.736667 0.704195 0.599287 0.527323 -0.66747 -0.60643 -0.75257
180 17.95 0.806667 0.691629 0.692619 0.730005 -0.716246 -0.698242 -0.849287
181 18.05 0.79 0.723692 0.617667 0.644007 -0.727971 -0.637657 -0.919686
182 18.15 0.756667 0.707793 0.739572 0.653936 -0.945479 -0.680189 -0.982475
183 18.25 0.73 0.558664 0.536987 0.676146 -0.898486 -0.469118 -0.878338
184 18.35 0.763333 0.620317 0.732832 0.702042 -0.627155 -0.425789 -0.842026
185 18.45 0.783333 0.636328 0.684003 0.627751 -1.12939 -0.967656 -0.830452
186 18.55 0.75 0.51695 0.72618 0.636072 -0.702529 -0.564941 -0.8045
187 18.65 0.75 0.612787 0.604747 0.542124 -1.03787 -1.03091 -0.885217
188 18.75 0.67 0.558004 0.587364 0.485878 -1.01368 -0.838828 -0.854846
189 18.85 0.786667 0.717749 0.712091 0.63323 -0.443499 -0.947504 -0.853416
190 18.95 0.773333 0.762098 0.543353 0.625227 -0.365659 -0.662488 -0.836891
191 19.05 0.806667 0.604631 0.688449 0.672785 -0.773633 -0.951388 -0.848271
192 19.15 0.746667 0.697941 0.552697 0.705041 -0.349285 -0.767401 -0.820191
193 19.25 0.776667 0.663386 0.74185 0.698981 -0.718887 -0.743046 -0.913262
194 19.35 0.763333 0.633983 0.622445 0.578066 -0.648414 -0.771876 -1.03074
195 19.45 0.77 0.5781 0.623888 0.643112 -0.708752 -1.02299 -1.04659
196 19.55 0.743333 0.650084 0.643365 0.607541 -0.918657 -0.591158 -0.94816
197 19.65 0.68 0.4684 0.619841 0.629831 -0.922585 -0.853308 -0.903543
198 19.75 0.766667 0.599793 0.517046 0.634676 -1.26785 -1.109 -0.920231
199 19.85 0.783333 0.58189 0.659113 0.596024 -0.752403 -0.989926 -0.896939
200 19.95 0.81 0.590828 0.67344 0.667097 -0.8463 -0.417726 -0.824512
201 20.05 0.786667 0.696128 0.608885 0.75863 -0.916596 -1.04672 -0.85522
202 20.15 0.77 0.691639 0.692453 0.554753 -0.935913 -1.18318 -0.837268
203 20.25 0.733333 0.607098 0.671623 0.752086 -0.810446 -0.970478 -0.793039
204 20.35 0.733333 0.555537 0.677493 0.546403 -0.911864 -0.820413 -0.769237
205 20.45 0.8 0.657004 0.572632 0.679436 -0.770271 -0.65804 -0.821429
206 20.55 0.836667 0.632957 0.651921 0.711552 -0.983374 -1.12342 -0.888036
207 20.65 0.81 0.620042 0.716772 0.821327 -1.00047 -0.946548 -0.901228
208 20.75 0.613333 0.486525 0.55008 0.49204 -0.991368 -0.664751 -0.897458
209 20.85 0.77 0.747175 0.655779 0.690492 -0.708599 -1.01952 -1.00657
210 20.95 0.746667 0.612665 0.755927 0.681418 -1.01195 -1.14623 -1.00417
211 21.05 0.846667 0.698165 0.708669 0.68564 -0.805663 -0.51748 -0.93275
212 21.15 0.736667 0.617933 0.553122 0.680307 -0.898129 -0.44864 -0.943786
213 21.25 0.796667 0.696704 0.649489 0.692304 -1.43853 -1.32004 -0.917461
214 21.35 0.726667 0.543209 0.549229 0.633698 -1.08482 -0.86299 -0.796215
215 21.45 0.706667 0.682895 0.475005 0.574285 -0.882896 -0.697862 -0.778541
216 21.55 0.853333 0.739442 0.631044 0.645277 -0.450044 -0.162663 -0.751656
217 21.65 0.683333 0.580059 0.617556 0.552089 -0.919002 -0.918613 -0.706744
218 21.75 0.81 0.60068 0.736492 0.678924 -0.873072 -0.760021 -0.695477
219 21.85 0.833333 0.683722 0.72068 0.728379 -0.706094 -1.2608 -0.729359
220 21.95 0.75 0.608838 0.642582 0.714199 -0.676718 -1.14479 -0.814858
221 22.05 0.66 0.558004 0.557387 0.476932 -0.814114 -1.03882 -0.791649
222 22.15 0.773333 0.592 0.690537 0.718762 -0.869127 -0.986691 -0.852816
223 22.25 0.776667 0.673406 0.686635 0.64237 -0.589043 -0.522571 -0.854102
224 22.35 0.693333 0.606601 0.621316 0.644979 -0.594697 -0.665608 -0.893229
225 22.45 0.82 0.703222 0.668569 0.745861 -0.557773 -0.75456 -0.958372
226 22.55 0.733333 0.679952 0.632913 0.536914 -0.741136 -1.0753 -1.02237
227 22.65 0.73 0.592319 0.653509 0.718155 -0.511817 -0.627739 -1.02657
228 22.75 0.83 0.66385 0.578804 0.717675 -0.463043 -0.76521 -0.961874
229 22.85 0.696667 0.627775 0.56387 0.535649 -0.968846 -1.19411 -0.878829
230 22.95 0.72 0.654447 0.590056 0.686927 -0.883744 -0.836848 -0.767936
231 23.05 0.7 0.558829 0.550724 0.524857 -0.776792 -0.720268 -0.728179
232 23.15 0.82 0.736487 0.666347 0.778721 -0.406987 -0.527464 -0.742219
233 23.25 0.73 0.721927 0.646354 0.523183 -0.491803 -0.536792 -0.772524
234 23.35 0.78 0.598868 0.716827 0.629586 -0.763589 -0.660042 -0.770839
235 23.45 0.816667 0.700882 0.728057 0.749272 -0.65051 -0.587153 -0.793108
236 23.55 0.776667 0.655145 0.839718 0.694861 -1.09185 -1.20294 -0.800819
237 23.65 0.716667 0.533394 0.633924 0.573456 -0.974707 -0.877434 -0.781337
238 23.75 0.7 0.581496 0.529262 0.680648 -0.90902 -0.919134 -0.838418
239 23.85 0.726667 0.607139 0.613184 0.620626 -1.20448 -1.07181 -0.921738
240 23.95 0.743333 0.723857 0.783887 0.639572 -1.07001 -1.52382 -0.967304
241 24.05 0.766667 0.570993 0.771368 0.554157 -0.712965 -1.23839 -0.993577
242 24.15 0.7 0.495235 0.504186 0.506657 -0.585592 -0.835256 -0.920964
243 24.25 0.72 0.706124 0.546486 0.545621 -0.423684 -0.752031 -0.863802
244 24.35 0.743333 0.660289 0.617122 0.530715 -0.869828 -0.806996 -0.882318
245 24.45 0.71 0.535411 0.585626 0.568926 -0.814116 -0.551987 -0.814603
246 24.55 0.796667 0.607736 0.629626 0.712561 -1.10298 -1.12766 -0.731382
247 24.65 0.693333 0.582499 0.511483 0.567455 -1.04202 -1.13072 -0.648031
248 24.75 0.75 0.666532 0.695709 0.666188 -0.703413 -0.897215 -0.597594
249 24.85 0.666667 0.557114 0.651368 0.565588 -1.08616 -0.744502 -0.521656
250 24.95 0.68 0.591973 0.568122 0.57907 -1.1992 -0.977186 -0.489668
251 25.05 0.746667 0.69998 0.655407 0.662547 -1.10026 -0.829883 -0.497548
252 25.15 0.63 0.642718 0.50624 0.712478 -1.24148 -1.24526 -0.61032
253 25.25 0.616667 0.464385 0.536619 0.484831 -1.33208 -1.32045 -0.659945
254 25.35 0.66 0.617821 0.55959 0.496084 -1.38169 -1.26448 -0.705206
255 25.45 0.663333 0.558364 0.491611 0.471904 -1.02532 -1.06114 -0.661456
256 25.55 0.63 0.541294 0.556849 0.513729 -0.944234 -0.878556 -0.649529
257 25.65 0.573333 0.571296 0.433705 0.559144 -0.973669 -0.978787 -0.636733
258 25.75 0.46 0.429545 0.408359 0.399271 -0.54546 -0.900462 -0.654239
259 25.85 0.593333 0.546574 0.485402 0.508389 -0.713773 -0.756023 -0.654879
260 25.95 0.493333 0.500812 0.346392 0.446791 -0.91293 -0.752198 -0.605
261 26.05 0.426667 0.341147 0.319213 0.36462 -0.86599 -0.643919 -0.541291
262 26.15 0.436667 0.304009 0.358794 0.381383 -0.679123 -0.480048 -0.46322
263 26.25 0.436667 0.416519 0.314544 0.314861 -0.674189 -0.648273 -0.418831
264 26.35 0.36 0.246632 0.366014 0.264662 -0.541181 -0.481679 -0.394682
265 26.45 0.293333 0.29507 0.20297 0.242882 -0.308686 -0.313603 -0.343886
266 26.55 0.286667 0.279993 0.207984 0.206833 -0.378205 -0.28654 -0.274518
267 26.65 0.253333 0.189787 0.253027 0.212354 -0.298977 -0.255599 -0.228708
268 26.75 0.23 0.235848 0.194635 0.186675 -0.222852 -0.279089 -0.206698
269 26.85 0.24 0.158669 0.21684 0.26342 -0.188868 -0.271543 -0.180625
270 26.95 0.176667 0.22507 0.0952866 0.122628 -0.16152 -0.216314 -0.170774
271 27.05 0.18 0.133741 0.176907 0.137383 -0.181711 -0.208796 -0.145561
272 27.15 0.106667 0.0894449 0.0654981 0.131501 -0.104519 -0.108891 -0.113774
273 27.25 0.146667 0.120132 0.0952665 0.0929743 -0.124589 -0.131274 -0.110229
274 27.35 0.103333 0.0710285 0.0907284 0.0857685 -0.0776265 -0.0464181 -0.0951506
275 27.45 0.0866667 0.0773529 0.103713 0.0728589 -0.0812674 -0.0731376 -0.0907989
276 27.55 0.0733333 0.090165 0.0709195 0.0763314 0.00356053 0.00462217 -0.0576918
277 27.65 0.0566667 0.0510988 0.0421316 0.0408326 0.0165507 0.010062 -0.0419272
278 27.75 0.05 0.081816 0.0331845 0.0494753 -0.021243 -0.0248489 -0.0329979
279 27.85 0.04 0.0109466 0.0259433 0.0311772 -0.022071 -0.028665 -0.0273566
280 27.95 0.04 0.0363617 0.024497 0.0156559 -0.0222951 -0.0208481 -0.0253199
281 28.05 0.03 0.0230968 0.0443954 0.00617761 -0.0161042 -0.0157567 -0.0223818
282 28.15 0.03 0.0306758 0.00628474 0.0320154 -0.012808 -0.0242812 -0.019376
283 28.25 0.0333333 0.0238756 0.0334709 0.0130252 -0.00921724 -0.0148753 -0.0163933
284 28.35 0.0333333 0.0323548 0.0298906 0.0190799 -0.00798058 -0.0126841 -0.0124426
285 28.45 0.01 0.00492667 0.00366909 0.0282295 -0.00448665 -0.00613598 -0.0102222
286 28.55 0.0233333 0.0110636 0.00905564 0.0199689 -0.00256882 -0.00475728 -0.00989878
287 28.65 0.0133333 0.0174827 0.0151476 0.00527238 -0.00273917 -0.00436928 -0.00924879
288 28.75 0.0166667 0.0215571 0.0159687 0.00334962 -0.00550421 -0.00383275 -0.00727507
289 28.85 0.0166667 0.0171199 0.0294311 0.015867 -0.00690587 -0.00243594 -0.0055614
290 28.95 0.0133333 0.00986904 0.0160431 0.00569878 -0.00827979 -0.00199301 -0.00434095
291 29.05 0.02 0.0237907 0.00564843 0.0161623 -0.0035847 -0.00211498 -0.0040193
292 29.15 0.00333333 0.0140152 4.091e-05 0.000424736 -0.00402482 -0.00306066 -0.00404759
293 29.25 0.0166667 0.00864099 0.0187366 0.0336051 -0.00645465 -0.00459476 -0.00418607
294 29.35 0.0166667 0.00696726 0.0252165 0.014708 -0.00367419 -0.00357683 -0.00401884
295 29.45 0.0133333 0.0234269 0.00904692 0.00739106 -0.00294394 -0.00281187 -0.00326722
296 29.55 0.02 0.00565282 0.0164814 0.00624288 -0.00159893 -0.00314687 -0.00270363
297 29.65 0.0233333 0.00923107 0.0139706 0.00995932 -0.00150861 -0.00416776 -0.00256466
298 29.75 0 0 0 0 -0.00130891 -0.00590228 -0.0021843
299 29.85 0.0166667 0.0174662 0.00403803 0.00880561 -0.00131953 -0.00366289 -0.00275411
300 29.95 0.01 0.00595408 0.0116438 0.0326768 -0.00133851 -0.00470487 -0.00302486
301 30.05 0.0133333 0.00711263 0.00132875 0.00256433 -0.00196857 -0.00798134 -0.00302543
302 30.15 0.0166667 0.00985338 0.0128788 0.011493 -0.00197742 -0.00255735 -0.00272343
303 30.25 0.0166667 0.0224461 0.00924064 0.0189565 0.00414204 -0.00115653 -0.00224367
304 30.35 0.0133333 0.00870586 0.00151009 0.00769343 0.0250435 0.000877331 -0.00207367
305 30.45 0.00333333 0.000978769 0.000216869 0.00187869 -0.00072986 -0.000871654 -0.00243073
306 30.55 0.01 0.00510301 0.0124964 0.00496268 -0.000985545 -0.000889957 -0.0024133
307 30.65 0.00333333 0.00114829 0.00105108 6.25714e-09 -0.00107448 -0.000869554 -0.00237628
308 30.75 0.00333333 0.000114647 2.43407e-05 0.000268978 -0.0010146 -0.000869896 -0.00236187
309 30.85 0.0133333 0.00413347 0.00943318 0.00446595 -0.000746376 -0.00102768 -0.00214368
310 30.95 0.0166667 0.00699063 0.00629988 0.00810361 -0.000641763 -0.000942412 -0.00167273
311 31.05 0.01 0.00770482 0.0152478 0.00434276 -0.000600528 -0.000940058 -0.00160578
312 31.15 0.0166667 0.0282236 0.023268 0.00726227 -0.000600359 -0.000995099 -0.00140775
313 31.25 0.00666667 0.0115501 0.000509489 0.00605037 -0.000569442 -0.00098432 -0.00128252
314 31.35 0.03 0.0390047 0.0324829 0.0188346 -0.00105023 -0.00205298 -0.0022378
315 31.45 0.0166667 0.0137749 0.0299751 0.0169602 -0.0012983 -0.0053009 -0.00242768
316 31.55 0.00666667 0.0139743 0.0112093 0.00733677 -0.00111099 -0.00326238 -0.00229233
317 31.65 0.0266667 0.00267854 0.00479183 0.0183802 -0.000448541 -0.00107031 0.000119111
318 31.75 0.00666667 0.00531532 0.012945 0.000974718 2.58274e-05 -0.000260624 0.0020071
319 31.85 0.0233333 0.0160016 0.0128274 0.0132064 -0.000263222 -0.00104076 0.00158787
320 31.95 0.01 0.00838409 0.0117708 0.0116377 -4.21865e-05 -0.000991261 0.00156801
321 32.05 0.00666667 0.00431564 0.000125807 0.00139406 -8.08695e-05 -0.00145619 0.00128599
322 32.15 0.02 0.00727602 0.00943177 0.00947607 -0.000195133 -0.00172194 0.00103255
323 32.25 0.00666667 0.000714288 0.000371967 0.00742916 0.00224718 0.00150575 0.00425327
324 32.35 0.01 0.00538321 6.31692e-05 0.00779678 0.00506364 0.00540114 0.00827915
325 32.45 0.0166667 0.00476029 0.0287752 0.00839486 0.0048386 0.00634342 0.00683709
326 32.55 0.02 0.0205136 0.0206638 0.0143351 0.00304102 0.00510384 0.00859146
327 32.65 0.0133333 0.00765894 0.00930264 0.0322453 0.00311988 0.00539477 0.0135568
328 32.75 0.0166667 0.00489152 0.0164551 0.00474142 0.00498386 0.00616763 0.0135774
329 32.85 0.0133333 0.00183268 0.00444884 0.0190697 0.00241233 0.00289291 0.0102855
330 32.95 0.0133333 0.00206498 0.00556044 0.00576328 -0.000490419 -0.00181571 0.0066945
331 33.05 0.0266667 0.00954396 0.0154288 0.0227938 -0.000766764 -0.0021836 0.00643051
332 33.15 0.02 0.0127886 0.0224079 0.0198071 -0.00103865 -0.00230874 0.00600162
333 33.25 0.00666667 0.00342571 0.00701314 0.0163558 -0.00114905 -0.00230894 0.00646591
334 33.35 0.01 0.014432 0.00175534 0.00340007 0.000409885 -0.00214259 0.00813369
335 33.45 0.02 0.0519122 0.0178385 0.0157082 6.40125e-05 -0.000961026 0.00526275
336 33.55 0.0233333 0.0152798 0.0242446 0.018466 -0.000661325 -0.0016 -0.000988104
337 33.65 0.0333333 0.0411721 0.0179164 0.0189519 -0.00138972 -0.00174723 -0.000436505
338 33.75 0.01 0.0133041 0.00399369 0.00724397 -0.00345189 -0.00210272 -0.000512362
339 33.85 0.00666667 0.006908 0.0145942 0.00152914 -0.00383588 -0.00225428 -0.000623062
340 33.95 0.02 0.0068011 0.0137671 0.0176174 -0.0116274 -0.00247342 -0.000922466
341 34.05 0.0133333 0.00622293 0.00685867 0.00302559 -0.0037233 -0.00131116 -0.00188512
342 34.15 0.0133333 0.0114715 0.0274266 0.0132194 -0.00251362 -0.0025545 -0.00252557
343 34.25 0.0166667 0.00230838 0.00740878 0.0104446 -0.00217921 -0.00119399 -0.00244936
344 34.35 0.0133333 0.0220968 0.00404985 0.00743752 -0.00108508 -0.000889849 -0.0019005
345 34.45 0 0 0 0 -0.00105335 -0.000926365 -0.0017624
346 34.55 0.0133333 0.0185795 0.0225087 0.00498013 -0.000201439 -0.000770187 -0.00182386
347 34.65 0.0133333 0.00705514 0.00952158 0.0117261 0.000120308 -0.000704133 -0.00186813
348 34.75 0.0166667 0.00201424 0.00826599 0.00960966 -0.00160127 -0.00145628 -0.00187438
349 34.85 0.0233333 0.0438195 0.0106303 0.0458844 -0.00228898 -0.00389286 0.00151785
350 34.95 0.0133333 0.00894745 0.0139605 0.0150202 -0.000397447 -0.00197623 0.0030404
351 35.05 0.0166667 0.0283703 0.0295035 0.0134615 0.000217458 -0.00128276 0.00277418
352 35.15 0.00333333 0.00596971 0.00527004 0.00487369 -0.000131213 -0.00136072 0.00286006
353 35.25 0.0133333 0.00747729 0.00638198 0.00134047 -0.00087896 -0.00154499 0.00247613
354 35.35 0.0166667 0.0109128 0.00649656 0.0242176 -0.00186908 -0.00161595 0.00216925
355 35.45 0.0166667 0.015217 0.00438368 0.0116254 -0.0030306 -0.00166869 0.00207582
356 35.55 0.0233333 0.00677551 0.0285538 0.0176963 -0.00421315 -0.0015529 0.00230013
357 35.65 0.00333333 0.000769455 0.000312894 0.0032918 -0.00415643 -0.00143457 0.00236125
358 35.75 0.0133333 0.00663984 0.0116236 0.0170822 -0.00581106 -0.00164857 -0.00237795
359 35.85 0.0133333 0.00623532 0.0106428 0.00360629 -0.0034017 -0.00117566 -0.00298992
360 35.95 0.0233333 0.0228524 0.0395598 0.0233761 -0.00174202 -0.000323179 -0.00233101
150000 360
1 0.05 0.00666667 0.0221717 0.00616289 0.000347255 -0.0037514 -0.00119326 0.00187624
2 0.15 0.0133333 0.00583213 0.0115608 0.00801801 -0.00754197 -0.00213986 0.00182819
3 0.25 0.02 0.0634484 0.0112809 0.0105255 -0.00390717 -0.00135043 0.00204829
4 0.35 0.01 0.00939085 0.0131973 0.0158593 -0.00105305 -0.00353311 0.0022778
5 0.45 0.0166667 0.0340624 0.0149353 0.00787195 -0.000958055 -0.00659399 0.00219957
6 0.55 0.02 0.0128613 0.0134197 0.0250103 -0.00509046 -0.00192306 0.00262584
7 0.65 0.0166667 0.000245471 0.0162961 0.00953009 -0.00448852 -0.00206382 0.00337945
8 0.75 0.01 0.0363768 0.00407841 0.0184033 -0.000507456 -0.00110501 0.00344689
9 0.85 0.00333333 0.000826606 4.44387e-07 0.000388683 -0.000434745 -0.00105604 0.00322812
10 0.95 0.01 0.0120501 0.0170591 0.0221803 -0.000664071 -0.00124465 0.00189144
11 1.05 0.0266667 0.0327607 0.0428262 0.0162464 -0.00135936 -0.00170739 -0.000494354
12 1.15 0.0133333 0.00439199 0.00221309 0.0149271 -0.00122447 -0.0015383 -0.00043439
13 1.25 0.0266667 0.0157647 0.00745268 0.011722 -0.00283379 -0.00442315 -0.000517572
14 1.35 0.0133333 0.014286 0.00801242 0.0181027 -0.00107031 -0.00317583 -0.00103199
15 1.45 0.01 0.0321596 0.0133346 0.00085365 -0.00105818 -0.00119166 -0.000996406
16 1.55 0.0233333 0.00725658 0.0374561 0.0265472 -0.00127955 -0.00112688 -0.000955832
17 1.65 0.00666667 0.0149032 0.00577456 0.00282858 -0.00470579 -0.00104492 -0.00210955
18 1.75 0.01 0.0170847 0.0133464 0.0229321 -0.00326474 -0.000903412 0.000813344
19 1.85 0.0233333 0.0106905 0.0128907 0.0244982 0.000641149 -0.000691058 0.00153213
20 1.95 0.0133333 0.0102052 0.00414337 0.00643673 0.000275264 -0.000636143 0.0013336
21 2.05 0.0133333 0.0144953 0.0032355 0.0133021 0.000105126 -0.000769476 0.00140444
22 2.15 0.02 0.0114839 0.0126399 0.0159172 -0.000258377 -0.00077291 0.00189869
23 2.25 0.01 0.00978316 0.0123874 0.00149352 -0.000663916 -0.000853512 0.00166218
24 2.35 0.01 0.0019008 0.00242099 0.00269932 -0.00102316 -0.00102962 0.00146604
25 2.45 0.01 0.00577202 0.00911366 0.0174191 -0.00105034 -0.00102684 0.00162368
26 2.55 0.02 0.00609925 0.00247882 0.0163667 -0.00123277 -0.000961299 0.00180378
27 2.65 0.0166667 0.0027497 0.00980636 0.0354888 -0.00198253 -0.00107973 -0.00171915
28 2.75 0.0133333 0.0128637 0.0173889 0.0302115 -0.00202897 -0.00103774 -0.00167468
29 2.85 0.03 0.0244847 0.00564753 0.019188 -0.00256719 -0.00565862 -0.00176462
30 2.95 0.0133333 0.00347167 0.00191285 0.0140108 -0.00174246 -0.0021534 -0.00178303
31 3.05 0.0166667 0.0190744 0.00434713 0.0112609 -0.00286507 -0.00299576 -0.00198842
32 3.15 0.02 0.0140254 0.00669943 0.0119419 0.0319678 0.000916518 -0.00192342
33 3.25 0.02 0.0489422 0.0331249 0.0136642 0.0049724 -0.00397607 -0.00155742
34 3.35 0.0233333 0.0219825 0.0199922 0.013947 0.00748313 -0.00242396 0.000258526
35 3.45 0.02 0.0101189 0.0165845 0.0163101 -0.000205407 -0.00378252 0.00299507
36 3.55 0.00666667 0.000436178 0.0078408 2.68217e-05 -8.38892e-05 -0.00274038 0.00312616
37 3.65 0.0133333 0.0203476 0.0145222 0.00613308 -0.000170564 -0.00184751 0.00320272
38 3.75 0.0133333 0.0027266 0.0027389 0.00222724 -0.00051274 -0.00071835 0.00350772
39 3.85 0.01 0.00186637 0.0234527 0.00090032 -0.000515386 -0.000590887 0.00351121
40 3.95 0.0166667 0.0171209 0.0306505 0.0131185 -0.00133651 -0.000810504 0.00335829
41 4.05 0.01 0.00163944 0.00834855 0.00812073 -0.00154238 -0.000843246 0.00324205
42 4.15 0.00666667 0.0014778 0.00010598 0.00486704 -0.0012694 -0.0008856 0.00329516
43 4.25 0.0133333 0.00662192 0.00186967 0.00462885 -0.0021029 -0.00311455 0.00313698
44 4.35 0.0166667 0.0121215 0.00725787 0.00316824 -0.0119906 -0.00406633 -0.000157837
45 4.45 0.0266667 0.0125645 0.018398 0.0216821 -0.00643434 -0.00161123 -0.00223587
46 4.55 0.01 0.00848718 0.0181528 0.00782274 -0.00308565 -0.00101508 -0.00250546
47 4.65 0.0133333 0.00744985 0.0110088 0.00697338 -0.0033452 -0.00137422 -0.00283685
48 4.75 0 0 0 0 -0.00329258 -0.00191153 -0.00294364
49 4.85 0.0233333 0.00490413 0.00584252 0.0114908 -0.00166481 -0.00199289 -0.00289581
50 4.95 0.0266667 0.0256771 0.0123088 0.0193115 -0.00256435 -0.00226625 -0.00311735
51 5.05 0.01 0.0117109 0.00577996 0.00599718 -0.00285338 -0.00405292 -0.00387292
52 5.15 0.02 0.013166 0.0168964 0.0202666 -0.00293302 -0.00431502 -0.00398504
53 5.25 0.0133333 0.00626039 0.0164804 0.00119948 -0.00290217 -0.00452168 -0.00393134
54 5.35 0.0166667 0.016741 0.00853232 0.018104 -0.00340962 -0.0034116 -0.00305165
55 5.45 0.0133333 0.0109967 0.00321998 0.0235938 -0.00270446 -0.00223674 -0.00278834
56 5.55 0.02 0.0186854 0.00499973 0.0103925 -0.00273964 -0.00221569 -0.00266545
57 5.65 0.02 0.0217849 0.0282565 0.00981649 -0.00420114 -0.00383197 -0.00339194
58 5.75 0.01 0.0069177 0.0092513 0.0142727 -0.00374387 -0.00409541 -0.00360896
59 5.85 0.03 0.0152256 0.0165797 0.0238725 -0.00344475 -0.00598595 -0.00499356
60 5.95 0.0333333 0.0154114 0.0174948 0.0289645 -0.0107729 -0.00751504 -0.00251054
61 6.05 0.0166667 0.0192564 0.0157866 0.0302472 -0.00332269 -0.00543079 -0.00185495
62 6.15 0.0233333 0.0168826 0.022798 0.0167714 -0.00404481 -0.00541382 -0.00249921
63 6.25 0.0166667 0.010092 0.006991 0.0151517 -0.00564421 -0.00654658 -0.00319073
64 6.35 0.00666667 0.00815883 0.00771332 0.00153349 -0.00634356 -0.00639995 -0.00331899
65 6.45 0.0166667 0.0116799 0.00987873 0.011657 -0.00614177 -0.00606584 -0.00307497
66 6.55 0.00333333 0.00106539 0.00479036 0.00429336 -0.00569471 -0.00520395 -0.00251039
67 6.65 0.0333333 0.0167434 0.0494989 0.00929783 -0.00481115 -0.0055206 -0.00309462
68 6.75 0.0333333 0.0194267 0.0364765 0.0349786 -0.0032977 -0.00725508 -0.00322623
69 6.85 0.0266667 0.0124034 0.0307412 0.0167678 -0.00330483 -0.00729339 -0.00391809
70 6.95 0.02 0.0316257 0.0147668 0.036004 -0.00999223 -0.00439995 -0.00967564
71 7.05 0.0166667 0.0295697 0.00338345 0.00902181 -0.00410757 -0.0045909 -0.0102299
72 7.15 0.02 0.00985847 0.0163314 0.00743046 -0.0118836 -0.00769349 -0.011089
73 7.25 0.0333333 0.0175399 0.0339758 0.0119327 -0.0124718 -0.0102574 -0.0130127
74 7.35 0.00333333 0.00123365 0.000153057 0.00149017 -0.00620583 -0.00637038 -0.0127442
75 7.45 0.0366667 0.0400801 0.0210288 0.0547579 -0.00816209 -0.0107222 -0.0151962
76 7.55 0.0133333 0.00914493 0.00539098 0.0135435 -0.0065976 -0.00576884 -0.0169339
77 7.65 0.02 0.010308 0.0318112 0.00936528 -0.0100552 -0.00504565 -0.0174545
78 7.75 0.0333333 0.0346193 0.0169607 0.0289223 -0.0170327 -0.00618128 -0.0185763
79 7.85 0.05 0.038792 0.0228911 0.0618497 -0.0164632 -0.00922259 -0.0235236
80 7.95 0.0166667 0.0202972 0.00845992 0.00254809 -0.0161913 -0.0109543 -0.0265319
81 8.05 0.05 0.0531781 0.0647161 0.0386411 0.00983997 0.0572852 -0.0327558
82 8.15 0.04 0.0332935 0.0328108 0.0484647 -0.0229466 -0.025564 -0.0371384
83 8.25 0.0466667 0.0722027 0.0546981 0.0367618 -0.0407926 -0.0390559 -0.0431044
84 8.35 0.04 0.0461577 0.0323514 0.026873 -0.0641805 -0.0534422 -0.0563235
85 8.45 0.0766667 0.0423902 0.0528394 0.0421271 -0.0716067 -0.0605355 -0.0646756
86 8.55 0.08 0.0569708 0.0460454 0.0510301 -0.0722146 -0.0775811 -0.085003
87 8.65 0.0933333 0.0852052 0.0652809 0.0820912 -0.0831671 -0.0871545 -0.0987273
88 8.75 0.126667 0.0715982 0.0963858 0.0849655 -0.0279608 -0.0230596 -0.112982
89 8.85 0.106667 0.0904054 0.111856 0.13676 -0.0861016 -0.0623073 -0.147368
90 8.95 0.126667 0.0855807 0.0926597 0.134726 -0.161827 -0.142268 -0.173208
91 9.05 0.213333 0.186791 0.158817 0.168247 -0.206491 -0.218703 -0.204971
92 9.15 0.236667 0.200934 0.159352 0.257429 -0.275697 -0.234371 -0.218951
93 9.25 0.263333 0.26423 0.21914 0.261451 -0.355404 -0.334731 -0.250093
94 9.35 0.273333 0.204699 0.261183 0.28503 -0.28075 -0.43427 -0.259219
95 9.45 0.3 0.241812 0.266626 0.241482 -0.475287 -0.505302 -0.298381
96 9.55 0.353333 0.305053 0.283034 0.367327 -0.441846 -0.388675 -0.329118
97 9.65 0.383333 0.282483 0.270692 0.345344 -0.573324 -0.517008 -0.371021
98 9.75 0.443333 0.377394 0.428156 0.350994 -0.58993 -0.547102 -0.363405
99 9.85 0.453333 0.284438 0.343429 0.402757 -0.618016 -0.628619 -0.363096
100 9.95 0.466667 0.350487 0.287154 0.423462 -0.659396 -0.639238 -0.332333
101 10.05 0.52 0.429542 0.362108 0.366501 -0.73236 -0.759711 -0.414908
102 10.15 0.476667 0.442373 0.351908 0.397286 -0.875673 -0.858274 -0.515989
103 10.25 0.66 0.606877 0.523979 0.502741 -0.769508 -0.769562 -0.594989
104 10.35 0.64 0.420244 0.537161 0.585561 -0.876362 -0.845735 -0.556645
105 10.45 0.62 0.4512 0.569983 0.521948 -0.991979 -0.855417 -0.581987
106 10.55 0.616667 0.542707 0.530553 0.53882 -1.03148 -0.812392 -0.668422
107 10.65 0.543333 0.355214 0.50819 0.454215 -1.12255 -0.801815 -0.727084
108 10.75 0.593333 0.507374 0.502056 0.478804 -0.877181 -0.746856 -0.719106
109 10.85 0.693333 0.590057 0.643257 0.532779 -1.17227 -0.856745 -0.743105
110 10.95 0.723333 0.658712 0.627952 0.684419 -1.13174 -1.10008 -0.80126
111 11.05 0.716667 0.59387 0.627492 0.71255 -1.33449 -1.03228 -0.783412
112 11.15 0.69 0.60855 0.549425 0.558129 -0.910545 -1.22256 -0.761949
113 11.25 0.646667 0.527944 0.568426 0.591942 -0.884445 -0.989945 -0.742502
114 11.35 0.74 0.666678 0.6528 0.626212 -1.03735 -1.35653 -0.705085
115 11.45 0.72 0.499413 0.699704 0.575337 -1.04309 -0.963799 -0.736657
116 11.55 0.683333 0.555177 0.492793 0.537682 -0.824134 -0.927415 -0.743884
117 11.65 0.75 0.70499 0.445456 0.636538 -0.969989 -0.7397 -0.695807
118 11.75 0.756667 0.664023 0.623231 0.794399 -0.859447 -0.77329 -0.691592
119 11.85 0.78 0.591714 0.690472 0.667608 -1.01961 -0.899287 -0.656111
120 11.95 0.84 0.665542 0.773963 0.629865 -1.05791 -0.923195 -0.683026
121 12.05 0.646667 0.547923 0.513531 0.554625 -0.978751 -0.672662 -0.695639
122 12.15 0.73 0.676119 0.548497 0.601054 -0.692364 -0.919984 -0.764296
123 12.25 0.726667 0.610362 0.529171 0.802155 -0.957352 -1.2848 -0.817284
124 12.35 0.786667 0.540158 0.651525 0.683659 -1.22999 -1.35034 -0.863666
125 12.45 0.663333 0.529052 0.509433 0.516989 -1.13958 -1.19789 -0.863354
126 12.55 0.73 0.658255 0.638938 0.61402 -0.879158 -0.454095 -0.842261
127 12.65 0.77 0.672491 0.661426 0.591524 -0.439138 -0.641792 -0.725414
128 12.75 0.896667 0.765659 0.606992 0.678734 -0.808049 -0.841168 -0.750724
129 12.85 0.8 0.6725 0.656634 0.634358 -0.656506 -0.705975 -0.676426
130 12.95 0.716667 0.627554 0.624006 0.501764 -1.11183 -0.749108 -0.662377
131 13.05 0.716667 0.651188 0.601354 0.59672 -1.07024 -0.537278 -0.633594
132 13.15 0.723333 0.593644 0.622076 0.604847 -0.894731 -1.05202 -0.761238
133 13.25 0.7 0.533016 0.589574 0.698826 -0.802091 -0.607697 -0.797261
134 13.35 0.786667 0.657921 0.709971 0.709009 -1.24348 -1.25992 -0.776821
135 13.45 0.72 0.647757 0.600441 0.564163 -0.952461 -0.926143 -0.753883
136 13.55 0.786667 0.677955 0.609586 0.514467 -0.721014 -0.869883 -0.74867
137 13.65 0.866667 0.732284 0.788918 0.705972 -0.85473 -0.982239 -0.799409
138 13.75 0.81 0.695547 0.687027 0.675223 -0.744784 -0.467248 -0.840155
139 13.85 0.73 0.542386 0.701212 0.574074 -0.38507 -0.319948 -0.829704
140 13.95 0.77 0.625713 0.728054 0.686653 -0.561145 -0.677058 -0.778943
141 14.05 0.7 0.560495 0.626527 0.607381 -0.594074 -0.773969 -0.790546
142 14.15 0.673333 0.559309 0.435779 0.653239 -0.972982 -0.845569 -0.799735
143 14.25 0.706667 0.492738 0.546118 0.585365 -1.15417 -1.07012 -0.894704
144 14.35 0.756667 0.555085 0.62457 0.733563 -0.776107 -0.934885 -1.0059
145 14.45 0.766667 0.554043 0.666518 0.6731 -0.932265 -0.983617 -1.06938
146 14.55 0.893333 0.713716 0.839951 0.750781 -0.797188 -0.728456 -1.08773
147 14.65 0.803333 0.70838 0.609832 0.662634 -0.89958 -0.630253 -1.09298
148 14.75 0.683333 0.585022 0.610109 0.599329 -1.19371 -1.02567 -1.06618
149 14.85 0.753333 0.632336 0.641376 0.567831 -1.27799 -1.19507 -1.01345
150 14.95 0.716667 0.589383 0.588215 0.677556 -0.975714 -1.34915 -0.962454
151 15.05 0.666667 0.501561 0.506782 0.564542 -0.647918 -1.03596 -0.912469
152 15.15 0.706667 0.563393 0.607875 0.588562 -0.870388 -0.89054 -0.838589
153 15.25 0.833333 0.632829 0.649723 0.697614 -0.925564 -1.18295 -0.823087
154 15.35 0.78 0.593482 0.621337 0.861668 -0.569469 -0.90003 -0.767215
155 15.45 0.786667 0.560398 0.718729 0.571174 -0.446751 -0.366404 -0.839043
156 15.55 0.773333 0.662399 0.601688 0.640397 -0.40752 -0.565707 -0.862183
157 15.65 0.73 0.660655 0.573265 0.634351 -0.223638 -0.886755 -0.899486
158 15.75 0.8 0.653755 0.690886 0.629317 -0.548026 -1.01173 -0.732109
159 15.85 0.693333 0.601412 0.610338 0.523608 -0.779197 -1.40001 -0.785382
160 15.95 0.616667 0.48167 0.487245 0.625988 -1.20866 -1.28098 -0.844373
161 16.05 0.733333 0.575218 0.699563 0.616134 -0.883874 -1.13276 -0.823774
162 16.15 0.806667 0.637737 0.674662 0.63282 -0.631947 -0.872778 -0.877525
163 16.25 0.803333 0.695302 0.704903 0.62033 -0.656555 -1.01328 -0.976778
164 16.35 0.8 0.602525 0.771388 0.623438 -0.688679 -0.970679 -0.973739
165 16.45 0.733333 0.618149 0.616416 0.629169 -0.826348 -1.11864 -0.906954
166 16.55 0.76 0.674681 0.700242 0.610868 -0.710873 -0.751612 -0.948743
167 16.65 0.74 0.679981 0.598741 0.519788 -0.958048 -0.680752 -1.02704
168 16.75 0.69 0.652757 0.462194 0.667944 -0.815613 -0.801188 -1.04256
169 16.85 0.796667 0.553608 0.573347 0.661477 -0.735971 -0.824555 -0.973178
170 16.95 0.74 0.587117 0.489413 0.60793 -0.549081 -0.463002 -0.964521
171 17.05 0.803333 0.696158 0.622813 0.567201 -0.571968 -0.567203 -0.962703
172 17.15 0.69 0.567703 0.485331 0.557864 -0.572662 -0.698885 -0.829153
173 17.25 0.703333 0.603392 0.652041 0.631657 -0.911824 -0.801275 -0.784065
174 17.35 0.82 0.629264 0.718845 0.645631 -0.92326 -1.02616 -0.797363
175 17.45 0.783333 0.664124 0.664844 0.609684 -0.482352 -0.713491 -0.747773
176 17.55 0.726667 0.709685 0.59005 0.565447 -0.504609 -0.806614 -0.682267
177 17.65 0.886667 0.811604 0.714375 0.727993 -0.619823 -0.82283 -0.669565
178 17.75 0.796667 0.669173 0.72245 0.706388 -0.520395 -0.965332 -0.653692
179 17.85 0.72 0.615528 0.543893 0.563136 -1.07556 -1.2327 -0.683431
180 17.95 0.696667 0.555001 0.524963 0.577613 -1.20812 -1.33106 -0.664282
181 18.05 0.756667 0.673995 0.734199 0.59809 -1.21477 -0.796105 -0.574727
182 18.15 0.78 0.698745 0.63357 0.593653 -1.07577 -0.635896 -0.60267
183 18.25 0.74 0.580627 0.677933 0.740348 -0.679417 -0.3379 -0.528655
184 18.35 0.81 0.743898 0.748893 0.680217 -0.89381 -0.520807 -0.554546
185 18.45 0.736667 0.662155 0.601998 0.50277 -0.883232 -1.00442 -0.612114
186 18.55 0.82 0.672173 0.781171 0.877458 -0.783708 -0.792426 -0.627172
187 18.65 0.75 0.637703 0.51891 0.597929 -0.504752 -0.946803 -0.663007
188 18.75 0.793333 0.744005 0.612191 0.715085 -0.522752 -0.783981 -0.662143
189 18.85 0.74 0.596039 0.704596 0.520788 -0.643385 -0.868167 -0.765137
190 18.95 0.76 0.684363 0.652011 0.678235 -1.06651 -0.769845 -0.847906
191 19.05 0.74 0.523346 0.712786 0.713536 -1.07954 -0.970954 -0.955654
192 19.15 0.73 0.661531 0.590248 0.532654 -0.401705 -0.677755 -0.923263
193 19.25 0.71 0.664253 0.56074 0.52551 -0.800146 -0.990185 -1.00531
194 19.35 0.7 0.66679 0.604962 0.567254 -1.12105 -0.159359 -1.01031
195 19.45 0.78 0.685972 0.523856 0.534767 -0.753661 -0.620334 -1.04115
196 19.55 0.73 0.615404 0.58082 0.528446 -0.8253 -0.994882 -1.04483
197 19.65 0.836667 0.742969 0.753902 0.589896 -0.667978 -0.763706 -1.04413
198 19.75 0.67 0.517043 0.600608 0.635614 -0.679741 -1.07839 -0.994488
199 19.85 0.806667 0.700147 0.70721 0.695761 -0.948811 -0.519248 -1.01134
200 19.95 0.753333 0.601426 0.567488 0.654932 -1.21413 -0.819254 -0.982327
201 20.05 0.726667 0.643313 0.652 0.584704 -0.896659 -0.700681 -0.939578
202 20.15 0.753333 0.647751 0.742725 0.647227 -0.993215 -0.944408 -0.925098
203 20.25 0.753333 0.581708 0.584121 0.612155 -0.699477 -0.997773 -0.858226
204 20.35 0.8 0.668123 0.741208 0.658031 -0.242899 -0.863627 -0.808631
205 20.45 0.726667 0.654843 0.557634 0.512257 -0.554469 -0.874622 -0.728254
206 20.55 0.74 0.569212 0.680054 0.606875 -0.377867 -1.1948 -0.820319
207 20.65 0.71 0.548725 0.632375 0.584781 -0.318922 -0.830054 -0.847321
208 20.75 0.813333 0.738308 0.764339 0.651919 -0.413483 -0.871012 -0.931106
209 20.85 0.716667 0.577383 0.646385 0.731604 -1.25668 -0.848299 -0.817407
210 20.95 0.843333 0.730633 0.753102 0.714969 -1.09175 -0.588053 -0.830927
211 21.05 0.743333 0.62443 0.649877 0.608642 -0.615297 -0.217226 -0.776749
212 21.15 0.723333 0.58145 0.619776 0.699144 -0.432238 -0.930116 -0.743218
213 21.25 0.78 0.686702 0.762167 0.686292 -0.372912 -0.638469 -0.753533
214 21.35 0.736667 0.700495 0.711017 0.622488 -0.486147 -0.625144 -0.659106
215 21.45 0.766667 0.64942 0.664214 0.596514 -0.66201 -0.555256 -0.55448
216 21.55 0.703333 0.629837 0.604155 0.605633 0.0880129 -0.759711 -0.505466
217 21.65 0.826667 0.741337 0.724776 0.74061 -0.404453 -0.695031 -0.564786
218 21.75 0.743333 0.619937 0.625463 0.672423 -0.0797654 -0.5366 -0.581196
219 21.85 0.77 0.656508 0.652813 0.649575 -0.607983 -0.278468 -0.715896
220 21.95 0.75 0.701991 0.592118 0.689659 -1.18546 -0.663399 -0.847964
221 22.05 0.786667 0.638574 0.613322 0.78661 -0.178604 -0.387646 -0.868071
222 22.15 0.74 0.605354 0.594012 0.718804 -0.610577 -0.730952 -0.807852
223 22.25 0.766667 0.736135 0.673158 0.697782 -0.475466 -0.789531 -0.796584
224 22.35 0.716667 0.663324 0.661141 0.592512 -0.678785 -1.26586 -0.889497
225 22.45 0.733333 0.648995 0.570846 0.6397 -0.793869 -1.31922 -0.866379
226 22.55 0.75 0.685006 0.686583 0.669485 -0.537968 -0.917761 -0.894878
227 22.65 0.713333 0.587965 0.746065 0.608076 -0.476749 -0.915781 -0.841668
228 22.75 0.733333 0.584075 0.668063 0.600277 -0.588126 -0.557164 -0.833747
229 22.85 0.73 0.726348 0.644652 0.629948 -0.941159 -1.03358 -0.8593
230 22.95 0.733333 0.620769 0.670688 0.529633 -0.729664 -0.954049 -0.867292
231 23.05 0.756667 0.620821 0.750092 0.797905 -0.614922 -0.682191 -0.801781
232 23.15 0.833333 0.802071 0.736684 0.678689 -0.32375 -0.667233 -0.795744
233 23.25 0.813333 0.735221 0.724367 0.734503 -0.0907264 -1.13262 -0.779284
234 23.35 0.716667 0.609745 0.60661 0.549403 -0.546869 -0.934116 -0.755822
235 23.45 0.803333 0.646791 0.748577 0.631823 -0.908036 -0.962672 -0.651035
236 23.55 0.676667 0.56721 0.567587 0.640326 -0.944148 -0.901794 -0.683977
237 23.65 0.636667 0.464151 0.551511 0.46004 -0.915812 -1.17964 -0.704905
238 23.75 0.716667 0.627843 0.689172 0.548122 -1.08432 -1.20962 -0.736926
239 23.85 0.67 0.489805 0.475791 0.589007 -0.94957 -0.853626 -0.751838
240 23.95 0.743333 0.547512 0.685551 0.587272 -0.964365 -0.895058 -0.692503
241 24.05 0.743333 0.641166 0.646178 0.621973 -0.94003 -0.988864 -0.706899
242 24.15 0.763333 0.651479 0.631505 0.59799 -0.933777 -1.10392 -0.779065
243 24.25 0.903333 0.832185 0.773199 0.795333 -0.638164 -0.316873 -0.816719
244 24.35 0.666667 0.557431 0.540957 0.583167 -0.875251 -0.698987 -0.750505
245 24.45 0.693333 0.612088 0.572854 0.728433 -0.968852 -0.781587 -0.783396
246 24.55 0.61 0.507578 0.608159 0.5946 -0.785447 -0.882477 -0.777219
247 24.65 0.626667 0.582887 0.500128 0.641161 -0.913733 -0.916105 -0.743231
248 24.75 0.716667 0.69445 0.606638 0.650341 -0.90878 -1.08331 -0.752835
249 24.85 0.666667 0.448278 0.631149 0.600752 -1.07579 -1.12329 -0.786886
250 24.95 0.656667 0.547389 0.630258 0.532353 -0.820455 -0.794889 -0.782099
251 25.05 0.673333 0.65529 0.575726 0.535168 -1.15447 -1.20551 -0.861672
252 25.15 0.693333 0.597132 0.59203 0.656276 -0.941721 -0.940646 -0.824058
253 25.25 0.616667 0.472092 0.496052 0.515833 -0.934904 -0.803491 -0.785831
254 25.35 0.53 0.439688 0.375054 0.441124 -0.988166 -0.842485 -0.751173
255 25.45 0.63 0.466227 0.568006 0.554911 -1.02286 -0.815977 -0.658526
256 25.55 0.526667 0.534509 0.374182 0.555763 -0.810292 -0.50891 -0.555945
257 25.65 0.54 0.52102 0.486486 0.446427 -0.68478 -0.719907 -0.46632
258 25.75 0.44 0.332134 0.445641 0.436068 -0.313793 -0.476329 -0.379732
259 25.85 0.53 0.493551 0.484969 0.425893 -0.296954 -0.5318 -0.309292
260 25.95 0.456667 0.427805 0.335751 0.445256 -0.531645 -0.508325 -0.292444
261 26.05 0.416667 0.370582 0.372119 0.281008 -0.548814 -0.455379 -0.25217
262 26.15 0.336667 0.255702 0.212089 0.30577 -0.357001 -0.403807 -0.298073
263 26.25 0.353333 0.324312 0.346561 0.359955 -0.458923 -0.583355 -0.295734
264 26.35 0.313333 0.269926 0.234769 0.287854 -0.48017 -0.505052 -0.236157
265 26.45 0.323333 0.197162 0.305651 0.361471 -0.508585 -0.499754 -0.222972
266 26.55 0.253333 0.234258 0.26487 0.19291 -0.320884 -0.314363 -0.187015
267 26.65 0.226667 0.200531 0.155982 0.235886 -0.211072 -0.0532055 -0.161261
268 26.75 0.21 0.217068 0.206725 0.185666 -0.268726 -0.216223 -0.147201
269 26.85 0.213333 0.254593 0.22668 0.154029 -0.236006 -0.211278 -0.114185
270 26.95 0.156667 0.065754 0.176919 0.107801 -0.199584 0.0288935 -0.10209
271 27.05 0.133333 0.149721 0.125333 0.151292 -0.140501 -0.0834303 -0.0860512
272 27.15 0.143333 0.101656 0.103714 0.0861465 -0.0563184 -0.0995743 -0.0760571
273 27.25 0.11 0.0582077 0.0801782 0.0892821 -0.0921624 -0.0178454 -0.0680998
274 27.35 0.0766667 0.0305885 0.112708 0.06783 -0.0397082 -0.0495964 -0.0815877
275 27.45 0.0733333 0.0539981 0.0808558 0.0586417 -0.0794573 -0.0458852 -0.0815316
276 27.55 0.07 0.0875674 0.0563597 0.0683119 -0.0403606 -0.00272889 -0.0694045
277 27.65 0.0666667 0.0605968 0.0408441 0.0905996 -0.0648711 -0.0581278 -0.0601671
278 27.75 0.06 0.0420393 0.06078 0.046578 -0.020511 -0.0201433 -0.0532313
279 27.85 0.05 0.0462292 0.0504474 0.0450643 -0.0333134 -0.0291467 -0.0474382
280 27.95 0.04 0.0487157 0.0588385 0.0168846 -0.0271638 -0.0340404 -0.0394912
281 28.05 0.0433333 0.0324098 0.0504464 0.0294487 -0.00776964 -0.0220777 -0.035763
282 28.15 0.0333333 0.0622797 0.02142 0.0454247 -0.014563 -0.0274123 -0.0311406
283 28.25 0.04 0.0675075 0.0444298 0.0235349 -0.0143637 -0.0216061 -0.0267812
284 28.35 0.01 0.00679778 0.000938652 0.00937842 -0.0198423 -0.0174561 -0.0266958
285 28.45 0.0433333 0.0437937 0.0118198 0.0337222 0.0401635 -0.00170665 -0.0226941
286 28.55 0.03 0.0263599 0.029546 0.0161759 0.00187161 -0.00696821 -0.0167127
287 28.65 0.0233333 0.0297677 0.0157656 0.0287652 -0.00162636 -0.00781441 -0.0139458
288 28.75 0.0333333 0.0141124 0.0293752 0.0174349 0.0078818 -0.00674696 -0.0126224
289 28.85 0.02 0.01082 0.0398995 0.0314645 -0.005575 -0.00399982 -0.0101709
290 28.95 0.0266667 0.0318854 0.0252715 0.0319112 -0.00528726 -0.00519629 -0.00795885
291 29.05 0.0266667 0.00897519 0.0418486 0.0158213 -0.0038751 -0.00377687 -0.006697
292 29.15 0.0133333 0.00189851 0.016656 0.00424155 -0.0016817 -0.00167377 -0.00538486
293 29.25 0.01 0.00407047 0.0133597 0.000963485 -0.00142754 -0.00144119 -0.00503574
294 29.35 0.0133333 0.0131072 0.00313438 0.00377029 -0.00137489 -0.00141332 -0.0042492
295 29.45 0.0166667 0.0301094 0.0132268 0.012771 -0.00134882 -0.00179439 -0.00360537
296 29.55 0.01 0.0110455 0.00393693 0.00259014 -0.00130153 -0.00219286 -0.0031475
297 29.65 0.0266667 0.0364924 0.0295034 0.0181089 -0.00229429 -0.00472101 -0.00331211
298 29.75 0.0166667 0.0140995 0.00993204 0.00710068 -0.00227151 -0.00449574 -0.00332319
299 29.85 0.01 0.00155291 0.0153177 0.00588903 -0.00240583 -0.00224001 -0.00402582
300 29.95 0.0133333 0.00404529 0.014812 0.0130717 -0.00445509 -0.00674354 -0.00431571
301 30.05 0.0133333 0.0121656 0.00902688 0.0202109 -0.00405547 -0.00242355 -0.00488337
302 30.15 0.0233333 0.0255721 0.0085016 0.00920025 -0.00413038 -0.00249741 -0.00524861
303 30.25 0.0166667 0.0103785 0.00430427 0.0161173 -0.00850531 -0.00439253 -0.00490114
304 30.35 0.01 0.0173043 0.0180899 0.0107158 -0.00500385 -0.0040717 -0.00485693
305 30.45 0.02 0.02532 0.0175571 0.0129503 -0.0037615 -0.00414235 -0.00417137
306 30.55 0.00666667 0.0255646 0.020955 0.0100974 -0.00309742 -0.0055005 -0.00432452
307 30.65 0.0166667 0.00806866 0.0112336 0.0242353 -0.00288604 -0.00493699 -0.00396316
308 30.75 0.02 0.00852228 0.00763475 0.0154549 -0.00310467 -0.00388685 -0.00380604
309 30.85 0.0166667 0.053768 0.0160411 0.00957126 -0.00314149 -0.00304854 -0.00383922
310 30.95 0.0166667 0.0111007 0.0155456 0.0197515 -0.00231607 -0.00161322 -0.00383251
311 31.05 0.00666667 0.000940211 0.0109113 0.00600666 -0.00226125 -0.00166685 -0.00388846
312 31.15 0.01 0.00788331 0.0114278 0.0203677 -0.00228284 -0.0015974 -0.00365014
313 31.25 0.0133333 0.00709828 0.0169186 0.0209737 -0.0022768 -0.00156278 -0.00362052
314 31.35 0.00333333 0.00195436 0.000111734 0.00124829 -0.00219249 -0.00151472 -0.00358523
315 31.45 0.0166667 0.0126831 0.00195614 0.0220848 -0.00343291 -0.00370391 -0.00366488
316 31.55 0.0266667 0.0550702 0.0450808 0.0195331 -0.00506938 -0.00659348 -0.00326416
317 31.65 0.0133333 0.0369882 0.00374474 0.00498308 -0.0018111 -0.00142168 -0.00282781
318 31.75 0.02 0.0136234 0.00923956 0.0108758 -0.00231528 -0.00168566 -0.00305568
319 31.85 0.00333333 5.58351e-05 0.000384932 0.0118635 -0.00255501 -0.00175916 -0.00357612
320 31.95 0.0133333 0.0135323 0.0180481 0.0258149 -0.00147785 -0.00122142 -0.00362488
321 32.05 0.02 0.0169477 0.00583808 0.0081979 -0.00184341 0.0031148 -0.00378632
322 32.15 0.0133333 0.0142858 0.0103391 0.0230886 -0.00304573 -0.00326597 -0.00444629
323 32.25 0.0166667 0.00969628 0.00884549 0.0191893 -0.00318329 -0.0035279 -0.00455081
324 32.35 0.00666667 0.0109273 0.00679243 0.00811285 -0.00416541 -0.00468818 -0.00417492
325 32.45 0.00666667 0.0203387 0.00503525 0.00467372 -0.00392547 -0.00417861 -0.00408756
326 32.55 0.0166667 0.0134806 0.0164379 0.0106163 -0.00309966 -0.00255528 -0.00365531
327 32.65 0.01 0.0113339 0.022845 0.00473135 -0.00276611 -0.00150669 -0.00359226
328 32.75 0.00333333 9.14198e-05 0.00551928 0.00212752 -0.00141577 -0.00117911 -0.00318246
329 32.85 0.02 0.0300036 0.0105797 0.0170197 -0.00768226 -0.00416308 -0.00295453
330 32.95 0.0133333 0.00701524 0.00869179 0.00490768 -0.00157506 -0.00390318 -0.00228707
331 33.05 0 0 0 0 -0.00153474 -0.00380896 -0.00200402
332 33.15 0.02 0.0258331 0.0202697 0.0222941 -0.00134667 -0.00175825 -0.0015808
333 33.25 0.00333333 0.00155568 0.00283583 0.000739822 -0.00167894 -0.000517593 -0.00139966
334 33.35 0.01 0.00156774 0.00934483 0.00737285 -0.00168159 -0.000538993 -0.00146457
335 33.45 0.0133333 0.0122639 0.0055288 0.00582445 -0.00165942 -0.000714468 -0.00194269
336 33.55 0.00666667 0.0118981 0.00264155 0.00521248 -0.00288732 -0.00510913 -0.00204191
337 33.65 0.00666667 0.00305957 0.00279549 0.00941891 -0.00180799 -0.00205704 -0.00251115
338 33.75 0.00333333 0.00241677 0.0022984 0.0090272 -0.00183473 -0.00205755 -0.00263222
339 33.85 0.02 0.0238574 0.0078674 0.0134833 -0.00218222 -0.00320184 -0.00289689
340 33.95 0.0133333 0.00415148 0.00989101 0.0173604 -0.00377964 -0.00591755 -0.00346796
341 34.05 0.0133333 0.00912011 0.00704831 0.0160554 -0.00421305 -0.00593059 -0.00419213
342 34.15 0.0133333 0.00633385 0.00656654 0.00403078 -0.00339775 -0.00393068 -0.00393414
343 34.25 0.0166667 0.0216499 0.0150703 0.0225987 -0.00197594 -0.0024645 -0.00362037
344 34.35 0.00666667 0.00970425 0.0031688 0.0138925 -0.0026055 -0.00387626 -0.00359576
345 34.45 0.0133333 0.003707 0.0131656 0.00446137 -0.00264915 -0.00612237 -0.0037681
346 34.55 0.00666667 0.00742129 0.00319562 0.00435892 -0.00239764 -0.00608174 -0.00362884
347 34.65 0.0166667 0.00987013 0.0366877 0.00738154 -0.00152276 -0.003517 -0.00286956
348 34.75 0.02 0.0224434 0.0114452 0.020112 -0.00204015 -0.00291652 -0.00260916
349 34.85 0.0166667 0.00701546 0.0103004 0.00799217 -0.00345055 -0.00246967 -0.00222274
350 34.95 0.0333333 0.0475037 0.0168157 0.0164858 -0.00157354 -0.000942387 -0.00195611
351 35.05 0.00666667 0.00665175 0.00219409 0.00385982 -0.000622627 -0.000544712 -0.00181908
352 35.15 0.01 0.00364181 0.00293078 0.00980042 -0.000631393 -0.000523292 -0.00175022
353 35.25 0.00666667 0.0125893 0.00922584 0.00142646 -0.000622548 -0.000533041 -0.00102619
354 35.35 0.00333333 0.00859631 0.000390112 8.22131e-05 -0.00215851 -0.000969282 -0.00103449
355 35.45 0.0133333 0.0198097 0.0124239 0.0141072 -0.00458957 -0.00120464 -0.00107956
356 35.55 0.0133333 0.00960497 0.00504617 0.00715695 -0.0011288 -0.00188104 -0.00103784
357 35.65 0.02 0.0193285 0.0155987 0.0294642 -0.000735798 -0.00109951 -0.00111348
358 35.75 0.02 0.0243792 0.012121 0.0106382 -0.000942441 -0.00432996 -0.00124104
359 35.85 0.00333333 0.000696974 0.0014553 0.00774916 -0.000859303 -0.00404735 -0.00120129
360 35.95 0.0133333 0.0113553 0.00389854 0.0100816 -0.00154745 -0.00351644 -0.00122227
